mfr_id,mfr_name,mfr_region,dhis2_id,dhis2_name,dhis2_region,linktransformer_score,text_a,text_b,match_type
1001150,smart dental medium clinic,addis ababa,Zi1NhNqxR87,smart dental medium clinic,addis ababa,0.8411209583282471,smart dental medium clinic woreda:Woreda 3 region:addis ababa zone:Kirkos Sub City,smart dental medium clinic region:addis ababa zone:Kirkos Sub City,confirmed
1001329,tesfa drug shop,tigray,ys0qPL0CHqu,tesfa teradio medium clinic,tigray,0.92999267578125,tesfa drug shop region:tigray zone:Western Zone,tesfa teradio medium clinic region:tigray zone:North Western ZHD,confirmed
1001391,woliso health center no 2,oromia,ncisaE3SMbd,waliso 03 health center,oromia,0.8071585297584534,woliso health center no 2 woreda:Woliso Town region:oromia zone:Woliso Town,waliso 03 health center region:oromia zone:Woliso Town ZHD,confirmed
1001409,mekonen drug shop,tigray,XybC4KT3dEG,mekonen clinic,tigray,0.8902027606964111,mekonen drug shop region:tigray zone:Western Zone,mekonen clinic region:tigray zone:Eastern ZHD,confirmed
1001409,mekonen drug shop,tigray,ErO1G54zW0G,mekwanint clinic,tigray,0.8303388953208923,mekonen drug shop region:tigray zone:Western Zone,mekwanint clinic region:tigray zone:Western ZHD,confirmed
1002110,betezata basic labiratory,addis ababa,sP7JHTHa8PS,betezata labiratory,addis ababa,0.8277950286865234,betezata basic labiratory woreda:Woreda 9 region:addis ababa zone:Lideta Sub City,betezata labiratory region:addis ababa zone:Lideta Sub City,confirmed
1002111,betezatha advanced diagnostic laboratory,addis ababa,xIgG4AGLWQs,betezatha advanced laboratory,addis ababa,0.847850501537323,betezatha advanced diagnostic laboratory woreda:Woreda 8 region:addis ababa zone:Kirkos Sub City,betezatha advanced laboratory region:addis ababa zone:Kirkos Sub City,confirmed
1002142,bilal medium clinic,addis ababa,kEIcgb2MXGx,bilal medium clinic,addis ababa,0.9863654375076294,bilal medium clinic region:addis ababa zone:Addis Ketema Sub City,bilal medium clinic region:addis ababa zone:Addis Ketema Sub City,confirmed
1002142,bilal medium clinic,addis ababa,kwyNoRtGkUL,bilal medium dental clinic,addis ababa,0.9526459574699402,bilal medium clinic region:addis ababa zone:Addis Ketema Sub City,bilal medium dental clinic region:addis ababa zone:Nifas Silk Lafto Sub City,confirmed
1002708,ethio internal medicine specialty clinic,addis ababa,BuzIMQotn6t,ethio internal medicine speciality clinic,addis ababa,0.8589975237846375,ethio internal medicine specialty clinic woreda:Woreda 8 region:addis ababa zone:Kirkos Sub City,ethio internal medicine speciality clinic region:addis ababa zone:Kirkos Sub City,confirmed
1003741,munir no 1 medium dental clinic,addis ababa,tdeAQXIbzIH,munir medium dental clinic,addis ababa,0.8554520606994629,munir no 1 medium dental clinic woreda:Woreda 9 region:addis ababa zone:Addis Ketema Sub City,munir medium dental clinic region:addis ababa zone:Addis Ketema Sub City,confirmed
1004182,merzu primary hospital,tigray,PEEJioHFRrt,merzu primary hospital,tigray,0.8591481447219849,merzu primary hospital woreda:Tsegede Woreda region:tigray zone:Western Zone,merzu primary hospital region:tigray zone:Western ZHD,confirmed
1004305,kafta health center,tigray,zCuPZCIUCmc,kafta humera clinic,tigray,0.8716036677360535,kafta health center woreda:Kafta Humera Woreda region:tigray zone:Western Zone,kafta humera clinic region:tigray zone:Western ZHD,confirmed
1004511,al afiya primary clinic,oromia,FzZNaF7jYoT,al _afiya primary clinic,oromia,0.8624927997589111,al afiya primary clinic woreda:Gechi region:oromia zone:Buno Bedele Zone,al _afiya primary clinic region:oromia zone:Buno Bedele ZHD,confirmed
1004645,milki primary clinic,oromia,xYVDs7C5IXy,milki primary clinic,oromia,0.8018093705177307,milki primary clinic woreda:Wachile Woreda region:oromia zone:East Borena Zone,milki primary clinic region:oromia zone:Bale ZHD,confirmed
1004645,milki primary clinic,oromia,QRAEzmxT3gd,milki primary clinic,oromia,0.8213512301445007,milki primary clinic woreda:Wachile Woreda region:oromia zone:East Borena Zone,milki primary clinic region:oromia zone:West Arsi ZHD,confirmed
1004780,anno health center,oromia,fnotqiM5IxF,anno mikaa'el health center,oromia,0.8155648708343506,anno health center woreda:Seyo region:oromia zone:Kelem Wollega Zone,anno mikaa'el health center region:oromia zone:Kelem Wellega  ZHD,confirmed
1005337,birhanu primary clinic,oromia,oe0kmMyNAFO,birhanu primary clinic,oromia,0.8675316572189331,birhanu primary clinic woreda:Odo Shakiso region:oromia zone:Guji Zone,birhanu primary clinic region:oromia zone:West Guji ZHD,confirmed
1005337,birhanu primary clinic,oromia,WA7HZwNgFNx,birhanu primary clinic,oromia,0.8675316572189331,birhanu primary clinic woreda:Odo Shakiso region:oromia zone:Guji Zone,birhanu primary clinic region:oromia zone:West Guji ZHD,confirmed
1005337,birhanu primary clinic,oromia,ZF2dj2Cg4Uv,birhanu regassa primary clinic,oromia,0.8126829266548157,birhanu primary clinic woreda:Odo Shakiso region:oromia zone:Guji Zone,birhanu regassa primary clinic region:oromia zone:West Shewa  ZHD,confirmed
1005434,beteseb medium clinic,sidama,Vs0bTf3uPTG,beteseb clinic,sidama,0.8147759437561035,beteseb medium clinic woreda:Aleta Wondo Town Administration region:sidama zone:Southern Zone,beteseb clinic region:sidama zone:Aleta Chuko Town WorHO,confirmed
1005565,biniam primary clinic,oromia,atuevpuHDtD,biniam primary clinic,oromia,0.8194331526756287,biniam primary clinic woreda:Siraro region:oromia zone:West Arsi Zone,biniam primary clinic region:oromia zone:Arsi ZHD,confirmed
1005679,boku luboma health center,oromia,knBLqEclZCt,boku luboma rural health post,oromia,0.8425564169883728,boku luboma health center woreda:Miyo region:oromia zone:Borena Zone,boku luboma rural health post region:oromia zone:Borena ZHD,confirmed
1005679,boku luboma health center,oromia,hIfVqq5TzLD,boku luboma phcu,oromia,0.8034883737564087,boku luboma health center woreda:Miyo region:oromia zone:Borena Zone,boku luboma phcu region:oromia zone:Borena ZHD,confirmed
1006091,dangur mekael health post,benishangul gumuz,pQIRS1Ycgw9,dangur health post,benishangul gumuz,0.8543767929077148,dangur mekael health post woreda:Dangur Woreda region:benishangul gumuz zone:Metekel Zone,dangur health post region:benishangul gumuz zone:Metekel ZHD,confirmed
1006666,eba primary clinic,oromia,qWPQdIIX4MY,eba small clinic,oromia,0.8068865537643433,eba primary clinic woreda:Odo Shakiso region:oromia zone:Guji Zone,eba small clinic region:oromia zone:Guji ZHD,confirmed
1006666,eba primary clinic,oromia,zkpAKrg3vPe,eba primary clinic,oromia,0.8007138967514038,eba primary clinic woreda:Odo Shakiso region:oromia zone:Guji Zone,eba primary clinic region:oromia zone:West Wellega  ZHD,confirmed
1006738,elishaday medium clinic,benishangul gumuz,jEfZmH2gXzA,elishaday medium clinic,benishangul gumuz,0.8646178841590881,elishaday medium clinic woreda:Bulen Woreda region:benishangul gumuz zone:Metekel Zone,elishaday medium clinic region:benishangul gumuz zone:Metekel ZHD,confirmed
1007029,fitsum medium clinic,tigray,J2xgkBYBoRE,fitsum medium clinic,tigray,0.84073406457901,fitsum medium clinic woreda:Asgede Woreda region:tigray zone:North West Zone,fitsum medium clinic region:tigray zone:North Western ZHD,confirmed
1007800,hadush medium clinic,tigray,HffwLZARDUr,hadush medium clinic,tigray,0.8488157391548157,hadush medium clinic woreda:Adi Daero Town region:tigray zone:North West Zone,hadush medium clinic region:tigray zone:North Western ZHD,confirmed
1007880,haro primary clinic,oromia,A1EpzCyhgRv,haro primary clinic,oromia,0.8327250480651855,haro primary clinic woreda:Odo Shakiso region:oromia zone:Guji Zone,haro primary clinic region:oromia zone:Horo Gudru Wellega  ZHD,confirmed
1008400,tsegay primary clinic,tigray,r3swIpQ8wv3,tsegay haftu clinic,tigray,0.808879017829895,tsegay primary clinic woreda:Kafta Humera Woreda region:tigray zone:Western Zone,tsegay haftu clinic region:tigray zone:Western ZHD,confirmed
1009409,medhani alem health center,tigray,uMVWRVOuBwH,medhanialem health post,tigray,0.8204261660575867,medhani alem health center woreda:Tsegede Woreda region:tigray zone:Western Zone,medhanialem health post region:tigray zone:North Western ZHD,confirmed
1009409,medhani alem health center,tigray,hTeqfdqp4FD,medhani alem health center,tigray,0.8607105016708374,medhani alem health center woreda:Tsegede Woreda region:tigray zone:Western Zone,medhani alem health center region:tigray zone:Western ZHD,confirmed
1009409,medhani alem health center,tigray,Ar2ZG6XGINx,medhani alem health post,tigray,0.8498220443725586,medhani alem health center woreda:Tsegede Woreda region:tigray zone:Western Zone,medhani alem health post region:tigray zone:Western ZHD,confirmed
1009409,medhani alem health center,tigray,KXQiyWJdVKk,medhani alem phcu,tigray,0.800831139087677,medhani alem health center woreda:Tsegede Woreda region:tigray zone:Western Zone,medhani alem phcu region:tigray zone:Western ZHD,confirmed
1009451,degua awerki health post,tigray,jyk6vFoVzBo,deguea awerki health post,tigray,0.8362993597984314,degua awerki health post woreda:Wolkayit Woreda region:tigray zone:Western Zone,deguea awerki health post region:tigray zone:Western ZHD,confirmed
1009625,mesebo clinic,tigray,WLS5SBFekrw,mesebo clinic,tigray,0.8413646817207336,mesebo clinic woreda:Ayder region:tigray zone:Mekelle Zone,mesebo clinic region:tigray zone:Mekelle ZHD,confirmed
1010378,sahal medium clinic,oromia,GGJeEbUwQav,sahal medium clinic,oromia,0.8084656000137329,sahal medium clinic woreda:Negele Borena Town region:oromia zone:East Borena Zone,sahal medium clinic region:oromia zone:Guji ZHD,confirmed
1010504,raya medium clinic,tigray,LsDVbPQZk1D,raya medium clinic,tigray,0.8579314947128296,raya medium clinic woreda:Alamata Town region:tigray zone:Southern Zone,raya medium clinic region:tigray zone:Southern ZHD,confirmed
1010650,seyo health center,oromia,rano1masM5j,seyo health center,oromia,0.8363032341003418,seyo health center woreda:Gobu Seyo region:oromia zone:East Wollega Zone,seyo health center region:oromia zone:East Wellega ZHD,confirmed
1010737,sheraro health center,tigray,HpeifK8yJUX,sherarro health center,tigray,0.8605929017066956,sheraro health center woreda:Sheraro region:tigray zone:North West Zone,sherarro health center region:tigray zone:North Western ZHD,confirmed
1010830,sifen male primary clinic,oromia,s2Zl42ekjWw,sifen male primary clinic,oromia,0.8841184973716736,sifen male primary clinic woreda:Heben Arsi region:oromia zone:West Arsi Zone,sifen male primary clinic region:oromia zone:West Arsi ZHD,confirmed
1010830,sifen male primary clinic,oromia,Sfexr0DtHub,sifen primary clinic,oromia,0.814329206943512,sifen male primary clinic woreda:Heben Arsi region:oromia zone:West Arsi Zone,sifen primary clinic region:oromia zone:West Hararge ZHD,confirmed
1011010,takesta birhan health center,oromia,SrMACqzHYzO,takesta birhan health center,oromia,0.8687162399291992,takesta birhan health center woreda:Alge Sachi region:oromia zone:Ilu Aba Bora Zone,takesta birhan health center region:oromia zone:Ilu Aba Bora ZHD,confirmed
1011010,takesta birhan health center,oromia,J31Vb5uiYHy,takesta birhan phcu,oromia,0.8128716349601746,takesta birhan health center woreda:Alge Sachi region:oromia zone:Ilu Aba Bora Zone,takesta birhan phcu region:oromia zone:Ilu Aba Bora ZHD,confirmed
1011059,tedesa primary clinic,oromia,NpVNjKCnuox,tedesa primary clinic,oromia,0.8466748595237732,tedesa primary clinic woreda:Liben Chukala region:oromia zone:East Shewa Zone,tedesa primary clinic region:oromia zone:East Shewa  ZHD,confirmed
1011268,tokuma primary clinic,oromia,Qdb5UmujBJG,tokuma primary clinic,oromia,0.8680092096328735,tokuma primary clinic woreda:Munesa region:oromia zone:Arsi zone,tokuma primary clinic region:oromia zone:Arsi ZHD,confirmed
1011306,tsaeda ambora health post,tigray,mGsarHxts7Z,tsaeda ambora health center,tigray,0.8216932415962219,tsaeda ambora health post woreda:Adi Daero Town region:tigray zone:North West Zone,tsaeda ambora health center region:tigray zone:North Western ZHD,confirmed
1011306,tsaeda ambora health post,tigray,F6Qr6erXBzC,tseada ambora health post,tigray,0.8225581645965576,tsaeda ambora health post woreda:Adi Daero Town region:tigray zone:North West Zone,tseada ambora health post region:tigray zone:North Western ZHD,confirmed
1011746,yabelo town health center,oromia,Oz97XmZmfp2,yabelotown health center,oromia,0.848739743232727,yabelo town health center woreda:Yabelo Town region:oromia zone:Borena Zone,yabelotown health center region:oromia zone:Borena ZHD,confirmed
1012041,sonkole kake health post,oromia,apICRiGKcuu,sonkole kake health post,oromia,0.887173593044281,sonkole kake health post woreda:Wonchi region:oromia zone:South West Shewa,sonkole kake health post region:oromia zone:South West Shewa  ZHD,confirmed
1012050,soyema health post,oromia,m9TTU31uflE,soyama health post,oromia,0.8389612436294556,soyema health post woreda:Becho region:oromia zone:South West Shewa,soyama health post region:oromia zone:South West Shewa  ZHD,confirmed
1012069,moko hujuba kota health post,oromia,MwnN5DeN7hv,muko ujuba health post,oromia,0.805708646774292,moko hujuba kota health post woreda:Ameya region:oromia zone:South West Shewa,muko ujuba health post region:oromia zone:South West Shewa  ZHD,confirmed
1012274,sololiya kore abote health post,oromia,dj5ilKJ8iFQ,sololiya health post,oromia,0.8082109093666077,sololiya kore abote health post woreda:Goro region:oromia zone:South West Shewa,sololiya health post region:oromia zone:South West Shewa  ZHD,confirmed
1012686,may harish health post,tigray,X7agdOQ4xaM,may harish health post,tigray,0.865139365196228,may harish health post woreda:Wolkayit Woreda region:tigray zone:Western Zone,may harish health post region:tigray zone:Western ZHD,confirmed
1012716,shikuda health post,tigray,Ocl3oUJBpxW,shikuda health post,tigray,0.869775116443634,shikuda health post woreda:Wolkayit Woreda region:tigray zone:Western Zone,shikuda health post region:tigray zone:Western ZHD,confirmed
1012839,agelo silika health post,oromia,CmKOHMsenh6,agelo selika health post,oromia,0.8093214631080627,agelo silika health post woreda:Boji Dirmeji region:oromia zone:West Wollega Zone,agelo selika health post region:oromia zone:West Wellega  ZHD,confirmed
1013952,ayana 01 health post,oromia,gWV73BqK7tM,ayana 01 health post,oromia,0.8442699909210205,ayana 01 health post woreda:Gida Ayana region:oromia zone:East Wollega Zone,ayana 01 health post region:oromia zone:East Wellega ZHD,confirmed
1014035,azer kerensa health post,oromia,iJVDFFs1Q2j,azer health post,oromia,0.8333413600921631,azer kerensa health post woreda:Wonchi region:oromia zone:South West Shewa,azer health post region:oromia zone:South West Shewa  ZHD,confirmed
1014579,belbela health post,oromia,BgzFQNzhJis,belbela health post,oromia,0.8697143197059631,belbela health post woreda:Wonchi region:oromia zone:South West Shewa,belbela health post region:oromia zone:South West Shewa  ZHD,confirmed
1014700,waji bariti health post,oromia,vIrlJdvYxgL,waji gange health post,oromia,0.8235303163528442,waji bariti health post woreda:Tiyo region:oromia zone:Arsi zone,waji gange health post region:oromia zone:Arsi ZHD,confirmed
1014816,biftu health post,oromia,sigkZQiCbzk,biftu health post,oromia,0.8811774849891663,biftu health post woreda:Girawa region:oromia zone:East Hararge Zone,biftu health post region:oromia zone:East Hararge ZHD,confirmed
1014816,biftu health post,oromia,X3HoN7ebMSs,biftu lalu primary clinic,oromia,0.819901168346405,biftu health post woreda:Girawa region:oromia zone:East Hararge Zone,biftu lalu primary clinic region:oromia zone:East Hararge ZHD,confirmed
1014847,bikiltu embabo health post,oromia,sAeDKGTGFip,bikiltu imbabo health post,oromia,0.8809179067611694,bikiltu embabo health post woreda:Hababo Guduru region:oromia zone:Horo Gudru Wellega Zone,bikiltu imbabo health post region:oromia zone:Horo Gudru Wellega  ZHD,confirmed
1014859,endabo health post,tigray,koyGZBqRnsP,enda abo health post,tigray,0.819394052028656,endabo health post woreda:Wolkayit Woreda region:tigray zone:Western Zone,enda abo health post region:tigray zone:Western ZHD,confirmed
1015571,burqa urban health post,oromia,wiOEnHRh6v6,burqa misoma health post,oromia,0.8342118263244629,burqa urban health post woreda:Oda Bultum region:oromia zone:West Hararge Zone,burqa misoma health post region:oromia zone:West Hararge ZHD,confirmed
1015956,cherecha 03 health post,oromia,LtQu8O6iKMx,cherecha 03 health post,oromia,0.9042249321937561,cherecha 03 health post woreda:Girawa region:oromia zone:East Hararge Zone,cherecha 03 health post region:oromia zone:East Hararge ZHD,confirmed
1016070,damu degele health post,oromia,JN5vYDSkFHV,damu degele health post,oromia,0.8847633600234985,damu degele health post woreda:Wonchi region:oromia zone:South West Shewa,damu degele health post region:oromia zone:South West Shewa  ZHD,confirmed
1016620,kisad delesa health post,tigray,YGEEqHprGav,kisad delesa health post,tigray,0.8616616129875183,kisad delesa health post woreda:Wolkayit Woreda region:tigray zone:Western Zone,kisad delesa health post region:tigray zone:Western ZHD,confirmed
1016771,shirela health center,tigray,WtmBS0jDzO8,shirela health center,tigray,0.8512383103370667,shirela health center woreda:Wolkayit Woreda region:tigray zone:Western Zone,shirela health center region:tigray zone:Western ZHD,confirmed
1017654,dulele kori health post,oromia,yjscWROD1XV,dulele kori health post,oromia,0.8844141960144043,dulele kori health post woreda:Wonchi region:oromia zone:South West Shewa,dulele kori health post region:oromia zone:South West Shewa  ZHD,confirmed
1018031,insilale health post,oromia,GNPEaMGPTq9,insilale health post,oromia,0.8076300024986267,insilale health post woreda:Koye Fache Sub-City region:oromia zone:Sheger City,insilale health post region:oromia zone:SHEGER CITY Health Office,confirmed
1018260,fete wato health post,oromia,Rnawyndj498,fete wato health post,oromia,0.874973475933075,fete wato health post woreda:Wonchi region:oromia zone:South West Shewa,fete wato health post region:oromia zone:South West Shewa  ZHD,confirmed
1019079,genji dalecho health post,oromia,kx2BW9cyzMF,genji dalecho health post,oromia,0.8689566850662231,genji dalecho health post woreda:Gomma region:oromia zone:Jimma Zone,genji dalecho health post region:oromia zone:Jimma ZHD,confirmed
1019744,chancho soyama health post,oromia,QiZERfMfq1U,chancho soyama health post,oromia,0.8880046606063843,chancho soyama health post woreda:Goro region:oromia zone:South West Shewa,chancho soyama health post region:oromia zone:South West Shewa  ZHD,confirmed
1020529,haro 01 health post,oromia,yRqUjFifYgU,haro 01 health post,oromia,0.8754071593284607,haro 01 health post woreda:Haro Limu region:oromia zone:East Wollega Zone,haro 01 health post region:oromia zone:East Wellega ZHD,confirmed
1020681,hase alke health post,oromia,Vy2TUUtljQF,hase alke health post,oromia,0.8728680610656738,hase alke health post woreda:Kofele region:oromia zone:West Arsi Zone,hase alke health post region:oromia zone:West Arsi ZHD,confirmed
1020819,haftom health post,tigray,XKcWFviNVkW,haftom health post,tigray,0.8210960030555725,haftom health post woreda:Tahtay Qoraro region:tigray zone:North West Zone,haftom health post region:tigray zone:North Western ZHD,confirmed
1022261,kicho health post,south west ethiopia,PHaxm93Sb0d,kicho health post,south west ethiopia,0.8833109140396118,kicho health post woreda:Gesha Woreda region:south west ethiopia zone:Kaffa Zone,kicho health post region:south west ethiopia zone:Kaffa ZHD,confirmed
1022344,regasis health post,oromia,i3T37eyb8ZO,regasis health post,oromia,0.8568449020385742,regasis health post woreda:Tulo region:oromia zone:West Hararge Zone,regasis health post region:oromia zone:West Hararge ZHD,confirmed
1022542,dembel didila health post,oromia,WUOpIjyW9J4,dembel dilidila health post,oromia,0.856194257736206,dembel didila health post woreda:Goro region:oromia zone:South West Shewa,dembel dilidila health post region:oromia zone:South West Shewa  ZHD,confirmed
1023271,kilma health post,tigray,Q1hHZCegJhP,kilma health post,tigray,0.8726037740707397,kilma health post woreda:Bora Woreda region:tigray zone:Southern Zone,kilma health post region:tigray zone:Southern ZHD,confirmed
1023297,mechemena degano health post,oromia,tSVGnyA6SHl,mechemena degano health post,oromia,0.8797745108604431,mechemena degano health post woreda:Goba region:oromia zone:Bale Zone,mechemena degano health post region:oromia zone:Bale ZHD,confirmed
1023405,medi jalala health post,oromia,DwABsGVZe9g,medi jalala health post,oromia,0.8853626251220703,medi jalala health post woreda:Girawa region:oromia zone:East Hararge Zone,medi jalala health post region:oromia zone:East Hararge ZHD,confirmed
1023931,haro wanchi health post,oromia,wzObVRYIRnK,haro wanchi health post,oromia,0.9098878502845764,haro wanchi health post woreda:Wonchi region:oromia zone:South West Shewa,haro wanchi health post region:oromia zone:South West Shewa  ZHD,confirmed
1023931,haro wanchi health post,oromia,csgLLD1Dsju,haro wonchi phcu,oromia,0.8261279463768005,haro wanchi health post woreda:Wonchi region:oromia zone:South West Shewa,haro wonchi phcu region:oromia zone:South West Shewa  ZHD,confirmed
1023985,mada gudina health post,oromia,El6tQxEDBOC,mada gudina health post,oromia,0.8589971661567688,mada gudina health post woreda:Holota Town region:oromia zone:Holeta Town,mada gudina health post region:oromia zone:Holota Town ZHD,confirmed
1024193,meti walga health post,oromia,qck23pBL5uL,meti walga health post,oromia,0.8760109543800354,meti walga health post woreda:Wonchi region:oromia zone:South West Shewa,meti walga health post region:oromia zone:South West Shewa  ZHD,confirmed
1024471,misira health post,oromia,xcGoY0VMeMI,misira health post,oromia,0.8624966740608215,misira health post woreda:Goba region:oromia zone:Bale Zone,misira health post region:oromia zone:Bale ZHD,confirmed
1024497,nano hecho health post,oromia,Nn9TP2xO318,nano hecho health post,oromia,0.8559229969978333,nano hecho health post woreda:Guna region:oromia zone:Arsi zone,nano hecho health post region:oromia zone:Arsi ZHD,confirmed
1024579,mojo baledi health post,oromia,zzqw76R08N8,mojo baledi health post,oromia,0.8816310167312622,mojo baledi health post woreda:Girawa region:oromia zone:East Hararge Zone,mojo baledi health post region:oromia zone:East Hararge ZHD,confirmed
1024585,mojo tesmo health post,oromia,IWCaMtnF6Yi,mojo tesmo health post,oromia,0.8759394884109497,mojo tesmo health post woreda:Girawa region:oromia zone:East Hararge Zone,mojo tesmo health post region:oromia zone:East Hararge ZHD,confirmed
1024588,moke borko health post,oromia,a6gxPZ4zTDg,moke borko health post,oromia,0.8745697736740112,moke borko health post woreda:Kofele region:oromia zone:West Arsi Zone,moke borko health post region:oromia zone:West Arsi ZHD,confirmed
1024631,moti kao health post,oromia,DS7lq4fVIiI,moti kao health post,oromia,0.8777568340301514,moti kao health post woreda:Hababo Guduru region:oromia zone:Horo Gudru Wellega Zone,moti kao health post region:oromia zone:Horo Gudru Wellega  ZHD,confirmed
1024637,motuma kan kegna health post,oromia,M2jsKPeYmes,motuma kan kegna health post,oromia,0.8794190883636475,motuma kan kegna health post woreda:Hababo Guduru region:oromia zone:Horo Gudru Wellega Zone,motuma kan kegna health post region:oromia zone:Horo Gudru Wellega  ZHD,confirmed
1024657,mudenajiru belena health post,oromia,KOwSgF4bjgH,mudenajiru belena health post,oromia,0.8881098031997681,mudenajiru belena health post woreda:Girawa region:oromia zone:East Hararge Zone,mudenajiru belena health post region:oromia zone:East Hararge ZHD,confirmed
1024713,muleta health post,oromia,d2kwSaWkTVC,muleta health post,oromia,0.8625442385673523,muleta health post woreda:Jarso region:oromia zone:East Hararge Zone,muleta health post region:oromia zone:East Hararge ZHD,confirmed
1024770,sobo chancho health post,oromia,X1Mv72B64DC,sobo chancho health post,oromia,0.8973610401153564,sobo chancho health post woreda:Tole region:oromia zone:South West Shewa,sobo chancho health post region:oromia zone:South West Shewa  ZHD,confirmed
1024820,nago bolo health post,oromia,aUB6eYq6O63,nago bolo health post,oromia,0.8798048496246338,nago bolo health post woreda:Kofele region:oromia zone:West Arsi Zone,nago bolo health post region:oromia zone:West Arsi ZHD,confirmed
1025033,oda jenata health post,oromia,aZliSIFVOdl,oda genata health post,oromia,0.845400869846344,oda jenata health post woreda:Girawa region:oromia zone:East Hararge Zone,oda genata health post region:oromia zone:East Hararge ZHD,confirmed
1025042,oda harba health post,oromia,EgKoH6jx2uR,oda harba health post,oromia,0.8938824534416199,oda harba health post woreda:Borecha region:oromia zone:Buno Bedele Zone,oda harba health post region:oromia zone:Buno Bedele ZHD,confirmed
1025073,oda muda health post,oromia,iKoPTCnW1bg,oda muda health post,oromia,0.8664970397949219,oda muda health post woreda:Jarso region:oromia zone:East Hararge Zone,oda muda health post region:oromia zone:East Hararge ZHD,confirmed
1025098,odo adami health post,oromia,qubZ2NYP1VP,odo adami health post,oromia,0.864112138748169,odo adami health post woreda:Gomma region:oromia zone:Jimma Zone,odo adami health post region:oromia zone:Jimma ZHD,confirmed
1025165,oma funtule health post,oromia,yNj08FdSSmY,oma funtule health post,oromia,0.8603528141975403,oma funtule health post woreda:Gomma region:oromia zone:Jimma Zone,oma funtule health post region:oromia zone:Jimma ZHD,confirmed
1025173,omo beko health post,oromia,PoHG1Xy2YTa,omo gobu health post,oromia,0.8855683207511902,omo beko health post woreda:Gomma region:oromia zone:Jimma Zone,omo gobu health post region:oromia zone:Jimma ZHD,confirmed
1025173,omo beko health post,oromia,YukNYZE7yDQ,omo beko health post,oromia,0.8752240538597107,omo beko health post woreda:Gomma region:oromia zone:Jimma Zone,omo beko health post region:oromia zone:Jimma ZHD,confirmed
1025177,omo gobu health post,oromia,PoHG1Xy2YTa,omo gobu health post,oromia,0.8901107907295227,omo gobu health post woreda:Gomma region:oromia zone:Jimma Zone,omo gobu health post region:oromia zone:Jimma ZHD,confirmed
1025177,omo gobu health post,oromia,YukNYZE7yDQ,omo beko health post,oromia,0.8402102589607239,omo gobu health post woreda:Gomma region:oromia zone:Jimma Zone,omo beko health post region:oromia zone:Jimma ZHD,confirmed
1025380,rasa genata health post,oromia,x39avzkAdUe,rasa negeya health post,oromia,0.8604966998100281,rasa genata health post woreda:Girawa region:oromia zone:East Hararge Zone,rasa negeya health post region:oromia zone:East Hararge ZHD,confirmed
1025380,rasa genata health post,oromia,C0dOjxwOXAV,rasa genata health post,oromia,0.8964287042617798,rasa genata health post woreda:Girawa region:oromia zone:East Hararge Zone,rasa genata health post region:oromia zone:East Hararge ZHD,confirmed
1025385,rasa negeya health post,oromia,x39avzkAdUe,rasa negeya health post,oromia,0.8902838826179504,rasa negeya health post woreda:Girawa region:oromia zone:East Hararge Zone,rasa negeya health post region:oromia zone:East Hararge ZHD,confirmed
1025385,rasa negeya health post,oromia,C0dOjxwOXAV,rasa genata health post,oromia,0.8449557423591614,rasa negeya health post woreda:Girawa region:oromia zone:East Hararge Zone,rasa genata health post region:oromia zone:East Hararge ZHD,confirmed
1025401,reftokotane hamile health post,oromia,DJay7a7Wuec,refto kotan hamile health post,oromia,0.8163539171218872,reftokotane hamile health post woreda:Hababo Guduru region:oromia zone:Horo Gudru Wellega Zone,refto kotan hamile health post region:oromia zone:Horo Gudru Wellega  ZHD,confirmed
1025403,refu toko tane itacha health post,oromia,SYrb41XxALx,refu tokko tane itacha health post,oromia,0.9143917560577393,refu toko tane itacha health post woreda:Guduru region:oromia zone:Horo Gudru Wellega Zone,refu tokko tane itacha health post region:oromia zone:Horo Gudru Wellega  ZHD,confirmed
1025403,refu toko tane itacha health post,oromia,SOy9tjvO1V6,refu tokko tane watiyo health post,oromia,0.8782156109809875,refu toko tane itacha health post woreda:Guduru region:oromia zone:Horo Gudru Wellega Zone,refu tokko tane watiyo health post region:oromia zone:Horo Gudru Wellega  ZHD,confirmed
1025404,refu tokko tane watiyo health post,oromia,SYrb41XxALx,refu tokko tane itacha health post,oromia,0.8903688788414001,refu tokko tane watiyo health post woreda:Guduru region:oromia zone:Horo Gudru Wellega Zone,refu tokko tane itacha health post region:oromia zone:Horo Gudru Wellega  ZHD,confirmed
1025404,refu tokko tane watiyo health post,oromia,SOy9tjvO1V6,refu tokko tane watiyo health post,oromia,0.9131066203117371,refu tokko tane watiyo health post woreda:Guduru region:oromia zone:Horo Gudru Wellega Zone,refu tokko tane watiyo health post region:oromia zone:Horo Gudru Wellega  ZHD,confirmed
1025455,robe ashoka health post,oromia,UAjPJhqtXjY,robe ashoka health post,oromia,0.8801943063735962,robe ashoka health post woreda:Kofele region:oromia zone:West Arsi Zone,robe ashoka health post region:oromia zone:West Arsi ZHD,confirmed
1025455,robe ashoka health post,oromia,vINbz32go1y,robe ashoka phcu,oromia,0.8236207962036133,robe ashoka health post woreda:Kofele region:oromia zone:West Arsi Zone,robe ashoka phcu region:oromia zone:West Arsi ZHD,confirmed
1025477,roo negaya health post,oromia,GG2HB2IKoVj,roo negaya health post,oromia,0.8635420799255371,roo negaya health post woreda:Goro region:oromia zone:Bale Zone,roo negaya health post region:oromia zone:Bale ZHD,confirmed
1025477,roo negaya health post,oromia,bKHql0r5ukT,roo sade health post,oromia,0.8012916445732117,roo negaya health post woreda:Goro region:oromia zone:Bale Zone,roo sade health post region:oromia zone:Bale ZHD,confirmed
1025478,ro'o sade health post,oromia,bKHql0r5ukT,roo sade health post,oromia,0.8467493057250977,ro'o sade health post woreda:Goro region:oromia zone:Bale Zone,roo sade health post region:oromia zone:Bale ZHD,confirmed
1025535,sadamo health post,oromia,Q8wBB4Wm8h4,sadamo health post,oromia,0.8492040038108826,sadamo health post woreda:Holota Town region:oromia zone:Holeta Town,sadamo health post region:oromia zone:Holota Town ZHD,confirmed
1025569,sake health post,oromia,D8nSrLc96LY,sake health post,oromia,0.870583713054657,sake health post woreda:Dire region:oromia zone:Borena Zone,sake health post region:oromia zone:Borena ZHD,confirmed
1025570,oda tuta health post,oromia,SRSlo38M9Rh,oda tuta health post,oromia,0.9191891551017761,oda tuta health post woreda:Oda Bultum region:oromia zone:West Hararge Zone,oda tuta health post region:oromia zone:West Hararge ZHD,confirmed
1025616,sandabo dongoro health post,oromia,lthfFnFrh7U,sandabo dongoro health post,oromia,0.8690459132194519,sandabo dongoro health post woreda:Abay Chomen region:oromia zone:Horo Gudru Wellega Zone,sandabo dongoro health post region:oromia zone:Horo Gudru Wellega  ZHD,confirmed
1025666,sare saba health post,oromia,nINTNQxWN6n,sarre saba health post,oromia,0.8685598969459534,sare saba health post woreda:Kercha region:oromia zone:West Guji Zone,sarre saba health post region:oromia zone:West Guji ZHD,confirmed
1025833,selam health post,tigray,QOh37R92PXN,selam health post,tigray,0.8204217553138733,selam health post woreda:Adi Daero Town region:tigray zone:North West Zone,selam health post region:tigray zone:North Western ZHD,confirmed
1025833,selam health post,tigray,pZfSbzcr04B,selam health post,tigray,0.8204216957092285,selam health post woreda:Adi Daero Town region:tigray zone:North West Zone,selam health post region:tigray zone:North Western ZHD,confirmed
1025877,semana mudi health post,oromia,rbWtbLOJDvh,semana mudi health post,oromia,0.8732389211654663,semana mudi health post woreda:Kofele region:oromia zone:West Arsi Zone,semana mudi health post region:oromia zone:West Arsi ZHD,confirmed
1026094,midire genet health post,sidama,LtIkEp50Kk6,midire genet health post,sidama,0.8005775809288025,midire genet health post woreda:Hawassa Zuria Woreda region:sidama zone:Northern Zone,midire genet health post region:sidama zone:Shebedino WorHO,confirmed
1026177,shedam health post,oromia,uEIMtn53OsT,shedam health post,oromia,0.8577598333358765,shedam health post woreda:Goba region:oromia zone:Bale Zone,shedam health post region:oromia zone:Bale ZHD,confirmed
1026182,shegeg gafere health post,oromia,GflUSLcW8M0,shegeg gafere health post,oromia,0.8683146834373474,shegeg gafere health post woreda:Wonchi region:oromia zone:South West Shewa,shegeg gafere health post region:oromia zone:South West Shewa  ZHD,confirmed
1026294,shifarioo health post,oromia,aroiavQSjik,shifarioo health post,oromia,0.8579330444335938,shifarioo health post woreda:Goba region:oromia zone:Bale Zone,shifarioo health post region:oromia zone:Bale ZHD,confirmed
1026674,korme health post,tigray,LjtASdixXSQ,korem health center1,tigray,0.8189763426780701,korme health post woreda:Korem Town region:tigray zone:Southern Zone,korem health center1 region:tigray zone:Southern ZHD,confirmed
1026945,sodo leban health post,oromia,Uu4KGIaUnwZ,sodo liban health post,oromia,0.8799012303352356,sodo leban health post woreda:Becho region:oromia zone:South West Shewa,sodo liban health post region:oromia zone:South West Shewa  ZHD,confirmed
1026945,sodo leban health post,oromia,mGZ39GR7k1U,sodo gerbo health post,oromia,0.8450093269348145,sodo leban health post woreda:Becho region:oromia zone:South West Shewa,sodo gerbo health post region:oromia zone:South West Shewa  ZHD,confirmed
1026946,simbero chirecha health post,oromia,H9KS9yz8gGf,simbiro chiracha health post,oromia,0.8340880274772644,simbero chirecha health post woreda:Becho region:oromia zone:South West Shewa,simbiro chiracha health post region:oromia zone:South West Shewa  ZHD,confirmed
1027480,watabicha minjaro health post,oromia,aoLN3x3b8Xo,watabicha minjaro health post,oromia,0.8072807192802429,watabicha minjaro health post woreda:Walmara Woreda region:oromia zone:West Shewa Zone,watabicha minjaro health post region:oromia zone:SHEGER CITY Health Office,confirmed
1027697,werabu masi health post,oromia,F24u3i7jcTX,werabu berio health post,oromia,0.833270788192749,werabu masi health post woreda:Wonchi region:oromia zone:South West Shewa,werabu berio health post region:oromia zone:South West Shewa  ZHD,confirmed
1028270,yerer abayi health post,oromia,QVxdzlE5z6Y,yerer abeyi health post,oromia,0.8382796049118042,yerer abayi health post woreda:Koye Fache Sub-City region:oromia zone:Sheger City,yerer abeyi health post region:oromia zone:SHEGER CITY Health Office,confirmed
1028271,yerer necho health post,oromia,FUJS2f9cCTQ,yerer lencho health post,oromia,0.8044372200965881,yerer necho health post woreda:Koye Fache Sub-City region:oromia zone:Sheger City,yerer lencho health post region:oromia zone:SHEGER CITY Health Office,confirmed
1028635,dr lemlem no2 dental specialty clinic,addis ababa,OHkxlXu6RL7,dr lemlem medium dental clinic,addis ababa,0.8041583299636841,dr lemlem no2 dental specialty clinic woreda:Woreda 1 region:addis ababa zone:Nifas Silk Lafto Sub City,dr lemlem medium dental clinic region:addis ababa zone:Nifas Silk Lafto Sub City,confirmed
1028679,ayer tena primary hospital,addis ababa,uzK2d23ZAJ2,ayer tena medium clinic,addis ababa,0.8186433911323547,ayer tena primary hospital woreda:Woreda 4 region:addis ababa zone:Kolfe Sub city,ayer tena medium clinic region:addis ababa zone:Kolfe Subcity,confirmed
1028732,debebe ejeta medium clinic,addis ababa,KgR8WrnDLZh,debebe ejeta medium clinic,addis ababa,0.8705225586891174,debebe ejeta medium clinic woreda:Woreda 11 region:addis ababa zone:Yeka Sub City,debebe ejeta medium clinic region:addis ababa zone:Yeka Sub City,confirmed
1028750,hiwot medium clinic,addis ababa,xKgCvigy9df,hiwot medium dental clinic,addis ababa,0.8019265532493591,hiwot medium clinic woreda:Woreda 10 region:addis ababa zone:Yeka Sub City,hiwot medium dental clinic region:addis ababa zone:Gulele Sub City,confirmed
1028765,dashen pharmacy,addis ababa,WBgvvdK0dJO,dashen medium clinic,addis ababa,0.8037973642349243,dashen pharmacy woreda:Woreda 3 region:addis ababa zone:Bole Sub City,dashen medium clinic region:addis ababa zone:Bole Sub City,confirmed
1028817,oliyad medium clinic,addis ababa,YcBoRb5a7DO,oliyad medium clinic,addis ababa,0.8151718974113464,oliyad medium clinic woreda:Woreda 2 region:addis ababa zone:Lemi kura Sub city,oliyad medium clinic region:addis ababa zone:Yeka Sub City,confirmed
1028819,dr amir medium dental clinic,addis ababa,p3w7pIa69Vi,dr amir dental medium clinic,addis ababa,0.8364070653915405,dr amir medium dental clinic woreda:Woreda 7 region:addis ababa zone:Kolfe Sub city,dr amir dental medium clinic region:addis ababa zone:Yeka Sub City,confirmed
1028828,rama medium clinic,addis ababa,nIk9m5VcMBw,rama medium clinic,addis ababa,0.8060645461082458,rama medium clinic woreda:Woreda 13 region:addis ababa zone:Lemi kura Sub city,rama medium clinic region:addis ababa zone:Yeka Sub City,confirmed
1028913,dr meron dental medium clinic,addis ababa,dXeW95hqOzL,dr meron clinic,addis ababa,0.8209307789802551,dr meron dental medium clinic woreda:Woreda 5 region:addis ababa zone:Arada Sub City,dr meron clinic region:addis ababa zone:Arada Sub City WorHO,confirmed
1028939,yeka abado medium clinic,addis ababa,M0j2PODvM6G,yeka abado medium clinic,addis ababa,0.8269180655479431,yeka abado medium clinic woreda:Woreda 13 region:addis ababa zone:Lemi kura Sub city,yeka abado medium clinic region:addis ababa zone:Yeka Sub City,confirmed
1028950,dr mulugeta medium dental clinic,addis ababa,rj0BXFFzSV6,dr mulugeta medium dental clinic,addis ababa,0.8436431288719177,dr mulugeta medium dental clinic woreda:Woreda 5 region:addis ababa zone:Lideta Sub City,dr mulugeta medium dental clinic region:addis ababa zone:Addis Ketema Sub City,confirmed
1028974,el eyob medium clinic,addis ababa,C2bPIk5yoPj,el eyob medium clinic,addis ababa,0.8301997184753418,el eyob medium clinic woreda:Woreda 13 region:addis ababa zone:Lemi kura Sub city,el eyob medium clinic region:addis ababa zone:Yeka Sub City,confirmed
1028991,waka medium clinic,addis ababa,tovPc1Ugmkb,waka medium clinic,addis ababa,0.8055830597877502,waka medium clinic woreda:Woreda 2 region:addis ababa zone:Lemi kura Sub city,waka medium clinic region:addis ababa zone:Yeka Sub City,confirmed
1029010,gfb medium clinic,addis ababa,heQWrdC8kID,gfb medium clinic,addis ababa,0.8075032234191895,gfb medium clinic woreda:Woreda 2 region:addis ababa zone:Lemi kura Sub city,gfb medium clinic region:addis ababa zone:Yeka Sub City,confirmed
1029015,alem tena medium clinic,addis ababa,Z7ZqMS71HX5,ale huhuwa medium clinic,addis ababa,0.8043811321258545,alem tena medium clinic woreda:Woreda 1 region:addis ababa zone:Akaki Kality Sub City,ale huhuwa medium clinic region:addis ababa zone:Addis Ketema Sub City,confirmed
1029059,meseret dental specialty clinic,addis ababa,IOpVcozYvUM,meseret dental specialityclinic,addis ababa,0.8549574017524719,meseret dental specialty clinic woreda:Woreda 2 region:addis ababa zone:Arada Sub City,meseret dental specialityclinic region:addis ababa zone:Arada Sub City WorHO,confirmed
1029102,emana number 1 medium clinic,addis ababa,rj7VEgtYwuj,emana medium clinic,addis ababa,0.835085928440094,emana number 1 medium clinic woreda:Woreda 9 region:addis ababa zone:Yeka Sub City,emana medium clinic region:addis ababa zone:Yeka Sub City,confirmed
1029221,lealem medium clinic,addis ababa,yY42VsxVPv6,lealem medium clinic,addis ababa,0.8524181842803955,lealem medium clinic woreda:Woreda 8 region:addis ababa zone:Yeka Sub City,lealem medium clinic region:addis ababa zone:Yeka Sub City,confirmed
1029250,akaki yehzib drug store,addis ababa,kCydkxkYxf4,akaki kality woreda 6 dic,addis ababa,0.8295747637748718,akaki yehzib drug store woreda:Woreda 3 region:addis ababa zone:Akaki Kality Sub City,akaki kality woreda 6 dic region:addis ababa zone:Akaki Kality Sub City,confirmed
1029450,elshaday dental medium clinics,addis ababa,ZgnRlGCCcms,elshaday medium clinic,addis ababa,0.8066595792770386,elshaday dental medium clinics woreda:Woreda 9 region:addis ababa zone:Akaki Kality Sub City,elshaday medium clinic region:addis ababa zone:Bole Sub City,confirmed
1029553,mth internal medicine and gynecology specialty clinic,addis ababa,ovD7JA5gCTO,mth gynacological and obststics speciaily clinic,addis ababa,0.8215601444244385,mth internal medicine and gynecology specialty clinic woreda:Woreda 1 region:addis ababa zone:Bole Sub City,mth gynacological and obststics speciaily clinic region:addis ababa zone:Bole Sub City,confirmed
1029557,addis dental laboratory,addis ababa,r8JbGJsWWLp,addisketema woreda 1 dic,addis ababa,0.8390807509422302,addis dental laboratory woreda:Woreda 7 region:addis ababa zone:Kirkos Sub City,addisketema woreda 1 dic region:addis ababa zone:Addis Ketema Sub City,confirmed
1029557,addis dental laboratory,addis ababa,PObFChfmikr,addisketema woreda 9 dic,addis ababa,0.858778178691864,addis dental laboratory woreda:Woreda 7 region:addis ababa zone:Kirkos Sub City,addisketema woreda 9 dic region:addis ababa zone:Addis Ketema Sub City,confirmed
1029583,gurd shola pharmacy,addis ababa,b4Y76cobkY9,gurd shola orsolin catolic clinic,addis ababa,0.8134645819664001,gurd shola pharmacy woreda:Woreda 7 region:addis ababa zone:Bole Sub City,gurd shola orsolin catolic clinic region:addis ababa zone:Bole Sub City,confirmed
1029591,lidia medium dental clinic,addis ababa,RQxn3Zlzcw0,lidiya medium dental clinic,addis ababa,0.8109073638916016,lidia medium dental clinic woreda:Woreda 2 region:addis ababa zone:Lemi kura Sub city,lidiya medium dental clinic region:addis ababa zone:Yeka Sub City,confirmed
1029619,dr adefres specialty clinic,addis ababa,SmJDxqBgOk1,dr adeferes debaleke ent speciality clinic,addis ababa,0.8268347382545471,dr adefres specialty clinic woreda:Woreda 13 region:addis ababa zone:Lemi kura Sub city,dr adeferes debaleke ent speciality clinic region:addis ababa zone:Yeka Sub City,confirmed
1029635,alborg speciality clinic,addis ababa,hN2jtPHs2OL,al borg speciality clinic,addis ababa,0.8127673864364624,alborg speciality clinic woreda:Woreda 2 region:addis ababa zone:Bole Sub City,al borg speciality clinic region:addis ababa zone:Bole Sub City,confirmed
1029670,tamiru drug store,addis ababa,WrJGk1HiqD4,tamiru gofa gebriel medium clinic,addis ababa,0.8087711930274963,tamiru drug store woreda:Woreda 6 region:addis ababa zone:Nifas Silk Lafto Sub City,tamiru gofa gebriel medium clinic region:addis ababa zone:Nifas Silk Lafto Sub City,confirmed
1029698,dr yared speciality clinic,addis ababa,uGB1b7lDOWB,dr yared ped atric specalty clinic,addis ababa,0.8427749872207642,dr yared speciality clinic woreda:Woreda 2 region:addis ababa zone:Bole Sub City,dr yared ped atric specalty clinic region:addis ababa zone:Bole Sub City,confirmed
1029727,tikur abay shoe primary clinic,addis ababa,W2l9B8pUTMX,tekure abaye shoe factory primary clinic,addis ababa,0.830801784992218,tikur abay shoe primary clinic woreda:Woreda 13 region:addis ababa zone:Addis Ketema Sub City,tekure abaye shoe factory primary clinic region:addis ababa zone:Kolfe Subcity,confirmed
1029756,abenet pharmacy,addis ababa,PsBV78jzvNJ,abenet no2 medium clinic,addis ababa,0.8129795789718628,abenet pharmacy woreda:Woreda 4 region:addis ababa zone:Lideta Sub City,abenet no2 medium clinic region:addis ababa zone:Lideta Sub City,confirmed
1029820,tena medium clinic,addis ababa,hbWBuzlUUUC,tena meles medium clinic,addis ababa,0.8007638454437256,tena medium clinic woreda:Woreda 5 region:addis ababa zone:Lideta Sub City,tena meles medium clinic region:addis ababa zone:Gulele Sub City,confirmed
1029820,tena medium clinic,addis ababa,QEczFafiMg6,tena medium clinic,addis ababa,0.8474316000938416,tena medium clinic woreda:Woreda 5 region:addis ababa zone:Lideta Sub City,tena medium clinic region:addis ababa zone:Lideta Sub City,confirmed
1029822,rohobot medium clinic,addis ababa,hyNmXj8Cxrn,rohobot medium clinic,addis ababa,0.838012158870697,rohobot medium clinic woreda:Woreda 4 region:addis ababa zone:Arada Sub City,rohobot medium clinic region:addis ababa zone:Nifas Silk Lafto Sub City,confirmed
1029870,nifas silk kelem primary clinic,addis ababa,nAi1Ay3sooC,nefas silk paints factory primary clinic,addis ababa,0.817675769329071,nifas silk kelem primary clinic woreda:Woreda 10 region:addis ababa zone:Nifas Silk Lafto Sub City,nefas silk paints factory primary clinic region:addis ababa zone:Nifas Silk Lafto Sub City,confirmed
1030129,swift medium clinic,addis ababa,Svq4ldS5zEW,swift healing medium clinic,addis ababa,0.8537759780883789,swift medium clinic woreda:Woreda 13 region:addis ababa zone:Nifas Silk Lafto Sub City,swift healing medium clinic region:addis ababa zone:Nifas Silk Lafto Sub City,confirmed
1030193,amba medium clinic,addis ababa,YPEbdXoaLcM,amba medium clinic,addis ababa,0.8620216250419617,amba medium clinic woreda:Woreda 1 region:addis ababa zone:Nifas Silk Lafto Sub City,amba medium clinic region:addis ababa zone:Nifas Silk Lafto Sub City,confirmed
1030193,amba medium clinic,addis ababa,jVfg7jGQnDk,ambo ymaden wuha aksiyone maheber primary clinic,addis ababa,0.8045222759246826,amba medium clinic woreda:Woreda 1 region:addis ababa zone:Nifas Silk Lafto Sub City,ambo ymaden wuha aksiyone maheber primary clinic region:addis ababa zone:Nifas Silk Lafto Sub City,confirmed
1030232,happy primary clinic,addis ababa,PfzGhkKHeC2,happy pediatric speciality clinic,addis ababa,0.8161053657531738,happy primary clinic woreda:Woreda 12 region:addis ababa zone:Yeka Sub City,happy pediatric speciality clinic region:addis ababa zone:Yeka Sub City,confirmed
1030242,yordanos orthopedics speciality center,addis ababa,hKxKjXucswl,yordanos orthopedic specality hospital,addis ababa,0.825470507144928,yordanos orthopedics speciality center woreda:Woreda 7 region:addis ababa zone:Lideta Sub City,yordanos orthopedic specality hospital region:addis ababa zone:Lideta Sub City,confirmed
1030335,dr aklilu no 3 specialty clinic,addis ababa,WlwukvEGk0R,dr aklilu speciality dental clinic,addis ababa,0.8145134449005127,dr aklilu no 3 specialty clinic woreda:Woreda 3 region:addis ababa zone:Bole Sub City,dr aklilu speciality dental clinic region:addis ababa zone:Bole Sub City,confirmed
1030343,wanza frnishing primery clinic,addis ababa,IsMP7QzAq1h,wanza furnture primery clinic,addis ababa,0.839530348777771,wanza frnishing primery clinic woreda:Woreda 10 region:addis ababa zone:Lideta Sub City,wanza furnture primery clinic region:addis ababa zone:Lideta Sub City,confirmed
1030349,kal pharmacy,addis ababa,YM1tP7H51Xt,kolfe woreda 1 dic,addis ababa,0.8005296587944031,kal pharmacy woreda:Woreda 4 region:addis ababa zone:Addis Ketema Sub City,kolfe woreda 1 dic region:addis ababa zone:Kolfe Subcity,confirmed
1030369,mint medium dental clinic,addis ababa,XRAfLOWSwLH,mint medium dental clinic,addis ababa,0.8549647927284241,mint medium dental clinic woreda:Woreda 13 region:addis ababa zone:Bole Sub City,mint medium dental clinic region:addis ababa zone:Bole Sub City,confirmed
1030407,selam pharmacy,addis ababa,HAMC7f7M8ZH,selam frea health center,addis ababa,0.9143245816230774,selam pharmacy region:addis ababa zone:Addis Ketema Sub City,selam frea health center region:addis ababa zone:Akaki Kality Sub City,confirmed
1030463,kirkos pharmacy,addis ababa,SGffcPc4B2o,kirkos woreda 08 dic,addis ababa,0.9198548197746277,kirkos pharmacy woreda:Woreda 10 region:addis ababa zone:Kirkos Sub City,kirkos woreda 08 dic region:addis ababa zone:Kirkos Sub City,confirmed
1030463,kirkos pharmacy,addis ababa,K4ID77N7MXe,kirkos woreda 9 dic,addis ababa,0.9340154528617859,kirkos pharmacy woreda:Woreda 10 region:addis ababa zone:Kirkos Sub City,kirkos woreda 9 dic region:addis ababa zone:Kirkos Sub City,confirmed
1030483,model medium clinic,addis ababa,Nr5XktYbJvH,model medium clinic,addis ababa,0.8465991020202637,model medium clinic woreda:Woreda 5 region:addis ababa zone:Bole Sub City,model medium clinic region:addis ababa zone:Bole Sub City,confirmed
1030520,dr aselef dental medium clinic,addis ababa,v0dLkwRHPgu,dr aselef dental clinic,addis ababa,0.8445656299591064,dr aselef dental medium clinic woreda:Woreda 11 region:addis ababa zone:Bole Sub City,dr aselef dental clinic region:addis ababa zone:Bole Sub City,confirmed
1030522,dr aklilu no 2 specialty clinic,addis ababa,WlwukvEGk0R,dr aklilu speciality dental clinic,addis ababa,0.8135876655578613,dr aklilu no 2 specialty clinic woreda:Woreda 6 region:addis ababa zone:Bole Sub City,dr aklilu speciality dental clinic region:addis ababa zone:Bole Sub City,confirmed
1030534,hiwot fana medium clinic,addis ababa,WPijYJbHms2,hiwot fana medium clinic,addis ababa,0.8213340640068054,hiwot fana medium clinic woreda:Woreda 10 region:addis ababa zone:Lemi kura Sub city,hiwot fana medium clinic region:addis ababa zone:Bole Sub City,confirmed
1030550,hamernoh medium clinic,addis ababa,Sbb9LAmIwlK,hamerenoh medium clinic,addis ababa,0.828054666519165,hamernoh medium clinic woreda:Woreda 10 region:addis ababa zone:Lemi kura Sub city,hamerenoh medium clinic region:addis ababa zone:Lemi Kura Sub City,confirmed
1030558,kiko pediatrics specialty clinic,addis ababa,E4fYZnKQWiz,kiko pediatrics clinic,addis ababa,0.8434460759162903,kiko pediatrics specialty clinic woreda:Woreda 5 region:addis ababa zone:Bole Sub City,kiko pediatrics clinic region:addis ababa zone:Bole Sub City,confirmed
1030561,dr bekele medium clinic,addis ababa,u7Nh7DbpK0h,dr bekele medium clinic,addis ababa,0.8231220245361328,dr bekele medium clinic woreda:Woreda 10 region:addis ababa zone:Lemi kura Sub city,dr bekele medium clinic region:addis ababa zone:Bole Sub City,confirmed
1030565,selase medium clinic,addis ababa,qcfQGmx58Eo,selasse medium clinic,addis ababa,0.8107191324234009,selase medium clinic woreda:Woreda 7 region:addis ababa zone:Bole Sub City,selasse medium clinic region:addis ababa zone:Bole Sub City,confirmed
1030590,fikere selam medium clinic,addis ababa,ggdIW6oJTMu,fikre selam number 2 medium clinic,addis ababa,0.8020109534263611,fikere selam medium clinic woreda:Woreda 08 region:addis ababa zone:Lemi kura Sub city,fikre selam number 2 medium clinic region:addis ababa zone:Bole Sub City,confirmed
1030611,dr mulugeta medium clinic,addis ababa,rj0BXFFzSV6,dr mulugeta medium dental clinic,addis ababa,0.8187587857246399,dr mulugeta medium clinic woreda:Woreda 09 region:addis ababa zone:Lemi kura Sub city,dr mulugeta medium dental clinic region:addis ababa zone:Addis Ketema Sub City,confirmed
1030622,lemi primary clinic,addis ababa,aFN39TqJPRh,lemi primery clinic,addis ababa,0.8221665620803833,lemi primary clinic woreda:Woreda 11 region:addis ababa zone:Bole Sub City,lemi primery clinic region:addis ababa zone:Bole Sub City,confirmed
1030627,mercy medium clinic,addis ababa,e86OIE6Qhme,merso eye and dental clinic,addis ababa,0.8429021239280701,mercy medium clinic region:addis ababa zone:Bole Sub City,merso eye and dental clinic region:addis ababa zone:Bole Sub City,confirmed
1030627,mercy medium clinic,addis ababa,lk6D7jDdMtm,meresi medium clinic,addis ababa,0.8699297308921814,mercy medium clinic region:addis ababa zone:Bole Sub City,meresi medium clinic region:addis ababa zone:Kolfe Subcity,confirmed
1030635,st selase drug store,addis ababa,aO3nQz0ocjv,st raphael health center,addis ababa,0.8264707922935486,st selase drug store region:addis ababa zone:Bole Sub City,st raphael health center region:addis ababa zone:Bole Sub City,confirmed
1030868,haeti health post,south west ethiopia,ysckkuMYewr,haeti health post,south west ethiopia,0.8650168776512146,haeti health post woreda:Deka Town region:south west ethiopia zone:Kaffa Zone,haeti health post region:south west ethiopia zone:Kaffa ZHD,confirmed
1030872,meshami heath post,south west ethiopia,cv0cUeZrCc4,mesham health post,south west ethiopia,0.8083693981170654,meshami heath post woreda:Gesha Woreda region:south west ethiopia zone:Kaffa Zone,mesham health post region:south west ethiopia zone:Kaffa ZHD,confirmed
1030872,meshami heath post,south west ethiopia,FjHYsTtNsm3,mesham health post,south west ethiopia,0.8083693981170654,meshami heath post woreda:Gesha Woreda region:south west ethiopia zone:Kaffa Zone,mesham health post region:south west ethiopia zone:Kaffa ZHD,confirmed
1030873,techity health post,south west ethiopia,VaWtVkpja2P,techit health post,south west ethiopia,0.8196941018104553,techity health post woreda:Gesha Woreda region:south west ethiopia zone:Kaffa Zone,techit health post region:south west ethiopia zone:Kaffa ZHD,confirmed
1030878,sheta meduim clinic,south west ethiopia,tDJcPHs5mOX,sheta medium clinic,south west ethiopia,0.8172646164894104,sheta meduim clinic woreda:Bonga Town region:south west ethiopia zone:Kaffa Zone,sheta medium clinic region:south west ethiopia zone:Kaffa ZHD,confirmed
1030881,kidus mikael drug store,south west ethiopia,hfciTWspgiT,kidus mikael primary clinic,south west ethiopia,0.8123544454574585,kidus mikael drug store woreda:Bonga Town region:south west ethiopia zone:Kaffa Zone,kidus mikael primary clinic region:south west ethiopia zone:Kaffa ZHD,confirmed
1030952,elshaday primary clinic,south west ethiopia,EGVCvldgvkt,elshaday clinic,south west ethiopia,0.8184730410575867,elshaday primary clinic woreda:Gesha Woreda region:south west ethiopia zone:Kaffa Zone,elshaday clinic region:south west ethiopia zone:Bench Sheko ZHD,confirmed
1030984,yanga health post,south west ethiopia,o4Ou0wi2cFL,yanga health post,south west ethiopia,0.8613578677177429,yanga health post woreda:Decha Woreda region:south west ethiopia zone:Kaffa Zone,yanga health post region:south west ethiopia zone:Kaffa ZHD,confirmed
1031022,amanuel primary clinic,south west ethiopia,jEIbPKYWR7L,amanuel clinic,south west ethiopia,0.8381308317184448,amanuel primary clinic woreda:Chena Woreda region:south west ethiopia zone:Kaffa Zone,amanuel clinic region:south west ethiopia zone:Kaffa ZHD,confirmed
1031098,tukurwuha beteseb priymary clinic,oromia,CcfQJWAFNnl,tikur wuha beteseb primary clinic,oromia,0.8006136417388916,tukurwuha beteseb priymary clinic woreda:Bishan Guracha Sub City region:oromia zone:Shashemene Town,tikur wuha beteseb primary clinic region:oromia zone:Bishan Guracha Town ZHD,confirmed
1031162,kidus michael medium clinic,oromia,zm9VNHpq2a4,kidus michael medium clinic,oromia,0.813340961933136,kidus michael medium clinic woreda:Ginir Town region:oromia zone:East Bale Zone,kidus michael medium clinic region:oromia zone:Bishoftu Town ZHD,confirmed
1031168,oda roba primary clinic,oromia,Ki1Ma6Pe3u6,oda roba primary clinic,oromia,0.8575780391693115,oda roba primary clinic woreda:Ginir Town region:oromia zone:East Bale Zone,oda roba primary clinic region:oromia zone:East Bale ZHD,confirmed
1031190,gada medium clinic,oromia,ARmDiCgHFLs,gadaa medium clinic,oromia,0.8250107765197754,gada medium clinic woreda:Ginir Rural Woreda region:oromia zone:East Bale Zone,gadaa medium clinic region:oromia zone:East Bale ZHD,confirmed
1031193,elshaday primary clinic,oromia,Khg2MizutqA,elshaday clinic,oromia,0.8104397654533386,elshaday primary clinic woreda:Abaya region:oromia zone:West Guji Zone,elshaday clinic region:oromia zone:East Hararge ZHD,confirmed
1031193,elshaday primary clinic,oromia,Iooluo6ORYT,elshaday primary clinic,oromia,0.8643222451210022,elshaday primary clinic woreda:Abaya region:oromia zone:West Guji Zone,elshaday primary clinic region:oromia zone:Ilu Aba Bora ZHD,confirmed
1031193,elshaday primary clinic,oromia,xMJgmBRZNQ7,el shaday primary clinic,oromia,0.8225597143173218,elshaday primary clinic woreda:Abaya region:oromia zone:West Guji Zone,el shaday primary clinic region:oromia zone:West Wellega  ZHD,confirmed
1031222,hawi gudina primary clinic,oromia,YuVLc73tBii,hawi gudina primary clinic,oromia,0.8245166540145874,hawi gudina primary clinic woreda:Anchar region:oromia zone:West Hararge Zone,hawi gudina primary clinic region:oromia zone:Arsi ZHD,confirmed
1031222,hawi gudina primary clinic,oromia,QflC8YVnnZI,hawi gudina primary clinic,oromia,0.8227256536483765,hawi gudina primary clinic woreda:Anchar region:oromia zone:West Hararge Zone,hawi gudina primary clinic region:oromia zone:Batu Town ZHD,confirmed
1031222,hawi gudina primary clinic,oromia,eDN52j46mCa,hawi gudina primary clinic,oromia,0.8227256536483765,hawi gudina primary clinic woreda:Anchar region:oromia zone:West Hararge Zone,hawi gudina primary clinic region:oromia zone:Batu Town ZHD,confirmed
1031239,rohobot primary clinic,oromia,zVnmjXLz7Ye,rohobot primary clinic,oromia,0.8278524279594421,rohobot primary clinic woreda:Abaya region:oromia zone:West Guji Zone,rohobot primary clinic region:oromia zone:Bale ZHD,confirmed
1031239,rohobot primary clinic,oromia,aNDEcVX9IEt,rohobot primary clinic,oromia,0.8276729583740234,rohobot primary clinic woreda:Abaya region:oromia zone:West Guji Zone,rohobot primary clinic region:oromia zone:Borena ZHD,confirmed
1031239,rohobot primary clinic,oromia,PRDD0DeN8pT,rihobot primary clinic,oromia,0.8174894452095032,rohobot primary clinic woreda:Abaya region:oromia zone:West Guji Zone,rihobot primary clinic region:oromia zone:Ilu Aba Bora ZHD,confirmed
1031239,rohobot primary clinic,oromia,gLioXOuhp6O,rohbot primary clinic,oromia,0.8047447204589844,rohobot primary clinic woreda:Abaya region:oromia zone:West Guji Zone,rohbot primary clinic region:oromia zone:Jimma ZHD,confirmed
1031239,rohobot primary clinic,oromia,iOZQ8LETGd6,rohoboti primary,oromia,0.8274103999137878,rohobot primary clinic woreda:Abaya region:oromia zone:West Guji Zone,rohoboti primary region:oromia zone:West Guji ZHD,confirmed
1031239,rohobot primary clinic,oromia,krnzYQLn19w,rehobot primary clinic,oromia,0.8508985042572021,rohobot primary clinic woreda:Abaya region:oromia zone:West Guji Zone,rehobot primary clinic region:oromia zone:West Guji ZHD,confirmed
1031239,rohobot primary clinic,oromia,GK3vrDbfbB7,rohobot primary clinic,oromia,0.8616253733634949,rohobot primary clinic woreda:Abaya region:oromia zone:West Guji Zone,rohobot primary clinic region:oromia zone:West Wellega  ZHD,confirmed
1031239,rohobot primary clinic,oromia,VuNYZwmJrSe,rehobot primary clinic,oromia,0.8073577284812927,rohobot primary clinic woreda:Abaya region:oromia zone:West Guji Zone,rehobot primary clinic region:oromia zone:West Wellega  ZHD,confirmed
1031239,rohobot primary clinic,oromia,usB83XvZfui,rehobot primary clinic,oromia,0.8073577284812927,rohobot primary clinic woreda:Abaya region:oromia zone:West Guji Zone,rehobot primary clinic region:oromia zone:West Wellega  ZHD,confirmed
1031277,burka primary clinic,oromia,KNoMB1cZjut,burqaa fayyaa primary clinic,oromia,0.8108922243118286,burka primary clinic woreda:Bedesa region:oromia zone:West Hararge Zone,burqaa fayyaa primary clinic region:oromia zone:East Hararge ZHD,confirmed
1031300,chercher primary clinic,oromia,XuuxTFs8Wof,chercher primary clinik,oromia,0.832121729850769,chercher primary clinic woreda:Bedesa region:oromia zone:West Hararge Zone,chercher primary clinik region:oromia zone:West Hararge ZHD,confirmed
1031370,zemzem primary clinic,oromia,K25UaglbmPm,zemzem primary clinic,oromia,0.8193824887275696,zemzem primary clinic woreda:Boke region:oromia zone:West Hararge Zone,zemzem primary clinic region:oromia zone:Arsi ZHD,confirmed
1031384,milki primary clinic,oromia,xYVDs7C5IXy,milki primary clinic,oromia,0.8114818334579468,milki primary clinic woreda:Boke region:oromia zone:West Hararge Zone,milki primary clinic region:oromia zone:Bale ZHD,confirmed
1031384,milki primary clinic,oromia,QRAEzmxT3gd,milki primary clinic,oromia,0.8539981842041016,milki primary clinic woreda:Boke region:oromia zone:West Hararge Zone,milki primary clinic region:oromia zone:West Arsi ZHD,confirmed
1031417,geda medium dental clinic,oromia,l6BLQgAyuc9,geda medium clinic,oromia,0.8002306222915649,geda medium dental clinic woreda:Chiro Town region:oromia zone:West Hararge Zone,geda medium clinic region:oromia zone:Arsi ZHD,confirmed
1031439,abdi primary clinic,oromia,L1ds0TgUQdK,abdi primary clinic,oromia,0.8020954728126526,abdi primary clinic woreda:Bako Tibe region:oromia zone:West Shewa Zone,abdi primary clinic region:oromia zone:East Wellega ZHD,confirmed
1031439,abdi primary clinic,oromia,S2G6N2YqwqC,abdi primary clinic,oromia,0.8367640376091003,abdi primary clinic woreda:Bako Tibe region:oromia zone:West Shewa Zone,abdi primary clinic region:oromia zone:North Shewa  ZHD,confirmed
1031439,abdi primary clinic,oromia,le985Djz8ZH,abdi boru lower primary clinic,oromia,0.8119415640830994,abdi primary clinic woreda:Bako Tibe region:oromia zone:West Shewa Zone,abdi boru lower primary clinic region:oromia zone:West Hararge ZHD,confirmed
1031439,abdi primary clinic,oromia,f9dRHxYDzjk,abdi bori primary clinic,oromia,0.8121391534805298,abdi primary clinic woreda:Bako Tibe region:oromia zone:West Shewa Zone,abdi bori primary clinic region:oromia zone:West Wellega  ZHD,confirmed
1031439,abdi primary clinic,oromia,Ho9XnZwjZMT,abdi primary clinic,oromia,0.82801353931427,abdi primary clinic woreda:Bako Tibe region:oromia zone:West Shewa Zone,abdi primary clinic region:oromia zone:West Wellega  ZHD,confirmed
1031472,oda medium clinic,oromia,TLMVdACjZHZ,oda medium clinic,oromia,0.8312830328941345,oda medium clinic woreda:Goro region:oromia zone:Bale Zone,oda medium clinic region:oromia zone:Horo Gudru Wellega  ZHD,confirmed
1031472,oda medium clinic,oromia,oOJXOhLOhub,oda medium clinic,oromia,0.8008687496185303,oda medium clinic woreda:Goro region:oromia zone:Bale Zone,oda medium clinic region:oromia zone:West Shewa  ZHD,confirmed
1031473,geda primary clinic,oromia,qkvQYWPl1Nu,geda primary clinic,oromia,0.8437460660934448,geda primary clinic woreda:Burka Dhintu region:oromia zone:West Hararge Zone,geda primary clinic region:oromia zone:East Hararge ZHD,confirmed
1031473,geda primary clinic,oromia,IjkIQpPmpRH,geda primary clinic,oromia,0.8119069337844849,geda primary clinic woreda:Burka Dhintu region:oromia zone:West Hararge Zone,geda primary clinic region:oromia zone:East Wellega ZHD,confirmed
1031473,geda primary clinic,oromia,chCLiiA8DPk,geda primary clinic,oromia,0.8002488017082214,geda primary clinic woreda:Burka Dhintu region:oromia zone:West Hararge Zone,geda primary clinic region:oromia zone:Ilu Aba Bora ZHD,confirmed
1031474,harme medium clinic,oromia,Cll8zrl2WPv,harme medium clinic,oromia,0.8079716563224792,harme medium clinic woreda:Goro region:oromia zone:Bale Zone,harme medium clinic region:oromia zone:North Shewa  ZHD,confirmed
1031513,geda medium clinic,oromia,l6BLQgAyuc9,geda medium clinic,oromia,0.8256190419197083,geda medium clinic woreda:Gedeb Hasasa region:oromia zone:West Arsi Zone,geda medium clinic region:oromia zone:Arsi ZHD,confirmed
1031521,feyisa primary clinic,oromia,V9Kf35RISsi,feyisa primary clinic,oromia,0.8010575771331787,feyisa primary clinic woreda:Bako Tibe region:oromia zone:West Shewa Zone,feyisa primary clinic region:oromia zone:Bale ZHD,confirmed
1031522,fikadu primary clinic,oromia,pTM6JGRLIPn,fikadu primary clinic,oromia,0.8476208448410034,fikadu primary clinic woreda:Bako Tibe region:oromia zone:West Shewa Zone,fikadu primary clinic region:oromia zone:East Shewa  ZHD,confirmed
1031536,burkitu primary clinic,oromia,CayI1D94a9h,burkitu medium clinic,oromia,0.8170609474182129,burkitu primary clinic woreda:Gedeb Hasasa region:oromia zone:West Arsi Zone,burkitu medium clinic region:oromia zone:West Arsi ZHD,confirmed
1031546,reta primary clinic,oromia,q8FMSKuDoDM,reta primary clinic,oromia,0.8521263003349304,reta primary clinic woreda:Bako Tibe region:oromia zone:West Shewa Zone,reta primary clinic region:oromia zone:West Shewa  ZHD,confirmed
1031556,walin primary clinic,oromia,RyMdtKnZfFj,walin primary clinic,oromia,0.823081910610199,walin primary clinic woreda:Bako Tibe region:oromia zone:West Shewa Zone,walin primary clinic region:oromia zone:West Wellega  ZHD,confirmed
1031559,selam medium clinic,oromia,M3hBWfgQzdU,selam medium clinic,oromia,0.8503884077072144,selam medium clinic woreda:Bule Hora Town region:oromia zone:Bule Hora Town,selam medium clinic region:oromia zone:East Shewa  ZHD,confirmed
1031559,selam medium clinic,oromia,WC2PD4MXmUV,selam medium clinic,oromia,0.8433993458747864,selam medium clinic woreda:Bule Hora Town region:oromia zone:Bule Hora Town,selam medium clinic region:oromia zone:Jimma ZHD,confirmed
1031577,gada primary clinic,oromia,fA7KSBsoHUt,gada primary clinic,oromia,0.8168509602546692,gada primary clinic woreda:Bule Hora region:oromia zone:West Guji Zone,gada primary clinic region:oromia zone:Borena ZHD,confirmed
1031577,gada primary clinic,oromia,VkSI48vo3EZ,gada primary clinic,oromia,0.8386027216911316,gada primary clinic woreda:Bule Hora region:oromia zone:West Guji Zone,gada primary clinic region:oromia zone:East Hararge ZHD,confirmed
1031577,gada primary clinic,oromia,tI6vVkgbHdT,gada primary clinic,oromia,0.856549084186554,gada primary clinic woreda:Bule Hora region:oromia zone:West Guji Zone,gada primary clinic region:oromia zone:West Shewa  ZHD,confirmed
1031581,mo'a primary clinic,oromia,Hh3dpy0DIeK,mo'u primary clinic,oromia,0.8487046957015991,mo'a primary clinic woreda:Odo Shakiso region:oromia zone:Guji Zone,mo'u primary clinic region:oromia zone:Guji ZHD,confirmed
1031623,abdi boru primary clinic11,oromia,le985Djz8ZH,abdi boru lower primary clinic,oromia,0.8201077580451965,abdi boru primary clinic11 woreda:Nansebo region:oromia zone:West Arsi Zone,abdi boru lower primary clinic region:oromia zone:West Hararge ZHD,confirmed
1031623,abdi boru primary clinic11,oromia,f9dRHxYDzjk,abdi bori primary clinic,oromia,0.8091248273849487,abdi boru primary clinic11 woreda:Nansebo region:oromia zone:West Arsi Zone,abdi bori primary clinic region:oromia zone:West Wellega  ZHD,confirmed
1031644,hiwot primary clinic,oromia,rprHiwektDY,hiwot primary clinic,oromia,0.8119487762451172,hiwot primary clinic woreda:Dendi region:oromia zone:West Shewa Zone,hiwot primary clinic region:oromia zone:Arsi ZHD,confirmed
1031644,hiwot primary clinic,oromia,ZX5HJ0HlBZK,hiwot primary clinic,oromia,0.8065304756164551,hiwot primary clinic woreda:Dendi region:oromia zone:West Shewa Zone,hiwot primary clinic region:oromia zone:Shashemene Town ZHD,confirmed
1031644,hiwot primary clinic,oromia,t8cEdG8CBCx,hiwot primary clinic,oromia,0.8466899991035461,hiwot primary clinic woreda:Dendi region:oromia zone:West Shewa Zone,hiwot primary clinic region:oromia zone:West Guji ZHD,confirmed
1031644,hiwot primary clinic,oromia,DI3q89TIg9n,hiwot primary clinic,oromia,0.8729739785194397,hiwot primary clinic woreda:Dendi region:oromia zone:West Shewa Zone,hiwot primary clinic region:oromia zone:West Shewa  ZHD,confirmed
1031648,mati primary clinic,oromia,HsrZ43AxI77,mati primary clinic,oromia,0.8277450799942017,mati primary clinic woreda:Dendi region:oromia zone:West Shewa Zone,mati primary clinic region:oromia zone:East Hararge ZHD,confirmed
1031648,mati primary clinic,oromia,L9i6hcK9a4O,mati primary clinic,oromia,0.8052815794944763,mati primary clinic woreda:Dendi region:oromia zone:West Shewa Zone,mati primary clinic region:oromia zone:Guji ZHD,confirmed
1031648,mati primary clinic,oromia,MCtyqPjUWwx,mati primary clinic,oromia,0.807354748249054,mati primary clinic woreda:Dendi region:oromia zone:West Shewa Zone,mati primary clinic region:oromia zone:Horo Gudru Wellega  ZHD,confirmed
1031648,mati primary clinic,oromia,jrym7kDfyzL,mati primary clinic,oromia,0.8048633933067322,mati primary clinic woreda:Dendi region:oromia zone:West Shewa Zone,mati primary clinic region:oromia zone:Ilu Aba Bora ZHD,confirmed
1031648,mati primary clinic,oromia,BQikVqpYxsJ,mati primary clinic,oromia,0.8050220012664795,mati primary clinic woreda:Dendi region:oromia zone:West Shewa Zone,mati primary clinic region:oromia zone:Jimma ZHD,confirmed
1031648,mati primary clinic,oromia,SpKVMaunka5,mati primary clinic,oromia,0.8050220012664795,mati primary clinic woreda:Dendi region:oromia zone:West Shewa Zone,mati primary clinic region:oromia zone:Jimma ZHD,confirmed
1031648,mati primary clinic,oromia,GR7gu8kC1hU,mati primary clinic,oromia,0.8474330306053162,mati primary clinic woreda:Dendi region:oromia zone:West Shewa Zone,mati primary clinic region:oromia zone:West Arsi ZHD,confirmed
1031648,mati primary clinic,oromia,rSfVwYxkr2i,mati primary clinic,oromia,0.8474330306053162,mati primary clinic woreda:Dendi region:oromia zone:West Shewa Zone,mati primary clinic region:oromia zone:West Arsi ZHD,confirmed
1031648,mati primary clinic,oromia,xwrKgxLHnVN,mati primary clinic,oromia,0.8721591234207153,mati primary clinic woreda:Dendi region:oromia zone:West Shewa Zone,mati primary clinic region:oromia zone:West Shewa  ZHD,confirmed
1031654,oli primary clinic,oromia,XCbyiCyB1eG,oli primary clinic,oromia,0.8695961833000183,oli primary clinic woreda:Dendi region:oromia zone:West Shewa Zone,oli primary clinic region:oromia zone:West Shewa  ZHD,confirmed
1031710,feya primary clinic,oromia,jmas4WiA9Pi,feya primary clinic,oromia,0.8352471590042114,feya primary clinic woreda:Alache Sub city region:oromia zone:Shashemene Town,feya primary clinic region:oromia zone:Shashemene Town ZHD,confirmed
1031729,sebontu primary clinic,oromia,bMtT2IdyPRT,sebontu primary clinic,oromia,0.8319512605667114,sebontu primary clinic woreda:Alache Sub city region:oromia zone:Shashemene Town,sebontu primary clinic region:oromia zone:Shashemene Town ZHD,confirmed
1031743,dire pharmacy,dire dawa,zZrU2er3Pio,dire primary dental clinic,dire dawa,0.8255693912506104,dire pharmacy region:dire dawa zone:Gendekore Operational,dire primary dental clinic region:dire dawa zone:Dire Dawa Operational  WorHO,confirmed
1031783,abdi boru primary clinic,oromia,riN0WkhaVoM,abdi boru primary clinic,oromia,0.8412582874298096,abdi boru primary clinic woreda:Doba region:oromia zone:West Hararge Zone,abdi boru primary clinic region:oromia zone:Arsi ZHD,confirmed
1031783,abdi boru primary clinic,oromia,Zkt42xCRafL,abdi boru primary clinic,oromia,0.8412582874298096,abdi boru primary clinic woreda:Doba region:oromia zone:West Hararge Zone,abdi boru primary clinic region:oromia zone:Arsi ZHD,confirmed
1031783,abdi boru primary clinic,oromia,XvDyvVlXfVL,abdi boru primary clinic,oromia,0.8412582874298096,abdi boru primary clinic woreda:Doba region:oromia zone:West Hararge Zone,abdi boru primary clinic region:oromia zone:Arsi ZHD,confirmed
1031783,abdi boru primary clinic,oromia,lEXvArQdOeK,abdi boru primary clinic,oromia,0.8757156133651733,abdi boru primary clinic woreda:Doba region:oromia zone:West Hararge Zone,abdi boru primary clinic region:oromia zone:East Hararge ZHD,confirmed
1031783,abdi boru primary clinic,oromia,ACZBpOi0ti5,abdi booru primary clinic,oromia,0.8673207759857178,abdi boru primary clinic woreda:Doba region:oromia zone:West Hararge Zone,abdi booru primary clinic region:oromia zone:East Hararge ZHD,confirmed
1031783,abdi boru primary clinic,oromia,L1ds0TgUQdK,abdi primary clinic,oromia,0.8109652996063232,abdi boru primary clinic woreda:Doba region:oromia zone:West Hararge Zone,abdi primary clinic region:oromia zone:East Wellega ZHD,confirmed
1031783,abdi boru primary clinic,oromia,XaQLCteqvtW,abdii primary clinic,oromia,0.8000554442405701,abdi boru primary clinic woreda:Doba region:oromia zone:West Hararge Zone,abdii primary clinic region:oromia zone:East Wellega ZHD,confirmed
1031783,abdi boru primary clinic,oromia,mIzIvrevQPM,abdi boru small clinic,oromia,0.8039699196815491,abdi boru primary clinic woreda:Doba region:oromia zone:West Hararge Zone,abdi boru small clinic region:oromia zone:Guji ZHD,confirmed
1031783,abdi boru primary clinic,oromia,iaEFCRdXREM,abdi boru small clinic,oromia,0.8039699196815491,abdi boru primary clinic woreda:Doba region:oromia zone:West Hararge Zone,abdi boru small clinic region:oromia zone:Guji ZHD,confirmed
1031783,abdi boru primary clinic,oromia,Rv6KeSAQZw8,abdi boru small clinic,oromia,0.8039699196815491,abdi boru primary clinic woreda:Doba region:oromia zone:West Hararge Zone,abdi boru small clinic region:oromia zone:Guji ZHD,confirmed
1031783,abdi boru primary clinic,oromia,zG8PEJvi3fg,abdi bori primary clinic,oromia,0.825808048248291,abdi boru primary clinic woreda:Doba region:oromia zone:West Hararge Zone,abdi bori primary clinic region:oromia zone:Kelem Wellega  ZHD,confirmed
1031783,abdi boru primary clinic,oromia,S2G6N2YqwqC,abdi primary clinic,oromia,0.8061970472335815,abdi boru primary clinic woreda:Doba region:oromia zone:West Hararge Zone,abdi primary clinic region:oromia zone:North Shewa  ZHD,confirmed
1031783,abdi boru primary clinic,oromia,EB69dEH4GH9,abdii boruu primary,oromia,0.8141489624977112,abdi boru primary clinic woreda:Doba region:oromia zone:West Hararge Zone,abdii boruu primary region:oromia zone:West Guji ZHD,confirmed
1031783,abdi boru primary clinic,oromia,ZFlIQ7uMFXi,abdii boruu primary,oromia,0.8141489624977112,abdi boru primary clinic woreda:Doba region:oromia zone:West Hararge Zone,abdii boruu primary region:oromia zone:West Guji ZHD,confirmed
1031783,abdi boru primary clinic,oromia,le985Djz8ZH,abdi boru lower primary clinic,oromia,0.8902214765548706,abdi boru primary clinic woreda:Doba region:oromia zone:West Hararge Zone,abdi boru lower primary clinic region:oromia zone:West Hararge ZHD,confirmed
1031783,abdi boru primary clinic,oromia,f9dRHxYDzjk,abdi bori primary clinic,oromia,0.8723571300506592,abdi boru primary clinic woreda:Doba region:oromia zone:West Hararge Zone,abdi bori primary clinic region:oromia zone:West Wellega  ZHD,confirmed
1031783,abdi boru primary clinic,oromia,Ho9XnZwjZMT,abdi primary clinic,oromia,0.8431801795959473,abdi boru primary clinic woreda:Doba region:oromia zone:West Hararge Zone,abdi primary clinic region:oromia zone:West Wellega  ZHD,confirmed
1031822,nafyad primary clinic,oromia,kYSKA3Mk8NQ,nafyad primary clinic,oromia,0.8349880576133728,nafyad primary clinic woreda:Doba region:oromia zone:West Hararge Zone,nafyad primary clinic region:oromia zone:Arsi ZHD,confirmed
1031874,lemi medium clinic,oromia,TLqTMfy119s,lami medium clinic,oromia,0.800297737121582,lemi medium clinic woreda:Mojo Town region:oromia zone:Modjo Town,lami medium clinic region:oromia zone:Mojo Town ZHD,confirmed
1031882,babile drug store,oromia,YuSQQSOzkHu,babile primary clinic,oromia,0.8016847968101501,babile drug store woreda:Babile Town region:oromia zone:East Hararge Zone,babile primary clinic region:oromia zone:East Hararge ZHD,confirmed
1031911,yecha health post,south west ethiopia,WNu4kSS61Nk,yecha health post,south west ethiopia,0.8831833600997925,yecha health post woreda:Bita Woreda region:south west ethiopia zone:Kaffa Zone,yecha health post region:south west ethiopia zone:Kaffa ZHD,confirmed
1031955,ethio japane medium clinic,oromia,qh6z90PB0F0,ethiojapan nylon textile share company medium primary clinic,oromia,0.8280695676803589,ethio japane medium clinic woreda:Mojo Town region:oromia zone:Modjo Town,ethiojapan nylon textile share company medium primary clinic region:oromia zone:Mojo Town ZHD,confirmed
1031978,bachore medium clinic,oromia,aBQnfUertnz,bachore medium clinic,oromia,0.8382525444030762,bachore medium clinic woreda:Haruf SubCity region:oromia zone:Shashemene Town,bachore medium clinic region:oromia zone:Shashemene Town ZHD,confirmed
1032035,tokuma primary clinic,oromia,Qdb5UmujBJG,tokuma primary clinic,oromia,0.8041614890098572,tokuma primary clinic woreda:Kercha Town region:oromia zone:West Guji Zone,tokuma primary clinic region:oromia zone:Arsi ZHD,confirmed
1032056,gada primary clinic,oromia,fA7KSBsoHUt,gada primary clinic,oromia,0.8156616687774658,gada primary clinic woreda:Habro region:oromia zone:West Hararge Zone,gada primary clinic region:oromia zone:Borena ZHD,confirmed
1032056,gada primary clinic,oromia,VkSI48vo3EZ,gada primary clinic,oromia,0.8606945276260376,gada primary clinic woreda:Habro region:oromia zone:West Hararge Zone,gada primary clinic region:oromia zone:East Hararge ZHD,confirmed
1032056,gada primary clinic,oromia,qkvQYWPl1Nu,geda primary clinic,oromia,0.808651864528656,gada primary clinic woreda:Habro region:oromia zone:West Hararge Zone,geda primary clinic region:oromia zone:East Hararge ZHD,confirmed
1032056,gada primary clinic,oromia,tI6vVkgbHdT,gada primary clinic,oromia,0.8612234592437744,gada primary clinic woreda:Habro region:oromia zone:West Hararge Zone,gada primary clinic region:oromia zone:West Shewa  ZHD,confirmed
1032101,murtii guto pharmacy,oromia,wzCNI7jt6Lb,murti guto primary clinic,oromia,0.8202059268951416,murtii guto pharmacy woreda:Meta region:oromia zone:East Hararge Zone,murti guto primary clinic region:oromia zone:East Hararge ZHD,confirmed
1032102,chefe primary clinic,oromia,P0kt2BO1xqv,chefe primary clinic,oromia,0.8501326441764832,chefe primary clinic woreda:Gemechis region:oromia zone:West Hararge Zone,chefe primary clinic region:oromia zone:East Hararge ZHD,confirmed
1032102,chefe primary clinic,oromia,PCKbHM4qS8V,chefe primary clinic,oromia,0.818891167640686,chefe primary clinic woreda:Gemechis region:oromia zone:West Hararge Zone,chefe primary clinic region:oromia zone:East Shewa  ZHD,confirmed
1032163,dry port medium clinic,oromia,YqBxUXWKFqr,dry port medium clinic,oromia,0.8672970533370972,dry port medium clinic woreda:Mojo Town region:oromia zone:Modjo Town,dry port medium clinic region:oromia zone:Mojo Town ZHD,confirmed
1032167,mati primary clinic,oromia,bwsw3wjk5IE,mati primary clinic,oromia,0.800853967666626,mati primary clinic woreda:Gemechis region:oromia zone:West Hararge Zone,mati primary clinic region:oromia zone:Buno Bedele ZHD,confirmed
1032167,mati primary clinic,oromia,HsrZ43AxI77,mati primary clinic,oromia,0.8504155874252319,mati primary clinic woreda:Gemechis region:oromia zone:West Hararge Zone,mati primary clinic region:oromia zone:East Hararge ZHD,confirmed
1032167,mati primary clinic,oromia,L9i6hcK9a4O,mati primary clinic,oromia,0.8124609589576721,mati primary clinic woreda:Gemechis region:oromia zone:West Hararge Zone,mati primary clinic region:oromia zone:Guji ZHD,confirmed
1032167,mati primary clinic,oromia,MCtyqPjUWwx,mati primary clinic,oromia,0.811547577381134,mati primary clinic woreda:Gemechis region:oromia zone:West Hararge Zone,mati primary clinic region:oromia zone:Horo Gudru Wellega  ZHD,confirmed
1032167,mati primary clinic,oromia,jrym7kDfyzL,mati primary clinic,oromia,0.8092491030693054,mati primary clinic woreda:Gemechis region:oromia zone:West Hararge Zone,mati primary clinic region:oromia zone:Ilu Aba Bora ZHD,confirmed
1032167,mati primary clinic,oromia,BQikVqpYxsJ,mati primary clinic,oromia,0.8066364526748657,mati primary clinic woreda:Gemechis region:oromia zone:West Hararge Zone,mati primary clinic region:oromia zone:Jimma ZHD,confirmed
1032167,mati primary clinic,oromia,SpKVMaunka5,mati primary clinic,oromia,0.8066364526748657,mati primary clinic woreda:Gemechis region:oromia zone:West Hararge Zone,mati primary clinic region:oromia zone:Jimma ZHD,confirmed
1032167,mati primary clinic,oromia,mWm8ENeiOqK,mati primary clinic,oromia,0.8039536476135254,mati primary clinic woreda:Gemechis region:oromia zone:West Hararge Zone,mati primary clinic region:oromia zone:Kelem Wellega  ZHD,confirmed
1032167,mati primary clinic,oromia,GR7gu8kC1hU,mati primary clinic,oromia,0.855149507522583,mati primary clinic woreda:Gemechis region:oromia zone:West Hararge Zone,mati primary clinic region:oromia zone:West Arsi ZHD,confirmed
1032167,mati primary clinic,oromia,rSfVwYxkr2i,mati primary clinic,oromia,0.855149507522583,mati primary clinic woreda:Gemechis region:oromia zone:West Hararge Zone,mati primary clinic region:oromia zone:West Arsi ZHD,confirmed
1032167,mati primary clinic,oromia,xwrKgxLHnVN,mati primary clinic,oromia,0.8498724699020386,mati primary clinic woreda:Gemechis region:oromia zone:West Hararge Zone,mati primary clinic region:oromia zone:West Shewa  ZHD,confirmed
1032173,oromia2 primary clinic,oromia,wtta3RxMvVF,oromiya primary clinic,oromia,0.804109513759613,oromia2 primary clinic woreda:Digeluna Tijo region:oromia zone:Arsi zone,oromiya primary clinic region:oromia zone:Arsi ZHD,confirmed
1032173,oromia2 primary clinic,oromia,HfmbLGoivtv,oromiyaa primary clinic,oromia,0.8006342649459839,oromia2 primary clinic woreda:Digeluna Tijo region:oromia zone:Arsi zone,oromiyaa primary clinic region:oromia zone:Arsi ZHD,confirmed
1032173,oromia2 primary clinic,oromia,c8wDhldpvrI,oromia primary clinic,oromia,0.8052273988723755,oromia2 primary clinic woreda:Digeluna Tijo region:oromia zone:Arsi zone,oromia primary clinic region:oromia zone:Arsi ZHD,confirmed
1032179,abdi feya primary clinic,oromia,ACZBpOi0ti5,abdi booru primary clinic,oromia,0.8232380747795105,abdi feya primary clinic woreda:Gemechis region:oromia zone:West Hararge Zone,abdi booru primary clinic region:oromia zone:East Hararge ZHD,confirmed
1032179,abdi feya primary clinic,oromia,le985Djz8ZH,abdi boru lower primary clinic,oromia,0.8168415427207947,abdi feya primary clinic woreda:Gemechis region:oromia zone:West Hararge Zone,abdi boru lower primary clinic region:oromia zone:West Hararge ZHD,confirmed
1032179,abdi feya primary clinic,oromia,Ho9XnZwjZMT,abdi primary clinic,oromia,0.8109558820724487,abdi feya primary clinic woreda:Gemechis region:oromia zone:West Hararge Zone,abdi primary clinic region:oromia zone:West Wellega  ZHD,confirmed
1032188,afran kelo primary clinic,oromia,kVGuUSdyL2m,afreneqalo primary clinic,oromia,0.8280124068260193,afran kelo primary clinic woreda:Gemechis region:oromia zone:West Hararge Zone,afreneqalo primary clinic region:oromia zone:East Hararge ZHD,confirmed
1032188,afran kelo primary clinic,oromia,ON8ESoZ2PK9,afran qalloo primary clinic,oromia,0.8211149573326111,afran kelo primary clinic woreda:Gemechis region:oromia zone:West Hararge Zone,afran qalloo primary clinic region:oromia zone:East Hararge ZHD,confirmed
1032199,afiya primary clinic,oromia,rMQDekWN8X0,afiya primary clinic,oromia,0.8130213022232056,afiya primary clinic woreda:Gemechis region:oromia zone:West Hararge Zone,afiya primary clinic region:oromia zone:Bale ZHD,confirmed
1032199,afiya primary clinic,oromia,yusNIrcgnee,afiya primary clinic,oromia,0.8121196031570435,afiya primary clinic woreda:Gemechis region:oromia zone:West Hararge Zone,afiya primary clinic region:oromia zone:Ilu Aba Bora ZHD,confirmed
1032199,afiya primary clinic,oromia,GQyE7pROWRH,afiya primary clinic,oromia,0.8071660399436951,afiya primary clinic woreda:Gemechis region:oromia zone:West Hararge Zone,afiya primary clinic region:oromia zone:Jimma ZHD,confirmed
1032221,tokkuma primary clinic,oromia,Zq32UYRgNIj,tokkuma primary clinic,oromia,0.8239881992340088,tokkuma primary clinic woreda:Kercha region:oromia zone:West Guji Zone,tokkuma primary clinic region:oromia zone:Arsi ZHD,confirmed
1032221,tokkuma primary clinic,oromia,QBVRQIBzWtZ,tokkuma primary clinic,oromia,0.8246397376060486,tokkuma primary clinic woreda:Kercha region:oromia zone:West Guji Zone,tokkuma primary clinic region:oromia zone:Bale ZHD,confirmed
1032222,geda medium clinic,oromia,l6BLQgAyuc9,geda medium clinic,oromia,0.8720202445983887,geda medium clinic woreda:Digeluna Tijo region:oromia zone:Arsi zone,geda medium clinic region:oromia zone:Arsi ZHD,confirmed
1032240,afiya primary clinic,oromia,rMQDekWN8X0,afiya primary clinic,oromia,0.8007305264472961,afiya primary clinic woreda:Guba Qoricha region:oromia zone:West Hararge Zone,afiya primary clinic region:oromia zone:Bale ZHD,confirmed
1032240,afiya primary clinic,oromia,yusNIrcgnee,afiya primary clinic,oromia,0.8070327043533325,afiya primary clinic woreda:Guba Qoricha region:oromia zone:West Hararge Zone,afiya primary clinic region:oromia zone:Ilu Aba Bora ZHD,confirmed
1032256,amanuel pharmacy,oromia,WW20quZa78N,amanuel 2nd primary clinic,oromia,0.801933228969574,amanuel pharmacy woreda:Bule Hora Town region:oromia zone:Bule Hora Town,amanuel 2nd primary clinic region:oromia zone:West Wellega  ZHD,confirmed
1032256,amanuel pharmacy,oromia,XjdmFRNWzXY,amanuel primary clinic,oromia,0.8010733723640442,amanuel pharmacy woreda:Bule Hora Town region:oromia zone:Bule Hora Town,amanuel primary clinic region:oromia zone:West Wellega  ZHD,confirmed
1032256,amanuel pharmacy,oromia,iuTxgo2YEAL,amanuel primary clinic,oromia,0.8010733723640442,amanuel pharmacy woreda:Bule Hora Town region:oromia zone:Bule Hora Town,amanuel primary clinic region:oromia zone:West Wellega  ZHD,confirmed
1032267,harme primary clinic,oromia,vIIK1QsU5Gb,harme primary clinic,oromia,0.8018118739128113,harme primary clinic woreda:Habro region:oromia zone:West Hararge Zone,harme primary clinic region:oromia zone:Arsi ZHD,confirmed
1032267,harme primary clinic,oromia,sIHLVW5KkXC,harme primary clinic,oromia,0.8018118739128113,harme primary clinic woreda:Habro region:oromia zone:West Hararge Zone,harme primary clinic region:oromia zone:Arsi ZHD,confirmed
1032281,nafyad primary clinic,oromia,kYSKA3Mk8NQ,nafyad primary clinic,oromia,0.8169009685516357,nafyad primary clinic woreda:Kercha region:oromia zone:West Guji Zone,nafyad primary clinic region:oromia zone:Arsi ZHD,confirmed
1032285,oda primary clinic,oromia,Nl4zqTmPh3G,oda primary clinic,oromia,0.806496798992157,oda primary clinic woreda:Habro region:oromia zone:West Hararge Zone,oda primary clinic region:oromia zone:Robe Town ZHD,confirmed
1032323,iman primary clinic,oromia,IEaUfytPVSK,iman primary clinic,oromia,0.856109082698822,iman primary clinic woreda:Hawi Gudina region:oromia zone:West Hararge Zone,iman primary clinic region:oromia zone:East Hararge ZHD,confirmed
1032406,rohobot primary clinic,oromia,zVnmjXLz7Ye,rohobot primary clinic,oromia,0.8040681481361389,rohobot primary clinic woreda:Hawi Gudina region:oromia zone:West Hararge Zone,rohobot primary clinic region:oromia zone:Bale ZHD,confirmed
1032406,rohobot primary clinic,oromia,aNDEcVX9IEt,rohobot primary clinic,oromia,0.8037211894989014,rohobot primary clinic woreda:Hawi Gudina region:oromia zone:West Hararge Zone,rohobot primary clinic region:oromia zone:Borena ZHD,confirmed
1032406,rohobot primary clinic,oromia,iOZQ8LETGd6,rohoboti primary,oromia,0.8070187568664551,rohobot primary clinic woreda:Hawi Gudina region:oromia zone:West Hararge Zone,rohoboti primary region:oromia zone:West Guji ZHD,confirmed
1032406,rohobot primary clinic,oromia,krnzYQLn19w,rehobot primary clinic,oromia,0.8312004804611206,rohobot primary clinic woreda:Hawi Gudina region:oromia zone:West Hararge Zone,rehobot primary clinic region:oromia zone:West Guji ZHD,confirmed
1032406,rohobot primary clinic,oromia,GK3vrDbfbB7,rohobot primary clinic,oromia,0.8492876291275024,rohobot primary clinic woreda:Hawi Gudina region:oromia zone:West Hararge Zone,rohobot primary clinic region:oromia zone:West Wellega  ZHD,confirmed
1032433,hawi primary clinic,oromia,l5t6HZnPN2L,hawi primary clinic,oromia,0.8043794631958008,hawi primary clinic woreda:Mieso Woreda region:oromia zone:West Hararge Zone,hawi primary clinic region:oromia zone:Bale ZHD,confirmed
1032444,afran kalo primary clinic,oromia,kVGuUSdyL2m,afreneqalo primary clinic,oromia,0.8060844540596008,afran kalo primary clinic woreda:Mesela region:oromia zone:West Hararge Zone,afreneqalo primary clinic region:oromia zone:East Hararge ZHD,confirmed
1032444,afran kalo primary clinic,oromia,ON8ESoZ2PK9,afran qalloo primary clinic,oromia,0.8123020529747009,afran kalo primary clinic woreda:Mesela region:oromia zone:West Hararge Zone,afran qalloo primary clinic region:oromia zone:East Hararge ZHD,confirmed
1032449,iman primary clinic,oromia,IEaUfytPVSK,iman primary clinic,oromia,0.8435035943984985,iman primary clinic woreda:Mieso Woreda region:oromia zone:West Hararge Zone,iman primary clinic region:oromia zone:East Hararge ZHD,confirmed
1032460,bishoftu dental medium clinic,oromia,COBKIim1hMN,bishoftu medium clinic,oromia,0.825061559677124,bishoftu dental medium clinic woreda:Dibayu Woreda region:oromia zone:Bishoftu Town,bishoftu medium clinic region:oromia zone:Bishoftu Town ZHD,confirmed
1032488,afiya primary clinic,oromia,rMQDekWN8X0,afiya primary clinic,oromia,0.8056881427764893,afiya primary clinic woreda:Mieso Woreda region:oromia zone:West Hararge Zone,afiya primary clinic region:oromia zone:Bale ZHD,confirmed
1032488,afiya primary clinic,oromia,yusNIrcgnee,afiya primary clinic,oromia,0.8059313297271729,afiya primary clinic woreda:Mieso Woreda region:oromia zone:West Hararge Zone,afiya primary clinic region:oromia zone:Ilu Aba Bora ZHD,confirmed
1032488,afiya primary clinic,oromia,GQyE7pROWRH,afiya primary clinic,oromia,0.8002844452857971,afiya primary clinic woreda:Mieso Woreda region:oromia zone:West Hararge Zone,afiya primary clinic region:oromia zone:Jimma ZHD,confirmed
1032493,hunde primary clinic,oromia,sO8NxoifgqM,hunde primary clinic,oromia,0.825576663017273,hunde primary clinic woreda:Gelan Guda Sub-City region:oromia zone:Sheger City,hunde primary clinic region:oromia zone:SHEGER CITY Health Office,confirmed
1032511,hiwot primary clinic,oromia,ZX5HJ0HlBZK,hiwot primary clinic,oromia,0.833973228931427,hiwot primary clinic woreda:Haruf SubCity region:oromia zone:Shashemene Town,hiwot primary clinic region:oromia zone:Shashemene Town ZHD,confirmed
1032540,oda bultum primary clinic,oromia,bh5DAjUg8dl,oda bultum health post,oromia,0.817324697971344,oda bultum primary clinic woreda:Oda Bultum region:oromia zone:West Hararge Zone,oda bultum health post region:oromia zone:West Hararge ZHD,confirmed
1032551,abdi feya primary clinic,oromia,ACZBpOi0ti5,abdi booru primary clinic,oromia,0.8241936564445496,abdi feya primary clinic woreda:Oda Bultum region:oromia zone:West Hararge Zone,abdi booru primary clinic region:oromia zone:East Hararge ZHD,confirmed
1032551,abdi feya primary clinic,oromia,le985Djz8ZH,abdi boru lower primary clinic,oromia,0.8082488775253296,abdi feya primary clinic woreda:Oda Bultum region:oromia zone:West Hararge Zone,abdi boru lower primary clinic region:oromia zone:West Hararge ZHD,confirmed
1032562,abdi gudina primary clinic,oromia,dhuvRHPujds,abdi saba primary clinic,oromia,0.8055118322372437,abdi gudina primary clinic woreda:Kercha region:oromia zone:West Guji Zone,abdi saba primary clinic region:oromia zone:Kelem Wellega  ZHD,confirmed
1032562,abdi gudina primary clinic,oromia,bs1iGLkS0lN,abdi jirenya primary clinic,oromia,0.8541771173477173,abdi gudina primary clinic woreda:Kercha region:oromia zone:West Guji Zone,abdi jirenya primary clinic region:oromia zone:West Guji ZHD,confirmed
1032562,abdi gudina primary clinic,oromia,IXO7iErbmfF,abdisa primary clinic,oromia,0.8486394882202148,abdi gudina primary clinic woreda:Kercha region:oromia zone:West Guji Zone,abdisa primary clinic region:oromia zone:West Guji ZHD,confirmed
1032570,afiya primary clinic,oromia,rMQDekWN8X0,afiya primary clinic,oromia,0.8042349815368652,afiya primary clinic woreda:Oda Bultum region:oromia zone:West Hararge Zone,afiya primary clinic region:oromia zone:Bale ZHD,confirmed
1032570,afiya primary clinic,oromia,yusNIrcgnee,afiya primary clinic,oromia,0.8081749081611633,afiya primary clinic woreda:Oda Bultum region:oromia zone:West Hararge Zone,afiya primary clinic region:oromia zone:Ilu Aba Bora ZHD,confirmed
1032578,chefe primary clinic,oromia,P0kt2BO1xqv,chefe primary clinic,oromia,0.8445165753364563,chefe primary clinic woreda:Tulo region:oromia zone:West Hararge Zone,chefe primary clinic region:oromia zone:East Hararge ZHD,confirmed
1032578,chefe primary clinic,oromia,PCKbHM4qS8V,chefe primary clinic,oromia,0.8197078108787537,chefe primary clinic woreda:Tulo region:oromia zone:West Hararge Zone,chefe primary clinic region:oromia zone:East Shewa  ZHD,confirmed
1032615,boru primary clinic,oromia,kbv7sqOrHL5,boru medium clinic,oromia,0.8145660161972046,boru primary clinic woreda:Dera Town region:oromia zone:Arsi zone,boru medium clinic region:oromia zone:Arsi ZHD,confirmed
1032615,boru primary clinic,oromia,F8EX0YPiJE5,boru primary clinic,oromia,0.8549426198005676,boru primary clinic woreda:Dera Town region:oromia zone:Arsi zone,boru primary clinic region:oromia zone:Arsi ZHD,confirmed
1032705,amanu'el primary clinic,oromia,L6jeD5QdYRJ,amanuel primary clinic,oromia,0.8139570355415344,amanu'el primary clinic woreda:Arero Woreda region:oromia zone:East Borena Zone,amanuel primary clinic region:oromia zone:East Wellega ZHD,confirmed
1032721,bedesa drug store,oromia,ulo2s9Bkwl3,bedesa health post,oromia,0.8095382452011108,bedesa drug store woreda:Bedesa region:oromia zone:West Hararge Zone,bedesa health post region:oromia zone:West Arsi ZHD,confirmed
1032721,bedesa drug store,oromia,J3hq3aEOIFy,bedesa 02 health post,oromia,0.8092589378356934,bedesa drug store woreda:Bedesa region:oromia zone:West Hararge Zone,bedesa 02 health post region:oromia zone:West Hararge ZHD,confirmed
1032730,selam primary clinic,oromia,RNIwrbsjXnX,selam primary clinic,oromia,0.8013336658477783,selam primary clinic woreda:Kercha Town region:oromia zone:West Guji Zone,selam primary clinic region:oromia zone:Arsi ZHD,confirmed
1032730,selam primary clinic,oromia,yxgRJUE38OV,selam primary clinic,oromia,0.8152186870574951,selam primary clinic woreda:Kercha Town region:oromia zone:West Guji Zone,selam primary clinic region:oromia zone:Mojo Town ZHD,confirmed
1032730,selam primary clinic,oromia,zXOWAROV3xI,selam primary clinic,oromia,0.8117714524269104,selam primary clinic woreda:Kercha Town region:oromia zone:West Guji Zone,selam primary clinic region:oromia zone:North Shewa  ZHD,confirmed
1032748,fayan primary clinic,oromia,Xs5JdJqXlaN,fayuma primary clinic,oromia,0.8447644710540771,fayan primary clinic woreda:Deksis region:oromia zone:Arsi zone,fayuma primary clinic region:oromia zone:Arsi ZHD,confirmed
1032866,dr asheber surafel maternal and child health specialty clinic,oromia,GvknwlbTwSU,d r asheber surafel maternal and child health specialty center speciality clinic,oromia,0.8668896555900574,dr asheber surafel maternal and child health specialty clinic woreda:Asella Town region:oromia zone:Asela Town,d r asheber surafel maternal and child health specialty center speciality clinic region:oromia zone:Asalla town ZHD,confirmed
1032907,oda primary clinic,oromia,emcl46xa4pL,oda primary clinc,oromia,0.8022904396057129,oda primary clinic woreda:Guna region:oromia zone:Arsi zone,oda primary clinc region:oromia zone:Arsi ZHD,confirmed
1032907,oda primary clinic,oromia,Nl4zqTmPh3G,oda primary clinic,oromia,0.8012921214103699,oda primary clinic woreda:Guna region:oromia zone:Arsi zone,oda primary clinic region:oromia zone:Robe Town ZHD,confirmed
1032935,hawi primary clinic,oromia,l5t6HZnPN2L,hawi primary clinic,oromia,0.8030320405960083,hawi primary clinic woreda:Nonoo region:oromia zone:West Shewa Zone,hawi primary clinic region:oromia zone:Bale ZHD,confirmed
1032939,modjo red cross pharmacy,oromia,lTZi8B3InEm,modjo zait primary clinic,oromia,0.8023191094398499,modjo red cross pharmacy woreda:Mojo Town region:oromia zone:Modjo Town,modjo zait primary clinic region:oromia zone:Mojo Town ZHD,confirmed
1032967,afran qallo primary clinic,oromia,ON8ESoZ2PK9,afran qalloo primary clinic,oromia,0.8776407837867737,afran qallo primary clinic woreda:Fedis region:oromia zone:East Hararge Zone,afran qalloo primary clinic region:oromia zone:East Hararge ZHD,confirmed
1032992,koket medium clinic,oromia,wXFEP42d3Wh,koket medium clinic,oromia,0.843647301197052,koket medium clinic woreda:Hurta Town region:oromia zone:Arsi zone,koket medium clinic region:oromia zone:Arsi ZHD,confirmed
1033017,hiwot bar primary clinic,oromia,rprHiwektDY,hiwot primary clinic,oromia,0.8234506845474243,hiwot bar primary clinic woreda:Hurta Town region:oromia zone:Arsi zone,hiwot primary clinic region:oromia zone:Arsi ZHD,confirmed
1033017,hiwot bar primary clinic,oromia,ZX5HJ0HlBZK,hiwot primary clinic,oromia,0.8017266392707825,hiwot bar primary clinic woreda:Hurta Town region:oromia zone:Arsi zone,hiwot primary clinic region:oromia zone:Shashemene Town ZHD,confirmed
1033023,global primary clinic,oromia,nIDhBPIO7f8,global primary clinic,oromia,0.857261061668396,global primary clinic woreda:Mojo Town region:oromia zone:Modjo Town,global primary clinic region:oromia zone:Mojo Town ZHD,confirmed
1033059,elshaday primary clinic,oromia,Khg2MizutqA,elshaday clinic,oromia,0.8001229166984558,elshaday primary clinic woreda:Uraga region:oromia zone:Guji Zone,elshaday clinic region:oromia zone:East Hararge ZHD,confirmed
1033059,elshaday primary clinic,oromia,Iooluo6ORYT,elshaday primary clinic,oromia,0.8385580778121948,elshaday primary clinic woreda:Uraga region:oromia zone:Guji Zone,elshaday primary clinic region:oromia zone:Ilu Aba Bora ZHD,confirmed
1033109,amanuel pharmacy,oromia,L6jeD5QdYRJ,amanuel primary clinic,oromia,0.8129004836082458,amanuel pharmacy woreda:Batu Town region:oromia zone:Batu Town,amanuel primary clinic region:oromia zone:East Wellega ZHD,confirmed
1033109,amanuel pharmacy,oromia,aJTxIFdtPuo,amanuel primary clinic,oromia,0.8061483502388,amanuel pharmacy woreda:Batu Town region:oromia zone:Batu Town,amanuel primary clinic region:oromia zone:Guji ZHD,confirmed
1033109,amanuel pharmacy,oromia,WW20quZa78N,amanuel 2nd primary clinic,oromia,0.8098787069320679,amanuel pharmacy woreda:Batu Town region:oromia zone:Batu Town,amanuel 2nd primary clinic region:oromia zone:West Wellega  ZHD,confirmed
1033109,amanuel pharmacy,oromia,XjdmFRNWzXY,amanuel primary clinic,oromia,0.8145125508308411,amanuel pharmacy woreda:Batu Town region:oromia zone:Batu Town,amanuel primary clinic region:oromia zone:West Wellega  ZHD,confirmed
1033109,amanuel pharmacy,oromia,iuTxgo2YEAL,amanuel primary clinic,oromia,0.8145125508308411,amanuel pharmacy woreda:Batu Town region:oromia zone:Batu Town,amanuel primary clinic region:oromia zone:West Wellega  ZHD,confirmed
1033147,abdi boru primary clinic,oromia,riN0WkhaVoM,abdi boru primary clinic,oromia,0.81648850440979,abdi boru primary clinic woreda:Kercha region:oromia zone:West Guji Zone,abdi boru primary clinic region:oromia zone:Arsi ZHD,confirmed
1033147,abdi boru primary clinic,oromia,Zkt42xCRafL,abdi boru primary clinic,oromia,0.81648850440979,abdi boru primary clinic woreda:Kercha region:oromia zone:West Guji Zone,abdi boru primary clinic region:oromia zone:Arsi ZHD,confirmed
1033147,abdi boru primary clinic,oromia,XvDyvVlXfVL,abdi boru primary clinic,oromia,0.81648850440979,abdi boru primary clinic woreda:Kercha region:oromia zone:West Guji Zone,abdi boru primary clinic region:oromia zone:Arsi ZHD,confirmed
1033147,abdi boru primary clinic,oromia,lEXvArQdOeK,abdi boru primary clinic,oromia,0.8366647362709045,abdi boru primary clinic woreda:Kercha region:oromia zone:West Guji Zone,abdi boru primary clinic region:oromia zone:East Hararge ZHD,confirmed
1033147,abdi boru primary clinic,oromia,ACZBpOi0ti5,abdi booru primary clinic,oromia,0.827515721321106,abdi boru primary clinic woreda:Kercha region:oromia zone:West Guji Zone,abdi booru primary clinic region:oromia zone:East Hararge ZHD,confirmed
1033147,abdi boru primary clinic,oromia,zG8PEJvi3fg,abdi bori primary clinic,oromia,0.8182308077812195,abdi boru primary clinic woreda:Kercha region:oromia zone:West Guji Zone,abdi bori primary clinic region:oromia zone:Kelem Wellega  ZHD,confirmed
1033147,abdi boru primary clinic,oromia,EB69dEH4GH9,abdii boruu primary,oromia,0.8140100836753845,abdi boru primary clinic woreda:Kercha region:oromia zone:West Guji Zone,abdii boruu primary region:oromia zone:West Guji ZHD,confirmed
1033147,abdi boru primary clinic,oromia,ZFlIQ7uMFXi,abdii boruu primary,oromia,0.8140100836753845,abdi boru primary clinic woreda:Kercha region:oromia zone:West Guji Zone,abdii boruu primary region:oromia zone:West Guji ZHD,confirmed
1033147,abdi boru primary clinic,oromia,le985Djz8ZH,abdi boru lower primary clinic,oromia,0.8527357578277588,abdi boru primary clinic woreda:Kercha region:oromia zone:West Guji Zone,abdi boru lower primary clinic region:oromia zone:West Hararge ZHD,confirmed
1033147,abdi boru primary clinic,oromia,f9dRHxYDzjk,abdi bori primary clinic,oromia,0.8365752696990967,abdi boru primary clinic woreda:Kercha region:oromia zone:West Guji Zone,abdi bori primary clinic region:oromia zone:West Wellega  ZHD,confirmed
1033147,abdi boru primary clinic,oromia,Ho9XnZwjZMT,abdi primary clinic,oromia,0.8068033456802368,abdi boru primary clinic woreda:Kercha region:oromia zone:West Guji Zone,abdi primary clinic region:oromia zone:West Wellega  ZHD,confirmed
1033168,shek bekri saphalo drug store,oromia,dostFjXjTMK,shek bekri saphalo primary clinic,oromia,0.832278847694397,shek bekri saphalo drug store woreda:Girawa region:oromia zone:East Hararge Zone,shek bekri saphalo primary clinic region:oromia zone:East Hararge ZHD,confirmed
1033249,tokuma primary clinic,oromia,Qdb5UmujBJG,tokuma primary clinic,oromia,0.8271777629852295,tokuma primary clinic woreda:Saba Boru region:oromia zone:Guji Zone,tokuma primary clinic region:oromia zone:Arsi ZHD,confirmed
1033342,afiya primary clinic,oromia,rMQDekWN8X0,afiya primary clinic,oromia,0.802035927772522,afiya primary clinic woreda:Limuna Bilbilo region:oromia zone:Arsi zone,afiya primary clinic region:oromia zone:Bale ZHD,confirmed
1033342,afiya primary clinic,oromia,yusNIrcgnee,afiya primary clinic,oromia,0.8039541244506836,afiya primary clinic woreda:Limuna Bilbilo region:oromia zone:Arsi zone,afiya primary clinic region:oromia zone:Ilu Aba Bora ZHD,confirmed
1033385,oda primary clinic,oromia,Nl4zqTmPh3G,oda primary clinic,oromia,0.8138700127601624,oda primary clinic woreda:Gola Oda region:oromia zone:East Hararge Zone,oda primary clinic region:oromia zone:Robe Town ZHD,confirmed
1033574,melaku primary clinic,oromia,bplWIaYD3kA,melaku benti primary clinic,oromia,0.8149768114089966,melaku primary clinic woreda:Birbirsa Kojowa region:oromia zone:West Guji Zone,melaku benti primary clinic region:oromia zone:West Wellega  ZHD,confirmed
1033577,milki primary clinic,oromia,QRAEzmxT3gd,milki primary clinic,oromia,0.8160234093666077,milki primary clinic woreda:Birbirsa Kojowa region:oromia zone:West Guji Zone,milki primary clinic region:oromia zone:West Arsi ZHD,confirmed
1033723,tulu bolo pharmacy,oromia,sunGopjQoXV,tulu bolo 02 health post,oromia,0.8144691586494446,tulu bolo pharmacy woreda:Becho region:oromia zone:South West Shewa,tulu bolo 02 health post region:oromia zone:South West Shewa  ZHD,confirmed
1033723,tulu bolo pharmacy,oromia,hUthEx42iW8,tulu bolo phcu,oromia,0.811047375202179,tulu bolo pharmacy woreda:Becho region:oromia zone:South West Shewa,tulu bolo phcu region:oromia zone:South West Shewa  ZHD,confirmed
1033782,selam primiry clinic,oromia,yxgRJUE38OV,selam primary clinic,oromia,0.8068274855613708,selam primiry clinic woreda:Mojo Town region:oromia zone:Modjo Town,selam primary clinic region:oromia zone:Mojo Town ZHD,confirmed
1034135,abdi boru primary clinic,oromia,riN0WkhaVoM,abdi boru primary clinic,oromia,0.8626654744148254,abdi boru primary clinic woreda:Munesa region:oromia zone:Arsi zone,abdi boru primary clinic region:oromia zone:Arsi ZHD,confirmed
1034135,abdi boru primary clinic,oromia,Zkt42xCRafL,abdi boru primary clinic,oromia,0.8626654744148254,abdi boru primary clinic woreda:Munesa region:oromia zone:Arsi zone,abdi boru primary clinic region:oromia zone:Arsi ZHD,confirmed
1034135,abdi boru primary clinic,oromia,XvDyvVlXfVL,abdi boru primary clinic,oromia,0.8626654744148254,abdi boru primary clinic woreda:Munesa region:oromia zone:Arsi zone,abdi boru primary clinic region:oromia zone:Arsi ZHD,confirmed
1034135,abdi boru primary clinic,oromia,lEXvArQdOeK,abdi boru primary clinic,oromia,0.8266019821166992,abdi boru primary clinic woreda:Munesa region:oromia zone:Arsi zone,abdi boru primary clinic region:oromia zone:East Hararge ZHD,confirmed
1034135,abdi boru primary clinic,oromia,ACZBpOi0ti5,abdi booru primary clinic,oromia,0.8144407868385315,abdi boru primary clinic woreda:Munesa region:oromia zone:Arsi zone,abdi booru primary clinic region:oromia zone:East Hararge ZHD,confirmed
1034135,abdi boru primary clinic,oromia,zG8PEJvi3fg,abdi bori primary clinic,oromia,0.8050585985183716,abdi boru primary clinic woreda:Munesa region:oromia zone:Arsi zone,abdi bori primary clinic region:oromia zone:Kelem Wellega  ZHD,confirmed
1034135,abdi boru primary clinic,oromia,le985Djz8ZH,abdi boru lower primary clinic,oromia,0.8174830079078674,abdi boru primary clinic woreda:Munesa region:oromia zone:Arsi zone,abdi boru lower primary clinic region:oromia zone:West Hararge ZHD,confirmed
1034135,abdi boru primary clinic,oromia,f9dRHxYDzjk,abdi bori primary clinic,oromia,0.8108913898468018,abdi boru primary clinic woreda:Munesa region:oromia zone:Arsi zone,abdi bori primary clinic region:oromia zone:West Wellega  ZHD,confirmed
1034157,adonies pharmacy,dire dawa,nWDsPj16Nuc,adoniyas medium clinic,dire dawa,0.9300432801246643,adonies pharmacy region:dire dawa zone:Dire Dawa Operational,adoniyas medium clinic region:dire dawa zone:Dire Dawa Operational  WorHO,confirmed
1034173,abdi primary clinic,oromia,riN0WkhaVoM,abdi boru primary clinic,oromia,0.8352234363555908,abdi primary clinic woreda:Sude region:oromia zone:Arsi zone,abdi boru primary clinic region:oromia zone:Arsi ZHD,confirmed
1034173,abdi primary clinic,oromia,Zkt42xCRafL,abdi boru primary clinic,oromia,0.8352234363555908,abdi primary clinic woreda:Sude region:oromia zone:Arsi zone,abdi boru primary clinic region:oromia zone:Arsi ZHD,confirmed
1034173,abdi primary clinic,oromia,XvDyvVlXfVL,abdi boru primary clinic,oromia,0.8352234363555908,abdi primary clinic woreda:Sude region:oromia zone:Arsi zone,abdi boru primary clinic region:oromia zone:Arsi ZHD,confirmed
1034173,abdi primary clinic,oromia,L1ds0TgUQdK,abdi primary clinic,oromia,0.8093339204788208,abdi primary clinic woreda:Sude region:oromia zone:Arsi zone,abdi primary clinic region:oromia zone:East Wellega ZHD,confirmed
1034173,abdi primary clinic,oromia,XaQLCteqvtW,abdii primary clinic,oromia,0.8068941235542297,abdi primary clinic woreda:Sude region:oromia zone:Arsi zone,abdii primary clinic region:oromia zone:East Wellega ZHD,confirmed
1034173,abdi primary clinic,oromia,S2G6N2YqwqC,abdi primary clinic,oromia,0.8061079978942871,abdi primary clinic woreda:Sude region:oromia zone:Arsi zone,abdi primary clinic region:oromia zone:North Shewa  ZHD,confirmed
1034173,abdi primary clinic,oromia,Ho9XnZwjZMT,abdi primary clinic,oromia,0.8096322417259216,abdi primary clinic woreda:Sude region:oromia zone:Arsi zone,abdi primary clinic region:oromia zone:West Wellega  ZHD,confirmed
1034226,tokuma medium clinic,oromia,fu1DuUpz766,tokkumaa medium clinic,oromia,0.8046765923500061,tokuma medium clinic woreda:Merti region:oromia zone:Arsi zone,tokkumaa medium clinic region:oromia zone:Arsi ZHD,confirmed
1034226,tokuma medium clinic,oromia,Qdb5UmujBJG,tokuma primary clinic,oromia,0.8076619505882263,tokuma medium clinic woreda:Merti region:oromia zone:Arsi zone,tokuma primary clinic region:oromia zone:Arsi ZHD,confirmed
1034319,harme primary clinic,oromia,vIIK1QsU5Gb,harme primary clinic,oromia,0.8011789917945862,harme primary clinic woreda:Dello Menna region:oromia zone:Bale Zone,harme primary clinic region:oromia zone:Arsi ZHD,confirmed
1034319,harme primary clinic,oromia,sIHLVW5KkXC,harme primary clinic,oromia,0.8011789917945862,harme primary clinic woreda:Dello Menna region:oromia zone:Bale Zone,harme primary clinic region:oromia zone:Arsi ZHD,confirmed
1034358,abdi boru primary clinic,oromia,riN0WkhaVoM,abdi boru primary clinic,oromia,0.8314964175224304,abdi boru primary clinic woreda:Dinsho region:oromia zone:Bale Zone,abdi boru primary clinic region:oromia zone:Arsi ZHD,confirmed
1034358,abdi boru primary clinic,oromia,Zkt42xCRafL,abdi boru primary clinic,oromia,0.8314964175224304,abdi boru primary clinic woreda:Dinsho region:oromia zone:Bale Zone,abdi boru primary clinic region:oromia zone:Arsi ZHD,confirmed
1034358,abdi boru primary clinic,oromia,XvDyvVlXfVL,abdi boru primary clinic,oromia,0.8314964175224304,abdi boru primary clinic woreda:Dinsho region:oromia zone:Bale Zone,abdi boru primary clinic region:oromia zone:Arsi ZHD,confirmed
1034358,abdi boru primary clinic,oromia,lEXvArQdOeK,abdi boru primary clinic,oromia,0.837455689907074,abdi boru primary clinic woreda:Dinsho region:oromia zone:Bale Zone,abdi boru primary clinic region:oromia zone:East Hararge ZHD,confirmed
1034358,abdi boru primary clinic,oromia,ACZBpOi0ti5,abdi booru primary clinic,oromia,0.8229831457138062,abdi boru primary clinic woreda:Dinsho region:oromia zone:Bale Zone,abdi booru primary clinic region:oromia zone:East Hararge ZHD,confirmed
1034358,abdi boru primary clinic,oromia,zG8PEJvi3fg,abdi bori primary clinic,oromia,0.8155602216720581,abdi boru primary clinic woreda:Dinsho region:oromia zone:Bale Zone,abdi bori primary clinic region:oromia zone:Kelem Wellega  ZHD,confirmed
1034358,abdi boru primary clinic,oromia,le985Djz8ZH,abdi boru lower primary clinic,oromia,0.8289557695388794,abdi boru primary clinic woreda:Dinsho region:oromia zone:Bale Zone,abdi boru lower primary clinic region:oromia zone:West Hararge ZHD,confirmed
1034358,abdi boru primary clinic,oromia,f9dRHxYDzjk,abdi bori primary clinic,oromia,0.8250901103019714,abdi boru primary clinic woreda:Dinsho region:oromia zone:Bale Zone,abdi bori primary clinic region:oromia zone:West Wellega  ZHD,confirmed
1034418,afiya primary clinic,oromia,rMQDekWN8X0,afiya primary clinic,oromia,0.8041790127754211,afiya primary clinic woreda:Rayitu Woreda region:oromia zone:East Bale Zone,afiya primary clinic region:oromia zone:Bale ZHD,confirmed
1034519,zubeyda drug store,oromia,h9Ha0VS1raV,zubeyda primary clinic,oromia,0.8000008463859558,zubeyda drug store woreda:Kombolcha region:oromia zone:East Hararge Zone,zubeyda primary clinic region:oromia zone:East Hararge ZHD,confirmed
1034749,oromia medium clinic,oromia,kgIC1qSLbOp,oromia medium clinic,oromia,0.8387631177902222,oromia medium clinic woreda:Sire region:oromia zone:Arsi zone,oromia medium clinic region:oromia zone:West Arsi ZHD,confirmed
1034788,sif primary clinic,oromia,geGxO5PQUw9,siif primary clinic,oromia,0.8171716332435608,sif primary clinic woreda:Sude region:oromia zone:Arsi zone,siif primary clinic region:oromia zone:Arsi ZHD,confirmed
1034891,biftu medium clinic,oromia,X3HoN7ebMSs,biftu lalu primary clinic,oromia,0.8061456084251404,biftu medium clinic woreda:Bedeno region:oromia zone:East Hararge Zone,biftu lalu primary clinic region:oromia zone:East Hararge ZHD,confirmed
1034891,biftu medium clinic,oromia,fsa4TuTeAAD,biftu medium clinic,oromia,0.8200023174285889,biftu medium clinic woreda:Bedeno region:oromia zone:East Hararge Zone,biftu medium clinic region:oromia zone:West Arsi ZHD,confirmed
1034995,abdisa primary clinic,oromia,jlNAlGR2KEI,abdisa medium clinic,oromia,0.8204098343849182,abdisa primary clinic woreda:Robe region:oromia zone:Arsi zone,abdisa medium clinic region:oromia zone:Arsi ZHD,confirmed
1034995,abdisa primary clinic,oromia,Wt14How5BL5,abdii isaa primary clinic,oromia,0.843643844127655,abdisa primary clinic woreda:Robe region:oromia zone:Arsi zone,abdii isaa primary clinic region:oromia zone:Arsi ZHD,confirmed
1034995,abdisa primary clinic,oromia,OU242jcDyK7,abdisa primary,oromia,0.8072084784507751,abdisa primary clinic woreda:Robe region:oromia zone:Arsi zone,abdisa primary region:oromia zone:Arsi ZHD,confirmed
1034995,abdisa primary clinic,oromia,OxUsCkouf8Q,abdisa junior primary clinic,oromia,0.8057340383529663,abdisa primary clinic woreda:Robe region:oromia zone:Arsi zone,abdisa junior primary clinic region:oromia zone:East Hararge ZHD,confirmed
1034995,abdisa primary clinic,oromia,IXO7iErbmfF,abdisa primary clinic,oromia,0.8125333786010742,abdisa primary clinic woreda:Robe region:oromia zone:Arsi zone,abdisa primary clinic region:oromia zone:West Guji ZHD,confirmed
1035024,gada primary clinic,oromia,Q5x28N4MUlH,geda primary clinic,oromia,0.8232871890068054,gada primary clinic woreda:Sinana region:oromia zone:Bale Zone,geda primary clinic region:oromia zone:Bale ZHD,confirmed
1035024,gada primary clinic,oromia,fA7KSBsoHUt,gada primary clinic,oromia,0.8358362317085266,gada primary clinic woreda:Sinana region:oromia zone:Bale Zone,gada primary clinic region:oromia zone:Borena ZHD,confirmed
1035024,gada primary clinic,oromia,VkSI48vo3EZ,gada primary clinic,oromia,0.8233878016471863,gada primary clinic woreda:Sinana region:oromia zone:Bale Zone,gada primary clinic region:oromia zone:East Hararge ZHD,confirmed
1035024,gada primary clinic,oromia,tI6vVkgbHdT,gada primary clinic,oromia,0.8281351923942566,gada primary clinic woreda:Sinana region:oromia zone:Bale Zone,gada primary clinic region:oromia zone:West Shewa  ZHD,confirmed
1035104,sadika primary clinic,oromia,SwUL2pJ4AWu,sadika primary clinic,oromia,0.8530154228210449,sadika primary clinic woreda:Robe region:oromia zone:Arsi zone,sadika primary clinic region:oromia zone:Arsi ZHD,confirmed
1035341,biftu pharmacy,oromia,ONo5bd3EAbs,biftu primary clinic,oromia,0.8036488890647888,biftu pharmacy woreda:Jeju region:oromia zone:Arsi zone,biftu primary clinic region:oromia zone:West Arsi ZHD,confirmed
1035846,doma health post,south west ethiopia,oTHlAKYpHcb,doma health post,south west ethiopia,0.8778438568115234,doma health post woreda:Gewata Woreda region:south west ethiopia zone:Kaffa Zone,doma health post region:south west ethiopia zone:Kaffa ZHD,confirmed
1035855,kidus primary clinic,oromia,AmWC2hq7ijp,kidus primary clinic,oromia,0.8529992699623108,kidus primary clinic woreda:Tena region:oromia zone:Arsi zone,kidus primary clinic region:oromia zone:Arsi ZHD,confirmed
1035879,gada primary clinic,oromia,fA7KSBsoHUt,gada primary clinic,oromia,0.8083874583244324,gada primary clinic woreda:Tole region:oromia zone:South West Shewa,gada primary clinic region:oromia zone:Borena ZHD,confirmed
1035879,gada primary clinic,oromia,VkSI48vo3EZ,gada primary clinic,oromia,0.8322171568870544,gada primary clinic woreda:Tole region:oromia zone:South West Shewa,gada primary clinic region:oromia zone:East Hararge ZHD,confirmed
1035879,gada primary clinic,oromia,tI6vVkgbHdT,gada primary clinic,oromia,0.8852918148040771,gada primary clinic woreda:Tole region:oromia zone:South West Shewa,gada primary clinic region:oromia zone:West Shewa  ZHD,confirmed
1035881,anole health post,oromia,mYhJGBuyrNT,anole health post,oromia,0.8357440233230591,anole health post woreda:Hitosa region:oromia zone:Arsi zone,anole health post region:oromia zone:Arsi ZHD,confirmed
1035881,anole health post,oromia,tGnso96YU86,anole health post,oromia,0.8377236127853394,anole health post woreda:Hitosa region:oromia zone:Arsi zone,anole health post region:oromia zone:West Arsi ZHD,confirmed
1035977,awurada milineum medium clinic,south west ethiopia,HYfnO13xfFR,awurada millenium clinic,south west ethiopia,0.8253979086875916,awurada milineum medium clinic woreda:Awurada Town region:south west ethiopia zone:Kaffa Zone,awurada millenium clinic region:south west ethiopia zone:Kaffa ZHD,confirmed
1036103,girum primary clinic,south west ethiopia,y5wpNp2IAf5,girum primary clinic,south west ethiopia,0.8554245829582214,girum primary clinic woreda:Adiyo Woreda region:south west ethiopia zone:Kaffa Zone,girum primary clinic region:south west ethiopia zone:Dawro ZHD,confirmed
1036249,bereket medium clinic,oromia,zYHuB5lb3OT,bereket medium clinic,oromia,0.8320691585540771,bereket medium clinic woreda:Haruf SubCity region:oromia zone:Shashemene Town,bereket medium clinic region:oromia zone:Shashemene Town ZHD,confirmed
1036257,biftu primary clinic,oromia,qRzd1BUt9jZ,biftu primary clinic,oromia,0.8330248594284058,biftu primary clinic woreda:Kore region:oromia zone:West Arsi Zone,biftu primary clinic region:oromia zone:Arsi ZHD,confirmed
1036257,biftu primary clinic,oromia,RTpEBBwg7n7,biftuu primary clinic,oromia,0.8347167372703552,biftu primary clinic woreda:Kore region:oromia zone:West Arsi Zone,biftuu primary clinic region:oromia zone:East Hararge ZHD,confirmed
1036257,biftu primary clinic,oromia,ONo5bd3EAbs,biftu primary clinic,oromia,0.8776745796203613,biftu primary clinic woreda:Kore region:oromia zone:West Arsi Zone,biftu primary clinic region:oromia zone:West Arsi ZHD,confirmed
1036391,gindeberet general hospital,oromia,NHOqcBbb6PY,gindabarat primary hospital,oromia,0.8012540340423584,gindeberet general hospital woreda:Gindebert region:oromia zone:West Shewa Zone,gindabarat primary hospital region:oromia zone:West Shewa  ZHD,confirmed
1036473,dugda okulo health post,oromia,rTUSjmZELzf,dugda ukuk health post,oromia,0.8272683024406433,dugda okulo health post woreda:Tiyo region:oromia zone:Arsi zone,dugda ukuk health post region:oromia zone:Arsi ZHD,confirmed
1036567,goro jalela health post,oromia,GEu2NciAISb,goro sole health post,oromia,0.8002089262008667,goro jalela health post woreda:Girawa region:oromia zone:East Hararge Zone,goro sole health post region:oromia zone:West Shewa  ZHD,confirmed
1036573,milki wabe primary clinic,oromia,QRAEzmxT3gd,milki primary clinic,oromia,0.8397821187973022,milki wabe primary clinic woreda:Kofele region:oromia zone:West Arsi Zone,milki primary clinic region:oromia zone:West Arsi ZHD,confirmed
1036677,public drug store,dire dawa,Mm7GbGPILqc,public diagnostic center,dire dawa,0.8028336763381958,public drug store region:dire dawa zone:Goro Operational,public diagnostic center region:dire dawa zone:Dire Dawa Operational  WorHO,confirmed
1036685,obera number 3 pharmacy,dire dawa,VpTZhDNl9iW,obera primary clinic,dire dawa,0.8580673336982727,obera number 3 pharmacy region:dire dawa zone:Dire Dawa Operational,obera primary clinic region:dire dawa zone:Dire Dawa Operational  WorHO,confirmed
1037762,agape medium clinic,oromia,pwTl5wm2tFv,agape medium clinic,oromia,0.8980185985565186,agape medium clinic woreda:Ambo Town region:oromia zone:Ambo Town,agape medium clinic region:oromia zone:Ambo Town ZHD,confirmed
1037783,ambo medium clinic,oromia,QgD3eS3CVnb,ambo medium clinic,oromia,0.889044463634491,ambo medium clinic woreda:Ambo Town region:oromia zone:Ambo Town,ambo medium clinic region:oromia zone:Ambo Town ZHD,confirmed
1037783,ambo medium clinic,oromia,nc1TZcL4OhF,amba medium clinic,oromia,0.8260788917541504,ambo medium clinic woreda:Ambo Town region:oromia zone:Ambo Town,amba medium clinic region:oromia zone:SHEGER CITY Health Office,confirmed
1037803,gebisa dental medium clinic,oromia,qn4vDSsfYK1,gebisa medium clinic,oromia,0.884520947933197,gebisa dental medium clinic woreda:Ambo Town region:oromia zone:Ambo Town,gebisa medium clinic region:oromia zone:Ambo Town ZHD,confirmed
1037812,sina medium clinic,oromia,K7Hj6YZW4CE,sina medium clinic,oromia,0.8052324056625366,sina medium clinic woreda:Gefersa Guje Sub-City region:oromia zone:Sheger City,sina medium clinic region:oromia zone:SHEGER CITY Health Office,confirmed
1037856,elshaday pharmacy,oromia,g31Xbo4nNOW,elshaday medium clinic,oromia,0.8065645098686218,elshaday pharmacy woreda:Jimma Town region:oromia zone:Jimma Town,elshaday medium clinic region:oromia zone:Adama Special ZHD,confirmed
1037856,elshaday pharmacy,oromia,BG65sAhNWpi,elshaday medium clinic,oromia,0.8362796902656555,elshaday pharmacy woreda:Jimma Town region:oromia zone:Jimma Town,elshaday medium clinic region:oromia zone:Ambo Town ZHD,confirmed
1037856,elshaday pharmacy,oromia,Khg2MizutqA,elshaday clinic,oromia,0.8233278393745422,elshaday pharmacy woreda:Jimma Town region:oromia zone:Jimma Town,elshaday clinic region:oromia zone:East Hararge ZHD,confirmed
1037856,elshaday pharmacy,oromia,Iooluo6ORYT,elshaday primary clinic,oromia,0.8087387084960938,elshaday pharmacy woreda:Jimma Town region:oromia zone:Jimma Town,elshaday primary clinic region:oromia zone:Ilu Aba Bora ZHD,confirmed
1037895,dr getachew medium clinic,oromia,MFVpmz06yA1,dr getachewu medium clinic,oromia,0.8417611718177795,dr getachew medium clinic woreda:Sululta Sub-City region:oromia zone:Sheger City,dr getachewu medium clinic region:oromia zone:SHEGER CITY Health Office,confirmed
1037917,ze arsema medium clinic,oromia,ly6Yotlkxyj,ze arsema medium clinic no 2,oromia,0.8204759955406189,ze arsema medium clinic woreda:Gefersa Guje Sub-City region:oromia zone:Sheger City,ze arsema medium clinic no 2 region:oromia zone:SHEGER CITY Health Office,confirmed
1037924,elshadey dental medium clinic,oromia,BG65sAhNWpi,elshaday medium clinic,oromia,0.8569247126579285,elshadey dental medium clinic woreda:Ambo Town region:oromia zone:Ambo Town,elshaday medium clinic region:oromia zone:Ambo Town ZHD,confirmed
1037953,ossa medium clinic,oromia,bpuvuUDt2TS,ossa m medium clinic,oromia,0.8183555006980896,ossa medium clinic woreda:Nekemte Town region:oromia zone:Nekemte Town,ossa m medium clinic region:oromia zone:Jimma Special ZHD,confirmed
1037971,sabrina pharmacy,oromia,ATZPEa9kwCT,sabrina clinic,oromia,0.8072713613510132,sabrina pharmacy woreda:moyale Town region:oromia zone:Moyale Town,sabrina clinic region:oromia zone:East Hararge ZHD,confirmed
1038001,robe medium clinic,oromia,Yo4KykKnOZf,robe medium clinic,oromia,0.9062904119491577,robe medium clinic woreda:Ambo Town region:oromia zone:Ambo Town,robe medium clinic region:oromia zone:Ambo Town ZHD,confirmed
1038033,gefersa medium clinic,oromia,M6XrIJTOyBq,gefersa medium clinic,oromia,0.836956799030304,gefersa medium clinic woreda:Gefersa Guje Sub-City region:oromia zone:Sheger City,gefersa medium clinic region:oromia zone:East Shewa  ZHD,confirmed
1038033,gefersa medium clinic,oromia,qhFUTYdrXB6,gefarsa medium clinic,oromia,0.8217408061027527,gefersa medium clinic woreda:Gefersa Guje Sub-City region:oromia zone:Sheger City,gefarsa medium clinic region:oromia zone:SHEGER CITY Health Office,confirmed
1038063,agip medium clinic,oromia,pwTl5wm2tFv,agape medium clinic,oromia,0.8497205376625061,agip medium clinic woreda:Jimma Town region:oromia zone:Jimma Town,agape medium clinic region:oromia zone:Ambo Town ZHD,confirmed
1038092,bole primary clinic,oromia,HOMrTA2DVFS,bole primary clinic,oromia,0.8950690031051636,bole primary clinic woreda:Ambo Town region:oromia zone:Ambo Town,bole primary clinic region:oromia zone:Ambo Town ZHD,confirmed
1038100,oda primary clinic,oromia,Nl4zqTmPh3G,oda primary clinic,oromia,0.8186851143836975,oda primary clinic woreda:Adea region:oromia zone:East Shewa Zone,oda primary clinic region:oromia zone:Robe Town ZHD,confirmed
1038106,henok primary clinic,oromia,IBDR7yukeGq,henok primary clinic,oromia,0.8682556748390198,henok primary clinic woreda:Metu Town region:oromia zone:Metu Town,henok primary clinic region:oromia zone:Ilu Aba Bora ZHD,confirmed
1038108,berhanu primary clinic,oromia,zLo3Gijs16Z,berhanu primary clinic,oromia,0.8375194668769836,berhanu primary clinic woreda:Sululta Sub-City region:oromia zone:Sheger City,berhanu primary clinic region:oromia zone:SHEGER CITY Health Office,confirmed
1038115,feya primary clinic,oromia,jNbp4mCx55e,feya primary clinic,oromia,0.8452053666114807,feya primary clinic woreda:Metu Town region:oromia zone:Metu Town,feya primary clinic region:oromia zone:Guji ZHD,confirmed
1038115,feya primary clinic,oromia,jmas4WiA9Pi,feya primary clinic,oromia,0.855525553226471,feya primary clinic woreda:Metu Town region:oromia zone:Metu Town,feya primary clinic region:oromia zone:Shashemene Town ZHD,confirmed
1038115,feya primary clinic,oromia,S0NsiftLLQa,feya primary clinic,oromia,0.846270740032196,feya primary clinic woreda:Metu Town region:oromia zone:Metu Town,feya primary clinic region:oromia zone:West Arsi ZHD,confirmed
1038120,senaf primary clinic,oromia,l8jxkJjbx3E,senaf primary clinic,oromia,0.8633921146392822,senaf primary clinic woreda:Metu Town region:oromia zone:Metu Town,senaf primary clinic region:oromia zone:Ilu Aba Bora ZHD,confirmed
1038158,malka gefarsa medium clinic,oromia,EOwZHl6eGId,melka gefarsa medium clinic,oromia,0.8241296410560608,malka gefarsa medium clinic woreda:Gefersa Guje Sub-City region:oromia zone:Sheger City,melka gefarsa medium clinic region:oromia zone:SHEGER CITY Health Office,confirmed
1038166,md medium clinic,oromia,Ub2UfD49Etw,md medium clinic,oromia,0.8027658462524414,md medium clinic woreda:Melka Nonno Sub-City region:oromia zone:Sheger City,md medium clinic region:oromia zone:SHEGER CITY Health Office,confirmed
1038179,harme primary clinic,oromia,vIIK1QsU5Gb,harme primary clinic,oromia,0.8607293367385864,harme primary clinic woreda:Batu Town region:oromia zone:Batu Town,harme primary clinic region:oromia zone:Arsi ZHD,confirmed
1038179,harme primary clinic,oromia,sIHLVW5KkXC,harme primary clinic,oromia,0.8607293367385864,harme primary clinic woreda:Batu Town region:oromia zone:Batu Town,harme primary clinic region:oromia zone:Arsi ZHD,confirmed
1038224,mati pharmacy,oromia,bwsw3wjk5IE,mati primary clinic,oromia,0.8064311146736145,mati pharmacy woreda:Woliso Town region:oromia zone:Woliso Town,mati primary clinic region:oromia zone:Buno Bedele ZHD,confirmed
1038224,mati pharmacy,oromia,HsrZ43AxI77,mati primary clinic,oromia,0.8159971237182617,mati pharmacy woreda:Woliso Town region:oromia zone:Woliso Town,mati primary clinic region:oromia zone:East Hararge ZHD,confirmed
1038224,mati pharmacy,oromia,L9i6hcK9a4O,mati primary clinic,oromia,0.8090522885322571,mati pharmacy woreda:Woliso Town region:oromia zone:Woliso Town,mati primary clinic region:oromia zone:Guji ZHD,confirmed
1038224,mati pharmacy,oromia,MCtyqPjUWwx,mati primary clinic,oromia,0.8016430139541626,mati pharmacy woreda:Woliso Town region:oromia zone:Woliso Town,mati primary clinic region:oromia zone:Horo Gudru Wellega  ZHD,confirmed
1038224,mati pharmacy,oromia,jrym7kDfyzL,mati primary clinic,oromia,0.8101251125335693,mati pharmacy woreda:Woliso Town region:oromia zone:Woliso Town,mati primary clinic region:oromia zone:Ilu Aba Bora ZHD,confirmed
1038224,mati pharmacy,oromia,BQikVqpYxsJ,mati primary clinic,oromia,0.8106523752212524,mati pharmacy woreda:Woliso Town region:oromia zone:Woliso Town,mati primary clinic region:oromia zone:Jimma ZHD,confirmed
1038224,mati pharmacy,oromia,SpKVMaunka5,mati primary clinic,oromia,0.8106523752212524,mati pharmacy woreda:Woliso Town region:oromia zone:Woliso Town,mati primary clinic region:oromia zone:Jimma ZHD,confirmed
1038224,mati pharmacy,oromia,mWm8ENeiOqK,mati primary clinic,oromia,0.8060024976730347,mati pharmacy woreda:Woliso Town region:oromia zone:Woliso Town,mati primary clinic region:oromia zone:Kelem Wellega  ZHD,confirmed
1038224,mati pharmacy,oromia,GR7gu8kC1hU,mati primary clinic,oromia,0.8163460493087769,mati pharmacy woreda:Woliso Town region:oromia zone:Woliso Town,mati primary clinic region:oromia zone:West Arsi ZHD,confirmed
1038224,mati pharmacy,oromia,rSfVwYxkr2i,mati primary clinic,oromia,0.8163460493087769,mati pharmacy woreda:Woliso Town region:oromia zone:Woliso Town,mati primary clinic region:oromia zone:West Arsi ZHD,confirmed
1038224,mati pharmacy,oromia,xwrKgxLHnVN,mati primary clinic,oromia,0.8162233233451843,mati pharmacy woreda:Woliso Town region:oromia zone:Woliso Town,mati primary clinic region:oromia zone:West Shewa  ZHD,confirmed
1038246,africa medium clinic,oromia,QilJbg5LNHk,africa medium clinic,oromia,0.897358775138855,africa medium clinic woreda:Ambo Town region:oromia zone:Ambo Town,africa medium clinic region:oromia zone:Ambo Town ZHD,confirmed
1038259,milki medium dental clinic,oromia,lDPb4ls6OKI,milkaa'ina medium clinic,oromia,0.8084478378295898,milki medium dental clinic woreda:Ambo Town region:oromia zone:Ambo Town,milkaa'ina medium clinic region:oromia zone:SHEGER CITY Health Office,confirmed
1038281,furtu medium clinic,oromia,OxpSMnG8Dzf,furtuu medium clinic,oromia,0.900314211845398,furtu medium clinic woreda:Ambo Town region:oromia zone:Ambo Town,furtuu medium clinic region:oromia zone:Ambo Town ZHD,confirmed
1038282,nuur primary clinic,oromia,Um99T9hygGr,nuur salaam clinic,oromia,0.809789776802063,nuur primary clinic woreda:Jimma Town region:oromia zone:Jimma Town,nuur salaam clinic region:oromia zone:SHEGER CITY Health Office,confirmed
1038288,community medium clinic,oromia,yAtLoW0ZwsN,community medium clinic,oromia,0.8365930318832397,community medium clinic woreda:Furi Sub -City region:oromia zone:Sheger City,community medium clinic region:oromia zone:SHEGER CITY Health Office,confirmed
1038291,selam medium clinic,oromia,M3hBWfgQzdU,selam medium clinic,oromia,0.8029468059539795,selam medium clinic woreda:Yayo region:oromia zone:Ilu Aba Bora Zone,selam medium clinic region:oromia zone:East Shewa  ZHD,confirmed
1038338,ambo ko pharmacy,oromia,QgD3eS3CVnb,ambo medium clinic,oromia,0.8010011315345764,ambo ko pharmacy woreda:Ambo Town region:oromia zone:Ambo Town,ambo medium clinic region:oromia zone:Ambo Town ZHD,confirmed
1038392,aman pharmacy,oromia,dnYOKSAfXzk,aman medium clinic,oromia,0.8034684658050537,aman pharmacy woreda:Jimma Town region:oromia zone:Jimma Town,aman medium clinic region:oromia zone:East Wellega ZHD,confirmed
1038407,kaleb medium clinic,oromia,O4Pf5OQHQ7a,kaleb medium clinic,oromia,0.8233816623687744,kaleb medium clinic woreda:Gelan Guda Sub-City region:oromia zone:Sheger City,kaleb medium clinic region:oromia zone:SHEGER CITY Health Office,confirmed
1038469,rehobot primary clinic,oromia,PRDD0DeN8pT,rihobot primary clinic,oromia,0.8455907702445984,rehobot primary clinic woreda:Darimu region:oromia zone:Ilu Aba Bora Zone,rihobot primary clinic region:oromia zone:Ilu Aba Bora ZHD,confirmed
1038469,rehobot primary clinic,oromia,krnzYQLn19w,rehobot primary clinic,oromia,0.8177745342254639,rehobot primary clinic woreda:Darimu region:oromia zone:Ilu Aba Bora Zone,rehobot primary clinic region:oromia zone:West Guji ZHD,confirmed
1038469,rehobot primary clinic,oromia,VuNYZwmJrSe,rehobot primary clinic,oromia,0.8117126822471619,rehobot primary clinic woreda:Darimu region:oromia zone:Ilu Aba Bora Zone,rehobot primary clinic region:oromia zone:West Wellega  ZHD,confirmed
1038469,rehobot primary clinic,oromia,usB83XvZfui,rehobot primary clinic,oromia,0.8117126822471619,rehobot primary clinic woreda:Darimu region:oromia zone:Ilu Aba Bora Zone,rehobot primary clinic region:oromia zone:West Wellega  ZHD,confirmed
1038471,agape drug store,oromia,pwTl5wm2tFv,agape medium clinic,oromia,0.8292962908744812,agape drug store woreda:Ambo Town region:oromia zone:Ambo Town,agape medium clinic region:oromia zone:Ambo Town ZHD,confirmed
1038480,rabira primary clinic,oromia,ridR9jMlD8d,rabira primary clinic,oromia,0.8038194179534912,rabira primary clinic woreda:Liben Chukala region:oromia zone:East Shewa Zone,rabira primary clinic region:oromia zone:Arsi ZHD,confirmed
1038480,rabira primary clinic,oromia,Oz9eD92Th8G,rabira primary clinic,oromia,0.8025736212730408,rabira primary clinic woreda:Liben Chukala region:oromia zone:East Shewa Zone,rabira primary clinic region:oromia zone:Batu Town ZHD,confirmed
1038480,rabira primary clinic,oromia,YsSp8KqVz9y,rabira primary clinic,oromia,0.8000342845916748,rabira primary clinic woreda:Liben Chukala region:oromia zone:East Shewa Zone,rabira primary clinic region:oromia zone:Jimma ZHD,confirmed
1038480,rabira primary clinic,oromia,mv5amdnzNXP,rabira primary clinic,oromia,0.8188409805297852,rabira primary clinic woreda:Liben Chukala region:oromia zone:East Shewa Zone,rabira primary clinic region:oromia zone:West Arsi ZHD,confirmed
1038483,mati primary clinic,oromia,bwsw3wjk5IE,mati primary clinic,oromia,0.8087071776390076,mati primary clinic woreda:Darimu region:oromia zone:Ilu Aba Bora Zone,mati primary clinic region:oromia zone:Buno Bedele ZHD,confirmed
1038483,mati primary clinic,oromia,HsrZ43AxI77,mati primary clinic,oromia,0.8218300938606262,mati primary clinic woreda:Darimu region:oromia zone:Ilu Aba Bora Zone,mati primary clinic region:oromia zone:East Hararge ZHD,confirmed
1038483,mati primary clinic,oromia,L9i6hcK9a4O,mati primary clinic,oromia,0.8193179965019226,mati primary clinic woreda:Darimu region:oromia zone:Ilu Aba Bora Zone,mati primary clinic region:oromia zone:Guji ZHD,confirmed
1038483,mati primary clinic,oromia,MCtyqPjUWwx,mati primary clinic,oromia,0.8268292546272278,mati primary clinic woreda:Darimu region:oromia zone:Ilu Aba Bora Zone,mati primary clinic region:oromia zone:Horo Gudru Wellega  ZHD,confirmed
1038483,mati primary clinic,oromia,jrym7kDfyzL,mati primary clinic,oromia,0.8789473176002502,mati primary clinic woreda:Darimu region:oromia zone:Ilu Aba Bora Zone,mati primary clinic region:oromia zone:Ilu Aba Bora ZHD,confirmed
1038483,mati primary clinic,oromia,BQikVqpYxsJ,mati primary clinic,oromia,0.8125637173652649,mati primary clinic woreda:Darimu region:oromia zone:Ilu Aba Bora Zone,mati primary clinic region:oromia zone:Jimma ZHD,confirmed
1038483,mati primary clinic,oromia,SpKVMaunka5,mati primary clinic,oromia,0.8125637769699097,mati primary clinic woreda:Darimu region:oromia zone:Ilu Aba Bora Zone,mati primary clinic region:oromia zone:Jimma ZHD,confirmed
1038483,mati primary clinic,oromia,mWm8ENeiOqK,mati primary clinic,oromia,0.813071072101593,mati primary clinic woreda:Darimu region:oromia zone:Ilu Aba Bora Zone,mati primary clinic region:oromia zone:Kelem Wellega  ZHD,confirmed
1038483,mati primary clinic,oromia,GR7gu8kC1hU,mati primary clinic,oromia,0.8302831053733826,mati primary clinic woreda:Darimu region:oromia zone:Ilu Aba Bora Zone,mati primary clinic region:oromia zone:West Arsi ZHD,confirmed
1038483,mati primary clinic,oromia,rSfVwYxkr2i,mati primary clinic,oromia,0.8302831053733826,mati primary clinic woreda:Darimu region:oromia zone:Ilu Aba Bora Zone,mati primary clinic region:oromia zone:West Arsi ZHD,confirmed
1038483,mati primary clinic,oromia,xwrKgxLHnVN,mati primary clinic,oromia,0.8280096650123596,mati primary clinic woreda:Darimu region:oromia zone:Ilu Aba Bora Zone,mati primary clinic region:oromia zone:West Shewa  ZHD,confirmed
1038484,kidanemihiret drug store,oromia,fJVrRi7ECz7,kidanemihret medium clinic,oromia,0.80741947889328,kidanemihiret drug store woreda:Ambo Town region:oromia zone:Ambo Town,kidanemihret medium clinic region:oromia zone:Ambo Town ZHD,confirmed
1038493,awetu pharmacy,oromia,nYJkOCdZfqQ,awetu mender health post,oromia,0.8219032287597656,awetu pharmacy woreda:Jimma Town region:oromia zone:Jimma Town,awetu mender health post region:oromia zone:Jimma Special ZHD,confirmed
1038494,kidist primary clinic,oromia,kDDIFuDqHEl,kidist mariyam primary clinic,oromia,0.8736677169799805,kidist primary clinic woreda:Darimu region:oromia zone:Ilu Aba Bora Zone,kidist mariyam primary clinic region:oromia zone:Ilu Aba Bora ZHD,confirmed
1038528,mati pharmacy,oromia,HsrZ43AxI77,mati primary clinic,oromia,0.8045497536659241,mati pharmacy woreda:Jimma Town region:oromia zone:Jimma Town,mati primary clinic region:oromia zone:East Hararge ZHD,confirmed
1038528,mati pharmacy,oromia,L9i6hcK9a4O,mati primary clinic,oromia,0.8020721077919006,mati pharmacy woreda:Jimma Town region:oromia zone:Jimma Town,mati primary clinic region:oromia zone:Guji ZHD,confirmed
1038528,mati pharmacy,oromia,jrym7kDfyzL,mati primary clinic,oromia,0.8001363277435303,mati pharmacy woreda:Jimma Town region:oromia zone:Jimma Town,mati primary clinic region:oromia zone:Ilu Aba Bora ZHD,confirmed
1038528,mati pharmacy,oromia,BQikVqpYxsJ,mati primary clinic,oromia,0.8248212337493896,mati pharmacy woreda:Jimma Town region:oromia zone:Jimma Town,mati primary clinic region:oromia zone:Jimma ZHD,confirmed
1038528,mati pharmacy,oromia,SpKVMaunka5,mati primary clinic,oromia,0.8248212337493896,mati pharmacy woreda:Jimma Town region:oromia zone:Jimma Town,mati primary clinic region:oromia zone:Jimma ZHD,confirmed
1038528,mati pharmacy,oromia,GR7gu8kC1hU,mati primary clinic,oromia,0.80389004945755,mati pharmacy woreda:Jimma Town region:oromia zone:Jimma Town,mati primary clinic region:oromia zone:West Arsi ZHD,confirmed
1038528,mati pharmacy,oromia,rSfVwYxkr2i,mati primary clinic,oromia,0.80389004945755,mati pharmacy woreda:Jimma Town region:oromia zone:Jimma Town,mati primary clinic region:oromia zone:West Arsi ZHD,confirmed
1038528,mati pharmacy,oromia,xwrKgxLHnVN,mati primary clinic,oromia,0.8088265061378479,mati pharmacy woreda:Jimma Town region:oromia zone:Jimma Town,mati primary clinic region:oromia zone:West Shewa  ZHD,confirmed
1038667,tokuma primary clinic,oromia,Qdb5UmujBJG,tokuma primary clinic,oromia,0.8215383887290955,tokuma primary clinic woreda:Adama region:oromia zone:East Shewa Zone,tokuma primary clinic region:oromia zone:Arsi ZHD,confirmed
1038699,wato alafiya medium clinic,oromia,aZFyIOWNP8Y,wato alafiya primary clinic,oromia,0.80111163854599,wato alafiya medium clinic woreda:Gelan Guda Sub-City region:oromia zone:Sheger City,wato alafiya primary clinic region:oromia zone:SHEGER CITY Health Office,confirmed
1038705,kenteri primary clinic,oromia,ntS5xvNq3TO,kenteri primary clinic,oromia,0.8458614349365234,kenteri primary clinic woreda:Furi Sub -City region:oromia zone:Sheger City,kenteri primary clinic region:oromia zone:SHEGER CITY Health Office,confirmed
1038773,kiyya primary clinic,oromia,tWqCjSB329S,kiyya primary clinic,oromia,0.8013002276420593,kiyya primary clinic woreda:Holota Town region:oromia zone:Holeta Town,kiyya primary clinic region:oromia zone:East Hararge ZHD,confirmed
1038780,vital health specialty center,oromia,Q5yyT11NEsI,vital health specialty center,oromia,0.811978816986084,vital health specialty center woreda:Melka Nonno Sub-City region:oromia zone:Sheger City,vital health specialty center region:oromia zone:SHEGER CITY Health Office,confirmed
1038793,horo primary clinic,oromia,dYMNXIOZb9M,hora primary clinic,oromia,0.8088729977607727,horo primary clinic woreda:Horo Bulluq region:oromia zone:Horo Gudru Wellega Zone,hora primary clinic region:oromia zone:Buno Bedele ZHD,confirmed
1038793,horo primary clinic,oromia,A1EpzCyhgRv,haro primary clinic,oromia,0.8684682250022888,horo primary clinic woreda:Horo Bulluq region:oromia zone:Horo Gudru Wellega Zone,haro primary clinic region:oromia zone:Horo Gudru Wellega  ZHD,confirmed
1038793,horo primary clinic,oromia,zBfuoOZ0zR4,horo primary clinic,oromia,0.8864098787307739,horo primary clinic woreda:Horo Bulluq region:oromia zone:Horo Gudru Wellega Zone,horo primary clinic region:oromia zone:Horo Gudru Wellega  ZHD,confirmed
1038793,horo primary clinic,oromia,g910w8hjXaD,hora primary clinic,oromia,0.8051972985267639,horo primary clinic woreda:Horo Bulluq region:oromia zone:Horo Gudru Wellega Zone,hora primary clinic region:oromia zone:Ilu Aba Bora ZHD,confirmed
1038799,abdi pharmacy,oromia,L1ds0TgUQdK,abdi primary clinic,oromia,0.8000873923301697,abdi pharmacy woreda:Nekemte Town region:oromia zone:Nekemte Town,abdi primary clinic region:oromia zone:East Wellega ZHD,confirmed
1038799,abdi pharmacy,oromia,S2G6N2YqwqC,abdi primary clinic,oromia,0.8029863834381104,abdi pharmacy woreda:Nekemte Town region:oromia zone:Nekemte Town,abdi primary clinic region:oromia zone:North Shewa  ZHD,confirmed
1038799,abdi pharmacy,oromia,Ho9XnZwjZMT,abdi primary clinic,oromia,0.8003636598587036,abdi pharmacy woreda:Nekemte Town region:oromia zone:Nekemte Town,abdi primary clinic region:oromia zone:West Wellega  ZHD,confirmed
1038836,silashi kenei primary clinic,oromia,ji4f9cMp9nl,silashii primary clinic,oromia,0.8552463054656982,silashi kenei primary clinic woreda:Amuru region:oromia zone:Horo Gudru Wellega Zone,silashii primary clinic region:oromia zone:Horo Gudru Wellega  ZHD,confirmed
1038840,yerosan pharmacy,oromia,VKi7UP9RWTX,yerosan medium clinic,oromia,0.8137364387512207,yerosan pharmacy woreda:Nekemte Town region:oromia zone:Nekemte Town,yerosan medium clinic region:oromia zone:Shashemene Town ZHD,confirmed
1038842,haro primary clinic,oromia,A1EpzCyhgRv,haro primary clinic,oromia,0.885037899017334,haro primary clinic woreda:Horo Bulluq region:oromia zone:Horo Gudru Wellega Zone,haro primary clinic region:oromia zone:Horo Gudru Wellega  ZHD,confirmed
1038842,haro primary clinic,oromia,zBfuoOZ0zR4,horo primary clinic,oromia,0.8601382374763489,haro primary clinic woreda:Horo Bulluq region:oromia zone:Horo Gudru Wellega Zone,horo primary clinic region:oromia zone:Horo Gudru Wellega  ZHD,confirmed
1038851,lami pharmacy,oromia,TLqTMfy119s,lami medium clinic,oromia,0.8093836307525635,lami pharmacy woreda:Nekemte Town region:oromia zone:Nekemte Town,lami medium clinic region:oromia zone:Mojo Town ZHD,confirmed
1038891,nekemte drug store,oromia,IClqEqLpUbb,nekemte dic center dialysis clinic,oromia,0.8049124479293823,nekemte drug store woreda:Nekemte Town region:oromia zone:Nekemte Town,nekemte dic center dialysis clinic region:oromia zone:Nekemte Town ZHD,confirmed
1038946,rehobot primary clinic,oromia,XAtMPz0iWxj,rehoboot primary clinic,oromia,0.8003499507904053,rehobot primary clinic woreda:Sasiga region:oromia zone:East Wollega Zone,rehoboot primary clinic region:oromia zone:East Wellega ZHD,confirmed
1038946,rehobot primary clinic,oromia,krnzYQLn19w,rehobot primary clinic,oromia,0.8200237154960632,rehobot primary clinic woreda:Sasiga region:oromia zone:East Wollega Zone,rehobot primary clinic region:oromia zone:West Guji ZHD,confirmed
1038946,rehobot primary clinic,oromia,VuNYZwmJrSe,rehobot primary clinic,oromia,0.8155959248542786,rehobot primary clinic woreda:Sasiga region:oromia zone:East Wollega Zone,rehobot primary clinic region:oromia zone:West Wellega  ZHD,confirmed
1038946,rehobot primary clinic,oromia,usB83XvZfui,rehobot primary clinic,oromia,0.8155959248542786,rehobot primary clinic woreda:Sasiga region:oromia zone:East Wollega Zone,rehobot primary clinic region:oromia zone:West Wellega  ZHD,confirmed
1038953,rohobot primary clinic,oromia,zVnmjXLz7Ye,rohobot primary clinic,oromia,0.8054771423339844,rohobot primary clinic woreda:Sasiga region:oromia zone:East Wollega Zone,rohobot primary clinic region:oromia zone:Bale ZHD,confirmed
1038953,rohobot primary clinic,oromia,aNDEcVX9IEt,rohobot primary clinic,oromia,0.8033099174499512,rohobot primary clinic woreda:Sasiga region:oromia zone:East Wollega Zone,rohobot primary clinic region:oromia zone:Borena ZHD,confirmed
1038953,rohobot primary clinic,oromia,GK3vrDbfbB7,rohobot primary clinic,oromia,0.8207212090492249,rohobot primary clinic woreda:Sasiga region:oromia zone:East Wollega Zone,rohobot primary clinic region:oromia zone:West Wellega  ZHD,confirmed
1038967,qedus gebriel primary clinic,oromia,vExIHppNlBp,qiddus gebriel s primary clinic,oromia,0.8410349488258362,qedus gebriel primary clinic woreda:Dugda region:oromia zone:East Shewa Zone,qiddus gebriel s primary clinic region:oromia zone:West Shewa  ZHD,confirmed
1039076,arategna drug store,harari,nOct8lAogkz,arategna phcu,harari,0.8914140462875366,arategna drug store region:harari zone:Hakim,arategna phcu region:harari zone:Hakim WorHO,confirmed
1039149,siloam ethiopia medium clinic,harari,e7CKty4wUo0,siloam ethiopia medium clinic,harari,0.9824722409248352,siloam ethiopia medium clinic region:harari zone:Shenkor,siloam ethiopia medium clinic region:harari zone:Shenkor WorHO,confirmed
1039218,ras phramacy,harari,FaU0jbuEL3H,ras teeth medium clinic,harari,0.8571041226387024,ras phramacy region:harari zone:Jinela,ras teeth medium clinic region:harari zone:Jinela WorHO,confirmed
1039342,muja health post,tigray,enTl7EW3OVB,mugulat health post,tigray,0.8084484338760376,muja health post region:tigray zone:South East Zone,mugulat health post region:tigray zone:Eastern ZHD,confirmed
1039358,mesaeno health post,tigray,DriUWH8TIPN,mesanu health post,tigray,0.8829593062400818,mesaeno health post region:tigray zone:South East Zone,mesanu health post region:tigray zone:Eastern ZHD,confirmed
1039358,mesaeno health post,tigray,f0fTzLPlw7y,mizan health post,tigray,0.8135327696800232,mesaeno health post region:tigray zone:South East Zone,mizan health post region:tigray zone:South Eastern ZHD,confirmed
1039375,mekonie primary hospital,tigray,QBNqXwdXxz2,mekoni primary hospital,tigray,0.8809146881103516,mekonie primary hospital woreda:Mekoni Town region:tigray zone:Southern Zone,mekoni primary hospital region:tigray zone:Southern ZHD,confirmed
1039375,mekonie primary hospital,tigray,IXKIhj01rao,mekoni primary hospital phcu,tigray,0.8764394521713257,mekonie primary hospital woreda:Mekoni Town region:tigray zone:Southern Zone,mekoni primary hospital phcu region:tigray zone:Southern ZHD,confirmed
1039376,debre hayla health post,tigray,TDIQ1Kg5JWU,debre hayla health post,tigray,0.8650055527687073,debre hayla health post woreda:Hintalo Woreda region:tigray zone:South East Zone,debre hayla health post region:tigray zone:South Eastern ZHD,confirmed
1039388,simret health post,tigray,eu8pQWOMcSi,simret health post,tigray,0.8065445423126221,simret health post woreda:Enda Mekoni Woreda region:tigray zone:Southern Zone,simret health post region:tigray zone:Eastern ZHD,confirmed
1039388,simret health post,tigray,R3Wl8XhLrdc,simret health post,tigray,0.8173996806144714,simret health post woreda:Enda Mekoni Woreda region:tigray zone:Southern Zone,simret health post region:tigray zone:South Eastern ZHD,confirmed
1039388,simret health post,tigray,qstmpd69aR0,simret health post,tigray,0.8254053592681885,simret health post woreda:Enda Mekoni Woreda region:tigray zone:Southern Zone,simret health post region:tigray zone:Southern ZHD,confirmed
1039437,hadnet health post,tigray,eHp1lcDq15x,hadnet health post,tigray,0.804451048374176,hadnet health post woreda:Abergele yechila region:tigray zone:Central Zone,hadnet health post region:tigray zone:North Western ZHD,confirmed
1039580,adis tesfa health post,tigray,edaBZlVYlDR,adigudom health center,tigray,0.8616189956665039,adis tesfa health post region:tigray zone:Eastern Zone,adigudom health center region:tigray zone:South Eastern ZHD,confirmed
1039588,marta health post,tigray,IXxGdBTanC9,mereta health post,tigray,0.8610948324203491,marta health post region:tigray zone:Eastern Zone,mereta health post region:tigray zone:Eastern ZHD,confirmed
1039601,mariyam shewito health post,tigray,PcKUnOubgnW,mariam shewito health post,tigray,0.8041172623634338,mariyam shewito health post woreda:Adwa Woreda region:tigray zone:Central Zone,mariam shewito health post region:tigray zone:Central ZHD,confirmed
1039654,tahtay legomti health post,tigray,vpF2Dcc2Gbg,tahtay daereka health post,tigray,0.8183605670928955,tahtay legomti health post woreda:Adwa Woreda region:tigray zone:Central Zone,tahtay daereka health post region:tigray zone:Central ZHD,confirmed
1039654,tahtay legomti health post,tigray,HkW1CAIJlnO,tahtay legomti health post,tigray,0.874815821647644,tahtay legomti health post woreda:Adwa Woreda region:tigray zone:Central Zone,tahtay legomti health post region:tigray zone:Central ZHD,confirmed
1039658,walka health post,tigray,M5n6OD97Hag,walka health post,tigray,0.839346706867218,walka health post woreda:Tsegede Woreda region:tigray zone:Western Zone,walka health post region:tigray zone:Western ZHD,confirmed
1039664,dedebiet health post,tigray,r64yjCHzgNx,dedebit health post,tigray,0.8266056180000305,dedebiet health post woreda:Tsegede Woreda region:tigray zone:Western Zone,dedebit health post region:tigray zone:Western ZHD,confirmed
1039665,werie health post,tigray,XM9nSBbwobu,werie health post,tigray,0.8496086597442627,werie health post woreda:Tsegede Woreda region:tigray zone:Western Zone,werie health post region:tigray zone:Western ZHD,confirmed
1039680,gebrehiwot drug shop,tigray,hS0F72cWm54,gebretsadik clinic,tigray,0.8900262713432312,gebrehiwot drug shop region:tigray zone:Western Zone,gebretsadik clinic region:tigray zone:North Western ZHD,confirmed
1039742,tsai health post,tigray,OG9cOVxy44d,tsai health post,tigray,0.8378496170043945,tsai health post woreda:Endaba Tsahma region:tigray zone:Central Zone,tsai health post region:tigray zone:Central ZHD,confirmed
1039809,may chekemet health post,tigray,eBiWTZ6GQ3T,may chekenet health post,tigray,0.8002873659133911,may chekemet health post woreda:Endaba Tsahma region:tigray zone:Central Zone,may chekenet health post region:tigray zone:Central ZHD,confirmed
1039812,hibret health post,tigray,cznThhUWufc,hibret health post,tigray,0.8098740577697754,hibret health post woreda:Endaba Tsahma region:tigray zone:Central Zone,hibret health post region:tigray zone:Central ZHD,confirmed
1039912,natka blae health post,tigray,kf5fyOZJpM2,natkabilae health post,tigray,0.8033019304275513,natka blae health post woreda:Laelay Maychew region:tigray zone:Central Zone,natkabilae health post region:tigray zone:Central ZHD,confirmed
1039983,neksege health center,tigray,Jb742psVZ5m,neksege health post,tigray,0.882308304309845,neksege health center woreda:Neksege Woreda region:tigray zone:Southern Zone,neksege health post region:tigray zone:Southern ZHD,confirmed
1040026,shenkor drug store,harari,LhOptcTKWAO,shenkor phcu,harari,0.8471447229385376,shenkor drug store region:harari zone:Shenkor,shenkor phcu region:harari zone:Shenkor WorHO,confirmed
1040031,hnzat health post,tigray,l6LlCKH9RDV,hinzat health post,tigray,0.827575147151947,hnzat health post woreda:Adwa Woreda region:tigray zone:Central Zone,hinzat health post region:tigray zone:Central ZHD,confirmed
1040325,mihret gebreselama pharmacy,tigray,Di0iuROCFDG,mihret clinic,tigray,0.8170923590660095,mihret gebreselama pharmacy region:tigray zone:Mekelle Zone,mihret clinic region:tigray zone:North Western ZHD,confirmed
1040431,temesgen drug store,tigray,NL74KEzb5xE,temesgen clinic,tigray,0.802064836025238,temesgen drug store woreda:Hadnet region:tigray zone:Mekelle Zone,temesgen clinic region:tigray zone:Mekelle ZHD,confirmed
1040472,walin pharmacy,oromia,E7zQi9RvWk0,walin primary clinic,oromia,0.8024247884750366,walin pharmacy woreda:Woliso Town region:oromia zone:Woliso Town,walin primary clinic region:oromia zone:Kelem Wellega  ZHD,confirmed
1040472,walin pharmacy,oromia,RyMdtKnZfFj,walin primary clinic,oromia,0.8139592409133911,walin pharmacy woreda:Woliso Town region:oromia zone:Woliso Town,walin primary clinic region:oromia zone:West Wellega  ZHD,confirmed
1040567,kulita health post,tigray,hJaUldqWC15,kulita health post,tigray,0.8492772579193115,kulita health post woreda:Wolkayit Woreda region:tigray zone:Western Zone,kulita health post region:tigray zone:Western ZHD,confirmed
1040569,welel health post,tigray,OUY3ZVV0bLx,welel health post,tigray,0.8344535827636719,welel health post woreda:Wolkayit Woreda region:tigray zone:Western Zone,welel health post region:tigray zone:Western ZHD,confirmed
1040572,kisad delesa health post,tigray,YGEEqHprGav,kisad delesa health post,tigray,0.8616616129875183,kisad delesa health post woreda:Wolkayit Woreda region:tigray zone:Western Zone,kisad delesa health post region:tigray zone:Western ZHD,confirmed
1040573,tsilielo health center,tigray,Ib5xROi0Y69,tsilielo health center,tigray,0.8423439860343933,tsilielo health center woreda:Wolkayit Woreda region:tigray zone:Western Zone,tsilielo health center region:tigray zone:Western ZHD,confirmed
1040639,mekelle general hospital,tigray,hYwaFvrb5t5,mekele hospital,tigray,0.8213287591934204,mekelle general hospital woreda:Semen region:tigray zone:Mekelle Zone,mekele hospital region:tigray zone:Mekelle ZHD,confirmed
1040640,selekleka health post,tigray,mK1iGdgGAkG,selekleka health post,tigray,0.9521237015724182,selekleka health post region:tigray zone:North West Zone,selekleka health post region:tigray zone:North Western ZHD,confirmed
1040640,selekleka health post,tigray,kH6e0cendiR,selekleka phcu,tigray,0.8715728521347046,selekleka health post region:tigray zone:North West Zone,selekleka phcu region:tigray zone:North Western ZHD,confirmed
1040641,adi abegea health post,tigray,ooJW86aQMRR,adi abagie health post,tigray,0.8278055191040039,adi abegea health post woreda:Adi Daero Town region:tigray zone:North West Zone,adi abagie health post region:tigray zone:North Western ZHD,confirmed
1040645,adi abaerej health post,tigray,ooJW86aQMRR,adi abagie health post,tigray,0.8069785833358765,adi abaerej health post woreda:Laelay qoraro woreda region:tigray zone:North West Zone,adi abagie health post region:tigray zone:North Western ZHD,confirmed
1040653,zana health post,tigray,pswmGgQOekX,zana health post,tigray,0.8842061161994934,zana health post woreda:Zana Woreda region:tigray zone:North West Zone,zana health post region:tigray zone:North Western ZHD,confirmed
1040655,kubrto health post,tigray,BEuOI69O4qs,kubrto health post,tigray,0.8425830006599426,kubrto health post woreda:Zana Woreda region:tigray zone:North West Zone,kubrto health post region:tigray zone:North Western ZHD,confirmed
1040663,chilachikin health post,tigray,Vk9D90p9dd7,chilachiqni health post,tigray,0.8313555121421814,chilachikin health post woreda:Zana Woreda region:tigray zone:North West Zone,chilachiqni health post region:tigray zone:North Western ZHD,confirmed
1040708,kahsay abera general hospital,tigray,b5jTOZAzXpq,kahsay abera hospital,tigray,0.8307844400405884,kahsay abera general hospital woreda:Setit Humra Woreda region:tigray zone:Western Zone,kahsay abera hospital region:tigray zone:Western ZHD,confirmed
1040713,tsehayo health center,tigray,C7rp6tQxeIU,tsehayo health center,tigray,0.8309422731399536,tsehayo health center woreda:Adi Daero Town region:tigray zone:North West Zone,tsehayo health center region:tigray zone:North Western ZHD,confirmed
1040713,tsehayo health center,tigray,X55MqRBBlV3,tsehayo health post,tigray,0.813508927822113,tsehayo health center woreda:Adi Daero Town region:tigray zone:North West Zone,tsehayo health post region:tigray zone:North Western ZHD,confirmed
1040830,wukro bethntset clnic,tigray,rPjDFar54C4,wukro prison medium clinic,tigray,0.8382173180580139,wukro bethntset clnic region:tigray zone:South East Zone,wukro prison medium clinic region:tigray zone:Eastern ZHD,confirmed
1040869,kidst arsema medium clinic,tigray,aiJ1j1EOIrs,kidst arsema clinic,tigray,0.8055135607719421,kidst arsema medium clinic woreda:Wukro Town region:tigray zone:Eastern Zone,kidst arsema clinic region:tigray zone:Eastern ZHD,confirmed
1040873,mercy speciality clinic,tigray,dEf0lWcuZR3,mercy specialty clinic,tigray,0.8051409721374512,mercy speciality clinic woreda:Wukro Town region:tigray zone:Eastern Zone,mercy specialty clinic region:tigray zone:Eastern ZHD,confirmed
1040904,guahgot health post,tigray,IdrJlHaP1Nj,guah got health post,tigray,0.8999611735343933,guahgot health post region:tigray zone:South East Zone,guah got health post region:tigray zone:Eastern ZHD,confirmed
1040904,guahgot health post,tigray,USZMnD48nkK,gijet health post,tigray,0.8097619414329529,guahgot health post region:tigray zone:South East Zone,gijet health post region:tigray zone:South Eastern ZHD,confirmed
1040931,guahgot health post,tigray,IdrJlHaP1Nj,guah got health post,tigray,0.8999611735343933,guahgot health post region:tigray zone:South East Zone,guah got health post region:tigray zone:Eastern ZHD,confirmed
1040931,guahgot health post,tigray,USZMnD48nkK,gijet health post,tigray,0.8097619414329529,guahgot health post region:tigray zone:South East Zone,gijet health post region:tigray zone:South Eastern ZHD,confirmed
1040978,agulae healt post,tigray,RXEEIqIEctP,agulae kidus michael clinic,tigray,0.8117318153381348,agulae healt post region:tigray zone:South East Zone,agulae kidus michael clinic region:tigray zone:Eastern ZHD,confirmed
1041047,abrha drug shop,tigray,faoPEo72lpX,abrha we atsbha health post,tigray,0.8312242031097412,abrha drug shop region:tigray zone:North West Zone,abrha we atsbha health post region:tigray zone:Eastern ZHD,confirmed
1041587,icmc general hospital,addis ababa,pF5U1LYxiOE,icmc general hospital,addis ababa,0.8360113501548767,icmc general hospital woreda:Woreda 13 region:addis ababa zone:Lemi kura Sub city,icmc general hospital region:addis ababa zone:Lemi Kura Sub City,confirmed
1041643,adigrat general hospital,tigray,E9oW2xxqs3v,adigrat hospital,tigray,0.863003671169281,adigrat general hospital woreda:Adigrat Town region:tigray zone:Eastern Zone,adigrat hospital region:tigray zone:Eastern ZHD,confirmed
1041643,adigrat general hospital,tigray,zfiv9qFa6un,adigrat clinic,tigray,0.8433954119682312,adigrat general hospital woreda:Adigrat Town region:tigray zone:Eastern Zone,adigrat clinic region:tigray zone:Eastern ZHD,confirmed
1041754,girum primary clinic,south west ethiopia,y5wpNp2IAf5,girum primary clinic,south west ethiopia,0.8302560448646545,girum primary clinic woreda:Gura Ferda Woreda region:south west ethiopia zone:Bench Sheko Zone,girum primary clinic region:south west ethiopia zone:Dawro ZHD,confirmed
1041762,kidst mariam drug shop,tigray,jJ6oG3Ejt4U,kidste mariam clinic,tigray,0.8211517930030823,kidst mariam drug shop woreda:Adigrat Town region:tigray zone:Eastern Zone,kidste mariam clinic region:tigray zone:Eastern ZHD,confirmed
1041783,adigrat drug shop,tigray,zfiv9qFa6un,adigrat clinic,tigray,0.815284788608551,adigrat drug shop woreda:Adigrat Town region:tigray zone:Eastern Zone,adigrat clinic region:tigray zone:Eastern ZHD,confirmed
1041843,gebrecherkos drug shop,tigray,pI66v5nmz20,gebrekiristos medium clinic,tigray,0.8247408270835876,gebrecherkos drug shop region:tigray zone:South East Zone,gebrekiristos medium clinic region:tigray zone:North Western ZHD,confirmed
1041843,gebrecherkos drug shop,tigray,gffdReW4Lfe,gebrekirstos clinic,tigray,0.8213401436805725,gebrecherkos drug shop region:tigray zone:South East Zone,gebrekirstos clinic region:tigray zone:North Western ZHD,confirmed
1041884,mehal bebeka health post,south west ethiopia,x0xABTDSMQJ,mehal bebeka health post,south west ethiopia,0.9114627242088318,mehal bebeka health post woreda:South Bench Woreda region:south west ethiopia zone:Bench Sheko Zone,mehal bebeka health post region:south west ethiopia zone:Bench Sheko ZHD,confirmed
1041888,elshaday primary clinic,south west ethiopia,EGVCvldgvkt,elshaday clinic,south west ethiopia,0.8686824440956116,elshaday primary clinic woreda:South Bench Woreda region:south west ethiopia zone:Bench Sheko Zone,elshaday clinic region:south west ethiopia zone:Bench Sheko ZHD,confirmed
1041894,kidus mikael primary clinic,south west ethiopia,hfciTWspgiT,kidus mikael primary clinic,south west ethiopia,0.8779415488243103,kidus mikael primary clinic woreda:South Bench Woreda region:south west ethiopia zone:Bench Sheko Zone,kidus mikael primary clinic region:south west ethiopia zone:Kaffa ZHD,confirmed
1041894,kidus mikael primary clinic,south west ethiopia,xLJVS5qPJ7a,kidus micheal primary clinic,south west ethiopia,0.8316950798034668,kidus mikael primary clinic woreda:South Bench Woreda region:south west ethiopia zone:Bench Sheko Zone,kidus micheal primary clinic region:south west ethiopia zone:Kaffa ZHD,confirmed
1041896,fekade egziabher primary clinic,south west ethiopia,D3yvLxqIeYh,fikade egziabher clinic,south west ethiopia,0.82503342628479,fekade egziabher primary clinic woreda:South Bench Woreda region:south west ethiopia zone:Bench Sheko Zone,fikade egziabher clinic region:south west ethiopia zone:West Omo ZHD,confirmed
1041923,elishaday primary clinic,south west ethiopia,EGVCvldgvkt,elshaday clinic,south west ethiopia,0.8000397086143494,elishaday primary clinic woreda:Gura Ferda Woreda region:south west ethiopia zone:Bench Sheko Zone,elshaday clinic region:south west ethiopia zone:Bench Sheko ZHD,confirmed
1042061,muya health post,south west ethiopia,XjtLcCE6j87,muyakela health post,south west ethiopia,0.8412696123123169,muya health post woreda:North Bench Woreda region:south west ethiopia zone:Bench Sheko Zone,muyakela health post region:south west ethiopia zone:Bench Sheko ZHD,confirmed
1042548,fekade egziabeher primary clinic,south west ethiopia,D3yvLxqIeYh,fikade egziabher clinic,south west ethiopia,0.8160915970802307,fekade egziabeher primary clinic woreda:Jemu Town region:south west ethiopia zone:West Omo zone,fikade egziabher clinic region:south west ethiopia zone:West Omo ZHD,confirmed
1042592,ady abeba health post,south west ethiopia,wp7SVFTKYp5,adey abeba 02 health post,south west ethiopia,0.8509551286697388,ady abeba health post woreda:Gachit Woreda region:south west ethiopia zone:West Omo zone,adey abeba 02 health post region:south west ethiopia zone:West Omo ZHD,confirmed
1044213,senay internal medicine specialty center,addis ababa,OhBxATfyu9s,senay internal medicine speciality center,addis ababa,0.8508418798446655,senay internal medicine specialty center woreda:Woreda 3 region:addis ababa zone:Kirkos Sub City,senay internal medicine speciality center region:addis ababa zone:Kirkos Sub City,confirmed
1044237,sitota psychiatry and rehabilitation center,addis ababa,XGHM1lF9AbX,sitota psychiatry,addis ababa,0.8164163827896118,sitota psychiatry and rehabilitation center woreda:Woreda 9 region:addis ababa zone:Kolfe Sub city,sitota psychiatry region:addis ababa zone:Kolfe Subcity,confirmed
1044255,mulu g pediatrics and internal medicine specialty center,addis ababa,buQbxHVMJK1,mulu g health service internal medicine & pediatrics specialty clinic,addis ababa,0.8667300343513489,mulu g pediatrics and internal medicine specialty center woreda:Woreda 2 region:addis ababa zone:Bole Sub City,mulu g health service internal medicine & pediatrics specialty clinic region:addis ababa zone:Bole Sub City,confirmed
1044368,nisir specialty ophthalmology clinic,addis ababa,SxYE02KJEgQ,nisir specialized eye clinic,addis ababa,0.8187735676765442,nisir specialty ophthalmology clinic woreda:Woreda 6 region:addis ababa zone:Nifas Silk Lafto Sub City,nisir specialized eye clinic region:addis ababa zone:Nifas Silk Lafto Sub City,confirmed
1044607,pire health post,benishangul gumuz,zyBlVj1pjvb,pire health post,benishangul gumuz,0.8388282060623169,pire health post woreda:Wembera Woreda region:benishangul gumuz zone:Metekel Zone,pire health post region:benishangul gumuz zone:Metekel ZHD,confirmed
1044789,yirgalem drug store,sidama,IxMPhAcBCy7,yirgalem preason clinic,sidama,0.8054875135421753,yirgalem drug store woreda:Yirgalem Town Administration region:sidama zone:Central Sidama Zone,yirgalem preason clinic region:sidama zone:Yirgalem Town Administration WorHO,confirmed
1045036,darara health center,sidama,PYkCsm2MvHP,derara health center,sidama,0.8518382906913757,darara health center woreda:Darara Woreda region:sidama zone:Central Sidama Zone,derara health center region:sidama zone:Darara WorHO,confirmed
1045054,beteseb primary clinic,sidama,Vs0bTf3uPTG,beteseb clinic,sidama,0.8229369521141052,beteseb primary clinic woreda:Darara Woreda region:sidama zone:Central Sidama Zone,beteseb clinic region:sidama zone:Aleta Chuko Town WorHO,confirmed
1045054,beteseb primary clinic,sidama,lFYdDUSbSti,beteseb clinic,sidama,0.8158512115478516,beteseb primary clinic woreda:Darara Woreda region:sidama zone:Central Sidama Zone,beteseb clinic region:sidama zone:Shebedino WorHO,confirmed
1045061,elishaday primary clinic,sidama,tqD0EaSV8Vr,elishaday clinic,sidama,0.8021227121353149,elishaday primary clinic woreda:Darara Woreda region:sidama zone:Central Sidama Zone,elishaday clinic region:sidama zone:Daye Town Administration WorHO,confirmed
1045082,yaye primary clinic,sidama,SwvYjwAs1jB,yaye primary hospital phcu,sidama,0.868812084197998,yaye primary clinic woreda:Arbegona Woreda region:sidama zone:Central Sidama Zone,yaye primary hospital phcu region:sidama zone:Arbegona WorHO,confirmed
1045323,kechi tuta health post,south west ethiopia,TxzbSojUA9v,kechi tuta health post,south west ethiopia,0.928558349609375,kechi tuta health post woreda:Kechi Woreda region:south west ethiopia zone:Dawro Zone,kechi tuta health post region:south west ethiopia zone:Dawro ZHD,confirmed
1045334,muga health post,south west ethiopia,uvAn1owzHJg,muga health post,south west ethiopia,0.8755820393562317,muga health post woreda:Kechi Woreda region:south west ethiopia zone:Dawro Zone,muga health post region:south west ethiopia zone:Dawro ZHD,confirmed
1045956,angela dube health post,south west ethiopia,xMvZHExEq37,angelaidiget health post,south west ethiopia,0.8823395371437073,angela dube health post woreda:Zaba Gazo Woreda region:south west ethiopia zone:Dawro Zone,angelaidiget health post region:south west ethiopia zone:Dawro ZHD,confirmed
1045956,angela dube health post,south west ethiopia,Adi7mpqR4fB,anigela dube health post,south west ethiopia,0.8614120483398438,angela dube health post woreda:Zaba Gazo Woreda region:south west ethiopia zone:Dawro Zone,anigela dube health post region:south west ethiopia zone:Dawro ZHD,confirmed
1047860,arsemawit medium clinic,oromia,sIXMJxDSOY0,arsemawi medium clinic,oromia,0.8277256488800049,arsemawit medium clinic woreda:Mana Abicha Sub-City region:oromia zone:Sheger City,arsemawi medium clinic region:oromia zone:SHEGER CITY Health Office,confirmed
1048317,gada medium clinic,oromia,ARmDiCgHFLs,gadaa medium clinic,oromia,0.8260637521743774,gada medium clinic woreda:Meki Town region:oromia zone:East Shewa Zone,gadaa medium clinic region:oromia zone:East Bale ZHD,confirmed
1048384,wanofi primary clinic,oromia,xqiYUXSiZ6y,wanofi primary clinic,oromia,0.8520832061767578,wanofi primary clinic woreda:Bule Hora Town region:oromia zone:Bule Hora Town,wanofi primary clinic region:oromia zone:Kelem Wellega  ZHD,confirmed
1048396,zerihun primary clinic,oromia,DdPHGnV55k2,zarihun primary clinic,oromia,0.8267354965209961,zerihun primary clinic woreda:Ayira region:oromia zone:West Wollega Zone,zarihun primary clinic region:oromia zone:West Wellega  ZHD,confirmed
1048405,yonas primary clinic,oromia,VivBrffLOBb,yonase primary clinic,oromia,0.8371151089668274,yonas primary clinic woreda:Ayira region:oromia zone:West Wollega Zone,yonase primary clinic region:oromia zone:East Hararge ZHD,confirmed
1048418,biftu primary clinic,oromia,RTpEBBwg7n7,biftuu primary clinic,oromia,0.8562883734703064,biftu primary clinic woreda:Kurfa Chale region:oromia zone:East Hararge Zone,biftuu primary clinic region:oromia zone:East Hararge ZHD,confirmed
1048418,biftu primary clinic,oromia,ONo5bd3EAbs,biftu primary clinic,oromia,0.8169079422950745,biftu primary clinic woreda:Kurfa Chale region:oromia zone:East Hararge Zone,biftu primary clinic region:oromia zone:West Arsi ZHD,confirmed
1048428,babo health post,oromia,TsFjzgwHqHr,babo 01 health post,oromia,0.8258719444274902,babo health post woreda:Babo Gembel region:oromia zone:West Wollega Zone,babo 01 health post region:oromia zone:West Wellega  ZHD,confirmed
1048428,babo health post,oromia,n4O0h8Egwos,babo 02 health post,oromia,0.8366262912750244,babo health post woreda:Babo Gembel region:oromia zone:West Wollega Zone,babo 02 health post region:oromia zone:West Wellega  ZHD,confirmed
1048444,selam primary clinic,oromia,RNIwrbsjXnX,selam primary clinic,oromia,0.825811505317688,selam primary clinic woreda:Agaro Town region:oromia zone:Agaro Towm,selam primary clinic region:oromia zone:Arsi ZHD,confirmed
1048444,selam primary clinic,oromia,eFb1sS6DK8j,selam primary clinic,oromia,0.8204525113105774,selam primary clinic woreda:Agaro Town region:oromia zone:Agaro Towm,selam primary clinic region:oromia zone:Jimma ZHD,confirmed
1048444,selam primary clinic,oromia,yxgRJUE38OV,selam primary clinic,oromia,0.8358229994773865,selam primary clinic woreda:Agaro Town region:oromia zone:Agaro Towm,selam primary clinic region:oromia zone:Mojo Town ZHD,confirmed
1048444,selam primary clinic,oromia,zXOWAROV3xI,selam primary clinic,oromia,0.8304061889648438,selam primary clinic woreda:Agaro Town region:oromia zone:Agaro Towm,selam primary clinic region:oromia zone:North Shewa  ZHD,confirmed
1048480,kenya medium clinic,oromia,AA3v8vWCcwp,kenya medium clinic,oromia,0.8219377398490906,kenya medium clinic woreda:Agaro Town region:oromia zone:Agaro Towm,kenya medium clinic region:oromia zone:SHEGER CITY Health Office,confirmed
1048485,universal medium clinic,oromia,rMchClWhywN,universal medium clinic,oromia,0.8205386400222778,universal medium clinic woreda:Agaro Town region:oromia zone:Agaro Towm,universal medium clinic region:oromia zone:Asalla town ZHD,confirmed
1048524,shombo baida health post,oromia,VgPxLBA4FB1,shombo baida health post,oromia,0.8672711253166199,shombo baida health post woreda:Begi region:oromia zone:West Wollega Zone,shombo baida health post region:oromia zone:West Wellega  ZHD,confirmed
1048528,shanta goba health post,oromia,LIxHROdDPZp,shanta goba health post,oromia,0.8630768656730652,shanta goba health post woreda:Begi region:oromia zone:West Wollega Zone,shanta goba health post region:oromia zone:West Wellega  ZHD,confirmed
1048531,shigogo farmakisi health post,oromia,Ki63jsnM0GN,shigogo farmakisi health post,oromia,0.8558541536331177,shigogo farmakisi health post woreda:Begi region:oromia zone:West Wollega Zone,shigogo farmakisi health post region:oromia zone:West Wellega  ZHD,confirmed
1048558,abdurahim medium clinic,oromia,t2FzD7IkTl2,abdurehim medium clinic,oromia,0.8462097644805908,abdurahim medium clinic woreda:Gedeb Hasasa region:oromia zone:West Arsi Zone,abdurehim medium clinic region:oromia zone:West Arsi ZHD,confirmed
1048567,abo mana jarte health post,oromia,WSZ7phC6QK8,abo mena jarte health post,oromia,0.8277085423469543,abo mana jarte health post woreda:Boji Choqorsa region:oromia zone:West Wollega Zone,abo mena jarte health post region:oromia zone:West Wellega  ZHD,confirmed
1048626,abdi bori primary clinic,oromia,lEXvArQdOeK,abdi boru primary clinic,oromia,0.8030666708946228,abdi bori primary clinic woreda:Boji Choqorsa region:oromia zone:West Wollega Zone,abdi boru primary clinic region:oromia zone:East Hararge ZHD,confirmed
1048626,abdi bori primary clinic,oromia,zG8PEJvi3fg,abdi bori primary clinic,oromia,0.8065208792686462,abdi bori primary clinic woreda:Boji Choqorsa region:oromia zone:West Wollega Zone,abdi bori primary clinic region:oromia zone:Kelem Wellega  ZHD,confirmed
1048626,abdi bori primary clinic,oromia,le985Djz8ZH,abdi boru lower primary clinic,oromia,0.8325263857841492,abdi bori primary clinic woreda:Boji Choqorsa region:oromia zone:West Wollega Zone,abdi boru lower primary clinic region:oromia zone:West Hararge ZHD,confirmed
1048626,abdi bori primary clinic,oromia,f9dRHxYDzjk,abdi bori primary clinic,oromia,0.8553984761238098,abdi bori primary clinic woreda:Boji Choqorsa region:oromia zone:West Wollega Zone,abdi bori primary clinic region:oromia zone:West Wellega  ZHD,confirmed
1048634,olit primary clinic,oromia,PwCU6UJpWNw,olit 02 primary clinic,oromia,0.8299436569213867,olit primary clinic woreda:Dambi Dollo region:oromia zone:Kelem Wollega Zone,olit 02 primary clinic region:oromia zone:Kelem Wellega  ZHD,confirmed
1048657,kiya primary clinic,oromia,tWqCjSB329S,kiyya primary clinic,oromia,0.8135902881622314,kiya primary clinic woreda:Dedo region:oromia zone:Jimma Zone,kiyya primary clinic region:oromia zone:East Hararge ZHD,confirmed
1048698,alaku kayisa primary clinic,oromia,dLgXLEKnfc2,alaku katholic primary clinic,oromia,0.8178622126579285,alaku kayisa primary clinic woreda:Seyo region:oromia zone:Kelem Wollega Zone,alaku katholic primary clinic region:oromia zone:Kelem Wellega  ZHD,confirmed
1048700,minjo imbiraro health post,oromia,VTyU7r9gvpQ,minjo imbiraro health post,oromia,0.8597498536109924,minjo imbiraro health post woreda:Ganji region:oromia zone:West Wollega Zone,minjo imbiraro health post region:oromia zone:West Wellega  ZHD,confirmed
1048738,abay primary clinic,gambella,DgsB8xzZA8G,abay primary clinic,gambella,0.8682928681373596,abay primary clinic woreda:Godere region:gambella zone:Majang Zone,abay primary clinic region:gambella zone:Majang ZHD,confirmed
1048813,kegna olit primary clinic,oromia,Ci5duKNkvyk,kegna oliti primary clinic,oromia,0.8504871129989624,kegna olit primary clinic woreda:Seyo region:oromia zone:Kelem Wollega Zone,kegna oliti primary clinic region:oromia zone:Kelem Wellega  ZHD,confirmed
1048817,abdi keen primary clinic,oromia,dhuvRHPujds,abdi saba primary clinic,oromia,0.8010897040367126,abdi keen primary clinic woreda:Dale Sadi region:oromia zone:Kelem Wollega Zone,abdi saba primary clinic region:oromia zone:Kelem Wellega  ZHD,confirmed
1048888,mati primary clinic,oromia,bwsw3wjk5IE,mati primary clinic,oromia,0.8031964302062988,mati primary clinic woreda:Anfilo region:oromia zone:Kelem Wollega Zone,mati primary clinic region:oromia zone:Buno Bedele ZHD,confirmed
1048888,mati primary clinic,oromia,HsrZ43AxI77,mati primary clinic,oromia,0.8089502453804016,mati primary clinic woreda:Anfilo region:oromia zone:Kelem Wollega Zone,mati primary clinic region:oromia zone:East Hararge ZHD,confirmed
1048888,mati primary clinic,oromia,L9i6hcK9a4O,mati primary clinic,oromia,0.8012112975120544,mati primary clinic woreda:Anfilo region:oromia zone:Kelem Wollega Zone,mati primary clinic region:oromia zone:Guji ZHD,confirmed
1048888,mati primary clinic,oromia,MCtyqPjUWwx,mati primary clinic,oromia,0.807572066783905,mati primary clinic woreda:Anfilo region:oromia zone:Kelem Wollega Zone,mati primary clinic region:oromia zone:Horo Gudru Wellega  ZHD,confirmed
1048888,mati primary clinic,oromia,jrym7kDfyzL,mati primary clinic,oromia,0.801710844039917,mati primary clinic woreda:Anfilo region:oromia zone:Kelem Wollega Zone,mati primary clinic region:oromia zone:Ilu Aba Bora ZHD,confirmed
1048888,mati primary clinic,oromia,mWm8ENeiOqK,mati primary clinic,oromia,0.8406982421875,mati primary clinic woreda:Anfilo region:oromia zone:Kelem Wollega Zone,mati primary clinic region:oromia zone:Kelem Wellega  ZHD,confirmed
1048888,mati primary clinic,oromia,GR7gu8kC1hU,mati primary clinic,oromia,0.8093717694282532,mati primary clinic woreda:Anfilo region:oromia zone:Kelem Wollega Zone,mati primary clinic region:oromia zone:West Arsi ZHD,confirmed
1048888,mati primary clinic,oromia,rSfVwYxkr2i,mati primary clinic,oromia,0.8093717694282532,mati primary clinic woreda:Anfilo region:oromia zone:Kelem Wollega Zone,mati primary clinic region:oromia zone:West Arsi ZHD,confirmed
1048888,mati primary clinic,oromia,xwrKgxLHnVN,mati primary clinic,oromia,0.8091331124305725,mati primary clinic woreda:Anfilo region:oromia zone:Kelem Wollega Zone,mati primary clinic region:oromia zone:West Shewa  ZHD,confirmed
1048946,abenezer primary clinic 123,oromia,RFt3OPm6TUL,abenezer primary clinic,oromia,0.807246208190918,abenezer primary clinic 123 woreda:Anfilo region:oromia zone:Kelem Wollega Zone,abenezer primary clinic region:oromia zone:Kelem Wellega  ZHD,confirmed
1049037,nebar komoshiga health center,benishangul gumuz,drCu4N1Oxu0,nebarkomshiga health center,benishangul gumuz,0.8230664134025574,nebar komoshiga health center woreda:Abrahamo Woreda region:benishangul gumuz zone:Assosa Zone,nebarkomshiga health center region:benishangul gumuz zone:Assosa ZHD,confirmed
1049114,ateto selega health post,benishangul gumuz,fbFJg1OszTm,ateto selga health post,benishangul gumuz,0.870027482509613,ateto selega health post woreda:Assosa Town region:benishangul gumuz zone:Assosa Town Administration,ateto selga health post region:benishangul gumuz zone:Assosa ZHD,confirmed
1049327,kebebush optomety medium clinic,benishangul gumuz,WBDXABv6kyp,kebebush ortometri medium clinic,benishangul gumuz,0.8843467235565186,kebebush optomety medium clinic woreda:Assosa Town region:benishangul gumuz zone:Assosa Town Administration,kebebush ortometri medium clinic region:benishangul gumuz zone:Asosa Town  ZHD,confirmed
1049371,rodas primary clinic,benishangul gumuz,JAN4ZVhDd1r,rodis primary clinic,benishangul gumuz,0.8574442863464355,rodas primary clinic woreda:Guba Woreda region:benishangul gumuz zone:Metekel Zone,rodis primary clinic region:benishangul gumuz zone:Metekel ZHD,confirmed
1049412,beteseb medium clinic,oromia,FL1ivRfIf2H,beteseba getachewu primary clinic,oromia,0.8013871908187866,beteseb medium clinic woreda:Kersa region:oromia zone:Jimma Zone,beteseba getachewu primary clinic region:oromia zone:Jimma ZHD,confirmed
1049412,beteseb medium clinic,oromia,A6Mx6SLGEnV,beteseb primary clinic,oromia,0.8207486271858215,beteseb medium clinic woreda:Kersa region:oromia zone:Jimma Zone,beteseb primary clinic region:oromia zone:Jimma ZHD,confirmed
1049413,fikadeigzihaber primary clinic,oromia,onDfl27XYDr,fikade egzabiher primary clinic,oromia,0.8534438014030457,fikadeigzihaber primary clinic woreda:Kersa region:oromia zone:Jimma Zone,fikade egzabiher primary clinic region:oromia zone:Jimma ZHD,confirmed
1049437,biftu primary clinic,oromia,qRzd1BUt9jZ,biftu primary clinic,oromia,0.8097038269042969,biftu primary clinic woreda:Limu Seka region:oromia zone:Jimma Zone,biftu primary clinic region:oromia zone:Arsi ZHD,confirmed
1049437,biftu primary clinic,oromia,RTpEBBwg7n7,biftuu primary clinic,oromia,0.8202452063560486,biftu primary clinic woreda:Limu Seka region:oromia zone:Jimma Zone,biftuu primary clinic region:oromia zone:East Hararge ZHD,confirmed
1049437,biftu primary clinic,oromia,ONo5bd3EAbs,biftu primary clinic,oromia,0.8156134486198425,biftu primary clinic woreda:Limu Seka region:oromia zone:Jimma Zone,biftu primary clinic region:oromia zone:West Arsi ZHD,confirmed
1049439,elshaday primary clinic,oromia,Iooluo6ORYT,elshaday primary clinic,oromia,0.8227391242980957,elshaday primary clinic woreda:Limu Seka region:oromia zone:Jimma Zone,elshaday primary clinic region:oromia zone:Ilu Aba Bora ZHD,confirmed
1049442,bontu primary clinic,oromia,ut6T6HVhZok,bontu primary clinic,oromia,0.8531052470207214,bontu primary clinic woreda:Limu Seka region:oromia zone:Jimma Zone,bontu primary clinic region:oromia zone:Jimma ZHD,confirmed
1049448,begna primary clinic,oromia,Xqj93mGkBrl,begna primary clinic,oromia,0.8390741944313049,begna primary clinic woreda:Mana region:oromia zone:Jimma Zone,begna primary clinic region:oromia zone:West Wellega  ZHD,confirmed
1049451,haro primary clinic,oromia,A1EpzCyhgRv,haro primary clinic,oromia,0.8205992579460144,haro primary clinic woreda:Mana region:oromia zone:Jimma Zone,haro primary clinic region:oromia zone:Horo Gudru Wellega  ZHD,confirmed
1049454,kegna primary clinic,oromia,FMQ1TM1BBqq,kegna primary clinic,oromia,0.8224643468856812,kegna primary clinic woreda:Mana region:oromia zone:Jimma Zone,kegna primary clinic region:oromia zone:Ilu Aba Bora ZHD,confirmed
1049454,kegna primary clinic,oromia,Ci5duKNkvyk,kegna oliti primary clinic,oromia,0.8051546216011047,kegna primary clinic woreda:Mana region:oromia zone:Jimma Zone,kegna oliti primary clinic region:oromia zone:Kelem Wellega  ZHD,confirmed
1049481,bilile primary clinic,oromia,R2K91z0EcBX,bilile primary clinic,oromia,0.8449380993843079,bilile primary clinic woreda:Seka Chekorsa region:oromia zone:Jimma Zone,bilile primary clinic region:oromia zone:Jimma ZHD,confirmed
1049503,rebira primary clinic,oromia,MoB2qvALxQt,rebira primary clinic,oromia,0.80128014087677,rebira primary clinic woreda:Nedhi Gibe region:oromia zone:Jimma Zone,rebira primary clinic region:oromia zone:Holota Town ZHD,confirmed
1049503,rebira primary clinic,oromia,YsSp8KqVz9y,rabira primary clinic,oromia,0.8197636604309082,rebira primary clinic woreda:Nedhi Gibe region:oromia zone:Jimma Zone,rabira primary clinic region:oromia zone:Jimma ZHD,confirmed
1049503,rebira primary clinic,oromia,d1jsgWJcWHw,rebira primary clinic,oromia,0.8514898419380188,rebira primary clinic woreda:Nedhi Gibe region:oromia zone:Jimma Zone,rebira primary clinic region:oromia zone:Jimma ZHD,confirmed
1049503,rebira primary clinic,oromia,JWp09ttPPBY,rebira primary clinic,oromia,0.8186267018318176,rebira primary clinic woreda:Nedhi Gibe region:oromia zone:Jimma Zone,rebira primary clinic region:oromia zone:West Shewa  ZHD,confirmed
1049516,gonka ija health post,oromia,oHRI6iOaOPQ,gonka ija health post,oromia,0.8579736351966858,gonka ija health post woreda:Gudeya Bila region:oromia zone:East Wollega Zone,gonka ija health post region:oromia zone:East Wellega ZHD,confirmed
1049540,hayu medium clinic,oromia,khoad7mmgq7,hayu medium clinic,oromia,0.8568241596221924,hayu medium clinic woreda:Guliso region:oromia zone:West Wollega Zone,hayu medium clinic region:oromia zone:West Wellega  ZHD,confirmed
1049544,ketim medium clinic,oromia,FmVFhqPrh4Y,ketim medium clinic,oromia,0.8601686358451843,ketim medium clinic woreda:Nejo Town region:oromia zone:Nejo Town,ketim medium clinic region:oromia zone:West Wellega  ZHD,confirmed
1049552,rehobot primary clinic,oromia,krnzYQLn19w,rehobot primary clinic,oromia,0.820960283279419,rehobot primary clinic woreda:Nedjo Rural region:oromia zone:West Wollega Zone,rehobot primary clinic region:oromia zone:West Guji ZHD,confirmed
1049552,rehobot primary clinic,oromia,VuNYZwmJrSe,rehobot primary clinic,oromia,0.8192123770713806,rehobot primary clinic woreda:Nedjo Rural region:oromia zone:West Wollega Zone,rehobot primary clinic region:oromia zone:West Wellega  ZHD,confirmed
1049552,rehobot primary clinic,oromia,usB83XvZfui,rehobot primary clinic,oromia,0.8192124962806702,rehobot primary clinic woreda:Nedjo Rural region:oromia zone:West Wollega Zone,rehobot primary clinic region:oromia zone:West Wellega  ZHD,confirmed
1049553,amuma yambel primary clinic,oromia,rZOlGGMZJse,amuma yambal primary clinic,oromia,0.8246660232543945,amuma yambel primary clinic woreda:Nedjo Rural region:oromia zone:West Wollega Zone,amuma yambal primary clinic region:oromia zone:West Wellega  ZHD,confirmed
1049554,walin primary clinic,oromia,RyMdtKnZfFj,walin primary clinic,oromia,0.8220797181129456,walin primary clinic woreda:Nedjo Rural region:oromia zone:West Wollega Zone,walin primary clinic region:oromia zone:West Wellega  ZHD,confirmed
1049651,abdi saba primary clinic,oromia,dhuvRHPujds,abdi saba primary clinic,oromia,0.8448092341423035,abdi saba primary clinic woreda:Hawa Gelan region:oromia zone:Kelem Wollega Zone,abdi saba primary clinic region:oromia zone:Kelem Wellega  ZHD,confirmed
1049662,faya ofi primary clinic,oromia,ceULW6IFxVU,faya ofi medium clinic,oromia,0.8230815529823303,faya ofi primary clinic woreda:Gidami region:oromia zone:Kelem Wollega Zone,faya ofi medium clinic region:oromia zone:Kelem Wellega  ZHD,confirmed
1049666,abdi bori primary clinic,oromia,riN0WkhaVoM,abdi boru primary clinic,oromia,0.8008649349212646,abdi bori primary clinic woreda:Gidami region:oromia zone:Kelem Wollega Zone,abdi boru primary clinic region:oromia zone:Arsi ZHD,confirmed
1049666,abdi bori primary clinic,oromia,Zkt42xCRafL,abdi boru primary clinic,oromia,0.8008649349212646,abdi bori primary clinic woreda:Gidami region:oromia zone:Kelem Wollega Zone,abdi boru primary clinic region:oromia zone:Arsi ZHD,confirmed
1049666,abdi bori primary clinic,oromia,XvDyvVlXfVL,abdi boru primary clinic,oromia,0.8008649349212646,abdi bori primary clinic woreda:Gidami region:oromia zone:Kelem Wollega Zone,abdi boru primary clinic region:oromia zone:Arsi ZHD,confirmed
1049666,abdi bori primary clinic,oromia,lEXvArQdOeK,abdi boru primary clinic,oromia,0.8044285178184509,abdi bori primary clinic woreda:Gidami region:oromia zone:Kelem Wollega Zone,abdi boru primary clinic region:oromia zone:East Hararge ZHD,confirmed
1049666,abdi bori primary clinic,oromia,zG8PEJvi3fg,abdi bori primary clinic,oromia,0.8589889407157898,abdi bori primary clinic woreda:Gidami region:oromia zone:Kelem Wollega Zone,abdi bori primary clinic region:oromia zone:Kelem Wellega  ZHD,confirmed
1049666,abdi bori primary clinic,oromia,f9dRHxYDzjk,abdi bori primary clinic,oromia,0.8285923600196838,abdi bori primary clinic woreda:Gidami region:oromia zone:Kelem Wollega Zone,abdi bori primary clinic region:oromia zone:West Wellega  ZHD,confirmed
1049702,bikila primary clinic,oromia,lv0chaETOxh,bikila primary clinic,oromia,0.8164878487586975,bikila primary clinic woreda:Gudeya Bila region:oromia zone:East Wollega Zone,bikila primary clinic region:oromia zone:Arsi ZHD,confirmed
1049721,mati primary clinic,oromia,HsrZ43AxI77,mati primary clinic,oromia,0.8090537786483765,mati primary clinic woreda:Sibu Sire region:oromia zone:East Wollega Zone,mati primary clinic region:oromia zone:East Hararge ZHD,confirmed
1049739,lalisa primary clinic,oromia,q5YJlCovlwz,lalise primary clinic,oromia,0.8242622017860413,lalisa primary clinic woreda:Guliso region:oromia zone:West Wollega Zone,lalise primary clinic region:oromia zone:West Arsi ZHD,confirmed
1049739,lalisa primary clinic,oromia,oof9Sw1eqXg,lalisa primary clinic,oromia,0.8599908947944641,lalisa primary clinic woreda:Guliso region:oromia zone:West Wollega Zone,lalisa primary clinic region:oromia zone:West Wellega  ZHD,confirmed
1049739,lalisa primary clinic,oromia,Q6lSsdFJ24M,lalisa medium clinic,oromia,0.8184854388237,lalisa primary clinic woreda:Guliso region:oromia zone:West Wollega Zone,lalisa medium clinic region:oromia zone:West Wellega  ZHD,confirmed
1049740,abdi bori primary clinic,oromia,riN0WkhaVoM,abdi boru primary clinic,oromia,0.8467620015144348,abdi bori primary clinic woreda:Nejo Town region:oromia zone:Nejo Town,abdi boru primary clinic region:oromia zone:Arsi ZHD,confirmed
1049740,abdi bori primary clinic,oromia,Zkt42xCRafL,abdi boru primary clinic,oromia,0.8467620015144348,abdi bori primary clinic woreda:Nejo Town region:oromia zone:Nejo Town,abdi boru primary clinic region:oromia zone:Arsi ZHD,confirmed
1049740,abdi bori primary clinic,oromia,XvDyvVlXfVL,abdi boru primary clinic,oromia,0.8467620015144348,abdi bori primary clinic woreda:Nejo Town region:oromia zone:Nejo Town,abdi boru primary clinic region:oromia zone:Arsi ZHD,confirmed
1049740,abdi bori primary clinic,oromia,lEXvArQdOeK,abdi boru primary clinic,oromia,0.8435305953025818,abdi bori primary clinic woreda:Nejo Town region:oromia zone:Nejo Town,abdi boru primary clinic region:oromia zone:East Hararge ZHD,confirmed
1049740,abdi bori primary clinic,oromia,ACZBpOi0ti5,abdi booru primary clinic,oromia,0.8269054889678955,abdi bori primary clinic woreda:Nejo Town region:oromia zone:Nejo Town,abdi booru primary clinic region:oromia zone:East Hararge ZHD,confirmed
1049740,abdi bori primary clinic,oromia,L1ds0TgUQdK,abdi primary clinic,oromia,0.8155280947685242,abdi bori primary clinic woreda:Nejo Town region:oromia zone:Nejo Town,abdi primary clinic region:oromia zone:East Wellega ZHD,confirmed
1049740,abdi bori primary clinic,oromia,XaQLCteqvtW,abdii primary clinic,oromia,0.8084338307380676,abdi bori primary clinic woreda:Nejo Town region:oromia zone:Nejo Town,abdii primary clinic region:oromia zone:East Wellega ZHD,confirmed
1049740,abdi bori primary clinic,oromia,mIzIvrevQPM,abdi boru small clinic,oromia,0.802015483379364,abdi bori primary clinic woreda:Nejo Town region:oromia zone:Nejo Town,abdi boru small clinic region:oromia zone:Guji ZHD,confirmed
1049740,abdi bori primary clinic,oromia,iaEFCRdXREM,abdi boru small clinic,oromia,0.802015483379364,abdi bori primary clinic woreda:Nejo Town region:oromia zone:Nejo Town,abdi boru small clinic region:oromia zone:Guji ZHD,confirmed
1049740,abdi bori primary clinic,oromia,Rv6KeSAQZw8,abdi boru small clinic,oromia,0.802015483379364,abdi bori primary clinic woreda:Nejo Town region:oromia zone:Nejo Town,abdi boru small clinic region:oromia zone:Guji ZHD,confirmed
1049740,abdi bori primary clinic,oromia,zG8PEJvi3fg,abdi bori primary clinic,oromia,0.8570483326911926,abdi bori primary clinic woreda:Nejo Town region:oromia zone:Nejo Town,abdi bori primary clinic region:oromia zone:Kelem Wellega  ZHD,confirmed
1049740,abdi bori primary clinic,oromia,S2G6N2YqwqC,abdi primary clinic,oromia,0.8206835389137268,abdi bori primary clinic woreda:Nejo Town region:oromia zone:Nejo Town,abdi primary clinic region:oromia zone:North Shewa  ZHD,confirmed
1049740,abdi bori primary clinic,oromia,le985Djz8ZH,abdi boru lower primary clinic,oromia,0.8278781175613403,abdi bori primary clinic woreda:Nejo Town region:oromia zone:Nejo Town,abdi boru lower primary clinic region:oromia zone:West Hararge ZHD,confirmed
1049740,abdi bori primary clinic,oromia,f9dRHxYDzjk,abdi bori primary clinic,oromia,0.8666394948959351,abdi bori primary clinic woreda:Nejo Town region:oromia zone:Nejo Town,abdi bori primary clinic region:oromia zone:West Wellega  ZHD,confirmed
1049740,abdi bori primary clinic,oromia,Ho9XnZwjZMT,abdi primary clinic,oromia,0.8183469176292419,abdi bori primary clinic woreda:Nejo Town region:oromia zone:Nejo Town,abdi primary clinic region:oromia zone:West Wellega  ZHD,confirmed
1049759,geda primary clinic,oromia,qkvQYWPl1Nu,geda primary clinic,oromia,0.8429128527641296,geda primary clinic woreda:Gida Ayana region:oromia zone:East Wollega Zone,geda primary clinic region:oromia zone:East Hararge ZHD,confirmed
1049759,geda primary clinic,oromia,IjkIQpPmpRH,geda primary clinic,oromia,0.8371487855911255,geda primary clinic woreda:Gida Ayana region:oromia zone:East Wollega Zone,geda primary clinic region:oromia zone:East Wellega ZHD,confirmed
1049775,chala primary clinic,oromia,BeRrqzc35gh,chala primary clinic,oromia,0.8070057034492493,chala primary clinic woreda:Gudeya Bila region:oromia zone:East Wollega Zone,chala primary clinic region:oromia zone:Bale ZHD,confirmed
1049793,bishoftu automotive medium clinic,oromia,COBKIim1hMN,bishoftu medium clinic,oromia,0.8122276067733765,bishoftu automotive medium clinic woreda:Dibayu Woreda region:oromia zone:Bishoftu Town,bishoftu medium clinic region:oromia zone:Bishoftu Town ZHD,confirmed
1049853,abdi wak primary clinic,oromia,dhuvRHPujds,abdi saba primary clinic,oromia,0.8297665119171143,abdi wak primary clinic woreda:Seyo region:oromia zone:Kelem Wollega Zone,abdi saba primary clinic region:oromia zone:Kelem Wellega  ZHD,confirmed
1049913,amanuel primary clinic,oromia,dnfIAXpkwiE,amanuel primary clinic,oromia,0.8010995388031006,amanuel primary clinic woreda:Guliso region:oromia zone:West Wollega Zone,amanuel primary clinic region:oromia zone:Buno Bedele ZHD,confirmed
1049913,amanuel primary clinic,oromia,L6jeD5QdYRJ,amanuel primary clinic,oromia,0.8154700994491577,amanuel primary clinic woreda:Guliso region:oromia zone:West Wollega Zone,amanuel primary clinic region:oromia zone:East Wellega ZHD,confirmed
1049913,amanuel primary clinic,oromia,aJTxIFdtPuo,amanuel primary clinic,oromia,0.8313727974891663,amanuel primary clinic woreda:Guliso region:oromia zone:West Wollega Zone,amanuel primary clinic region:oromia zone:Guji ZHD,confirmed
1049913,amanuel primary clinic,oromia,WW20quZa78N,amanuel 2nd primary clinic,oromia,0.8376173377037048,amanuel primary clinic woreda:Guliso region:oromia zone:West Wollega Zone,amanuel 2nd primary clinic region:oromia zone:West Wellega  ZHD,confirmed
1049913,amanuel primary clinic,oromia,XjdmFRNWzXY,amanuel primary clinic,oromia,0.8426805734634399,amanuel primary clinic woreda:Guliso region:oromia zone:West Wollega Zone,amanuel primary clinic region:oromia zone:West Wellega  ZHD,confirmed
1049913,amanuel primary clinic,oromia,iuTxgo2YEAL,amanuel primary clinic,oromia,0.8426805734634399,amanuel primary clinic woreda:Guliso region:oromia zone:West Wollega Zone,amanuel primary clinic region:oromia zone:West Wellega  ZHD,confirmed
1049915,rohobot primary clinic,oromia,zVnmjXLz7Ye,rohobot primary clinic,oromia,0.8084197640419006,rohobot primary clinic woreda:Guliso region:oromia zone:West Wollega Zone,rohobot primary clinic region:oromia zone:Bale ZHD,confirmed
1049915,rohobot primary clinic,oromia,aNDEcVX9IEt,rohobot primary clinic,oromia,0.8102797865867615,rohobot primary clinic woreda:Guliso region:oromia zone:West Wollega Zone,rohobot primary clinic region:oromia zone:Borena ZHD,confirmed
1049915,rohobot primary clinic,oromia,iOZQ8LETGd6,rohoboti primary,oromia,0.808536171913147,rohobot primary clinic woreda:Guliso region:oromia zone:West Wollega Zone,rohoboti primary region:oromia zone:West Guji ZHD,confirmed
1049915,rohobot primary clinic,oromia,krnzYQLn19w,rehobot primary clinic,oromia,0.8325291872024536,rohobot primary clinic woreda:Guliso region:oromia zone:West Wollega Zone,rehobot primary clinic region:oromia zone:West Guji ZHD,confirmed
1049915,rohobot primary clinic,oromia,GK3vrDbfbB7,rohobot primary clinic,oromia,0.8449938893318176,rohobot primary clinic woreda:Guliso region:oromia zone:West Wollega Zone,rohobot primary clinic region:oromia zone:West Wellega  ZHD,confirmed
1049918,ebise primary clinic,oromia,tTXL2bqQVPb,ebise primary clinic,oromia,0.8519389629364014,ebise primary clinic woreda:Guliso region:oromia zone:West Wollega Zone,ebise primary clinic region:oromia zone:West Wellega  ZHD,confirmed
1049922,galawo primary clinic,oromia,bVF7CFTQMi4,galaho primary clinic,oromia,0.8062868714332581,galawo primary clinic woreda:Guliso region:oromia zone:West Wollega Zone,galaho primary clinic region:oromia zone:West Wellega  ZHD,confirmed
1049934,sherkole drug store,benishangul gumuz,A7VER95IMZZ,sherkole cluster phcu,benishangul gumuz,0.8048911690711975,sherkole drug store woreda:Sherkole Woreda region:benishangul gumuz zone:Assosa Zone,sherkole cluster phcu region:benishangul gumuz zone:Assosa ZHD,confirmed
1049934,sherkole drug store,benishangul gumuz,DpivdRgSg0J,sherkole phcu,benishangul gumuz,0.8144215941429138,sherkole drug store woreda:Sherkole Woreda region:benishangul gumuz zone:Assosa Zone,sherkole phcu region:benishangul gumuz zone:Assosa ZHD,confirmed
1049935,elishaday drug store,benishangul gumuz,jEfZmH2gXzA,elishaday medium clinic,benishangul gumuz,0.8093110918998718,elishaday drug store woreda:Bulen Woreda region:benishangul gumuz zone:Metekel Zone,elishaday medium clinic region:benishangul gumuz zone:Metekel ZHD,confirmed
1049944,menge drug store,benishangul gumuz,jPikbVjcrxl,menge phcu,benishangul gumuz,0.803276777267456,menge drug store woreda:Menge Woreda region:benishangul gumuz zone:Assosa Zone,menge phcu region:benishangul gumuz zone:Assosa ZHD,confirmed
1050173,abdi bori primary clinic,oromia,lEXvArQdOeK,abdi boru primary clinic,oromia,0.8064597845077515,abdi bori primary clinic woreda:Mene Sibu region:oromia zone:West Wollega Zone,abdi boru primary clinic region:oromia zone:East Hararge ZHD,confirmed
1050173,abdi bori primary clinic,oromia,zG8PEJvi3fg,abdi bori primary clinic,oromia,0.8036991357803345,abdi bori primary clinic woreda:Mene Sibu region:oromia zone:West Wollega Zone,abdi bori primary clinic region:oromia zone:Kelem Wellega  ZHD,confirmed
1050173,abdi bori primary clinic,oromia,le985Djz8ZH,abdi boru lower primary clinic,oromia,0.8297622203826904,abdi bori primary clinic woreda:Mene Sibu region:oromia zone:West Wollega Zone,abdi boru lower primary clinic region:oromia zone:West Hararge ZHD,confirmed
1050173,abdi bori primary clinic,oromia,f9dRHxYDzjk,abdi bori primary clinic,oromia,0.8528842926025391,abdi bori primary clinic woreda:Mene Sibu region:oromia zone:West Wollega Zone,abdi bori primary clinic region:oromia zone:West Wellega  ZHD,confirmed
1050221,urji badosi primary clinic,oromia,jrFMSoLajMq,urjii primary clinic,oromia,0.8019632697105408,urji badosi primary clinic woreda:Nedjo Rural region:oromia zone:West Wollega Zone,urjii primary clinic region:oromia zone:West Hararge ZHD,confirmed
1050295,urji primary clinic,oromia,nf4E2awGDA5,urji primary clinic,oromia,0.8054296374320984,urji primary clinic woreda:Nole Kaba region:oromia zone:West Wollega Zone,urji primary clinic region:oromia zone:Arsi ZHD,confirmed
1050295,urji primary clinic,oromia,jrFMSoLajMq,urjii primary clinic,oromia,0.8449788689613342,urji primary clinic woreda:Nole Kaba region:oromia zone:West Wollega Zone,urjii primary clinic region:oromia zone:West Hararge ZHD,confirmed
1050329,abdisa primary clinic,oromia,OxUsCkouf8Q,abdisa junior primary clinic,oromia,0.8121606111526489,abdisa primary clinic woreda:Nole Kaba region:oromia zone:West Wollega Zone,abdisa junior primary clinic region:oromia zone:East Hararge ZHD,confirmed
1050329,abdisa primary clinic,oromia,IXO7iErbmfF,abdisa primary clinic,oromia,0.8468592762947083,abdisa primary clinic woreda:Nole Kaba region:oromia zone:West Wollega Zone,abdisa primary clinic region:oromia zone:West Guji ZHD,confirmed
1050486,gada primary clinic,oromia,VkSI48vo3EZ,gada primary clinic,oromia,0.8117573857307434,gada primary clinic woreda:Qondala region:oromia zone:West Wollega Zone,gada primary clinic region:oromia zone:East Hararge ZHD,confirmed
1050486,gada primary clinic,oromia,tI6vVkgbHdT,gada primary clinic,oromia,0.8409861922264099,gada primary clinic woreda:Qondala region:oromia zone:West Wollega Zone,gada primary clinic region:oromia zone:West Shewa  ZHD,confirmed
1050528,jitu primary clinic,oromia,dQ02RlFhCc2,jitu primary clinic,oromia,0.8365494012832642,jitu primary clinic woreda:Qondala region:oromia zone:West Wollega Zone,jitu primary clinic region:oromia zone:West Shewa  ZHD,confirmed
1050605,abdi bori primary clinic,oromia,le985Djz8ZH,abdi boru lower primary clinic,oromia,0.8234039545059204,abdi bori primary clinic woreda:Qondala region:oromia zone:West Wollega Zone,abdi boru lower primary clinic region:oromia zone:West Hararge ZHD,confirmed
1050605,abdi bori primary clinic,oromia,f9dRHxYDzjk,abdi bori primary clinic,oromia,0.8454630970954895,abdi bori primary clinic woreda:Qondala region:oromia zone:West Wollega Zone,abdi bori primary clinic region:oromia zone:West Wellega  ZHD,confirmed
1050784,koket primary clinic,oromia,d6jIRE0LaGE,koket primary clinic,oromia,0.8355252146720886,koket primary clinic woreda:Seyo Nole region:oromia zone:West Wollega Zone,koket primary clinic region:oromia zone:West Arsi ZHD,confirmed
1050784,koket primary clinic,oromia,fMPuCRRyMiy,koket primary clinic,oromia,0.8302640914916992,koket primary clinic woreda:Seyo Nole region:oromia zone:West Wollega Zone,koket primary clinic region:oromia zone:West Wellega  ZHD,confirmed
1050784,koket primary clinic,oromia,D8jdLopgzLv,koket primary clinic,oromia,0.8302640914916992,koket primary clinic woreda:Seyo Nole region:oromia zone:West Wollega Zone,koket primary clinic region:oromia zone:West Wellega  ZHD,confirmed
1051076,gachi gelel health post,oromia,eGPW4cWIGAo,gachi gelel health post,oromia,0.8297151923179626,gachi gelel health post woreda:Gimbi Rural region:oromia zone:West Wollega Zone,gachi gelel health post region:oromia zone:West Wellega  ZHD,confirmed
1051088,lelisa serit health post,oromia,Zf4eulxayYq,lelisa seriti health post,oromia,0.8070968389511108,lelisa serit health post woreda:Gimbi Rural region:oromia zone:West Wollega Zone,lelisa seriti health post region:oromia zone:West Wellega  ZHD,confirmed
1051322,maru health post,oromia,JIGaJKPEWau,maru health post,oromia,0.8087136149406433,maru health post woreda:Guliso region:oromia zone:West Wollega Zone,maru health post region:oromia zone:North Shewa  ZHD,confirmed
1052739,muka arba kinga health post,oromia,H5M3Xygvol6,muka arba kinga health post,oromia,0.8613865375518799,muka arba kinga health post woreda:Mene Sibu region:oromia zone:West Wollega Zone,muka arba kinga health post region:oromia zone:West Wellega  ZHD,confirmed
1052798,sombo dora health post,oromia,U7ZXMcjS7Kc,sombo dora health post,oromia,0.8449883460998535,sombo dora health post woreda:Nedjo Rural region:oromia zone:West Wollega Zone,sombo dora health post region:oromia zone:West Wellega  ZHD,confirmed
1052826,adis limat health post,oromia,TiGXoLi6G6B,addis limat health post,oromia,0.8166358470916748,adis limat health post woreda:Limu Kosa region:oromia zone:Jimma Zone,addis limat health post region:oromia zone:Jimma ZHD,confirmed
1052839,shimela ilu health post,oromia,ax3USPVzQiW,shimela ilu health post,oromia,0.8485788702964783,shimela ilu health post woreda:Nole Kaba region:oromia zone:West Wollega Zone,shimela ilu health post region:oromia zone:West Wellega  ZHD,confirmed
1052840,siba badosi health post,oromia,pAeqwcNfZn4,siba badosi health post,oromia,0.8542744517326355,siba badosi health post woreda:Nole Kaba region:oromia zone:West Wollega Zone,siba badosi health post region:oromia zone:West Wellega  ZHD,confirmed
1052841,siba silase health post,oromia,oDG1jVhVS14,siba silase health post,oromia,0.866152822971344,siba silase health post woreda:Nole Kaba region:oromia zone:West Wollega Zone,siba silase health post region:oromia zone:West Wellega  ZHD,confirmed
1052843,siba kopi health post,oromia,pZN55FB8QUa,siba kopi health post,oromia,0.8696116209030151,siba kopi health post woreda:Nole Kaba region:oromia zone:West Wollega Zone,siba kopi health post region:oromia zone:West Wellega  ZHD,confirmed
1052845,siba dalo health post,oromia,O7cdXp98g6Y,siba dalo health post,oromia,0.8612018823623657,siba dalo health post woreda:Nole Kaba region:oromia zone:West Wollega Zone,siba dalo health post region:oromia zone:West Wellega  ZHD,confirmed
1052889,felfili gelan health post,oromia,Q6lOuslW9lM,felfeli gelan health post,oromia,0.8229966759681702,felfili gelan health post woreda:Seyo Nole region:oromia zone:West Wollega Zone,felfeli gelan health post region:oromia zone:West Wellega  ZHD,confirmed
1053000,amanuel drug store,oromia,dnfIAXpkwiE,amanuel primary clinic,oromia,0.8177849650382996,amanuel drug store woreda:Bedele Town region:oromia zone:Buno Bedele Zone,amanuel primary clinic region:oromia zone:Buno Bedele ZHD,confirmed
1053011,boru medium clinic,oromia,kbv7sqOrHL5,boru medium clinic,oromia,0.8528590202331543,boru medium clinic woreda:Dera Town region:oromia zone:Arsi zone,boru medium clinic region:oromia zone:Arsi ZHD,confirmed
1053011,boru medium clinic,oromia,F8EX0YPiJE5,boru primary clinic,oromia,0.8071900606155396,boru medium clinic woreda:Dera Town region:oromia zone:Arsi zone,boru primary clinic region:oromia zone:Arsi ZHD,confirmed
1053025,meda walabu medium clinic,oromia,rS1T7QSY0hH,meda walabu medium clinic,oromia,0.8561825156211853,meda walabu medium clinic woreda:Bokeji Town region:oromia zone:Arsi zone,meda walabu medium clinic region:oromia zone:West Arsi ZHD,confirmed
1053245,silallo medium clinic branch # 2,afar,y1UmrKILoro,silallo #2 medium clinic,afar,0.8496065735816956,silallo medium clinic branch # 2 woreda:Semera Logia City Administration region:afar zone:Zone 1,silallo #2 medium clinic region:afar zone:Zone 1 ZHD,confirmed
1053867,al fathi medium clinic,somali,SwLVSPq0yjc,al fatahi medium clinic,somali,0.8455016613006592,al fathi medium clinic woreda:Jigjiga Town region:somali zone:Fafan,al fatahi medium clinic region:somali zone:Fafan ZHD,confirmed
1053867,al fathi medium clinic,somali,ANdHQMDKKix,al fathi m clinic,somali,0.808778703212738,al fathi medium clinic woreda:Jigjiga Town region:somali zone:Fafan,al fathi m clinic region:somali zone:Fafan ZHD,confirmed
1053868,puntland medium clinic,somali,Sj30HCujRpQ,puntland m clinic,somali,0.8207170367240906,puntland medium clinic woreda:Jigjiga Town region:somali zone:Fafan,puntland m clinic region:somali zone:Fafan ZHD,confirmed
1053922,moge primary clinic,somali,FekPoZXcil5,moge primary clinic,somali,0.8672165274620056,moge primary clinic woreda:Dekasuftu region:somali zone:Liben,moge primary clinic region:somali zone:Liben ZHD,confirmed
1054409,06 health post,somali,jgWeES6ygPy,05kebele health post,somali,0.8189963698387146,06 health post woreda:Jigjiga Town region:somali zone:Fafan,05kebele health post region:somali zone:Fafan ZHD,confirmed
1054419,07 health post,somali,IPZrLbB98Z9,06kebele health post,somali,0.8088758587837219,07 health post woreda:Jigjiga Town region:somali zone:Fafan,06kebele health post region:somali zone:Fafan ZHD,confirmed
1054419,07 health post,somali,vsnN2M7NDdK,07 kebele health post,somali,0.8034761548042297,07 health post woreda:Jigjiga Town region:somali zone:Fafan,07 kebele health post region:somali zone:Fafan ZHD,confirmed
1054420,08 health post,somali,WatKr1wqt06,08 kebele health post,somali,0.8082864880561829,08 health post woreda:Jigjiga Town region:somali zone:Fafan,08 kebele health post region:somali zone:Fafan ZHD,confirmed
1054550,udugweyne health post,somali,wCvQq3ghHSH,udubwayne health post,somali,0.8117966651916504,udugweyne health post woreda:Aw-barre region:somali zone:Fafan,udubwayne health post region:somali zone:Fafan ZHD,confirmed
1054662,harshin health center,somali,Zt5Ao4HbyA1,harshin phcu,somali,0.8047817945480347,harshin health center woreda:Harshin region:somali zone:Fafan,harshin phcu region:somali zone:Fafan ZHD,confirmed
1054702,kurtumalay health post,somali,sCksNnm4Voy,kurtimalay health post,somali,0.8522444367408752,kurtumalay health post woreda:Harshin region:somali zone:Fafan,kurtimalay health post region:somali zone:Fafan ZHD,confirmed
1054711,sarir health post,somali,WS9WJVL0ehY,sariir health post,somali,0.8256559371948242,sarir health post woreda:Harshin region:somali zone:Fafan,sariir health post region:somali zone:Fafan ZHD,confirmed
1054714,makanis health post,somali,WrhdIbyTKAV,makaniis health post,somali,0.8494576811790466,makanis health post woreda:Tuliguled region:somali zone:Fafan,makaniis health post region:somali zone:Fafan ZHD,confirmed
1054714,makanis health post,somali,NEdfdF57mjw,makaniis health post,somali,0.8494576811790466,makanis health post woreda:Tuliguled region:somali zone:Fafan,makaniis health post region:somali zone:Fafan ZHD,confirmed
1054771,lander health post,somali,E072HsZXtkb,landher health post,somali,0.8041691184043884,lander health post woreda:Marsin region:somali zone:Korahay,landher health post region:somali zone:Korahay ZHD,confirmed
1054784,dhure health post,somali,vKa1rLWKoQ3,dhure phcu,somali,0.8935563564300537,dhure health post region:somali zone:Korahay,dhure phcu region:somali zone:Korahay ZHD,confirmed
1054786,ismoday health post,somali,cxo7V3yDhZK,ismodey health post,somali,0.8139780759811401,ismoday health post woreda:Goglo region:somali zone:Korahay,ismodey health post region:somali zone:Korahay ZHD,confirmed
1054789,gabrada hidhan health post,somali,zIqu6ljB1Xo,gabrada xidhan health post,somali,0.9374727010726929,gabrada hidhan health post region:somali zone:Korahay,gabrada xidhan health post region:somali zone:Korahay ZHD,confirmed
1054820,rab rab health post,somali,ZvRdCIGy1Nz,rabrab kebele health post,somali,0.8509309887886047,rab rab health post woreda:Dhoboweyn region:somali zone:Korahay,rabrab kebele health post region:somali zone:Korahay ZHD,confirmed
1054848,qalan qalay health post,somali,nAX8w0dm4vl,qalanqaley health post,somali,0.8363415002822876,qalan qalay health post woreda:El-Ogaden region:somali zone:Korahay,qalanqaley health post region:somali zone:Korahay ZHD,confirmed
1054858,dalanbiya health post,somali,svxJ2sZXGgB,dalanbiyo health post,somali,0.8455020189285278,dalanbiya health post woreda:Shilabo region:somali zone:Korahay,dalanbiyo health post region:somali zone:Korahay ZHD,confirmed
1054859,laba bar health post,somali,oevRbhnOiGp,laba haar health post,somali,0.8587223291397095,laba bar health post region:somali zone:Korahay,laba haar health post region:somali zone:Erar ZHD,confirmed
1054860,tulo awl health post,somali,B4lFJjxNFEk,tulo canbar health post,somali,0.822100818157196,tulo awl health post woreda:Shilabo region:somali zone:Korahay,tulo canbar health post region:somali zone:Korahay ZHD,confirmed
1054867,tulo cawil health post,somali,B4lFJjxNFEk,tulo canbar health post,somali,0.8037452101707458,tulo cawil health post woreda:Shilabo region:somali zone:Korahay,tulo canbar health post region:somali zone:Korahay ZHD,confirmed
1054867,tulo cawil health post,somali,OGVdbhiRtdi,tulo cawil health post,somali,0.8757442831993103,tulo cawil health post woreda:Shilabo region:somali zone:Korahay,tulo cawil health post region:somali zone:Korahay ZHD,confirmed
1054914,borta health post,somali,g2p1Fxq5Yad,boorta health post,somali,0.811710774898529,borta health post woreda:Babili region:somali zone:Fafan,boorta health post region:somali zone:Fafan ZHD,confirmed
1054960,magaga wayne health post,somali,uMwY9xS9Y0y,maygaag wayne health post,somali,0.8150402307510376,magaga wayne health post woreda:Fik region:somali zone:Erar,maygaag wayne health post region:somali zone:Erar ZHD,confirmed
1055012,elgab health post,somali,R9L1e9g6rl8,elgab health post,somali,0.869586169719696,elgab health post woreda:Elwayne region:somali zone:Nogob,elgab health post region:somali zone:Nogob ZHD,confirmed
1055034,farjano health post,somali,By9SW6C7828,farjano health post,somali,0.8732506632804871,farjano health post woreda:Duhun region:somali zone:Nogob,farjano health post region:somali zone:Nogob ZHD,confirmed
1055105,balanbale health post,somali,vzLNl3tXlTY,balan bale health post,somali,0.815802812576294,balanbale health post woreda:Ferfer region:somali zone:Shebelle,balan bale health post region:somali zone:Shebelle ZHD,confirmed
1055126,10 kebele health post,somali,amjm6s8n64h,10 kebele health post,somali,0.8763821125030518,10 kebele health post woreda:Godey City region:somali zone:Shebelle,10 kebele health post region:somali zone:Shebelle ZHD,confirmed
1055385,debele pharmacy,oromia,jSEWxJt84CP,debele medium clinic,oromia,0.8084020614624023,debele pharmacy woreda:Dibayu Woreda region:oromia zone:Bishoftu Town,debele medium clinic region:oromia zone:Bishoftu Town ZHD,confirmed
1055477,oda medium clinic,oromia,oOJXOhLOhub,oda medium clinic,oromia,0.8149165511131287,oda medium clinic woreda:Mendi Twon region:oromia zone:West Wollega Zone,oda medium clinic region:oromia zone:West Shewa  ZHD,confirmed
1055503,abdi bori primary clinic,oromia,lEXvArQdOeK,abdi boru primary clinic,oromia,0.8120599985122681,abdi bori primary clinic woreda:Guliso region:oromia zone:West Wollega Zone,abdi boru primary clinic region:oromia zone:East Hararge ZHD,confirmed
1055503,abdi bori primary clinic,oromia,zG8PEJvi3fg,abdi bori primary clinic,oromia,0.814843475818634,abdi bori primary clinic woreda:Guliso region:oromia zone:West Wollega Zone,abdi bori primary clinic region:oromia zone:Kelem Wellega  ZHD,confirmed
1055503,abdi bori primary clinic,oromia,le985Djz8ZH,abdi boru lower primary clinic,oromia,0.839984655380249,abdi bori primary clinic woreda:Guliso region:oromia zone:West Wollega Zone,abdi boru lower primary clinic region:oromia zone:West Hararge ZHD,confirmed
1055503,abdi bori primary clinic,oromia,f9dRHxYDzjk,abdi bori primary clinic,oromia,0.8638341426849365,abdi bori primary clinic woreda:Guliso region:oromia zone:West Wollega Zone,abdi bori primary clinic region:oromia zone:West Wellega  ZHD,confirmed
1055503,abdi bori primary clinic,oromia,Ho9XnZwjZMT,abdi primary clinic,oromia,0.8090611100196838,abdi bori primary clinic woreda:Guliso region:oromia zone:West Wollega Zone,abdi primary clinic region:oromia zone:West Wellega  ZHD,confirmed
1055637,ado health post,somali,XhWzyTL3gPQ,ado health post,somali,0.85833340883255,ado health post woreda:Warder region:somali zone:Dollo,ado health post region:somali zone:Dollo ZHD,confirmed
1055643,bali wanag health post,somali,XyujMS9m3QV,bali wanag health post,somali,0.8851140141487122,bali wanag health post woreda:Warder region:somali zone:Dollo,bali wanag health post region:somali zone:Dollo ZHD,confirmed
1055654,lama dega health post,somali,uAMkPdAe5tD,lama dega health post,somali,0.8894881010055542,lama dega health post woreda:Daratole region:somali zone:Dollo,lama dega health post region:somali zone:Dollo ZHD,confirmed
1055700,godir wahis health post,somali,T0IoEBEvK0Q,godir wahis health post,somali,0.8729902505874634,godir wahis health post woreda:Bokh region:somali zone:Dollo,godir wahis health post region:somali zone:Dollo ZHD,confirmed
1055712,qararo health post,somali,EYRogJMb3c3,qararo health post,somali,0.866291880607605,qararo health post woreda:Bokh region:somali zone:Dollo,qararo health post region:somali zone:Dollo ZHD,confirmed
1055753,gol health post,somali,RwsyvHQ4HGl,gol barwaqo health post,somali,0.8443393707275391,gol health post woreda:Hargele region:somali zone:Afder,gol barwaqo health post region:somali zone:Afder ZHD,confirmed
1055841,maya health post,somali,JMw7Q5jEPYu,maya health post,somali,0.8500221967697144,maya health post woreda:Dolo Ado region:somali zone:Liben,maya health post region:somali zone:Liben ZHD,confirmed
1055912,galbarwako health post,somali,RwsyvHQ4HGl,gol barwaqo health post,somali,0.8017911911010742,galbarwako health post woreda:Bare region:somali zone:Afder,gol barwaqo health post region:somali zone:Afder ZHD,confirmed
1055929,kablaley health post,somali,v7RF6kKQj9s,kablaley health post,somali,0.8569451570510864,kablaley health post woreda:Dolo Ado region:somali zone:Liben,kablaley health post region:somali zone:Liben ZHD,confirmed
1055931,hawalhaji health post,somali,cnwMHIPZAnV,hawalhaji health post,somali,0.8627825975418091,hawalhaji health post woreda:Dolo Ado region:somali zone:Liben,hawalhaji health post region:somali zone:Liben ZHD,confirmed
1055956,bocley health post,somali,XxfdQE854aR,bocley health post,somali,0.8560196161270142,bocley health post woreda:Ayisha region:somali zone:Sitti,bocley health post region:somali zone:Sitti ZHD,confirmed
1056008,hirin health post,somali,qGPXPAOtLRZ,hirin health post,somali,0.8684569001197815,hirin health post woreda:Filtu region:somali zone:Liben,hirin health post region:somali zone:Liben ZHD,confirmed
1056056,usubey health center,somali,zD45s7HXHrM,usubey health post,somali,0.8299461603164673,usubey health center woreda:Filtu region:somali zone:Liben,usubey health post region:somali zone:Liben ZHD,confirmed
1056213,mubashir primary clinic,somali,kdjAEh09GZG,mubashir primary clinic,somali,0.8662452101707458,mubashir primary clinic woreda:Degahbur region:somali zone:Jarar,mubashir primary clinic region:somali zone:Jarar ZHD,confirmed
1056511,tula woreda,sidama,dHAHdGDGaw9,tula worho,sidama,0.8290265798568726,tula woreda woreda:Tula Woreda region:sidama zone:Hawassa City Administration,tula worho region:sidama zone:Hawassa City Administration ZHD,confirmed
1056589,nole kaba woreda,oromia,fazgVhYVVHk,nole kaba phcu,oromia,0.8284376859664917,nole kaba woreda woreda:Nole Kaba region:oromia zone:West Wollega Zone,nole kaba phcu region:oromia zone:West Wellega  ZHD,confirmed
1056589,nole kaba woreda,oromia,yQCbAC8Y97p,nole kaba worho,oromia,0.8480673432350159,nole kaba woreda woreda:Nole Kaba region:oromia zone:West Wollega Zone,nole kaba worho region:oromia zone:West Wellega  ZHD,confirmed
1057096,hawzien town health office,tigray,f1S54fVDHsI,hawzen health post,tigray,0.8021059036254883,hawzien town health office woreda:Hawzen Town region:tigray zone:Eastern Zone,hawzen health post region:tigray zone:Eastern ZHD,confirmed
1057110,sherkole woreda,benishangul gumuz,A7VER95IMZZ,sherkole cluster phcu,benishangul gumuz,0.8944478034973145,sherkole woreda region:benishangul gumuz,sherkole cluster phcu region:benishangul gumuz zone:Assosa ZHD,confirmed
1057110,sherkole woreda,benishangul gumuz,DpivdRgSg0J,sherkole phcu,benishangul gumuz,0.904090940952301,sherkole woreda region:benishangul gumuz,sherkole phcu region:benishangul gumuz zone:Assosa ZHD,confirmed
1057240,kegna medium clinic,oromia,STJVfxrJK6L,kegna medium medium clinic,oromia,0.8016474843025208,kegna medium clinic woreda:Saden Sodo region:oromia zone:South West Shewa,kegna medium medium clinic region:oromia zone:Jimma ZHD,confirmed
1057245,oda medium clinic,oromia,HQd6dFx5JfP,oda medium clinic,oromia,0.8380674719810486,oda medium clinic woreda:Sodo Dachi region:oromia zone:South West Shewa,oda medium clinic region:oromia zone:North Shewa  ZHD,confirmed
1057245,oda medium clinic,oromia,oOJXOhLOhub,oda medium clinic,oromia,0.860600471496582,oda medium clinic woreda:Sodo Dachi region:oromia zone:South West Shewa,oda medium clinic region:oromia zone:West Shewa  ZHD,confirmed
1057260,dr bira dental medium clinic,oromia,l4ih1oi4Y5F,dr bira & adugna medium clinic,oromia,0.8157042860984802,dr bira dental medium clinic woreda:Gefersa Guje Sub-City region:oromia zone:Sheger City,dr bira & adugna medium clinic region:oromia zone:SHEGER CITY Health Office,confirmed
1057345,salama primary clinic,somali,XcQdLjdWjOX,salam primary clinic,somali,0.8258253931999207,salama primary clinic woreda:Jigjiga Town region:somali zone:Fafan,salam primary clinic region:somali zone:Fafan ZHD,confirmed
1057411,madina drug store,somali,wskqmoIH0gm,madina medium clinic,somali,0.8015493154525757,madina drug store woreda:Gursum region:somali zone:Fafan,madina medium clinic region:somali zone:Fafan ZHD,confirmed
1057458,daryel medium clinic,somali,oLwFAZUsoum,daryeel medium clinic,somali,0.8168691396713257,daryel medium clinic woreda:Fik region:somali zone:Erar,daryeel medium clinic region:somali zone:Fafan ZHD,confirmed
1057514,tsore refugee health center,benishangul gumuz,zLkwTwT34dq,tsore refugee health center,benishangul gumuz,0.8567137122154236,tsore refugee health center woreda:Homosha Woreda region:benishangul gumuz zone:Assosa Zone,tsore refugee health center region:benishangul gumuz zone:Assosa ZHD,confirmed
1057727,weroda 9 health center,addis ababa,DAv07lDykyB,woreda 01 health center,addis ababa,0.8459371328353882,weroda 9 health center woreda:Woreda 9 region:addis ababa zone:Nifas Silk Lafto Sub City,woreda 01 health center region:addis ababa zone:Nifas Silk Lafto Sub City,confirmed
1057786,leku medium clinic,addis ababa,FyS7TYLSBuq,leku primary clinic,addis ababa,0.805381715297699,leku medium clinic woreda:Woreda 13 region:addis ababa zone:Bole Sub City,leku primary clinic region:addis ababa zone:Bole Sub City,confirmed
1057797,meskerem primary clinic,addis ababa,II33UdOxJ5x,meskerem medium clinic,addis ababa,0.8242449164390564,meskerem primary clinic woreda:Woreda 7 region:addis ababa zone:Bole Sub City,meskerem medium clinic region:addis ababa zone:Bole Sub City,confirmed
1057846,furi pharmacy,oromia,FqNinFcloH7,furi health post or kebele 04,oromia,0.8236781358718872,furi pharmacy woreda:Furi Sub -City region:oromia zone:Sheger City,furi health post or kebele 04 region:oromia zone:SHEGER CITY Health Office,confirmed
1057857,afiya primary clinic,oromia,jRXFiYY16dn,afiya primary clinic,oromia,0.8210262060165405,afiya primary clinic woreda:Gelan Guda Sub-City region:oromia zone:Sheger City,afiya primary clinic region:oromia zone:SHEGER CITY Health Office,confirmed
1057929,police medium clinic,addis ababa,BKh5fKUiDmO,police memriya medium clinic,addis ababa,0.808783233165741,police medium clinic woreda:Woreda 8 region:addis ababa zone:Gulele Sub City,police memriya medium clinic region:addis ababa zone:Addis Ketema Sub City,confirmed
1057929,police medium clinic,addis ababa,LYocfntScYS,police memeria medium clinic,addis ababa,0.8067842721939087,police medium clinic woreda:Woreda 8 region:addis ababa zone:Gulele Sub City,police memeria medium clinic region:addis ababa zone:Akaki Kality Sub City,confirmed
1057938,oda medium clinic,oromia,HQd6dFx5JfP,oda medium clinic,oromia,0.8275117874145508,oda medium clinic woreda:Gerba Gurach Town region:oromia zone:North Shewa Zone,oda medium clinic region:oromia zone:North Shewa  ZHD,confirmed
1057945,gulele drug store,addis ababa,HDhjJbYLrih,gulele woreda 7 dic,addis ababa,0.8997637629508972,gulele drug store woreda:Woreda 9 region:addis ababa zone:Gulele Sub City,gulele woreda 7 dic region:addis ababa zone:Gulele Sub City,confirmed
1057958,oromiya medium clinic,oromia,QC1di9JETVo,oromiya medium clinic,oromia,0.8295187950134277,oromiya medium clinic woreda:Gerba Gurach Town region:oromia zone:North Shewa Zone,oromiya medium clinic region:oromia zone:North Shewa  ZHD,confirmed
1058077,abdi primary clinic,oromia,lEXvArQdOeK,abdi boru primary clinic,oromia,0.8028074502944946,abdi primary clinic woreda:Degem region:oromia zone:North Shewa Zone,abdi boru primary clinic region:oromia zone:East Hararge ZHD,confirmed
1058077,abdi primary clinic,oromia,ACZBpOi0ti5,abdi booru primary clinic,oromia,0.8058023452758789,abdi primary clinic woreda:Degem region:oromia zone:North Shewa Zone,abdi booru primary clinic region:oromia zone:East Hararge ZHD,confirmed
1058077,abdi primary clinic,oromia,L1ds0TgUQdK,abdi primary clinic,oromia,0.8126434087753296,abdi primary clinic woreda:Degem region:oromia zone:North Shewa Zone,abdi primary clinic region:oromia zone:East Wellega ZHD,confirmed
1058077,abdi primary clinic,oromia,XaQLCteqvtW,abdii primary clinic,oromia,0.8111430406570435,abdi primary clinic woreda:Degem region:oromia zone:North Shewa Zone,abdii primary clinic region:oromia zone:East Wellega ZHD,confirmed
1058077,abdi primary clinic,oromia,S2G6N2YqwqC,abdi primary clinic,oromia,0.8721937537193298,abdi primary clinic woreda:Degem region:oromia zone:North Shewa Zone,abdi primary clinic region:oromia zone:North Shewa  ZHD,confirmed
1058077,abdi primary clinic,oromia,Ho9XnZwjZMT,abdi primary clinic,oromia,0.8154127597808838,abdi primary clinic woreda:Degem region:oromia zone:North Shewa Zone,abdi primary clinic region:oromia zone:West Wellega  ZHD,confirmed
1058086,hiwote primary clinic,oromia,DI3q89TIg9n,hiwot primary clinic,oromia,0.8031014204025269,hiwote primary clinic woreda:Fitche Town region:oromia zone:North Shewa Zone,hiwot primary clinic region:oromia zone:West Shewa  ZHD,confirmed
1058087,eden primary clinic,oromia,hkDih0dSiLr,eden primary clinic,oromia,0.8351680040359497,eden primary clinic woreda:Gerba Gurach Town region:oromia zone:North Shewa Zone,eden primary clinic region:oromia zone:North Shewa  ZHD,confirmed
1058196,barkat primary clinic,somali,K1bQnXWmloe,barkaad primary clinic,somali,0.8309974670410156,barkat primary clinic woreda:Degahbur city region:somali zone:Jarar,barkaad primary clinic region:somali zone:Jarar ZHD,confirmed
1058239,shilinle health post,somali,i9fq3vlLJFY,shilinle health post,somali,0.8469814658164978,shilinle health post woreda:Babili region:somali zone:Fafan,shilinle health post region:somali zone:Fafan ZHD,confirmed
1058282,elishaday primary clinic,benishangul gumuz,jEfZmH2gXzA,elishaday medium clinic,benishangul gumuz,0.8146038055419922,elishaday primary clinic woreda:Zay Woreda region:benishangul gumuz zone:Kamashi Zone,elishaday medium clinic region:benishangul gumuz zone:Metekel ZHD,confirmed
1058627,maranta primary clinic,south west ethiopia,DBttfD25r1y,maranta clinic,south west ethiopia,0.8574280142784119,maranta primary clinic woreda:Bita Woreda region:south west ethiopia zone:Kaffa Zone,maranta clinic region:south west ethiopia zone:Kaffa ZHD,confirmed
1058723,keena kiyyaa primary clinic,oromia,w1oDDgyqwnP,keenya primary clinic,oromia,0.8035815954208374,keena kiyyaa primary clinic woreda:Bule Hora Town region:oromia zone:Bule Hora Town,keenya primary clinic region:oromia zone:Jimma ZHD,confirmed
1058832,ifnan medium clinic,oromia,mn0q3UQIeYl,ifan medium clinic,oromia,0.8560376167297363,ifnan medium clinic woreda:Metu Town region:oromia zone:Metu Town,ifan medium clinic region:oromia zone:SHEGER CITY Health Office,confirmed
1058883,lami medium clinic,oromia,TLqTMfy119s,lami medium clinic,oromia,0.8080993294715881,lami medium clinic woreda:Kombolcha region:oromia zone:East Hararge Zone,lami medium clinic region:oromia zone:Mojo Town ZHD,confirmed
1058891,malka primary clinic,oromia,txOOSUGDk5z,malka biyya primary clinic,oromia,0.8686915040016174,malka primary clinic woreda:Bule Hora Town region:oromia zone:Bule Hora Town,malka biyya primary clinic region:oromia zone:West Guji ZHD,confirmed
1058909,abdi bori primary clinic,oromia,riN0WkhaVoM,abdi boru primary clinic,oromia,0.8286598324775696,abdi bori primary clinic woreda:Abaya region:oromia zone:West Guji Zone,abdi boru primary clinic region:oromia zone:Arsi ZHD,confirmed
1058909,abdi bori primary clinic,oromia,Zkt42xCRafL,abdi boru primary clinic,oromia,0.8286598324775696,abdi bori primary clinic woreda:Abaya region:oromia zone:West Guji Zone,abdi boru primary clinic region:oromia zone:Arsi ZHD,confirmed
1058909,abdi bori primary clinic,oromia,XvDyvVlXfVL,abdi boru primary clinic,oromia,0.8286598324775696,abdi bori primary clinic woreda:Abaya region:oromia zone:West Guji Zone,abdi boru primary clinic region:oromia zone:Arsi ZHD,confirmed
1058909,abdi bori primary clinic,oromia,lEXvArQdOeK,abdi boru primary clinic,oromia,0.8407217860221863,abdi bori primary clinic woreda:Abaya region:oromia zone:West Guji Zone,abdi boru primary clinic region:oromia zone:East Hararge ZHD,confirmed
1058909,abdi bori primary clinic,oromia,ACZBpOi0ti5,abdi booru primary clinic,oromia,0.817168116569519,abdi bori primary clinic woreda:Abaya region:oromia zone:West Guji Zone,abdi booru primary clinic region:oromia zone:East Hararge ZHD,confirmed
1058909,abdi bori primary clinic,oromia,L1ds0TgUQdK,abdi primary clinic,oromia,0.8108659386634827,abdi bori primary clinic woreda:Abaya region:oromia zone:West Guji Zone,abdi primary clinic region:oromia zone:East Wellega ZHD,confirmed
1058909,abdi bori primary clinic,oromia,mIzIvrevQPM,abdi boru small clinic,oromia,0.809792697429657,abdi bori primary clinic woreda:Abaya region:oromia zone:West Guji Zone,abdi boru small clinic region:oromia zone:Guji ZHD,confirmed
1058909,abdi bori primary clinic,oromia,iaEFCRdXREM,abdi boru small clinic,oromia,0.809792697429657,abdi bori primary clinic woreda:Abaya region:oromia zone:West Guji Zone,abdi boru small clinic region:oromia zone:Guji ZHD,confirmed
1058909,abdi bori primary clinic,oromia,Rv6KeSAQZw8,abdi boru small clinic,oromia,0.809792697429657,abdi bori primary clinic woreda:Abaya region:oromia zone:West Guji Zone,abdi boru small clinic region:oromia zone:Guji ZHD,confirmed
1058909,abdi bori primary clinic,oromia,zG8PEJvi3fg,abdi bori primary clinic,oromia,0.8455920219421387,abdi bori primary clinic woreda:Abaya region:oromia zone:West Guji Zone,abdi bori primary clinic region:oromia zone:Kelem Wellega  ZHD,confirmed
1058909,abdi bori primary clinic,oromia,S2G6N2YqwqC,abdi primary clinic,oromia,0.8136692047119141,abdi bori primary clinic woreda:Abaya region:oromia zone:West Guji Zone,abdi primary clinic region:oromia zone:North Shewa  ZHD,confirmed
1058909,abdi bori primary clinic,oromia,EB69dEH4GH9,abdii boruu primary,oromia,0.8033145666122437,abdi bori primary clinic woreda:Abaya region:oromia zone:West Guji Zone,abdii boruu primary region:oromia zone:West Guji ZHD,confirmed
1058909,abdi bori primary clinic,oromia,ZFlIQ7uMFXi,abdii boruu primary,oromia,0.8033145666122437,abdi bori primary clinic woreda:Abaya region:oromia zone:West Guji Zone,abdii boruu primary region:oromia zone:West Guji ZHD,confirmed
1058909,abdi bori primary clinic,oromia,le985Djz8ZH,abdi boru lower primary clinic,oromia,0.853933572769165,abdi bori primary clinic woreda:Abaya region:oromia zone:West Guji Zone,abdi boru lower primary clinic region:oromia zone:West Hararge ZHD,confirmed
1058909,abdi bori primary clinic,oromia,f9dRHxYDzjk,abdi bori primary clinic,oromia,0.8822526931762695,abdi bori primary clinic woreda:Abaya region:oromia zone:West Guji Zone,abdi bori primary clinic region:oromia zone:West Wellega  ZHD,confirmed
1058909,abdi bori primary clinic,oromia,Ho9XnZwjZMT,abdi primary clinic,oromia,0.8339365124702454,abdi bori primary clinic woreda:Abaya region:oromia zone:West Guji Zone,abdi primary clinic region:oromia zone:West Wellega  ZHD,confirmed
1058918,oda medium clinic,oromia,cTroaMwo363,oda medium clinic,oromia,0.875823974609375,oda medium clinic woreda:Batu Town region:oromia zone:Batu Town,oda medium clinic region:oromia zone:Arsi ZHD,confirmed
1058918,oda medium clinic,oromia,wuyjsSJvdeD,oda medium clinic,oromia,0.875823974609375,oda medium clinic woreda:Batu Town region:oromia zone:Batu Town,oda medium clinic region:oromia zone:Arsi ZHD,confirmed
1058918,oda medium clinic,oromia,TLMVdACjZHZ,oda medium clinic,oromia,0.8743711113929749,oda medium clinic woreda:Batu Town region:oromia zone:Batu Town,oda medium clinic region:oromia zone:Horo Gudru Wellega  ZHD,confirmed
1058918,oda medium clinic,oromia,HQd6dFx5JfP,oda medium clinic,oromia,0.883639931678772,oda medium clinic woreda:Batu Town region:oromia zone:Batu Town,oda medium clinic region:oromia zone:North Shewa  ZHD,confirmed
1058918,oda medium clinic,oromia,oOJXOhLOhub,oda medium clinic,oromia,0.884518563747406,oda medium clinic woreda:Batu Town region:oromia zone:Batu Town,oda medium clinic region:oromia zone:West Shewa  ZHD,confirmed
1058919,shalomi medium clinic,oromia,asbnupgfRnM,shaalom medium clinic,oromia,0.8173164129257202,shalomi medium clinic woreda:Bora region:oromia zone:East Shewa Zone,shaalom medium clinic region:oromia zone:West Shewa  ZHD,confirmed
1059166,abenezer primary clinic,oromia,RFt3OPm6TUL,abenezer primary clinic,oromia,0.8140178322792053,abenezer primary clinic woreda:Kercha Town region:oromia zone:West Guji Zone,abenezer primary clinic region:oromia zone:Kelem Wellega  ZHD,confirmed
1059166,abenezer primary clinic,oromia,XwE4YJNfaCW,abenezar primary clinic,oromia,0.8203291893005371,abenezer primary clinic woreda:Kercha Town region:oromia zone:West Guji Zone,abenezar primary clinic region:oromia zone:South West Shewa  ZHD,confirmed
1059166,abenezer primary clinic,oromia,RQMPieypQsI,abenezer primary clinic,oromia,0.8216532468795776,abenezer primary clinic woreda:Kercha Town region:oromia zone:West Guji Zone,abenezer primary clinic region:oromia zone:West Wellega  ZHD,confirmed
1059166,abenezer primary clinic,oromia,juM4TMTINSP,abenezer 2nd primary clinic,oromia,0.8173012733459473,abenezer primary clinic woreda:Kercha Town region:oromia zone:West Guji Zone,abenezer 2nd primary clinic region:oromia zone:West Wellega  ZHD,confirmed
1059166,abenezer primary clinic,oromia,bIl6SSQzpCI,abenezer primary clinic,oromia,0.8216532468795776,abenezer primary clinic woreda:Kercha Town region:oromia zone:West Guji Zone,abenezer primary clinic region:oromia zone:West Wellega  ZHD,confirmed
1059185,shambu primary clinic,oromia,dfal8qFY0vA,shambu primary clinic,oromia,0.8208353519439697,shambu primary clinic woreda:Kercha region:oromia zone:West Guji Zone,shambu primary clinic region:oromia zone:Horo Gudru Wellega  ZHD,confirmed
1059191,wagari primary clinic,oromia,i52KM8h6ffW,wakjira primary clinic,oromia,0.8047462701797485,wagari primary clinic woreda:Kercha region:oromia zone:West Guji Zone,wakjira primary clinic region:oromia zone:West Guji ZHD,confirmed
1059277,afiya medium clinic,oromia,XM4U0PrDaWY,afiya medium clinic,oromia,0.8713791370391846,afiya medium clinic woreda:Dodola Town region:oromia zone:Dodola Town,afiya medium clinic region:oromia zone:Asalla town ZHD,confirmed
1059277,afiya medium clinic,oromia,pmMS59ZhVa3,afiya medium clinic,oromia,0.8725870251655579,afiya medium clinic woreda:Dodola Town region:oromia zone:Dodola Town,afiya medium clinic region:oromia zone:Shashemene Town ZHD,confirmed
1059291,yerosan medium clinic,oromia,VKi7UP9RWTX,yerosan medium clinic,oromia,0.8271706104278564,yerosan medium clinic woreda:Arsi Negele Town region:oromia zone:West Arsi Zone,yerosan medium clinic region:oromia zone:Shashemene Town ZHD,confirmed
1059313,koket medium clinic,oromia,wXFEP42d3Wh,koket medium clinic,oromia,0.8429370522499084,koket medium clinic woreda:Kofele region:oromia zone:West Arsi Zone,koket medium clinic region:oromia zone:Arsi ZHD,confirmed
1059345,sheno primary hospital,oromia,iOOl8EG9ORS,sheno primary hospital,oromia,0.86347895860672,sheno primary hospital woreda:Sheno Town region:oromia zone:Sheno Town,sheno primary hospital region:oromia zone:North Shewa  ZHD,confirmed
1059413,oromia medium clinic,oromia,kgIC1qSLbOp,oromia medium clinic,oromia,0.8319646120071411,oromia medium clinic woreda:Gedeb Hasasa region:oromia zone:West Arsi Zone,oromia medium clinic region:oromia zone:West Arsi ZHD,confirmed
1059447,beka medium clinic,oromia,ZyuxxFFx7ve,beka medium clinic,oromia,0.8110642433166504,beka medium clinic woreda:Bako Tibe region:oromia zone:West Shewa Zone,beka medium clinic region:oromia zone:SHEGER CITY Health Office,confirmed
1059510,garedew medium clinic,oromia,eGyWrktqtVm,garedew primary clinic,oromia,0.8222325444221497,garedew medium clinic woreda:Dano region:oromia zone:West Shewa Zone,garedew primary clinic region:oromia zone:West Shewa  ZHD,confirmed
1059537,tukafi kora health post,oromia,cXdNTjh8mHU,tuqafi kora health post,oromia,0.8432877659797668,tukafi kora health post woreda:Kimbibit region:oromia zone:North Shewa Zone,tuqafi kora health post region:oromia zone:North Shewa  ZHD,confirmed
1059609,beko primary clinic,oromia,q1KM10QFLvJ,bazzuu primary clinic,oromia,0.8124399781227112,beko primary clinic woreda:Bako Tibe region:oromia zone:West Shewa Zone,bazzuu primary clinic region:oromia zone:South West Shewa  ZHD,confirmed
1059616,debeli ganjo health post,oromia,JYLlFsQQhI6,debeli ganjo health post,oromia,0.8941488862037659,debeli ganjo health post woreda:Jida region:oromia zone:North Shewa Zone,debeli ganjo health post region:oromia zone:North Shewa  ZHD,confirmed
1059618,hawi primary clinic,oromia,l5t6HZnPN2L,hawi primary clinic,oromia,0.8059903979301453,hawi primary clinic woreda:Elfata region:oromia zone:West Shewa Zone,hawi primary clinic region:oromia zone:Bale ZHD,confirmed
1059689,chanco arsi primary hospital,oromia,bVjXFrMNcLH,chancho arsi primary hospital,oromia,0.8246520757675171,chanco arsi primary hospital woreda:Gololcha region:oromia zone:Arsi zone,chancho arsi primary hospital region:oromia zone:Arsi ZHD,confirmed
1059836,menketa health post,oromia,lkYVIJ4VDr8,menkata wariyo health post,oromia,0.8063443303108215,menketa health post woreda:Derra region:oromia zone:North Shewa Zone,menkata wariyo health post region:oromia zone:North Shewa  ZHD,confirmed
1059850,wuye gose health post,oromia,D7EGm43LD5z,wuye gose health post,oromia,0.8898772597312927,wuye gose health post woreda:Kuyu region:oromia zone:North Shewa Zone,wuye gose health post region:oromia zone:North Shewa  ZHD,confirmed
1059875,bosoke jate health post,oromia,rX1acqSz2OB,bosok jate health post,oromia,0.8681138157844543,bosoke jate health post woreda:Wuchale region:oromia zone:North Shewa Zone,bosok jate health post region:oromia zone:North Shewa  ZHD,confirmed
1059984,milki primary clinic,oromia,xYVDs7C5IXy,milki primary clinic,oromia,0.8149045705795288,milki primary clinic woreda:Kore region:oromia zone:West Arsi Zone,milki primary clinic region:oromia zone:Bale ZHD,confirmed
1059984,milki primary clinic,oromia,QRAEzmxT3gd,milki primary clinic,oromia,0.8806393146514893,milki primary clinic woreda:Kore region:oromia zone:West Arsi Zone,milki primary clinic region:oromia zone:West Arsi ZHD,confirmed
1060088,barey rural vender,somali,e623HtjT9NO,barey phcu,somali,0.8073148727416992,barey rural vender woreda:Bare region:somali zone:Afder,barey phcu region:somali zone:Afder ZHD,confirmed
1060117,dadim mission catholic primary clinic,oromia,GHqawWnJSPI,dadim sodu primary clinic,oromia,0.817945659160614,dadim mission catholic primary clinic woreda:Yabelo region:oromia zone:Borena Zone,dadim sodu primary clinic region:oromia zone:Borena ZHD,confirmed
1060124,chilanko health post,oromia,o1OVGXkC7ql,chilanko health post,oromia,0.8654100298881531,chilanko health post woreda:Jeldu region:oromia zone:West Shewa Zone,chilanko health post region:oromia zone:West Shewa  ZHD,confirmed
1060307,oda medium clinic,oromia,HQd6dFx5JfP,oda medium clinic,oromia,0.8547767400741577,oda medium clinic woreda:Dawo region:oromia zone:South West Shewa,oda medium clinic region:oromia zone:North Shewa  ZHD,confirmed
1060307,oda medium clinic,oromia,oOJXOhLOhub,oda medium clinic,oromia,0.8802947402000427,oda medium clinic woreda:Dawo region:oromia zone:South West Shewa,oda medium clinic region:oromia zone:West Shewa  ZHD,confirmed
1060342,mati medium clinic,oromia,cbxTgFkrTQU,mati medium clinic,oromia,0.8002278208732605,mati medium clinic woreda:Chobi region:oromia zone:West Shewa Zone,mati medium clinic region:oromia zone:Adama Special ZHD,confirmed
1060342,mati medium clinic,oromia,fyfWvVFNwDb,mati medium clinic,oromia,0.8195021748542786,mati medium clinic woreda:Chobi region:oromia zone:West Shewa Zone,mati medium clinic region:oromia zone:Guji ZHD,confirmed
1060348,wabi medium clinic,oromia,hF9QSOdabaS,wabi medium clinic,oromia,0.8082267642021179,wabi medium clinic woreda:Dire Enchini region:oromia zone:West Shewa Zone,wabi medium clinic region:oromia zone:West Wellega  ZHD,confirmed
1060353,abenezer primary clinic,oromia,hl7l0pVgkKx,abenezer primary clinic,oromia,0.8015877604484558,abenezer primary clinic woreda:Nonoo region:oromia zone:West Shewa Zone,abenezer primary clinic region:oromia zone:Arsi ZHD,confirmed
1060353,abenezer primary clinic,oromia,la1s0PzZoCY,abenezer primary clinic,oromia,0.8090280294418335,abenezer primary clinic woreda:Nonoo region:oromia zone:West Shewa Zone,abenezer primary clinic region:oromia zone:SHEGER CITY Health Office,confirmed
1060353,abenezer primary clinic,oromia,XwE4YJNfaCW,abenezar primary clinic,oromia,0.8530453443527222,abenezer primary clinic woreda:Nonoo region:oromia zone:West Shewa Zone,abenezar primary clinic region:oromia zone:South West Shewa  ZHD,confirmed
1060353,abenezer primary clinic,oromia,RQMPieypQsI,abenezer primary clinic,oromia,0.8416885137557983,abenezer primary clinic woreda:Nonoo region:oromia zone:West Shewa Zone,abenezer primary clinic region:oromia zone:West Wellega  ZHD,confirmed
1060353,abenezer primary clinic,oromia,juM4TMTINSP,abenezer 2nd primary clinic,oromia,0.8318505883216858,abenezer primary clinic woreda:Nonoo region:oromia zone:West Shewa Zone,abenezer 2nd primary clinic region:oromia zone:West Wellega  ZHD,confirmed
1060353,abenezer primary clinic,oromia,bIl6SSQzpCI,abenezer primary clinic,oromia,0.8416885137557983,abenezer primary clinic woreda:Nonoo region:oromia zone:West Shewa Zone,abenezer primary clinic region:oromia zone:West Wellega  ZHD,confirmed
1060369,kegna medium clinic,oromia,STJVfxrJK6L,kegna medium medium clinic,oromia,0.8172302842140198,kegna medium clinic woreda:Jibat region:oromia zone:West Shewa Zone,kegna medium medium clinic region:oromia zone:Jimma ZHD,confirmed
1060370,jibat primary clinic,oromia,xPwDO96v80i,jibat primary clinic,oromia,0.8545913100242615,jibat primary clinic woreda:Toke Kutaye region:oromia zone:West Shewa Zone,jibat primary clinic region:oromia zone:West Shewa  ZHD,confirmed
1060370,jibat primary clinic,oromia,O2sL2cgvhZF,jibat primary clinic,oromia,0.8545913100242615,jibat primary clinic woreda:Toke Kutaye region:oromia zone:West Shewa Zone,jibat primary clinic region:oromia zone:West Shewa  ZHD,confirmed
1060374,sena yerosan primary clinic,oromia,Y3tk5O5lN3T,sena yerosan piraymery cilinic primary clinic,oromia,0.8623278141021729,sena yerosan primary clinic woreda:Toke Kutaye region:oromia zone:West Shewa Zone,sena yerosan piraymery cilinic primary clinic region:oromia zone:West Shewa  ZHD,confirmed
1060468,addis demis drug store,addis ababa,r8JbGJsWWLp,addisketema woreda 1 dic,addis ababa,0.8440619707107544,addis demis drug store woreda:Woreda 1 region:addis ababa zone:Kolfe Sub city,addisketema woreda 1 dic region:addis ababa zone:Addis Ketema Sub City,confirmed
1060468,addis demis drug store,addis ababa,PObFChfmikr,addisketema woreda 9 dic,addis ababa,0.8169389963150024,addis demis drug store woreda:Woreda 1 region:addis ababa zone:Kolfe Sub city,addisketema woreda 9 dic region:addis ababa zone:Addis Ketema Sub City,confirmed
1060542,gada medium clinic,oromia,ARmDiCgHFLs,gadaa medium clinic,oromia,0.8175645470619202,gada medium clinic woreda:Adola Town region:oromia zone:Guji Zone,gadaa medium clinic region:oromia zone:East Bale ZHD,confirmed
1060545,tahe seka health post,oromia,SJcvCeaaTcD,taye saka health post,oromia,0.8019043803215027,tahe seka health post woreda:Ambo region:oromia zone:West Shewa Zone,taye saka health post region:oromia zone:West Shewa  ZHD,confirmed
1060558,yahi chebo health post,oromia,AIP8kRjn65C,yai chebo health post,oromia,0.9068446755409241,yahi chebo health post woreda:Ambo region:oromia zone:West Shewa Zone,yai chebo health post region:oromia zone:West Shewa  ZHD,confirmed
1060606,gajo kuyi health post,oromia,Nr8kGOSQMVO,gajo qui health post,oromia,0.8174256086349487,gajo kuyi health post woreda:Bako Tibe region:oromia zone:West Shewa Zone,gajo qui health post region:oromia zone:West Shewa  ZHD,confirmed
1060753,koreb pharmacy,addis ababa,V0tsujCiwmi,koreb midium clinic,addis ababa,0.8095400333404541,koreb pharmacy woreda:Woreda 8 region:addis ababa zone:Yeka Sub City,koreb midium clinic region:addis ababa zone:Yeka Sub City,confirmed
1060805,new life medium clinic,addis ababa,Pl1GyzHw914,new life medium clinic,addis ababa,0.8650385737419128,new life medium clinic woreda:Woreda 12 region:addis ababa zone:Nifas Silk Lafto Sub City,new life medium clinic region:addis ababa zone:Nifas Silk Lafto Sub City,confirmed
1060921,tsion pharmacy,addis ababa,DPn5NAFr1or,tsion pediatric speciality clinic,addis ababa,0.8025704622268677,tsion pharmacy woreda:Woreda 8 region:addis ababa zone:Yeka Sub City,tsion pediatric speciality clinic region:addis ababa zone:Yeka Sub City,confirmed
1061163,elshaday primary clinic,south west ethiopia,EGVCvldgvkt,elshaday clinic,south west ethiopia,0.8763540983200073,elshaday primary clinic woreda:Sheko Woreda region:south west ethiopia zone:Bench Sheko Zone,elshaday clinic region:south west ethiopia zone:Bench Sheko ZHD,confirmed
1061307,dire weni health post,oromia,OlsDdqAD80Q,dire wani health post,oromia,0.8341541886329651,dire weni health post woreda:Mida Kegni region:oromia zone:West Shewa Zone,dire wani health post region:oromia zone:West Shewa  ZHD,confirmed
1061398,midire genet health post,sidama,LtIkEp50Kk6,midire genet health post,sidama,0.8468717336654663,midire genet health post woreda:Shebedino Woreda region:sidama zone:Northern Zone,midire genet health post region:sidama zone:Shebedino WorHO,confirmed
1061409,jermet medium clinic,addis ababa,FYKDVFudP7f,jeremet medium clinic,addis ababa,0.8408594727516174,jermet medium clinic woreda:Woreda 5 region:addis ababa zone:Gulele Sub City,jeremet medium clinic region:addis ababa zone:Gulele Sub City,confirmed
1061444,selam medium clinic,afar,yPWb0koOlHo,selam medium clinic,afar,0.8467204570770264,selam medium clinic woreda:Amibara Woreda region:afar zone:Zone 3,selam medium clinic region:afar zone:Zone 3 ZHD,confirmed
1061574,tita maru health post,oromia,UNG3brw9YJl,tita maru health post,oromia,0.8656623363494873,tita maru health post woreda:Elu Gelan region:oromia zone:West Shewa Zone,tita maru health post region:oromia zone:West Shewa  ZHD,confirmed
1061576,wedey geranche health post,oromia,C8csRs9brON,wedeyi gerance health post,oromia,0.8145657777786255,wedey geranche health post woreda:Elu Gelan region:oromia zone:West Shewa Zone,wedeyi gerance health post region:oromia zone:West Shewa  ZHD,confirmed
1061585,malka bora health post,oromia,YRzVs4K8qwm,malka bora health post,oromia,0.8731468319892883,malka bora health post woreda:Jeldu region:oromia zone:West Shewa Zone,malka bora health post region:oromia zone:West Shewa  ZHD,confirmed
1061591,shukute farmer associaton health post,oromia,nUg3J9mg0jF,shukute farmer association health post,oromia,0.8413811922073364,shukute farmer associaton health post woreda:Jeldu region:oromia zone:West Shewa Zone,shukute farmer association health post region:oromia zone:West Shewa  ZHD,confirmed
1061597,teso health post,oromia,iPIvclz58Ug,teso health post,oromia,0.8517904877662659,teso health post woreda:Jeldu region:oromia zone:West Shewa Zone,teso health post region:oromia zone:West Shewa  ZHD,confirmed
1061601,tulu bultuma health post,oromia,N6QZtjeRvCm,tulu bultuma health post,oromia,0.868925929069519,tulu bultuma health post woreda:Jeldu region:oromia zone:West Shewa Zone,tulu bultuma health post region:oromia zone:West Shewa  ZHD,confirmed
1061620,molu fale health post,oromia,ta4D7Gqzzqz,molu fale health post,oromia,0.8710699677467346,molu fale health post woreda:Jibat region:oromia zone:West Shewa Zone,molu fale health post region:oromia zone:West Shewa  ZHD,confirmed
1061633,saden konbolcha health post,oromia,ouz09voAF9j,saden konbolcha health post,oromia,0.8613731861114502,saden konbolcha health post woreda:Liban Jawi region:oromia zone:West Shewa Zone,saden konbolcha health post region:oromia zone:West Shewa  ZHD,confirmed
1061734,afiya medium clinic,afar,AEWwMLUMjIE,afiya medium clinic,afar,0.8282261490821838,afiya medium clinic woreda:Dewe region:afar zone:Zone 5,afiya medium clinic region:afar zone:Zone 2 ZHD,confirmed
1061738,hadeleala primary clinic,afar,EIZcbGFNNer,hadeleala phcu,afar,0.8006754517555237,hadeleala primary clinic woreda:Hadeleala region:afar zone:Zone 5,hadeleala phcu region:afar zone:Zone 5 ZHD,confirmed
1061886,wembera drug store,benishangul gumuz,e248AaJPTnr,wombera woreda police primary clinic,benishangul gumuz,0.8330473303794861,wembera drug store woreda:Wembera Woreda region:benishangul gumuz zone:Metekel Zone,wombera woreda police primary clinic region:benishangul gumuz zone:Metekel ZHD,confirmed
1061988,beteseb medium clinic,sidama,Vs0bTf3uPTG,beteseb clinic,sidama,0.8454025983810425,beteseb medium clinic woreda:Aleta Chuko Town region:sidama zone:Southern Zone,beteseb clinic region:sidama zone:Aleta Chuko Town WorHO,confirmed
1062002,selam medium clinic,afar,yPWb0koOlHo,selam medium clinic,afar,0.8558594584465027,selam medium clinic woreda:Hanruka region:afar zone:Zone 3,selam medium clinic region:afar zone:Zone 3 ZHD,confirmed
1062003,afiyat medium clinic,afar,s3oFxlHpBqf,afiyat medium clinic,afar,0.8585218191146851,afiyat medium clinic woreda:Awash City Administration region:afar zone:Zone 3,afiyat medium clinic region:afar zone:Zone 3 ZHD,confirmed
1062385,tongo drug store,benishangul gumuz,qGzwWp4C6Zb,tongo phcu,benishangul gumuz,0.8461301922798157,tongo drug store woreda:Mao Komo Special region:benishangul gumuz zone:Mao Komo Special Woreda,tongo phcu region:benishangul gumuz zone:Mao Komo Special WorHO,confirmed
1062444,jawe boni health post,oromia,rSUZNutAiBS,jewe boni health post,oromia,0.8362388014793396,jawe boni health post woreda:Jeldu region:oromia zone:West Shewa Zone,jewe boni health post region:oromia zone:West Shewa  ZHD,confirmed
1062545,benishangul primary clinic no 2,benishangul gumuz,PQodKSxP65t,benishangul primary clinic no 2,benishangul gumuz,0.8900611400604248,benishangul primary clinic no 2 woreda:Menge Woreda region:benishangul gumuz zone:Assosa Zone,benishangul primary clinic no 2 region:benishangul gumuz zone:Assosa ZHD,confirmed
1062768,yekal pharmacy,addis ababa,rnHdH0kcIEQ,yeka woreda 12 dic,addis ababa,0.8154323101043701,yekal pharmacy woreda:Woreda 08 region:addis ababa zone:Lemi kura Sub city,yeka woreda 12 dic region:addis ababa zone:Yeka Sub City,confirmed
1063133,africa medium clinic,addis ababa,B06qdWfyRqB,africa medium clinic no1,addis ababa,0.8037862777709961,africa medium clinic woreda:Woreda 09 region:addis ababa zone:Lemi kura Sub city,africa medium clinic no1 region:addis ababa zone:Addis Ketema Sub City,confirmed
1063238,elishaday drug store,benishangul gumuz,jEfZmH2gXzA,elishaday medium clinic,benishangul gumuz,0.8093110918998718,elishaday drug store woreda:Bulen Woreda region:benishangul gumuz zone:Metekel Zone,elishaday medium clinic region:benishangul gumuz zone:Metekel ZHD,confirmed
1063442,arjo health post,oromia,nbkS1DvBIgD,arjo 02 health post,oromia,0.801577091217041,arjo health post woreda:Guto Gida region:oromia zone:East Wollega Zone,arjo 02 health post region:oromia zone:East Wellega ZHD,confirmed
1063442,arjo health post,oromia,ramIhw6vsSy,arjo health post,oromia,0.8198717832565308,arjo health post woreda:Guto Gida region:oromia zone:East Wollega Zone,arjo health post region:oromia zone:East Wellega ZHD,confirmed
1063444,gari health post,oromia,rgab21vD6qH,gari health post,oromia,0.8061912655830383,gari health post woreda:Guto Gida region:oromia zone:East Wollega Zone,gari health post region:oromia zone:East Wellega ZHD,confirmed
1063471,adami health post,oromia,cmerv7MV9sg,adami health post,oromia,0.8043508529663086,adami health post woreda:Ebantu region:oromia zone:East Wollega Zone,adami health post region:oromia zone:East Wellega ZHD,confirmed
1063473,burka gudina health post,oromia,slvgQJa3HYj,burka gudina health post,oromia,0.8409610986709595,burka gudina health post woreda:Ebantu region:oromia zone:East Wollega Zone,burka gudina health post region:oromia zone:East Wellega ZHD,confirmed
1063596,abadir woreda,harari,WgZrDyI3CnP,abadir worho,harari,0.8979616761207581,abadir woreda region:harari zone:Abadir,abadir worho region:harari zone:Abadir WorHO,confirmed
1063692,bereket medium clinic,oromia,zYHuB5lb3OT,bereket medium clinic,oromia,0.8018677830696106,bereket medium clinic woreda:Goro region:oromia zone:South West Shewa,bereket medium clinic region:oromia zone:Shashemene Town ZHD,confirmed
1063814,murtu tilisa health post,oromia,It7PdCMmw2T,murtu tilisa health post,oromia,0.8734284043312073,murtu tilisa health post woreda:Bule Hora region:oromia zone:West Guji Zone,murtu tilisa health post region:oromia zone:West Guji ZHD,confirmed
1063836,bulen woreda,benishangul gumuz,qqcdoP0yUDn,bulen phcu,benishangul gumuz,0.8432287573814392,bulen woreda woreda:Bulen Woreda region:benishangul gumuz zone:Metekel Zone,bulen phcu region:benishangul gumuz zone:Metekel ZHD,confirmed
1063921,geda medium clinic,oromia,l6BLQgAyuc9,geda medium clinic,oromia,0.8469024896621704,geda medium clinic woreda:Ambo Town region:oromia zone:Ambo Town,geda medium clinic region:oromia zone:Arsi ZHD,confirmed
1063935,birbirsa waritu health post,oromia,aD0vARKVSF2,birbirsa waritu health post,oromia,0.8149117827415466,birbirsa waritu health post woreda:Agaro Town region:oromia zone:Agaro Towm,birbirsa waritu health post region:oromia zone:Jimma ZHD,confirmed
1064003,digaja health post,oromia,Aw4cDXYlNEj,digaja health post,oromia,0.9060854315757751,digaja health post woreda:Bedele region:oromia zone:Buno Bedele Zone,digaja health post region:oromia zone:Buno Bedele ZHD,confirmed
1064025,jefti health post,oromia,wfIogRtmtpe,jafti health post,oromia,0.8324666619300842,jefti health post woreda:Billo Nopha region:oromia zone:Ilu Aba Bora Zone,jafti health post region:oromia zone:Ilu Aba Bora ZHD,confirmed
1064097,muchucho giorgis health post,oromia,WQXUK59rDXl,muchucho giorgis health post,oromia,0.8412628769874573,muchucho giorgis health post woreda:Nedjo Rural region:oromia zone:West Wollega Zone,muchucho giorgis health post region:oromia zone:West Wellega  ZHD,confirmed
1064111,imboro health post,oromia,Y4xsvNKWBxN,imboro health post,oromia,0.8799403309822083,imboro health post woreda:Darimu region:oromia zone:Ilu Aba Bora Zone,imboro health post region:oromia zone:Ilu Aba Bora ZHD,confirmed
1064115,kombo health post,oromia,Rbni7AxQlRp,kombo health post,oromia,0.877225935459137,kombo health post woreda:Darimu region:oromia zone:Ilu Aba Bora Zone,kombo health post region:oromia zone:Ilu Aba Bora ZHD,confirmed
1064151,odo health post,oromia,UxSwcbyhmvW,odo health post,oromia,0.9032734036445618,odo health post woreda:Bedele region:oromia zone:Buno Bedele Zone,odo health post region:oromia zone:Buno Bedele ZHD,confirmed
1064159,roka health post,oromia,iP2923mAK16,roka health post,oromia,0.8524765372276306,roka health post woreda:Amigna region:oromia zone:Arsi zone,roka health post region:oromia zone:Arsi ZHD,confirmed
1064187,sodo gerbo health post,oromia,mGZ39GR7k1U,sodo gerbo health post,oromia,0.8812428116798401,sodo gerbo health post woreda:Woliso region:oromia zone:South West Shewa,sodo gerbo health post region:oromia zone:South West Shewa  ZHD,confirmed
1064216,didu haro health post,oromia,doJJMafNYZF,didu haarroo health post,oromia,0.8580156564712524,didu haro health post woreda:Doranii region:oromia zone:Ilu Aba Bora Zone,didu haarroo health post region:oromia zone:Ilu Aba Bora ZHD,confirmed
1064221,hoda abo health post,oromia,xlQ7bOkfhIM,hodhaa aboo health post,oromia,0.8269688487052917,hoda abo health post woreda:Doranii region:oromia zone:Ilu Aba Bora Zone,hodhaa aboo health post region:oromia zone:Ilu Aba Bora ZHD,confirmed
1064249,reji sute health post,oromia,Bt5WPwQWlRb,rejjii suxee health post,oromia,0.8733976483345032,reji sute health post woreda:Doranii region:oromia zone:Ilu Aba Bora Zone,rejjii suxee health post region:oromia zone:Ilu Aba Bora ZHD,confirmed
1064254,sibo health post,oromia,zEWEOlw7TVI,siboo health post,oromia,0.8422775864601135,sibo health post woreda:Doranii region:oromia zone:Ilu Aba Bora Zone,siboo health post region:oromia zone:Ilu Aba Bora ZHD,confirmed
1064314,korke 01 health post,oromia,iNfLVutDH9s,korke 01 health post,oromia,0.8335405588150024,korke 01 health post woreda:Mene Sibu region:oromia zone:West Wollega Zone,korke 01 health post region:oromia zone:West Wellega  ZHD,confirmed
1064314,korke 01 health post,oromia,dohruCG1Xg4,korke 02 health post,oromia,0.8367550373077393,korke 01 health post woreda:Mene Sibu region:oromia zone:West Wollega Zone,korke 02 health post region:oromia zone:West Wellega  ZHD,confirmed
1064333,korke 02 health post,oromia,iNfLVutDH9s,korke 01 health post,oromia,0.827347993850708,korke 02 health post woreda:Mene Sibu region:oromia zone:West Wollega Zone,korke 01 health post region:oromia zone:West Wellega  ZHD,confirmed
1064333,korke 02 health post,oromia,dohruCG1Xg4,korke 02 health post,oromia,0.8425543904304504,korke 02 health post woreda:Mene Sibu region:oromia zone:West Wollega Zone,korke 02 health post region:oromia zone:West Wellega  ZHD,confirmed
1064357,sedaka abutaye health post,oromia,S6NKzSra7vn,sedika abutay health post,oromia,0.8319783806800842,sedaka abutaye health post woreda:Deksis region:oromia zone:Arsi zone,sedika abutay health post region:oromia zone:Arsi ZHD,confirmed
1064365,nebar komoshiga health post,benishangul gumuz,oPfWsSSoA98,nebar kushega health post,benishangul gumuz,0.8078315854072571,nebar komoshiga health post woreda:Abrahamo Woreda region:benishangul gumuz zone:Assosa Zone,nebar kushega health post region:benishangul gumuz zone:Assosa ZHD,confirmed
1064367,gifti primary clinic,oromia,fT0j9Vblzxj,gifti primary clinic,oromia,0.8364469408988953,gifti primary clinic woreda:Sulula Fincha region:oromia zone:Horo Gudru Wellega Zone,gifti primary clinic region:oromia zone:Horo Gudru Wellega  ZHD,confirmed
1064392,hidebu tobi health post,oromia,UtgsCDc4aFC,hidabu tobi health post,oromia,0.8110401630401611,hidebu tobi health post woreda:Boji Dirmeji region:oromia zone:West Wollega Zone,hidabu tobi health post region:oromia zone:West Wellega  ZHD,confirmed
1064432,danshe health post,oromia,KIstWPBOfQJ,danshe health post,oromia,0.8630272150039673,danshe health post woreda:Arsi Negele Rural region:oromia zone:West Arsi Zone,danshe health post region:oromia zone:West Arsi ZHD,confirmed
1064445,ganda negeya health post,oromia,MdP9kXVQNVp,gende negeya health post,oromia,0.800279974937439,ganda negeya health post woreda:Sude region:oromia zone:Arsi zone,gende negeya health post region:oromia zone:Arsi ZHD,confirmed
1064448,sirba loya health post,oromia,Iv8vLcq6QfT,sirba loya health post,oromia,0.8970736265182495,sirba loya health post woreda:Hababo Guduru region:oromia zone:Horo Gudru Wellega Zone,sirba loya health post region:oromia zone:Horo Gudru Wellega  ZHD,confirmed
1064454,jiren health post,oromia,ywxsUv68mHw,jiren health post,oromia,0.8614986538887024,jiren health post woreda:Jimma Town region:oromia zone:Jimma Town,jiren health post region:oromia zone:Jimma Special ZHD,confirmed
1064488,hawi medium clinic,oromia,YuVLc73tBii,hawi gudina primary clinic,oromia,0.8057477474212646,hawi medium clinic woreda:Jimma Town region:oromia zone:Jimma Town,hawi gudina primary clinic region:oromia zone:Arsi ZHD,confirmed
1064488,hawi medium clinic,oromia,QflC8YVnnZI,hawi gudina primary clinic,oromia,0.8291324973106384,hawi medium clinic woreda:Jimma Town region:oromia zone:Jimma Town,hawi gudina primary clinic region:oromia zone:Batu Town ZHD,confirmed
1064488,hawi medium clinic,oromia,eDN52j46mCa,hawi gudina primary clinic,oromia,0.8291324973106384,hawi medium clinic woreda:Jimma Town region:oromia zone:Jimma Town,hawi gudina primary clinic region:oromia zone:Batu Town ZHD,confirmed
1064504,denaba health post,oromia,HY4GMxeEzv8,deneba health post,oromia,0.8252803087234497,denaba health post woreda:Borecha region:oromia zone:Buno Bedele Zone,deneba health post region:oromia zone:Buno Bedele ZHD,confirmed
1064545,sire kalo harotate health post,oromia,AbMxHfkt6mM,sire kelo haro tate health post,oromia,0.8360753059387207,sire kalo harotate health post woreda:Gemechis region:oromia zone:West Hararge Zone,sire kelo haro tate health post region:oromia zone:West Hararge ZHD,confirmed
1064545,sire kalo harotate health post,oromia,j3F8NvRlHzi,sire kelo geto health post,oromia,0.8282579183578491,sire kalo harotate health post woreda:Gemechis region:oromia zone:West Hararge Zone,sire kelo geto health post region:oromia zone:West Hararge ZHD,confirmed
1064550,sire kalo gato health post,oromia,AbMxHfkt6mM,sire kelo haro tate health post,oromia,0.8368476629257202,sire kalo gato health post woreda:Gemechis region:oromia zone:West Hararge Zone,sire kelo haro tate health post region:oromia zone:West Hararge ZHD,confirmed
1064550,sire kalo gato health post,oromia,j3F8NvRlHzi,sire kelo geto health post,oromia,0.8533475995063782,sire kalo gato health post woreda:Gemechis region:oromia zone:West Hararge Zone,sire kelo geto health post region:oromia zone:West Hararge ZHD,confirmed
1064565,satewa health post,oromia,YcrHfbQQAYH,satewa health post,oromia,0.8755872249603271,satewa health post woreda:Daro Lebu region:oromia zone:West Hararge Zone,satewa health post region:oromia zone:West Hararge ZHD,confirmed
1064682,ela farda 01 urban health post,oromia,KHmRPANQBW0,ela farda 01 urban health post,oromia,0.9005779027938843,ela farda 01 urban health post woreda:Kercha region:oromia zone:West Guji Zone,ela farda 01 urban health post region:oromia zone:West Guji ZHD,confirmed
1064719,somse chare health post,oromia,vcKMv1o0qJ0,somse chare health post,oromia,0.8694303035736084,somse chare health post woreda:Boset region:oromia zone:East Shewa Zone,somse chare health post region:oromia zone:East Shewa  ZHD,confirmed
1064730,shubi gemo comprehensive health post,oromia,guH91ui9nxr,shubi gemo health post,oromia,0.8536151051521301,shubi gemo comprehensive health post woreda:Dugda region:oromia zone:East Shewa Zone,shubi gemo health post region:oromia zone:East Shewa  ZHD,confirmed
1064773,oda roba medium clinic,oromia,Ki1Ma6Pe3u6,oda roba primary clinic,oromia,0.8261163234710693,oda roba medium clinic woreda:Agarfa region:oromia zone:Bale Zone,oda roba primary clinic region:oromia zone:East Bale ZHD,confirmed
1064806,bedesa health post,oromia,ulo2s9Bkwl3,bedesa health post,oromia,0.866693913936615,bedesa health post woreda:Nansebo region:oromia zone:West Arsi Zone,bedesa health post region:oromia zone:West Arsi ZHD,confirmed
1064806,bedesa health post,oromia,aurSiQ22yby,bedesa 01 health post,oromia,0.8157301545143127,bedesa health post woreda:Nansebo region:oromia zone:West Arsi Zone,bedesa 01 health post region:oromia zone:West Hararge ZHD,confirmed
1064806,bedesa health post,oromia,J3hq3aEOIFy,bedesa 02 health post,oromia,0.8269604444503784,bedesa health post woreda:Nansebo region:oromia zone:West Arsi Zone,bedesa 02 health post region:oromia zone:West Hararge ZHD,confirmed
1064984,oda biyo health post,oromia,bh5DAjUg8dl,oda bultum health post,oromia,0.8323431611061096,oda biyo health post woreda:Bedesa region:oromia zone:West Hararge Zone,oda bultum health post region:oromia zone:West Hararge ZHD,confirmed
1064984,oda biyo health post,oromia,yXcpqtwtXco,oda biyo health post,oromia,0.889199435710907,oda biyo health post woreda:Bedesa region:oromia zone:West Hararge Zone,oda biyo health post region:oromia zone:West Hararge ZHD,confirmed
1064985,saketa health post,oromia,xVdXub1ggyJ,saketa health post,oromia,0.8671278357505798,saketa health post woreda:Oda Bultum region:oromia zone:West Hararge Zone,saketa health post region:oromia zone:West Hararge ZHD,confirmed
1065015,abujendu health post,benishangul gumuz,pciZ1b5Awex,abjendu health post,benishangul gumuz,0.8524786233901978,abujendu health post woreda:Menge Woreda region:benishangul gumuz zone:Assosa Zone,abjendu health post region:benishangul gumuz zone:Assosa ZHD,confirmed
1065028,kitawo health post,oromia,KTRCmyuuYLI,kitawo health post,oromia,0.8657934665679932,kitawo health post woreda:Borecha region:oromia zone:Buno Bedele Zone,kitawo health post region:oromia zone:Buno Bedele ZHD,confirmed
1065035,homosha health post,benishangul gumuz,Cph39U8yFqa,homosha phcu,benishangul gumuz,0.8230236768722534,homosha health post woreda:Homosha Woreda region:benishangul gumuz zone:Assosa Zone,homosha phcu region:benishangul gumuz zone:Assosa ZHD,confirmed
1065048,bizayehu primary clinic,oromia,PYugzMJZty2,bizayehu primary clinic,oromia,0.8812607526779175,bizayehu primary clinic woreda:Gechi region:oromia zone:Buno Bedele Zone,bizayehu primary clinic region:oromia zone:Buno Bedele ZHD,confirmed
1065114,buldigilu health post,benishangul gumuz,DTTZDxYNx6n,buldigilu health post,benishangul gumuz,0.8498948216438293,buldigilu health post woreda:Abrahamo Woreda region:benishangul gumuz zone:Assosa Zone,buldigilu health post region:benishangul gumuz zone:Assosa ZHD,confirmed
1065122,asemani primary clinic,benishangul gumuz,XHI1DKlLAqm,asemani primary clinic,benishangul gumuz,0.8709310293197632,asemani primary clinic woreda:Sherkole Woreda region:benishangul gumuz zone:Assosa Zone,asemani primary clinic region:benishangul gumuz zone:Assosa ZHD,confirmed
1065128,tumet jeberona primary clinic,benishangul gumuz,DuGFTjCpwXI,tumet jeberona primary clinic,benishangul gumuz,0.8782710433006287,tumet jeberona primary clinic woreda:Menge Woreda region:benishangul gumuz zone:Assosa Zone,tumet jeberona primary clinic region:benishangul gumuz zone:Assosa ZHD,confirmed
1065185,rohobot primary clinic,oromia,zVnmjXLz7Ye,rohobot primary clinic,oromia,0.8174847960472107,rohobot primary clinic woreda:Dugda region:oromia zone:East Shewa Zone,rohobot primary clinic region:oromia zone:Bale ZHD,confirmed
1065185,rohobot primary clinic,oromia,aNDEcVX9IEt,rohobot primary clinic,oromia,0.8162758350372314,rohobot primary clinic woreda:Dugda region:oromia zone:East Shewa Zone,rohobot primary clinic region:oromia zone:Borena ZHD,confirmed
1065185,rohobot primary clinic,oromia,GK3vrDbfbB7,rohobot primary clinic,oromia,0.8282028436660767,rohobot primary clinic woreda:Dugda region:oromia zone:East Shewa Zone,rohobot primary clinic region:oromia zone:West Wellega  ZHD,confirmed
1065247,abadir health post,oromia,vUunWhqC3K4,abadir health post,oromia,0.834368109703064,abadir health post woreda:Mesela region:oromia zone:West Hararge Zone,abadir health post region:oromia zone:West Hararge ZHD,confirmed
1065313,hayu medium clinic,oromia,khoad7mmgq7,hayu medium clinic,oromia,0.8404087424278259,hayu medium clinic woreda:Diga region:oromia zone:East Wollega Zone,hayu medium clinic region:oromia zone:West Wellega  ZHD,confirmed
1065453,arkumbe 01 health post,oromia,ijasYq0fzn4,arkumbe 02 health post,oromia,0.853198766708374,arkumbe 01 health post woreda:Limu region:oromia zone:East Wollega Zone,arkumbe 02 health post region:oromia zone:East Wellega ZHD,confirmed
1065453,arkumbe 01 health post,oromia,Ytn2otTz4vT,arkumbe 08 health post,oromia,0.8277502059936523,arkumbe 01 health post woreda:Limu region:oromia zone:East Wollega Zone,arkumbe 08 health post region:oromia zone:East Wellega ZHD,confirmed
1065456,arkumbe 02 health post,oromia,ijasYq0fzn4,arkumbe 02 health post,oromia,0.8611675500869751,arkumbe 02 health post woreda:Limu region:oromia zone:East Wollega Zone,arkumbe 02 health post region:oromia zone:East Wellega ZHD,confirmed
1065456,arkumbe 02 health post,oromia,Ytn2otTz4vT,arkumbe 08 health post,oromia,0.8306297659873962,arkumbe 02 health post woreda:Limu region:oromia zone:East Wollega Zone,arkumbe 08 health post region:oromia zone:East Wellega ZHD,confirmed
1065457,arkumbe 08 health post,oromia,ijasYq0fzn4,arkumbe 02 health post,oromia,0.832073450088501,arkumbe 08 health post woreda:Limu region:oromia zone:East Wollega Zone,arkumbe 02 health post region:oromia zone:East Wellega ZHD,confirmed
1065457,arkumbe 08 health post,oromia,Ytn2otTz4vT,arkumbe 08 health post,oromia,0.8532824516296387,arkumbe 08 health post woreda:Limu region:oromia zone:East Wollega Zone,arkumbe 08 health post region:oromia zone:East Wellega ZHD,confirmed
1065506,mechare medium clinic,addis ababa,II33UdOxJ5x,meskerem medium clinic,addis ababa,0.8109079599380493,mechare medium clinic woreda:Woreda 14 region:addis ababa zone:Bole Sub City,meskerem medium clinic region:addis ababa zone:Bole Sub City,confirmed
1065557,dr aklilu dental speciality clinic,addis ababa,WlwukvEGk0R,dr aklilu speciality dental clinic,addis ababa,0.8425629734992981,dr aklilu dental speciality clinic woreda:Woreda 8 region:addis ababa zone:Lideta Sub City,dr aklilu speciality dental clinic region:addis ababa zone:Bole Sub City,confirmed
1065557,dr aklilu dental speciality clinic,addis ababa,n7CcMnJltbS,dr aklilu special dental clinic,addis ababa,0.846250593662262,dr aklilu dental speciality clinic woreda:Woreda 8 region:addis ababa zone:Lideta Sub City,dr aklilu special dental clinic region:addis ababa zone:Nifas Silk Lafto Sub City,confirmed
1065607,sam vision ophthalmology specialty clinic,addis ababa,AL7LtfMe2xq,sam vision eye speciality clinic,addis ababa,0.8316677808761597,sam vision ophthalmology specialty clinic woreda:Woreda 2 region:addis ababa zone:Kirkos Sub City,sam vision eye speciality clinic region:addis ababa zone:Kirkos Sub City,confirmed
1065607,sam vision ophthalmology specialty clinic,addis ababa,gLGj95drech,sam vision special eye clinic,addis ababa,0.8086175322532654,sam vision ophthalmology specialty clinic woreda:Woreda 2 region:addis ababa zone:Kirkos Sub City,sam vision special eye clinic region:addis ababa zone:Nifas Silk Lafto Sub City,confirmed
1065628,rohbot medium clinic,addis ababa,hyNmXj8Cxrn,rohobot medium clinic,addis ababa,0.8088335394859314,rohbot medium clinic woreda:Woreda 6 region:addis ababa zone:Lideta Sub City,rohobot medium clinic region:addis ababa zone:Nifas Silk Lafto Sub City,confirmed
1065670,fana pharmacy,addis ababa,ZTMg25HBmkf,fana primery clinic,addis ababa,0.8061163425445557,fana pharmacy woreda:Woreda 11 region:addis ababa zone:Bole Sub City,fana primery clinic region:addis ababa zone:Bole Sub City,confirmed
1065698,abdiwaq medium clinic,oromia,jlNAlGR2KEI,abdisa medium clinic,oromia,0.8177739977836609,abdiwaq medium clinic woreda:Digeluna Tijo region:oromia zone:Arsi zone,abdisa medium clinic region:oromia zone:Arsi ZHD,confirmed
1065726,mikliland health center,addis ababa,EvSWrsMXpPJ,mikililandhealth center,addis ababa,0.8263496160507202,mikliland health center woreda:Woreda 13 region:addis ababa zone:Addis Ketema Sub City,mikililandhealth center region:addis ababa zone:Addis Ketema Sub City,confirmed
1065796,tinsae medium dental,addis ababa,fmoHTqf0F2p,tinsae medium clinic,addis ababa,0.8009958267211914,tinsae medium dental woreda:Woreda 8 region:addis ababa zone:Addis Ketema Sub City,tinsae medium clinic region:addis ababa zone:Bole Sub City,confirmed
1065829,kiduse mikael primary clinic,south west ethiopia,hfciTWspgiT,kidus mikael primary clinic,south west ethiopia,0.8212664127349854,kiduse mikael primary clinic woreda:Bachuma Town region:south west ethiopia zone:West Omo zone,kidus mikael primary clinic region:south west ethiopia zone:Kaffa ZHD,confirmed
1065851,addis hiwot primary clinic,south west ethiopia,AE1moyrcJMZ,addis hiwot clinic,south west ethiopia,0.8179197311401367,addis hiwot primary clinic woreda:Bero Woreda region:south west ethiopia zone:West Omo zone,addis hiwot clinic region:south west ethiopia zone:Bench Sheko ZHD,confirmed
1065864,kidus amanuel primary clinic,south west ethiopia,hfciTWspgiT,kidus mikael primary clinic,south west ethiopia,0.808331310749054,kidus amanuel primary clinic woreda:Bero Woreda region:south west ethiopia zone:West Omo zone,kidus mikael primary clinic region:south west ethiopia zone:Kaffa ZHD,confirmed
1065865,angela ideget health post,south west ethiopia,xMvZHExEq37,angelaidiget health post,south west ethiopia,0.8724008202552795,angela ideget health post woreda:Zaba Gazo Woreda region:south west ethiopia zone:Dawro Zone,angelaidiget health post region:south west ethiopia zone:Dawro ZHD,confirmed
1065875,geligesha health post,south west ethiopia,w2Lj55I9U2d,geligesha health post,south west ethiopia,0.8557907938957214,geligesha health post woreda:Gorigasha Woreda region:south west ethiopia zone:West Omo zone,geligesha health post region:south west ethiopia zone:West Omo ZHD,confirmed
1066020,kete medium clinic,oromia,hVwVykqldgd,keti midium medium clinic,oromia,0.8451313376426697,kete medium clinic woreda:Woliso Town region:oromia zone:Woliso Town,keti midium medium clinic region:oromia zone:Horo Gudru Wellega  ZHD,confirmed
1066043,jemu health post,south west ethiopia,pxgsI08Kkc1,jemu health post,south west ethiopia,0.8990280628204346,jemu health post woreda:Jemu Town region:south west ethiopia zone:West Omo zone,jemu health post region:south west ethiopia zone:West Omo ZHD,confirmed
1066048,kudum health post,south west ethiopia,SGafAZaBOz2,kudum health post,south west ethiopia,0.8657076358795166,kudum health post woreda:Jemu Town region:south west ethiopia zone:West Omo zone,kudum health post region:south west ethiopia zone:West Omo ZHD,confirmed
1066277,abdi rabi medium clinic,oromia,t2FzD7IkTl2,abdurehim medium clinic,oromia,0.8306577801704407,abdi rabi medium clinic woreda:Kokosa region:oromia zone:West Arsi Zone,abdurehim medium clinic region:oromia zone:West Arsi ZHD,confirmed
1066380,kirkos police medium clinic,addis ababa,SGffcPc4B2o,kirkos woreda 08 dic,addis ababa,0.8506103157997131,kirkos police medium clinic woreda:Woreda 2 region:addis ababa zone:Kirkos Sub City,kirkos woreda 08 dic region:addis ababa zone:Kirkos Sub City,confirmed
1066380,kirkos police medium clinic,addis ababa,K4ID77N7MXe,kirkos woreda 9 dic,addis ababa,0.8493233323097229,kirkos police medium clinic woreda:Woreda 2 region:addis ababa zone:Kirkos Sub City,kirkos woreda 9 dic region:addis ababa zone:Kirkos Sub City,confirmed
1066430,gesa mazegaja health post,south west ethiopia,qQnF59RUIoO,gesa town 01 health post,south west ethiopia,0.8322840332984924,gesa mazegaja health post woreda:Gesa Town region:south west ethiopia zone:Dawro Zone,gesa town 01 health post region:south west ethiopia zone:Dawro ZHD,confirmed
1066704,habado health post,somali,bVf9ZqoIpAq,habado health post,somali,0.8675947785377502,habado health post woreda:Horashagah region:somali zone:Nogob,habado health post region:somali zone:Nogob ZHD,confirmed
1066715,wadal health post,somali,azqwuJUc91r,wadal health post,somali,0.8891151547431946,wadal health post region:somali zone:Nogob,wadal health post region:somali zone:Jarar ZHD,confirmed
1066727,maryo _maydh health post,somali,fKdxiGIRELK,maryo maydh phcu,somali,0.8087210655212402,maryo _maydh health post region:somali zone:Fafan,maryo maydh phcu region:somali zone:Nogob ZHD,confirmed
1066786,raybada health post,somali,VeqSg1HnVtT,raybada health post,somali,0.8674300312995911,raybada health post woreda:Bilcilbur region:somali zone:Jarar,raybada health post region:somali zone:Jarar ZHD,confirmed
1066797,goldhabilay health post,somali,wr86hVZA70O,goldhabilay health post,somali,0.8863307237625122,goldhabilay health post woreda:Garbo region:somali zone:Nogob,goldhabilay health post region:somali zone:Nogob ZHD,confirmed
1066808,hara buura health post,somali,dReYfttqHYD,hara arbo health post,somali,0.8734973073005676,hara buura health post region:somali,hara arbo health post region:somali zone:Afder ZHD,confirmed
1066885,lanqudhac health post,somali,iSbkgOCr1LD,lanqudhac health post,somali,0.8464066386222839,lanqudhac health post woreda:Chareti region:somali zone:Afder,lanqudhac health post region:somali zone:Afder ZHD,confirmed
1066901,hardeer health post,somali,rLEuIYCwAeS,hardeer health post,somali,0.8538119196891785,hardeer health post woreda:Qooxle region:somali zone:Afder,hardeer health post region:somali zone:Afder ZHD,confirmed
1066922,kali health post,somali,EGPU0ZWAtL5,kali health post,somali,0.8784087300300598,kali health post woreda:Dhanan region:somali zone:Shebelle,kali health post region:somali zone:Shebelle ZHD,confirmed
1066937,gabalalu health post,somali,Jz0RXwhZD5c,gabalalu phcu,somali,0.843156635761261,gabalalu health post region:somali,gabalalu phcu region:somali zone:Sitti ZHD,confirmed
1066992,wadal health post,somali,azqwuJUc91r,wadal health post,somali,0.8515167832374573,wadal health post woreda:Bilcilbur region:somali zone:Jarar,wadal health post region:somali zone:Jarar ZHD,confirmed
1067031,urmadag health center,somali,S3A3voOzsRa,urmadag phcu,somali,0.8508313894271851,urmadag health center region:somali,urmadag phcu region:somali zone:Dollo ZHD,confirmed
1067269,hiwot pharmacy,oromia,ZX5HJ0HlBZK,hiwot primary clinic,oromia,0.8169755935668945,hiwot pharmacy woreda:Jimma Town region:oromia zone:Jimma Town,hiwot primary clinic region:oromia zone:Shashemene Town ZHD,confirmed
1067269,hiwot pharmacy,oromia,DI3q89TIg9n,hiwot primary clinic,oromia,0.8011765480041504,hiwot pharmacy woreda:Jimma Town region:oromia zone:Jimma Town,hiwot primary clinic region:oromia zone:West Shewa  ZHD,confirmed
1067276,eba primary clinic,oromia,zkpAKrg3vPe,eba primary clinic,oromia,0.8356398344039917,eba primary clinic woreda:Elfata region:oromia zone:West Shewa Zone,eba primary clinic region:oromia zone:West Wellega  ZHD,confirmed
1067458,malditi mashuncha health post,south west ethiopia,tBQZdhlnrZT,malditi mashuncha health post,south west ethiopia,1.0,malditi mashuncha health post region:south west ethiopia,malditi mashuncha health post region:south west ethiopia zone:Dawro ZHD,confirmed
1067541,sahelu primary clinic,south west ethiopia,bHGjkrFD5pM,sahelu clinic,south west ethiopia,0.8394840955734253,sahelu primary clinic woreda:Loma Bosa region:south west ethiopia zone:Dawro Zone,sahelu clinic region:south west ethiopia zone:Dawro ZHD,confirmed
1067901,ayu primary hospital,addis ababa,L7HIHO7RhuR,ayu primary hospital,addis ababa,0.8452465534210205,ayu primary hospital woreda:Woreda 13 region:addis ababa zone:Lemi kura Sub city,ayu primary hospital region:addis ababa zone:Lemi Kura Sub City,confirmed
1069207,bontu primary clinic,oromia,ut6T6HVhZok,bontu primary clinic,oromia,0.8091262578964233,bontu primary clinic woreda:Bora region:oromia zone:East Shewa Zone,bontu primary clinic region:oromia zone:Jimma ZHD,confirmed
1069307,mati medium clinic,oromia,fyfWvVFNwDb,mati medium clinic,oromia,0.8097907900810242,mati medium clinic woreda:Aleltu region:oromia zone:North Shewa Zone,mati medium clinic region:oromia zone:Guji ZHD,confirmed
1069310,wangey health center,somali,idxRQGQm4lI,wangey health center,somali,0.8984106779098511,wangey health center woreda:Wangey region:somali zone:Erar,wangey health center region:somali zone:Erar ZHD,confirmed
1069310,wangey health center,somali,DbeVxCoojNU,wangey health center,somali,0.8984106779098511,wangey health center woreda:Wangey region:somali zone:Erar,wangey health center region:somali zone:Erar ZHD,confirmed
1069310,wangey health center,somali,GcmKvdjV4xe,wangey phcu,somali,0.8159752488136292,wangey health center woreda:Wangey region:somali zone:Erar,wangey phcu region:somali zone:Erar ZHD,confirmed
1069337,haji salah health post,somali,om5wqq1F7Dp,haji salah health post,somali,0.8835204243659973,haji salah health post woreda:Gashamo region:somali zone:Jarar,haji salah health post region:somali zone:Jarar ZHD,confirmed
1070074,gendawuha health center,amhara,IxJ7fZD36WR,gendawuha health center,amhara,0.8871926069259644,gendawuha health center woreda:Gendawuha Town region:amhara zone:West Gondar Zone,gendawuha health center region:amhara zone:West Gondar ZHD,confirmed
1070422,wegedad health center,amhara,UOZYskWU1lz,wogedad health post,amhara,0.8206890225410461,wegedad health center woreda:Womberma region:amhara zone:West Gojam Zone,wogedad health post region:amhara zone:West Gojjam ZHD,confirmed
1070746,nigusie primery clinic,amhara,lLURmvIM678,nigussie primary clinic,amhara,0.8098641037940979,nigusie primery clinic woreda:Fogera region:amhara zone:South Gondar Zone,nigussie primary clinic region:amhara zone:South Gondar ZHD,confirmed
1070828,mekuaninit primary clinic,amhara,KV4Du5dD1hV,mekuanint primary clinic,amhara,0.8301606774330139,mekuaninit primary clinic woreda:South Mecha Woreda region:amhara zone:North Gojjam Zone,mekuanint primary clinic region:amhara zone:West Gojjam ZHD,confirmed
1070897,alemayehu primary clinic,amhara,w18jNqsh3zU,alemayehu primary clinic,amhara,0.8250208497047424,alemayehu primary clinic woreda:Albuko region:amhara zone:South Wollo Zone,alemayehu primary clinic region:amhara zone:Central Gondar ZHD,confirmed
1070897,alemayehu primary clinic,amhara,dWtl72JS6G0,alemayehu primary clinic,amhara,0.8250208497047424,alemayehu primary clinic woreda:Albuko region:amhara zone:South Wollo Zone,alemayehu primary clinic region:amhara zone:Central Gondar ZHD,confirmed
1070897,alemayehu primary clinic,amhara,q5ZMn6mCj2I,alemayehu minale primary clinic,amhara,0.8243502974510193,alemayehu primary clinic woreda:Albuko region:amhara zone:South Wollo Zone,alemayehu minale primary clinic region:amhara zone:West Gondar ZHD,confirmed
1070897,alemayehu primary clinic,amhara,a737y7mrMXx,alemayehu minale primary clinic,amhara,0.8243502974510193,alemayehu primary clinic woreda:Albuko region:amhara zone:South Wollo Zone,alemayehu minale primary clinic region:amhara zone:West Gondar ZHD,confirmed
1070919,addisu primary clinic,amhara,vsyw3ZzFb68,addisu primary clinic,amhara,0.8183782696723938,addisu primary clinic woreda:Dembecha region:amhara zone:West Gojam Zone,addisu primary clinic region:amhara zone:Central Gondar ZHD,confirmed
1070919,addisu primary clinic,amhara,ghxUX1vgJyT,addisu primary clinic,amhara,0.8183782696723938,addisu primary clinic woreda:Dembecha region:amhara zone:West Gojam Zone,addisu primary clinic region:amhara zone:Central Gondar ZHD,confirmed
1070919,addisu primary clinic,amhara,koCrBjPOe4p,addisu primary clinic,amhara,0.8183782696723938,addisu primary clinic woreda:Dembecha region:amhara zone:West Gojam Zone,addisu primary clinic region:amhara zone:Central Gondar ZHD,confirmed
1070919,addisu primary clinic,amhara,NclhJih8eBO,addis primary clinic,amhara,0.8068813681602478,addisu primary clinic woreda:Dembecha region:amhara zone:West Gojam Zone,addis primary clinic region:amhara zone:South Gondar ZHD,confirmed
1070919,addisu primary clinic,amhara,JbJlLxhmVAB,addisu primary clinic,amhara,0.8530541062355042,addisu primary clinic woreda:Dembecha region:amhara zone:West Gojam Zone,addisu primary clinic region:amhara zone:West Gojjam ZHD,confirmed
1070919,addisu primary clinic,amhara,Tbt92DxYbYS,addisu primary clinic,amhara,0.8530541062355042,addisu primary clinic woreda:Dembecha region:amhara zone:West Gojam Zone,addisu primary clinic region:amhara zone:West Gojjam ZHD,confirmed
1070937,abebaw pharmacy,amhara,BXQy7VFtGjb,abebaw primary clinic,amhara,0.809173047542572,abebaw pharmacy woreda:Dessie Town region:amhara zone:Dessie Town Administration,abebaw primary clinic region:amhara zone:West Gondar ZHD,confirmed
1071110,tsegaye primery clinic,amhara,UK7tnZn8SJa,tsegaye primery clinic,amhara,0.8673391342163086,tsegaye primery clinic woreda:Jawi region:amhara zone:Awi Zone,tsegaye primery clinic region:amhara zone:Awi ZHD,confirmed
1071122,marie primary clinic,amhara,ABgTaiRxnzs,marie primary clinic,amhara,0.8717365860939026,marie primary clinic woreda:Quara region:amhara zone:West Gondar Zone,marie primary clinic region:amhara zone:West Gondar ZHD,confirmed
1071145,nurye primary clinic,amhara,PuFHWIksbzu,nuru primary clinic,amhara,0.819259762763977,nurye primary clinic woreda:Artuma Fursi region:amhara zone:Oromia Special Zone,nuru primary clinic region:amhara zone:Oromia Special ZHD,confirmed
1071191,tekalegn primary clinic,amhara,HeYiJdDYwci,tikalgne primary clinic,amhara,0.8039577007293701,tekalegn primary clinic woreda:Fogera region:amhara zone:South Gondar Zone,tikalgne primary clinic region:amhara zone:South Gondar ZHD,confirmed
1071204,ethiopia medium clinic,amhara,WVQFQugz23r,ethiopia medium clinic,amhara,0.8494927287101746,ethiopia medium clinic woreda:Woreta region:amhara zone:South Gondar Zone,ethiopia medium clinic region:amhara zone:West Gojjam ZHD,confirmed
1071419,kalu medium clinic,amhara,xT8V7ph2WAG,kalu medium clinic,amhara,0.8643844723701477,kalu medium clinic woreda:Kombolcha Town region:amhara zone:Kombolcha Town Administration,kalu medium clinic region:amhara zone:Kombolcha THO,confirmed
1071433,gizewa pharmacy,amhara,rpa2RJmpoUQ,gizewa medium clinic,amhara,0.821179211139679,gizewa pharmacy woreda:Bahir Dar Town region:amhara zone:Bahirdar Town Administration,gizewa medium clinic region:amhara zone:Bahirdar THO,confirmed
1071453,toyba medium clinic,amhara,OoQpt2eWIbJ,toyiba medium clinic,amhara,0.8635347485542297,toyba medium clinic woreda:Bahir Dar Town region:amhara zone:Bahirdar Town Administration,toyiba medium clinic region:amhara zone:Bahirdar THO,confirmed
1071472,mulugeta tegegn medium clinic,amhara,kzWqGhordqZ,mulugeta deme medium clinic,amhara,0.8375808596611023,mulugeta tegegn medium clinic woreda:Kallu region:amhara zone:South Wollo Zone,mulugeta deme medium clinic region:amhara zone:South Wollo ZHD,confirmed
1071550,08 kombolcha health post,amhara,NCw0KXU8jA2,08 mitikolo health post,amhara,0.8437634110450745,08 kombolcha health post woreda:Kombolcha Town region:amhara zone:Kombolcha Town Administration,08 mitikolo health post region:amhara zone:Kombolcha THO,confirmed
1071588,doctor wondimu dental medium clinic,amhara,fC79pNYqKhq,doctor wondim medium clinic,amhara,0.8166427612304688,doctor wondimu dental medium clinic woreda:Debreberhan Town region:amhara zone:Debreberhan Town Administration,doctor wondim medium clinic region:amhara zone:West Gojjam ZHD,confirmed
1071589,selam medium clinic,amhara,WVdDDyRFhOB,selam medium clinic,amhara,0.8162715435028076,selam medium clinic woreda:Kallu region:amhara zone:South Wollo Zone,selam medium clinic region:amhara zone:West Gojjam ZHD,confirmed
1071646,tafere primary clinic,amhara,ozpTcbxNJfu,tefere primary clinic,amhara,0.8418174982070923,tafere primary clinic woreda:South achefer Woreda region:amhara zone:North Gojjam Zone,tefere primary clinic region:amhara zone:West Gojjam ZHD,confirmed
1071668,fasilo pharmacy,amhara,NEwZJhUR4P0,fasilo sub city health post,amhara,0.8036081790924072,fasilo pharmacy woreda:Bahir Dar Town region:amhara zone:Bahirdar Town Administration,fasilo sub city health post region:amhara zone:Bahirdar THO,confirmed
1071780,yesharege primary clinic,amhara,tDLtWub1A5y,yeshiwork primary clinic,amhara,0.8500471711158752,yesharege primary clinic woreda:Awabel region:amhara zone:East Gojjam Zone,yeshiwork primary clinic region:amhara zone:East Gojjam ZHD,confirmed
1071908,rosa pharmacy,amhara,reI6yKzQFu0,rosa gatorno clinic,amhara,0.8074362874031067,rosa pharmacy woreda:Gondar City Administration region:amhara zone:Gondar Town Administration,rosa gatorno clinic region:amhara zone:Gondar THO,confirmed
1071914,tafere primary clinic,amhara,ozpTcbxNJfu,tefere primary clinic,amhara,0.8231182098388672,tafere primary clinic woreda:Fogera region:amhara zone:South Gondar Zone,tefere primary clinic region:amhara zone:West Gojjam ZHD,confirmed
1071996,getachew medium clinic,amhara,Iw46t8sadeU,getachew medium clinic,amhara,0.8102290034294128,getachew medium clinic woreda:Mekdela region:amhara zone:South Wollo Zone,getachew medium clinic region:amhara zone:West Gojjam ZHD,confirmed
1071996,getachew medium clinic,amhara,RizvRGCD05x,getachew medium clinic,amhara,0.8102290034294128,getachew medium clinic woreda:Mekdela region:amhara zone:South Wollo Zone,getachew medium clinic region:amhara zone:West Gojjam ZHD,confirmed
1071996,getachew medium clinic,amhara,mxWpdmsBDHo,getachew medium clinic,amhara,0.8102290034294128,getachew medium clinic woreda:Mekdela region:amhara zone:South Wollo Zone,getachew medium clinic region:amhara zone:West Gojjam ZHD,confirmed
1072160,tuluawliya medium clinic,amhara,GVRw3KCDSQK,tuluawuliya medium clinic,amhara,0.8534881472587585,tuluawliya medium clinic woreda:Legambo region:amhara zone:South Wollo Zone,tuluawuliya medium clinic region:amhara zone:South Wollo ZHD,confirmed
1072219,dawudo drug store,amhara,BIwU33hr7SJ,dawudo 07 health post,amhara,0.8552609086036682,dawudo drug store region:amhara zone:Dessie Town Administration,dawudo 07 health post region:amhara zone:Dessie THO,confirmed
1072252,getachew primary clinic,amhara,H8OD9PBkjbv,getachew primay clinic,amhara,0.8105454444885254,getachew primary clinic woreda:Awabel region:amhara zone:East Gojjam Zone,getachew primay clinic region:amhara zone:Awi ZHD,confirmed
1072252,getachew primary clinic,amhara,iwW9uteCTNn,getachew primary clinic,amhara,0.8215712308883667,getachew primary clinic woreda:Awabel region:amhara zone:East Gojjam Zone,getachew primary clinic region:amhara zone:South Wollo ZHD,confirmed
1072256,mengiste primary clinic,amhara,revNj62uRbz,mengistu primary clinic,amhara,0.803368330001831,mengiste primary clinic woreda:Lay Armacho region:amhara zone:Central Gondar Zone,mengistu primary clinic region:amhara zone:Central Gondar ZHD,confirmed
1072289,mengistu primary clinic,amhara,revNj62uRbz,mengistu primary clinic,amhara,0.8274072408676147,mengistu primary clinic woreda:Ayehu Guagusa region:amhara zone:Awi Zone,mengistu primary clinic region:amhara zone:Central Gondar ZHD,confirmed
1072434,aschalew medium clinic,amhara,pqXU5i8tefM,aschalew tareke medium clinic,amhara,0.856111466884613,aschalew medium clinic woreda:Worebabo region:amhara zone:South Wollo Zone,aschalew tareke medium clinic region:amhara zone:South Wollo ZHD,confirmed
1072447,abebe primary clinic,amhara,UOKlTk6wO2E,abebe primary clinic,amhara,0.8784780502319336,abebe primary clinic woreda:Awabel region:amhara zone:East Gojjam Zone,abebe primary clinic region:amhara zone:West Gojjam ZHD,confirmed
1072447,abebe primary clinic,amhara,X432xOZMvDW,abebe primary clinic,amhara,0.8784780502319336,abebe primary clinic woreda:Awabel region:amhara zone:East Gojjam Zone,abebe primary clinic region:amhara zone:West Gojjam ZHD,confirmed
1072447,abebe primary clinic,amhara,BXQy7VFtGjb,abebaw primary clinic,amhara,0.8259780406951904,abebe primary clinic woreda:Awabel region:amhara zone:East Gojjam Zone,abebaw primary clinic region:amhara zone:West Gondar ZHD,confirmed
1072475,doctor eshetu medium clinic,amhara,NM5CJ7PCdeM,doctor addisu medium clinic,amhara,0.8089811205863953,doctor eshetu medium clinic woreda:Dessie Town region:amhara zone:Dessie Town Administration,doctor addisu medium clinic region:amhara zone:West Gojjam ZHD,confirmed
1072557,mequanent primary clinic,amhara,q6kEJGXzuJo,mequanint primary clinic,amhara,0.8165218830108643,mequanent primary clinic woreda:Metema region:amhara zone:West Gondar Zone,mequanint primary clinic region:amhara zone:North Gondar ZHD,confirmed
1072586,yeshambel primary clinic,amhara,OBmwfiAM8bO,yeshambel genetu primary clinic,amhara,0.8578845262527466,yeshambel primary clinic woreda:South achefer Woreda region:amhara zone:North Gojjam Zone,yeshambel genetu primary clinic region:amhara zone:West Gojjam ZHD,confirmed
1072589,getachew primary clinic,amhara,iwW9uteCTNn,getachew primary clinic,amhara,0.8841869235038757,getachew primary clinic woreda:Ambasel region:amhara zone:South Wollo Zone,getachew primary clinic region:amhara zone:South Wollo ZHD,confirmed
1072691,docter yonatan medium clinic,amhara,fC79pNYqKhq,doctor wondim medium clinic,amhara,0.8129658102989197,docter yonatan medium clinic woreda:Quarit region:amhara zone:West Gojam Zone,doctor wondim medium clinic region:amhara zone:West Gojjam ZHD,confirmed
1072719,zelalem medium clinic,amhara,rJn3acINxA8,zelalem medium clinic,amhara,0.8435528874397278,zelalem medium clinic woreda:Gondar City Administration region:amhara zone:Gondar Town Administration,zelalem medium clinic region:amhara zone:North Shewa ZHD,confirmed
1072751,beteseb medium clinic,amhara,yCSZQTVsEjl,beteseb medium clinic,amhara,0.8122557401657104,beteseb medium clinic woreda:Bahir Dar Town region:amhara zone:Bahirdar Town Administration,beteseb medium clinic region:amhara zone:South Wollo ZHD,confirmed
1072758,alemzewd primary clinic,amhara,RPBAo8aiLPm,alem zewud primary clinic,amhara,0.8047780394554138,alemzewd primary clinic woreda:Dembecha region:amhara zone:West Gojam Zone,alem zewud primary clinic region:amhara zone:West Gojjam ZHD,confirmed
1072758,alemzewd primary clinic,amhara,Zk2L6UqLCid,alem zewud primary clinic,amhara,0.8047780394554138,alemzewd primary clinic woreda:Dembecha region:amhara zone:West Gojam Zone,alem zewud primary clinic region:amhara zone:West Gojjam ZHD,confirmed
1072822,zemen primary clinic,amhara,UZ4LWZ7xYDz,zemen primary clinic,amhara,0.8432703018188477,zemen primary clinic woreda:South achefer Woreda region:amhara zone:North Gojjam Zone,zemen primary clinic region:amhara zone:West Gojjam ZHD,confirmed
1073006,ethiopia medium clinic,amhara,WVQFQugz23r,ethiopia medium clinic,amhara,0.8352245092391968,ethiopia medium clinic woreda:Baso Liben region:amhara zone:East Gojjam Zone,ethiopia medium clinic region:amhara zone:West Gojjam ZHD,confirmed
1073015,belete primary clinic,amhara,X0FYjh0jnXe,belete primary clinic,amhara,0.8496769666671753,belete primary clinic woreda:Metema region:amhara zone:West Gondar Zone,belete primary clinic region:amhara zone:Central Gondar ZHD,confirmed
1073015,belete primary clinic,amhara,o6bWyQJeHrC,belete primary clinic,amhara,0.8664320111274719,belete primary clinic woreda:Metema region:amhara zone:West Gondar Zone,belete primary clinic region:amhara zone:West Gojjam ZHD,confirmed
1073124,beteseb medium clinic,amhara,yCSZQTVsEjl,beteseb medium clinic,amhara,0.8181086182594299,beteseb medium clinic woreda:Jabi Tehinan region:amhara zone:West Gojam Zone,beteseb medium clinic region:amhara zone:South Wollo ZHD,confirmed
1073234,wondim drug store,amhara,bUQ4jDzfoLl,wondim medium clinic,amhara,0.8021746277809143,wondim drug store woreda:Zigem region:amhara zone:Awi Zone,wondim medium clinic region:amhara zone:Awi ZHD,confirmed
1073324,abebe primary clinic,amhara,UOKlTk6wO2E,abebe primary clinic,amhara,0.8436035513877869,abebe primary clinic woreda:Ebinat region:amhara zone:South Gondar Zone,abebe primary clinic region:amhara zone:West Gojjam ZHD,confirmed
1073324,abebe primary clinic,amhara,X432xOZMvDW,abebe primary clinic,amhara,0.8436035513877869,abebe primary clinic woreda:Ebinat region:amhara zone:South Gondar Zone,abebe primary clinic region:amhara zone:West Gojjam ZHD,confirmed
1073324,abebe primary clinic,amhara,BXQy7VFtGjb,abebaw primary clinic,amhara,0.8338115215301514,abebe primary clinic woreda:Ebinat region:amhara zone:South Gondar Zone,abebaw primary clinic region:amhara zone:West Gondar ZHD,confirmed
1073332,tilahun primary clinic,amhara,c3MdYGLX2z1,tilahun sintayehu clinic,amhara,0.8035925626754761,tilahun primary clinic woreda:Bahir dar Zuriya Woreda region:amhara zone:North Gojjam Zone,tilahun sintayehu clinic region:amhara zone:West Gojjam ZHD,confirmed
1073441,doctor solomon medium clinic,amhara,kA52fu8RKPf,doctor mulugata medium clinic,amhara,0.8159857988357544,doctor solomon medium clinic region:amhara zone:Dessie Town Administration,doctor mulugata medium clinic region:amhara zone:Awi ZHD,confirmed
1073441,doctor solomon medium clinic,amhara,blyNB7nf3vK,doctor birhanu medium clinic,amhara,0.8066573143005371,doctor solomon medium clinic region:amhara zone:Dessie Town Administration,doctor birhanu medium clinic region:amhara zone:West Gojjam ZHD,confirmed
1073441,doctor solomon medium clinic,amhara,fC79pNYqKhq,doctor wondim medium clinic,amhara,0.8179736733436584,doctor solomon medium clinic region:amhara zone:Dessie Town Administration,doctor wondim medium clinic region:amhara zone:West Gojjam ZHD,confirmed
1073622,ewnetu pharmacy,amhara,Z1SAj5zus6l,ewnetu primary clinic,amhara,0.8136320114135742,ewnetu pharmacy woreda:Dessie Town region:amhara zone:Dessie Town Administration,ewnetu primary clinic region:amhara zone:South Gondar ZHD,confirmed
1073662,melkamu primary clinic,amhara,eNaEBUrUi71,melkamu primary clinic,amhara,0.868647575378418,melkamu primary clinic woreda:East Belesa region:amhara zone:Central Gondar Zone,melkamu primary clinic region:amhara zone:East Gojjam ZHD,confirmed
1073662,melkamu primary clinic,amhara,XjGxf6gvl3m,melkamu primary clinic,amhara,0.8509021401405334,melkamu primary clinic woreda:East Belesa region:amhara zone:Central Gondar Zone,melkamu primary clinic region:amhara zone:West Gojjam ZHD,confirmed
1073674,hiwot medium clinic,amhara,GLGAFF7Rdgl,hiwot medium clinic,amhara,0.8514215350151062,hiwot medium clinic woreda:Borena region:amhara zone:South Wollo Zone,hiwot medium clinic region:amhara zone:South Gondar ZHD,confirmed
1073674,hiwot medium clinic,amhara,DP5E5OqblUR,hiwot medium clinic,amhara,0.8710119128227234,hiwot medium clinic woreda:Borena region:amhara zone:South Wollo Zone,hiwot medium clinic region:amhara zone:South Wollo ZHD,confirmed
1073699,mulugeta primary clinic,amhara,kzWqGhordqZ,mulugeta deme medium clinic,amhara,0.8296619653701782,mulugeta primary clinic woreda:Kelala region:amhara zone:South Wollo Zone,mulugeta deme medium clinic region:amhara zone:South Wollo ZHD,confirmed
1073699,mulugeta primary clinic,amhara,gGeF3lKMlVP,mulugeta primary clinic,amhara,0.8210379481315613,mulugeta primary clinic woreda:Kelala region:amhara zone:South Wollo Zone,mulugeta primary clinic region:amhara zone:West Gojjam ZHD,confirmed
1073700,seid primary clinic,amhara,Nd0XzEGLHRR,seid primary clinic,amhara,0.8277292251586914,seid primary clinic woreda:Dessie Zuriya region:amhara zone:South Wollo Zone,seid primary clinic region:amhara zone:North Wollo ZHD,confirmed
1073714,bgi pharmacy,amhara,rQ07BkdDcDj,bgi primary clinic,amhara,0.8263490796089172,bgi pharmacy woreda:Kombolcha Town region:amhara zone:Kombolcha Town Administration,bgi primary clinic region:amhara zone:Kombolcha THO,confirmed
1073756,awoke primary clinic,amhara,OdTuYs9Vhll,awoke primary clinic,amhara,0.8664990663528442,awoke primary clinic woreda:Metema region:amhara zone:West Gondar Zone,awoke primary clinic region:amhara zone:West Gojjam ZHD,confirmed
1073756,awoke primary clinic,amhara,bN4tja94yka,awoke primary clinic,amhara,0.8782913088798523,awoke primary clinic woreda:Metema region:amhara zone:West Gondar Zone,awoke primary clinic region:amhara zone:West Gondar ZHD,confirmed
1073818,wubetu primary clinic,amhara,JqNmNeky6GU,wubet primary clinic,amhara,0.801810622215271,wubetu primary clinic woreda:Tehuledre region:amhara zone:South Wollo Zone,wubet primary clinic region:amhara zone:West Gojjam ZHD,confirmed
1073940,desalew primary clinic,amhara,YgTZiIoJz2i,desalew primary clinic,amhara,0.8833571672439575,desalew primary clinic woreda:Zigem region:amhara zone:Awi Zone,desalew primary clinic region:amhara zone:Awi ZHD,confirmed
1073966,woreta medium clinic,amhara,wkihQ1plYp9,woreta phcu,amhara,0.8210731148719788,woreta medium clinic woreda:Woreta region:amhara zone:South Gondar Zone,woreta phcu region:amhara zone:South Gondar ZHD,confirmed
1074066,belete primary clinic,amhara,X0FYjh0jnXe,belete primary clinic,amhara,0.842024028301239,belete primary clinic woreda:Borena region:amhara zone:South Wollo Zone,belete primary clinic region:amhara zone:Central Gondar ZHD,confirmed
1074066,belete primary clinic,amhara,o6bWyQJeHrC,belete primary clinic,amhara,0.8432755470275879,belete primary clinic woreda:Borena region:amhara zone:South Wollo Zone,belete primary clinic region:amhara zone:West Gojjam ZHD,confirmed
1074134,gizachew abuhay primary clinic,amhara,d0cYSNVvRjZ,gizachewu primary clinic,amhara,0.8366405963897705,gizachew abuhay primary clinic woreda:Quara region:amhara zone:West Gondar Zone,gizachewu primary clinic region:amhara zone:West Gondar ZHD,confirmed
1074173,birhan primary clinic,amhara,MTSuRz3i6tu,birhanu primary clinic,amhara,0.8349183201789856,birhan primary clinic woreda:Ebinat region:amhara zone:South Gondar Zone,birhanu primary clinic region:amhara zone:Central Gondar ZHD,confirmed
1074173,birhan primary clinic,amhara,VbxQE1mL4Co,birhanu primary clinic,amhara,0.8219408392906189,birhan primary clinic woreda:Ebinat region:amhara zone:South Gondar Zone,birhanu primary clinic region:amhara zone:East Gojjam ZHD,confirmed
1074173,birhan primary clinic,amhara,OaH2Ivkc4zp,birhan primary clinic,amhara,0.8357141613960266,birhan primary clinic woreda:Ebinat region:amhara zone:South Gondar Zone,birhan primary clinic region:amhara zone:West Gojjam ZHD,confirmed
1074173,birhan primary clinic,amhara,aq8u1J9bApS,birhanu primary clinic,amhara,0.8215183019638062,birhan primary clinic woreda:Ebinat region:amhara zone:South Gondar Zone,birhanu primary clinic region:amhara zone:West Gojjam ZHD,confirmed
1074179,selam primery clinicc,amhara,coZZtlfr4Ov,selam primery clinic,amhara,0.827377438545227,selam primery clinicc woreda:Jawi region:amhara zone:Awi Zone,selam primery clinic region:amhara zone:West Gojjam ZHD,confirmed
1074317,tilahun primary clinic,amhara,Xw9q4hQgfff,tilahun primary clinic,amhara,0.826163113117218,tilahun primary clinic woreda:Dangla Zuria region:amhara zone:Awi Zone,tilahun primary clinic region:amhara zone:Awi ZHD,confirmed
1074332,mulugeta yigzaw primary clinic,amhara,gGeF3lKMlVP,mulugeta primary clinic,amhara,0.8285282850265503,mulugeta yigzaw primary clinic woreda:Quara region:amhara zone:West Gondar Zone,mulugeta primary clinic region:amhara zone:West Gojjam ZHD,confirmed
1074346,d r solomon medium dental clinic,amhara,Us2iPjx8jUW,dr solomon medium clinic,amhara,0.8888019919395447,d r solomon medium dental clinic region:amhara zone:Dessie Town Administration,dr solomon medium clinic region:amhara zone:Dessie THO,confirmed
1074383,mulugeta medium clinic,amhara,KY14zas99ut,mulugeta medium clinic,amhara,0.8433902263641357,mulugeta medium clinic region:amhara zone:Dessie Town Administration,mulugeta medium clinic region:amhara zone:Awi ZHD,confirmed
1074383,mulugeta medium clinic,amhara,kzWqGhordqZ,mulugeta deme medium clinic,amhara,0.8550412058830261,mulugeta medium clinic region:amhara zone:Dessie Town Administration,mulugeta deme medium clinic region:amhara zone:South Wollo ZHD,confirmed
1074383,mulugeta medium clinic,amhara,gGeF3lKMlVP,mulugeta primary clinic,amhara,0.8149222135543823,mulugeta medium clinic region:amhara zone:Dessie Town Administration,mulugeta primary clinic region:amhara zone:West Gojjam ZHD,confirmed
1074384,ayalew medium clinic,amhara,H4EVTeitqUy,ayalew mamo lder primery clinic,amhara,0.8051754832267761,ayalew medium clinic woreda:Kombolcha Town region:amhara zone:Kombolcha Town Administration,ayalew mamo lder primery clinic region:amhara zone:South Wollo ZHD,confirmed
1074531,endris primary clinic,amhara,b7UIlOAcAWo,endris primary clinic,amhara,0.8121249675750732,endris primary clinic woreda:Tehuledre region:amhara zone:South Wollo Zone,endris primary clinic region:amhara zone:Oromia Special ZHD,confirmed
1074531,endris primary clinic,amhara,BrWgOgvJKiY,endris primary clinic,amhara,0.8121249675750732,endris primary clinic woreda:Tehuledre region:amhara zone:South Wollo Zone,endris primary clinic region:amhara zone:Oromia Special ZHD,confirmed
1074641,beteseb medium clinic,amhara,yCSZQTVsEjl,beteseb medium clinic,amhara,0.8739176988601685,beteseb medium clinic woreda:Kallu region:amhara zone:South Wollo Zone,beteseb medium clinic region:amhara zone:South Wollo ZHD,confirmed
1074650,zemene primary clinic,amhara,UZ4LWZ7xYDz,zemen primary clinic,amhara,0.8439090847969055,zemene primary clinic woreda:Metema region:amhara zone:West Gondar Zone,zemen primary clinic region:amhara zone:West Gojjam ZHD,confirmed
1074807,sister shishige medium clinc,amhara,Ose3ioCopKX,sister shishig medium clinic,amhara,0.81204754114151,sister shishige medium clinc woreda:Dessie Town region:amhara zone:Dessie Town Administration,sister shishig medium clinic region:amhara zone:Dessie THO,confirmed
1074812,selam pharmacy,amhara,CNeoS9YItnO,selam primary clinic,amhara,0.8175750970840454,selam pharmacy woreda:Bahir Dar Town region:amhara zone:Bahirdar Town Administration,selam primary clinic region:amhara zone:Bahirdar THO,confirmed
1074816,gerado primary clinic,amhara,apYQHd5HHz2,gerado phcu,amhara,0.8260446786880493,gerado primary clinic region:amhara zone:Dessie Town Administration,gerado phcu region:amhara zone:Dessie THO,confirmed
1074908,alebachew drug store,amhara,RhvKHi9Ua04,alebachew ali medium clinic,amhara,0.8225518465042114,alebachew drug store woreda:Wogidi region:amhara zone:South Wollo Zone,alebachew ali medium clinic region:amhara zone:South Wollo ZHD,confirmed
1074911,anley primary clinic,amhara,BjefFHK9Toj,anley junior clinic,amhara,0.8167280554771423,anley primary clinic woreda:South achefer Woreda region:amhara zone:North Gojjam Zone,anley junior clinic region:amhara zone:West Gojjam ZHD,confirmed
1075031,hiwot fanaprimary clinic,amhara,Sg3angtYUXJ,hiwot fana primary clinic,amhara,0.8230846524238586,hiwot fanaprimary clinic woreda:Kallu region:amhara zone:South Wollo Zone,hiwot fana primary clinic region:amhara zone:South Wollo ZHD,confirmed
1075079,teshome primary clinic,amhara,krRY8HzE9sx,teshome primary clinic,amhara,0.8406003713607788,teshome primary clinic woreda:Ambasel region:amhara zone:South Wollo Zone,teshome primary clinic region:amhara zone:West Gondar ZHD,confirmed
1075110,wuger health post,amhara,OSP8YsBy2U9,woger health post,amhara,0.815986692905426,wuger health post woreda:Gozamin region:amhara zone:East Gojjam Zone,woger health post region:amhara zone:East Gojjam ZHD,confirmed
1075204,seid ebrahim primary clinic,amhara,Nd0XzEGLHRR,seid primary clinic,amhara,0.8215777277946472,seid ebrahim primary clinic woreda:Habru region:amhara zone:North Wollo Zone,seid primary clinic region:amhara zone:North Wollo ZHD,confirmed
1075221,selam primary clinic,amhara,CNeoS9YItnO,selam primary clinic,amhara,0.8246864676475525,selam primary clinic woreda:Borena region:amhara zone:South Wollo Zone,selam primary clinic region:amhara zone:Bahirdar THO,confirmed
1075221,selam primary clinic,amhara,LdtqVf5qs2P,selam primary clinic,amhara,0.8237119317054749,selam primary clinic woreda:Borena region:amhara zone:South Wollo Zone,selam primary clinic region:amhara zone:Dessie THO,confirmed
1075221,selam primary clinic,amhara,sgwtyK0Xof4,selam primary clinic,amhara,0.8770898580551147,selam primary clinic woreda:Borena region:amhara zone:South Wollo Zone,selam primary clinic region:amhara zone:South Wollo ZHD,confirmed
1075394,tesfaye primary clinic,amhara,hvZeBZ1GXRo,tesfaye primary clinic,amhara,0.8402689695358276,tesfaye primary clinic woreda:Gondar City Administration region:amhara zone:Gondar Town Administration,tesfaye primary clinic region:amhara zone:North Shewa ZHD,confirmed
1075394,tesfaye primary clinic,amhara,cAtUrl3vdLb,tesfaye primary clinic,amhara,0.8378531336784363,tesfaye primary clinic woreda:Gondar City Administration region:amhara zone:Gondar Town Administration,tesfaye primary clinic region:amhara zone:North Wollo ZHD,confirmed
1075394,tesfaye primary clinic,amhara,mcqxVg93fbQ,tesfaye tedila primary clinic,amhara,0.8280565142631531,tesfaye primary clinic woreda:Gondar City Administration region:amhara zone:Gondar Town Administration,tesfaye tedila primary clinic region:amhara zone:South Wollo ZHD,confirmed
1075464,doctor mohamed medium clinic,amhara,kA52fu8RKPf,doctor mulugata medium clinic,amhara,0.8000490665435791,doctor mohamed medium clinic woreda:Wogidi region:amhara zone:South Wollo Zone,doctor mulugata medium clinic region:amhara zone:Awi ZHD,confirmed
1075464,doctor mohamed medium clinic,amhara,fC79pNYqKhq,doctor wondim medium clinic,amhara,0.8061606287956238,doctor mohamed medium clinic woreda:Wogidi region:amhara zone:South Wollo Zone,doctor wondim medium clinic region:amhara zone:West Gojjam ZHD,confirmed
1075502,eneva gundib health post,amhara,qwdMqQBYwhx,eneba gundeb health post,amhara,0.8978970050811768,eneva gundib health post woreda:Goncha region:amhara zone:East Gojjam Zone,eneba gundeb health post region:amhara zone:East Gojjam ZHD,confirmed
1075571,tadese primary clinic,amhara,tSSvXYzCjkG,tadesse ferede primary clinic,amhara,0.8140609264373779,tadese primary clinic woreda:Metema region:amhara zone:West Gondar Zone,tadesse ferede primary clinic region:amhara zone:West Gojjam ZHD,confirmed
1075602,amanual primary clinic,amhara,uaYtwyv4iMf,amanuale clinic,amhara,0.8067236542701721,amanual primary clinic woreda:Banja region:amhara zone:Awi Zone,amanuale clinic region:amhara zone:Central Gondar ZHD,confirmed
1075602,amanual primary clinic,amhara,gf9lTewXw1T,amanual jusus clinic,amhara,0.8324681520462036,amanual primary clinic woreda:Banja region:amhara zone:Awi Zone,amanual jusus clinic region:amhara zone:East Gojjam ZHD,confirmed
1075641,endris primary clinic,amhara,b7UIlOAcAWo,endris primary clinic,amhara,0.8373671770095825,endris primary clinic woreda:Wogidi region:amhara zone:South Wollo Zone,endris primary clinic region:amhara zone:Oromia Special ZHD,confirmed
1075641,endris primary clinic,amhara,BrWgOgvJKiY,endris primary clinic,amhara,0.8373671770095825,endris primary clinic woreda:Wogidi region:amhara zone:South Wollo Zone,endris primary clinic region:amhara zone:Oromia Special ZHD,confirmed
1075646,gedamnesh primary clinic,amhara,iooSXwcUgGO,gedamu primary clinic,amhara,0.8012810945510864,gedamnesh primary clinic woreda:Ayehu Guagusa region:amhara zone:Awi Zone,gedamu primary clinic region:amhara zone:West Gojjam ZHD,confirmed
1075646,gedamnesh primary clinic,amhara,OjMStG5QPvT,gedamu primary clinic,amhara,0.8012810945510864,gedamnesh primary clinic woreda:Ayehu Guagusa region:amhara zone:Awi Zone,gedamu primary clinic region:amhara zone:West Gojjam ZHD,confirmed
1075748,geleta primary clinic,amhara,diZF3uc4Xpd,geletaw junior clinic,amhara,0.819317638874054,geleta primary clinic woreda:Legambo region:amhara zone:South Wollo Zone,geletaw junior clinic region:amhara zone:South Wollo ZHD,confirmed
1075808,tiss abay health post,amhara,ck32nOFdggm,tis abay health post,amhara,0.8605912923812866,tiss abay health post woreda:Bahir Dar Town region:amhara zone:Bahirdar Town Administration,tis abay health post region:amhara zone:Bahirdar THO,confirmed
1075843,getachw primary clinic,amhara,iwW9uteCTNn,getachew primary clinic,amhara,0.8877214193344116,getachw primary clinic woreda:Wogidi region:amhara zone:South Wollo Zone,getachew primary clinic region:amhara zone:South Wollo ZHD,confirmed
1075844,eman medium clinic,amhara,nDim6yZlO68,eman lower clinic,amhara,0.8157137036323547,eman medium clinic woreda:Dessie Town region:amhara zone:Dessie Town Administration,eman lower clinic region:amhara zone:Oromia Special ZHD,confirmed
1075881,amare medium clinic,amhara,FZPWFly9lfh,amare medium clinic,amhara,0.8137420415878296,amare medium clinic woreda:Jabi Tehinan region:amhara zone:West Gojam Zone,amare medium clinic region:amhara zone:Central Gondar ZHD,confirmed
1075881,amare medium clinic,amhara,iiUlaNiETqa,amare junior clinic,amhara,0.8177611231803894,amare medium clinic woreda:Jabi Tehinan region:amhara zone:West Gojam Zone,amare junior clinic region:amhara zone:West Gojjam ZHD,confirmed
1075949,tigist pharmacy,amhara,bPOpa1F5igQ,tigist primary clinic,amhara,0.8323616981506348,tigist pharmacy woreda:Dessie Town region:amhara zone:Dessie Town Administration,tigist primary clinic region:amhara zone:South Gondar ZHD,confirmed
1075977,gizachew primary clinic,amhara,d0cYSNVvRjZ,gizachewu primary clinic,amhara,0.8135562539100647,gizachew primary clinic woreda:Albuko region:amhara zone:South Wollo Zone,gizachewu primary clinic region:amhara zone:West Gondar ZHD,confirmed
1076110,chefa medium clinic,amhara,OY16EgHX1Zf,chefa jun clinic,amhara,0.8054859638214111,chefa medium clinic woreda:Artuma Fursi region:amhara zone:Oromia Special Zone,chefa jun clinic region:amhara zone:Oromia Special ZHD,confirmed
1076112,melese primery clinic,amhara,h0Ano8mXgDw,melese primary clinic,amhara,0.8080556392669678,melese primery clinic woreda:Jawi region:amhara zone:Awi Zone,melese primary clinic region:amhara zone:Awi ZHD,confirmed
1076112,melese primery clinic,amhara,oKo5x5ozINl,melaku primery clinic,amhara,0.8119786977767944,melese primery clinic woreda:Jawi region:amhara zone:Awi Zone,melaku primery clinic region:amhara zone:North Gondar ZHD,confirmed
1076130,mulusew primary clinic,amhara,ugfKCI3lHjE,mulusew abate primary clinic,amhara,0.8234350085258484,mulusew primary clinic woreda:Debre Elias region:amhara zone:East Gojjam Zone,mulusew abate primary clinic region:amhara zone:West Gojjam ZHD,confirmed
1076173,selam primary clinic,amhara,sgwtyK0Xof4,selam primary clinic,amhara,0.8003132939338684,selam primary clinic woreda:Adi Arkay region:amhara zone:North Gondar Zone,selam primary clinic region:amhara zone:South Wollo ZHD,confirmed
1076243,09 kombolcha health post,amhara,MfYnWux13sf,09 tuyuamba health post,amhara,0.8441125750541687,09 kombolcha health post woreda:Kombolcha Town region:amhara zone:Kombolcha Town Administration,09 tuyuamba health post region:amhara zone:Kombolcha THO,confirmed
1076265,beyene medium clinic,amhara,wJZESQtJSyR,beyene medium cinic,amhara,0.806526243686676,beyene medium clinic woreda:Kelala region:amhara zone:South Wollo Zone,beyene medium cinic region:amhara zone:South Wollo ZHD,confirmed
1076267,dr bekele medium clinic,amhara,Otvlp46vXkU,dr bekele haile,amhara,0.8063492178916931,dr bekele medium clinic woreda:Woreta region:amhara zone:South Gondar Zone,dr bekele haile region:amhara zone:South Gondar ZHD,confirmed
1076359,tsegaye primary clinic,amhara,tFo365EeZkb,tsegaye primary clinic,amhara,0.8045423626899719,tsegaye primary clinic woreda:Bahir Dar Town region:amhara zone:Bahirdar Town Administration,tsegaye primary clinic region:amhara zone:South Gondar ZHD,confirmed
1076362,semira primary clinic,amhara,CSTdrMGvxq0,semira primary clinic,amhara,0.8078665137290955,semira primary clinic woreda:Kutaber region:amhara zone:South Wollo Zone,semira primary clinic region:amhara zone:Kombolcha THO,confirmed
1076419,seid usuman primary clinic,amhara,Nd0XzEGLHRR,seid primary clinic,amhara,0.8283016681671143,seid usuman primary clinic woreda:Wadila region:amhara zone:North Wollo Zone,seid primary clinic region:amhara zone:North Wollo ZHD,confirmed
1076461,boren primary clinic,amhara,UdocqTUifYW,borena primary clinic,amhara,0.8444960713386536,boren primary clinic woreda:Raya Kobo region:amhara zone:North Wollo Zone,borena primary clinic region:amhara zone:North Wollo ZHD,confirmed
1076463,mulugeta kasaw primary clinic,amhara,gGeF3lKMlVP,mulugeta primary clinic,amhara,0.8211565017700195,mulugeta kasaw primary clinic woreda:Dessie Town region:amhara zone:Dessie Town Administration,mulugeta primary clinic region:amhara zone:West Gojjam ZHD,confirmed
1076525,zemen primary clinic,amhara,uWmfT2hglWW,zemen primary clinic,amhara,0.8523971438407898,zemen primary clinic woreda:Ayehu Guagusa region:amhara zone:Awi Zone,zemen primary clinic region:amhara zone:Awi ZHD,confirmed
1076525,zemen primary clinic,amhara,UZ4LWZ7xYDz,zemen primary clinic,amhara,0.8294771909713745,zemen primary clinic woreda:Ayehu Guagusa region:amhara zone:Awi Zone,zemen primary clinic region:amhara zone:West Gojjam ZHD,confirmed
1076540,abdu primary clinic,amhara,NCZCkmq9Wew,abdu primary clinic,amhara,0.8263698816299438,abdu primary clinic woreda:Awabel region:amhara zone:East Gojjam Zone,abdu primary clinic region:amhara zone:South Wollo ZHD,confirmed
1076540,abdu primary clinic,amhara,zIOsQoGzip6,abiyot primary clinic,amhara,0.8040396571159363,abdu primary clinic woreda:Awabel region:amhara zone:East Gojjam Zone,abiyot primary clinic region:amhara zone:West Gojjam ZHD,confirmed
1076652,aschale primary clinic,amhara,OzBknhIsghT,aschala primary clinic,amhara,0.8671684861183167,aschale primary clinic woreda:Guangua region:amhara zone:Awi Zone,aschala primary clinic region:amhara zone:Awi ZHD,confirmed
1076664,kidane mihiret medium clinic,amhara,co9O58f383W,kidane mihret melestegna clinic,amhara,0.8185657858848572,kidane mihiret medium clinic woreda:East Belesa region:amhara zone:Central Gondar Zone,kidane mihret melestegna clinic region:amhara zone:Central Gondar ZHD,confirmed
1076679,selehamesa primary clinic,amhara,WVFnmfjXbfx,silehamsa primary clinic,amhara,0.8103682398796082,selehamesa primary clinic woreda:Central Armacho region:amhara zone:Central Gondar Zone,silehamsa primary clinic region:amhara zone:West Gojjam ZHD,confirmed
1076680,selam medium clinic,amhara,JXfQSTuxxzG,selam melestegna clinic,amhara,0.8271567225456238,selam medium clinic woreda:Central Armacho region:amhara zone:Central Gondar Zone,selam melestegna clinic region:amhara zone:Central Gondar ZHD,confirmed
1076680,selam medium clinic,amhara,WVdDDyRFhOB,selam medium clinic,amhara,0.8495760560035706,selam medium clinic woreda:Central Armacho region:amhara zone:Central Gondar Zone,selam medium clinic region:amhara zone:West Gojjam ZHD,confirmed
1076718,netere primary clinic,amhara,ZiV21WabPdP,netere primary clinic,amhara,0.8279306888580322,netere primary clinic woreda:Lay Armacho region:amhara zone:Central Gondar Zone,netere primary clinic region:amhara zone:Central Gondar ZHD,confirmed
1076740,kibru primary clinic,amhara,fmrN5kZfLlk,kibur primary clinic,amhara,0.827501654624939,kibru primary clinic woreda:Womberma region:amhara zone:West Gojam Zone,kibur primary clinic region:amhara zone:West Gojjam ZHD,confirmed
1076740,kibru primary clinic,amhara,Vvjp3MSeePN,kibur primary clinic,amhara,0.827501654624939,kibru primary clinic woreda:Womberma region:amhara zone:West Gojam Zone,kibur primary clinic region:amhara zone:West Gojjam ZHD,confirmed
1076756,asmamaw primary clinic,amhara,N5e0sXg41Pg,asmamaw primary clinic,amhara,0.8774945139884949,asmamaw primary clinic woreda:Awabel region:amhara zone:East Gojjam Zone,asmamaw primary clinic region:amhara zone:West Gojjam ZHD,confirmed
1076826,mulusew primary clinic,amhara,ugfKCI3lHjE,mulusew abate primary clinic,amhara,0.8020076751708984,mulusew primary clinic woreda:Tach Armacho region:amhara zone:Central Gondar Zone,mulusew abate primary clinic region:amhara zone:West Gojjam ZHD,confirmed
1076847,edlawit primary clinic,amhara,QQd90F23kLB,edlawit primary clinic,amhara,0.8127584457397461,edlawit primary clinic woreda:Moretna Jiru region:amhara zone:North Shoa Zone,edlawit primary clinic region:amhara zone:West Gojjam ZHD,confirmed
1076869,worku primary clinic,amhara,B6WlsiR4QPf,workayehu primary clinic,amhara,0.8610255122184753,worku primary clinic woreda:Zigem region:amhara zone:Awi Zone,workayehu primary clinic region:amhara zone:West Gojjam ZHD,confirmed
1076873,abebe primary clinic,amhara,UOKlTk6wO2E,abebe primary clinic,amhara,0.8750421404838562,abebe primary clinic woreda:Zigem region:amhara zone:Awi Zone,abebe primary clinic region:amhara zone:West Gojjam ZHD,confirmed
1076873,abebe primary clinic,amhara,X432xOZMvDW,abebe primary clinic,amhara,0.8750421404838562,abebe primary clinic woreda:Zigem region:amhara zone:Awi Zone,abebe primary clinic region:amhara zone:West Gojjam ZHD,confirmed
1076873,abebe primary clinic,amhara,BXQy7VFtGjb,abebaw primary clinic,amhara,0.8372474312782288,abebe primary clinic woreda:Zigem region:amhara zone:Awi Zone,abebaw primary clinic region:amhara zone:West Gondar ZHD,confirmed
1076874,abebe primary clinic,amhara,UOKlTk6wO2E,abebe primary clinic,amhara,0.8750421404838562,abebe primary clinic woreda:Zigem region:amhara zone:Awi Zone,abebe primary clinic region:amhara zone:West Gojjam ZHD,confirmed
1076874,abebe primary clinic,amhara,X432xOZMvDW,abebe primary clinic,amhara,0.8750421404838562,abebe primary clinic woreda:Zigem region:amhara zone:Awi Zone,abebe primary clinic region:amhara zone:West Gojjam ZHD,confirmed
1076874,abebe primary clinic,amhara,BXQy7VFtGjb,abebaw primary clinic,amhara,0.8372474312782288,abebe primary clinic woreda:Zigem region:amhara zone:Awi Zone,abebaw primary clinic region:amhara zone:West Gondar ZHD,confirmed
1076881,aresema primary clinic,amhara,QOBaR3CeXBn,aresema clinic,amhara,0.8308117985725403,aresema primary clinic woreda:Zigem region:amhara zone:Awi Zone,aresema clinic region:amhara zone:North Shewa ZHD,confirmed
1076881,aresema primary clinic,amhara,pqrYdmphsca,arsema primary clinic,amhara,0.8295952081680298,aresema primary clinic woreda:Zigem region:amhara zone:Awi Zone,arsema primary clinic region:amhara zone:Waghimera ZHD,confirmed
1076883,girma primary clinic,amhara,e2DyP89lpXx,girmaye primary clinic,amhara,0.8213002681732178,girma primary clinic woreda:Zigem region:amhara zone:Awi Zone,girmaye primary clinic region:amhara zone:Gondar THO,confirmed
1076885,felegush primary clinic,amhara,rYX16z2dvKM,felegush primary clinic,amhara,0.8870914578437805,felegush primary clinic woreda:Zigem region:amhara zone:Awi Zone,felegush primary clinic region:amhara zone:Awi ZHD,confirmed
1076886,melekamu primary clinic,amhara,eNaEBUrUi71,melkamu primary clinic,amhara,0.81573486328125,melekamu primary clinic woreda:Zigem region:amhara zone:Awi Zone,melkamu primary clinic region:amhara zone:East Gojjam ZHD,confirmed
1076886,melekamu primary clinic,amhara,XjGxf6gvl3m,melkamu primary clinic,amhara,0.8150931000709534,melekamu primary clinic woreda:Zigem region:amhara zone:Awi Zone,melkamu primary clinic region:amhara zone:West Gojjam ZHD,confirmed
1076940,hiwot primary clinic,amhara,htQWcwoUEEU,hiwot primary clinic,amhara,0.8165213465690613,hiwot primary clinic woreda:Asagirt region:amhara zone:North Shoa Zone,hiwot primary clinic region:amhara zone:Awi ZHD,confirmed
1076940,hiwot primary clinic,amhara,NmCbSk9gmTg,hiwot primary clinic,amhara,0.8055465221405029,hiwot primary clinic woreda:Asagirt region:amhara zone:North Shoa Zone,hiwot primary clinic region:amhara zone:Oromia Special ZHD,confirmed
1076952,awoke primary clinic,amhara,OdTuYs9Vhll,awoke primary clinic,amhara,0.8133140802383423,awoke primary clinic woreda:Dangla Zuria region:amhara zone:Awi Zone,awoke primary clinic region:amhara zone:West Gojjam ZHD,confirmed
1076952,awoke primary clinic,amhara,bN4tja94yka,awoke primary clinic,amhara,0.8214114904403687,awoke primary clinic woreda:Dangla Zuria region:amhara zone:Awi Zone,awoke primary clinic region:amhara zone:West Gondar ZHD,confirmed
1076963,kone tawon health post,amhara,ZhjPdECdFfA,kone 01 town health post,amhara,0.8046378493309021,kone tawon health post woreda:Wadila region:amhara zone:North Wollo Zone,kone 01 town health post region:amhara zone:North Wollo ZHD,confirmed
1076992,alemu primery clinic,amhara,PXniE7fzXwT,alemu primary clinic,amhara,0.8069503903388977,alemu primery clinic woreda:Fogera region:amhara zone:South Gondar Zone,alemu primary clinic region:amhara zone:Central Gondar ZHD,confirmed
1077036,kidus gebreal primary clinic,amhara,ilYXE6ep1WG,kidis gebiral primary clinic,amhara,0.8548396229743958,kidus gebreal primary clinic woreda:West Dembia region:amhara zone:Central Gondar Zone,kidis gebiral primary clinic region:amhara zone:West Gondar ZHD,confirmed
1077100,kalkidan primary clinic,amhara,PTvU7SvuMe9,kalkidan primary clinic,amhara,0.8122868537902832,kalkidan primary clinic woreda:Bahir dar Zuriya Woreda region:amhara zone:North Gojjam Zone,kalkidan primary clinic region:amhara zone:West Gojjam ZHD,confirmed
1077100,kalkidan primary clinic,amhara,MtgFijLdJY1,kalkidan primary clinic,amhara,0.8122868537902832,kalkidan primary clinic woreda:Bahir dar Zuriya Woreda region:amhara zone:North Gojjam Zone,kalkidan primary clinic region:amhara zone:West Gojjam ZHD,confirmed
1077104,alemu primary clinic,amhara,PXniE7fzXwT,alemu primary clinic,amhara,0.8055618405342102,alemu primary clinic woreda:Bahir dar Zuriya Woreda region:amhara zone:North Gojjam Zone,alemu primary clinic region:amhara zone:Central Gondar ZHD,confirmed
1077118,tadele primary clinic,amhara,r6uMqUxb88h,tadele primary clinic,amhara,0.8264425992965698,tadele primary clinic woreda:Angot region:amhara zone:North Wollo Zone,tadele primary clinic region:amhara zone:Central Gondar ZHD,confirmed
1077118,tadele primary clinic,amhara,BaJrYHkWaKN,tadele muluneh primary clinic,amhara,0.8165550231933594,tadele primary clinic woreda:Angot region:amhara zone:North Wollo Zone,tadele muluneh primary clinic region:amhara zone:East Gojjam ZHD,confirmed
1077118,tadele primary clinic,amhara,B7j5LbwOALg,tadele shita primary clinic,amhara,0.8126969933509827,tadele primary clinic woreda:Angot region:amhara zone:North Wollo Zone,tadele shita primary clinic region:amhara zone:West Gojjam ZHD,confirmed
1077118,tadele primary clinic,amhara,NKMZbMG8VeL,tadele shita primary clinic,amhara,0.8126969933509827,tadele primary clinic woreda:Angot region:amhara zone:North Wollo Zone,tadele shita primary clinic region:amhara zone:West Gojjam ZHD,confirmed
1077143,kidanmihret medium clinic,amhara,rKmfQH8IixJ,kidanmihiret medium clinic,amhara,0.8337438106536865,kidanmihret medium clinic woreda:Woreta region:amhara zone:South Gondar Zone,kidanmihiret medium clinic region:amhara zone:West Gojjam ZHD,confirmed
1077143,kidanmihret medium clinic,amhara,igyETbMtGbi,kidanmihiret medium clinic,amhara,0.8337438106536865,kidanmihret medium clinic woreda:Woreta region:amhara zone:South Gondar Zone,kidanmihiret medium clinic region:amhara zone:West Gojjam ZHD,confirmed
1077209,tesfaye wodajo primary clinic,amhara,mcqxVg93fbQ,tesfaye tedila primary clinic,amhara,0.8135602474212646,tesfaye wodajo primary clinic woreda:Habru region:amhara zone:North Wollo Zone,tesfaye tedila primary clinic region:amhara zone:South Wollo ZHD,confirmed
1077222,nuru medium clinic,amhara,PuFHWIksbzu,nuru primary clinic,amhara,0.8104363679885864,nuru medium clinic woreda:Artuma Fursi region:amhara zone:Oromia Special Zone,nuru primary clinic region:amhara zone:Oromia Special ZHD,confirmed
1077260,abirham primary clinic,amhara,i15w4MrFwSv,abrham primary clinic,amhara,0.8055279850959778,abirham primary clinic woreda:Sekela region:amhara zone:West Gojam Zone,abrham primary clinic region:amhara zone:West Gojjam ZHD,confirmed
1077260,abirham primary clinic,amhara,x3pDRpvs8dS,abrham primary clinic,amhara,0.8055279850959778,abirham primary clinic woreda:Sekela region:amhara zone:West Gojam Zone,abrham primary clinic region:amhara zone:West Gojjam ZHD,confirmed
1077263,shituneh primary clinic,amhara,p4Blnn23jwB,shituneh praimary clinic,amhara,0.8400305509567261,shituneh primary clinic woreda:Sekela region:amhara zone:West Gojam Zone,shituneh praimary clinic region:amhara zone:West Gojjam ZHD,confirmed
1077303,genetu primary clinic,amhara,aBLKmmRg0zN,genetu primary clinic,amhara,0.8618180155754089,genetu primary clinic woreda:Jawi region:amhara zone:Awi Zone,genetu primary clinic region:amhara zone:Awi ZHD,confirmed
1077310,tigistu primary clinic,amhara,bPOpa1F5igQ,tigist primary clinic,amhara,0.8202490210533142,tigistu primary clinic woreda:Jawi region:amhara zone:Awi Zone,tigist primary clinic region:amhara zone:South Gondar ZHD,confirmed
1077316,ayenew primary clinic,amhara,sH3pKTo2YMJ,ayenew primary clinic,amhara,0.8430677056312561,ayenew primary clinic woreda:Bure Zuria region:amhara zone:West Gojam Zone,ayenew primary clinic region:amhara zone:West Gojjam ZHD,confirmed
1077357,melese primary clinic,amhara,h0Ano8mXgDw,melese primary clinic,amhara,0.8182761073112488,melese primary clinic woreda:Alefa region:amhara zone:Central Gondar Zone,melese primary clinic region:amhara zone:Awi ZHD,confirmed
1077357,melese primary clinic,amhara,Sm8wblH6jJn,melesse primary clinic,amhara,0.8199349641799927,melese primary clinic woreda:Alefa region:amhara zone:Central Gondar Zone,melesse primary clinic region:amhara zone:Central Gondar ZHD,confirmed
1077369,giera kidam zuria health post,amhara,zGRqfZZgp0a,gira kidamin zuria health post,amhara,0.8602750301361084,giera kidam zuria health post woreda:Machakel region:amhara zone:East Gojjam Zone,gira kidamin zuria health post region:amhara zone:East Gojjam ZHD,confirmed
1077369,giera kidam zuria health post,amhara,oZBwlUQshGp,gira kidamin ketma health post,amhara,0.8025952577590942,giera kidam zuria health post woreda:Machakel region:amhara zone:East Gojjam Zone,gira kidamin ketma health post region:amhara zone:East Gojjam ZHD,confirmed
1077424,ybeltie primary clinic,amhara,iq70CpiR4j3,ybeltie primary clinic,amhara,0.9017581343650818,ybeltie primary clinic woreda:Goncha region:amhara zone:East Gojjam Zone,ybeltie primary clinic region:amhara zone:East Gojjam ZHD,confirmed
1077424,ybeltie primary clinic,amhara,FvnOp9IHEz8,yibeltal primary clinic,amhara,0.8301466107368469,ybeltie primary clinic woreda:Goncha region:amhara zone:East Gojjam Zone,yibeltal primary clinic region:amhara zone:West Gojjam ZHD,confirmed
1077428,tesfaye primary clinic,amhara,hvZeBZ1GXRo,tesfaye primary clinic,amhara,0.8331896066665649,tesfaye primary clinic woreda:Farta region:amhara zone:South Gondar Zone,tesfaye primary clinic region:amhara zone:North Shewa ZHD,confirmed
1077428,tesfaye primary clinic,amhara,cAtUrl3vdLb,tesfaye primary clinic,amhara,0.8257445693016052,tesfaye primary clinic woreda:Farta region:amhara zone:South Gondar Zone,tesfaye primary clinic region:amhara zone:North Wollo ZHD,confirmed
1077428,tesfaye primary clinic,amhara,mcqxVg93fbQ,tesfaye tedila primary clinic,amhara,0.8405977487564087,tesfaye primary clinic woreda:Farta region:amhara zone:South Gondar Zone,tesfaye tedila primary clinic region:amhara zone:South Wollo ZHD,confirmed
1077429,medhanialem primary clinic,amhara,hrkAliDZH9I,medihaniyalm primary clinic,amhara,0.8180723786354065,medhanialem primary clinic woreda:Farta region:amhara zone:South Gondar Zone,medihaniyalm primary clinic region:amhara zone:East Gojjam ZHD,confirmed
1077429,medhanialem primary clinic,amhara,pWYt4d0UIaB,medhanialem junior clinic,amhara,0.8230472207069397,medhanialem primary clinic woreda:Farta region:amhara zone:South Gondar Zone,medhanialem junior clinic region:amhara zone:West Gojjam ZHD,confirmed
1077429,medhanialem primary clinic,amhara,GxfDl9DM34r,medihanilem primary clinic,amhara,0.8133165836334229,medhanialem primary clinic woreda:Farta region:amhara zone:South Gondar Zone,medihanilem primary clinic region:amhara zone:West Gondar ZHD,confirmed
1077444,lake medium clinic,amhara,aq3HWtezu51,lakech and yeshewase medium clinic,amhara,0.8603799939155579,lake medium clinic woreda:Jabi Tehinan region:amhara zone:West Gojam Zone,lakech and yeshewase medium clinic region:amhara zone:West Gojjam ZHD,confirmed
1077444,lake medium clinic,amhara,CjhIaRO1uIK,lakech and yeshewase medium clinic,amhara,0.8603799939155579,lake medium clinic woreda:Jabi Tehinan region:amhara zone:West Gojam Zone,lakech and yeshewase medium clinic region:amhara zone:West Gojjam ZHD,confirmed
1077457,selam medium clinic,amhara,WVdDDyRFhOB,selam medium clinic,amhara,0.8398195505142212,selam medium clinic woreda:Baso Liben region:amhara zone:East Gojjam Zone,selam medium clinic region:amhara zone:West Gojjam ZHD,confirmed
1077470,kumlachew primary clinic,amhara,sLYkuYbAJsE,kumlachew medim clinic,amhara,0.8240469694137573,kumlachew primary clinic woreda:Enemay region:amhara zone:East Gojjam Zone,kumlachew medim clinic region:amhara zone:East Gojjam ZHD,confirmed
1077476,habtamu primary clinic,amhara,nxhvHxdSM76,habtamu primary clinic,amhara,0.8322924375534058,habtamu primary clinic woreda:Quarit region:amhara zone:West Gojam Zone,habtamu primary clinic region:amhara zone:Central Gondar ZHD,confirmed
1077476,habtamu primary clinic,amhara,pT43EDAiAw2,habtamu primary clinic,amhara,0.8322924375534058,habtamu primary clinic woreda:Quarit region:amhara zone:West Gojam Zone,habtamu primary clinic region:amhara zone:Central Gondar ZHD,confirmed
1077476,habtamu primary clinic,amhara,tRpI7ODkfq6,habtamu primary clinic,amhara,0.8570249080657959,habtamu primary clinic woreda:Quarit region:amhara zone:West Gojam Zone,habtamu primary clinic region:amhara zone:East Gojjam ZHD,confirmed
1077478,telim primary clinic,amhara,US3JxvzTDvd,telim melestegna clinic,amhara,0.8297795653343201,telim primary clinic woreda:Quarit region:amhara zone:West Gojam Zone,telim melestegna clinic region:amhara zone:West Gojjam ZHD,confirmed
1077479,tewabe primary clinic,amhara,hgLAjnUhcdK,tewabe melestegna clinic,amhara,0.8447930216789246,tewabe primary clinic woreda:Quarit region:amhara zone:West Gojam Zone,tewabe melestegna clinic region:amhara zone:West Gojjam ZHD,confirmed
1077497,gashaw primary clinic,amhara,HTXTiiElfZV,gashaw primary clinic,amhara,0.819190263748169,gashaw primary clinic woreda:Gondar Zuriya region:amhara zone:Central Gondar Zone,gashaw primary clinic region:amhara zone:Awi ZHD,confirmed
1077497,gashaw primary clinic,amhara,YYzKnvSTHbQ,gashaw primary clinic,amhara,0.8867292404174805,gashaw primary clinic woreda:Gondar Zuriya region:amhara zone:Central Gondar Zone,gashaw primary clinic region:amhara zone:Central Gondar ZHD,confirmed
1077497,gashaw primary clinic,amhara,CMQaM3qBVNv,gashaw primay clinic,amhara,0.830157458782196,gashaw primary clinic woreda:Gondar Zuriya region:amhara zone:Central Gondar Zone,gashaw primay clinic region:amhara zone:South Gondar ZHD,confirmed
1077497,gashaw primary clinic,amhara,KxQZt5IPzHH,gashaw primary clinic,amhara,0.8440141677856445,gashaw primary clinic woreda:Gondar Zuriya region:amhara zone:Central Gondar Zone,gashaw primary clinic region:amhara zone:West Gojjam ZHD,confirmed
1077501,medihanialem primary clinic,amhara,vecgeJCVVYg,medihanialem primary clinic,amhara,0.8207575082778931,medihanialem primary clinic woreda:Gondar Zuriya region:amhara zone:Central Gondar Zone,medihanialem primary clinic region:amhara zone:Awi ZHD,confirmed
1077501,medihanialem primary clinic,amhara,GxfDl9DM34r,medihanilem primary clinic,amhara,0.835290253162384,medihanialem primary clinic woreda:Gondar Zuriya region:amhara zone:Central Gondar Zone,medihanilem primary clinic region:amhara zone:West Gondar ZHD,confirmed
1077509,geleta primary clinic,amhara,diZF3uc4Xpd,geletaw junior clinic,amhara,0.8186241984367371,geleta primary clinic woreda:Argoba region:amhara zone:South Wollo Zone,geletaw junior clinic region:amhara zone:South Wollo ZHD,confirmed
1077514,fikre selam primary clinic,amhara,Nsxcd8VUiaZ,fikreselam primary clinic,amhara,0.8220005631446838,fikre selam primary clinic woreda:Gonjikolela Woreda region:amhara zone:North Gojjam Zone,fikreselam primary clinic region:amhara zone:West Gondar ZHD,confirmed
1077520,yibeltal primary clinic,amhara,FvnOp9IHEz8,yibeltal primary clinic,amhara,0.8435212969779968,yibeltal primary clinic woreda:Gonjikolela Woreda region:amhara zone:North Gojjam Zone,yibeltal primary clinic region:amhara zone:West Gojjam ZHD,confirmed
1077523,kidane mihret medium clinic,amhara,co9O58f383W,kidane mihret melestegna clinic,amhara,0.8097765445709229,kidane mihret medium clinic woreda:Gonjikolela Woreda region:amhara zone:North Gojjam Zone,kidane mihret melestegna clinic region:amhara zone:Central Gondar ZHD,confirmed
1077525,asmamaw primary clinic,amhara,N5e0sXg41Pg,asmamaw primary clinic,amhara,0.8064719438552856,asmamaw primary clinic woreda:Habru region:amhara zone:North Wollo Zone,asmamaw primary clinic region:amhara zone:West Gojjam ZHD,confirmed
1077536,zemene primary clinic,amhara,UZ4LWZ7xYDz,zemen primary clinic,amhara,0.825393795967102,zemene primary clinic woreda:Estie region:amhara zone:South Gondar Zone,zemen primary clinic region:amhara zone:West Gojjam ZHD,confirmed
1077564,seid birlie primary clinic,amhara,Nd0XzEGLHRR,seid primary clinic,amhara,0.824432373046875,seid birlie primary clinic woreda:Wadila region:amhara zone:North Wollo Zone,seid primary clinic region:amhara zone:North Wollo ZHD,confirmed
1077571,minilik medium clinic,amhara,VceErJmSkVb,minilik medium clinic,amhara,0.8440320491790771,minilik medium clinic woreda:Dera region:amhara zone:South Gondar Zone,minilik medium clinic region:amhara zone:Gondar THO,confirmed
1077572,tesfay primary clinic,amhara,hvZeBZ1GXRo,tesfaye primary clinic,amhara,0.8007159233093262,tesfay primary clinic woreda:Libo Kemkem region:amhara zone:South Gondar Zone,tesfaye primary clinic region:amhara zone:North Shewa ZHD,confirmed
1077584,abebaw primary clinic,amhara,UOKlTk6wO2E,abebe primary clinic,amhara,0.8401980400085449,abebaw primary clinic woreda:West Armacho region:amhara zone:West Gondar Zone,abebe primary clinic region:amhara zone:West Gojjam ZHD,confirmed
1077584,abebaw primary clinic,amhara,X432xOZMvDW,abebe primary clinic,amhara,0.8401980400085449,abebaw primary clinic woreda:West Armacho region:amhara zone:West Gondar Zone,abebe primary clinic region:amhara zone:West Gojjam ZHD,confirmed
1077584,abebaw primary clinic,amhara,BXQy7VFtGjb,abebaw primary clinic,amhara,0.8948690891265869,abebaw primary clinic woreda:West Armacho region:amhara zone:West Gondar Zone,abebaw primary clinic region:amhara zone:West Gondar ZHD,confirmed
1077586,mulumihiret primary clinic,amhara,IaFQ9RkmOXH,mulu mihiret primary clinic,amhara,0.8166911602020264,mulumihiret primary clinic woreda:West Armacho region:amhara zone:West Gondar Zone,mulu mihiret primary clinic region:amhara zone:West Gondar ZHD,confirmed
1077596,tamerat primary clinic,amhara,ZsadjFw0E2M,tamerat primary clinic,amhara,0.8309299945831299,tamerat primary clinic woreda:Kelala region:amhara zone:South Wollo Zone,tamerat primary clinic region:amhara zone:North Shewa ZHD,confirmed
1077600,semira primary clinic,amhara,CSTdrMGvxq0,semira primary clinic,amhara,0.8190391063690186,semira primary clinic woreda:Kelala region:amhara zone:South Wollo Zone,semira primary clinic region:amhara zone:Kombolcha THO,confirmed
1077617,bati primary clinic,amhara,RvTy27XDl00,bati primary hospital,amhara,0.8772330284118652,bati primary clinic woreda:Bati Town region:amhara zone:Oromia Special Zone,bati primary hospital region:amhara zone:Oromia Special ZHD,confirmed
1077624,bikes drug store,amhara,DHWth07dFTp,bikesdrug store,amhara,0.8103493452072144,bikes drug store woreda:Simada region:amhara zone:South Gondar Zone,bikesdrug store region:amhara zone:South Gondar ZHD,confirmed
1077625,silasie primary clinic,amhara,ky7ZCqw0XQg,silasie joiner clinic,amhara,0.8101955056190491,silasie primary clinic woreda:Simada region:amhara zone:South Gondar Zone,silasie joiner clinic region:amhara zone:Awi ZHD,confirmed
1077633,afiya primary clinic,amhara,BrjySy9WnSo,afiya primary clinic,amhara,0.8629025816917419,afiya primary clinic woreda:Bati Woreda region:amhara zone:Oromia Special Zone,afiya primary clinic region:amhara zone:Oromia Special ZHD,confirmed
1077633,afiya primary clinic,amhara,RE1dYFIxsmA,afiya primary clinic,amhara,0.8629025816917419,afiya primary clinic woreda:Bati Woreda region:amhara zone:Oromia Special Zone,afiya primary clinic region:amhara zone:Oromia Special ZHD,confirmed
1077648,tsegaye primery clinic,amhara,UK7tnZn8SJa,tsegaye primery clinic,amhara,0.8569822311401367,tsegaye primery clinic woreda:Fagitalekoma region:amhara zone:Awi Zone,tsegaye primery clinic region:amhara zone:Awi ZHD,confirmed
1077676,takele demsie primary clinic,amhara,S1E5NHNxS07,takele demse primaryry clinic,amhara,0.883759081363678,takele demsie primary clinic woreda:Amhara Saint region:amhara zone:South Wollo Zone,takele demse primaryry clinic region:amhara zone:South Wollo ZHD,confirmed
1077680,kidus yared drug store,amhara,NpRSFoECMbD,kidus yared primary clinic,amhara,0.8585337996482849,kidus yared drug store region:amhara zone:West Gojam Zone,kidus yared primary clinic region:amhara zone:Gondar THO,confirmed
1077705,ferede drug store,amhara,uaRb8AWCPzs,ferede medium clinic,amhara,0.8709094524383545,ferede drug store region:amhara zone:West Gojam Zone,ferede medium clinic region:amhara zone:North Gondar ZHD,confirmed
1077708,assefa primary clinic,amhara,rFxAQUylRPX,assefa primary clinic,amhara,0.8362607955932617,assefa primary clinic woreda:Shebel Berenta region:amhara zone:East Gojjam Zone,assefa primary clinic region:amhara zone:West Gojjam ZHD,confirmed
1077713,addisu medium clinic,amhara,XpWz2O6SR5g,addisu junior clinic,amhara,0.8191225528717041,addisu medium clinic woreda:Gozamin region:amhara zone:East Gojjam Zone,addisu junior clinic region:amhara zone:West Gojjam ZHD,confirmed
1077716,zemen medim clinic,amhara,xHZShP7Et5d,zemen junior clinic,amhara,0.8156453967094421,zemen medim clinic woreda:Motta Town region:amhara zone:East Gojjam Zone,zemen junior clinic region:amhara zone:West Gojjam ZHD,confirmed
1078102,beteseb drug store,amhara,yCSZQTVsEjl,beteseb medium clinic,amhara,0.8074513673782349,beteseb drug store woreda:Kallu region:amhara zone:South Wollo Zone,beteseb medium clinic region:amhara zone:South Wollo ZHD,confirmed
1078105,gatenet medium clinic,amhara,M5ONFXlGmqv,gatenet primery clinic,amhara,0.8018214106559753,gatenet medium clinic woreda:Dejen region:amhara zone:East Gojjam Zone,gatenet primery clinic region:amhara zone:West Gojjam ZHD,confirmed
1078123,adissu primary clinic,amhara,xJrS9ApUAsR,adissu primary clinic,amhara,0.8091894388198853,adissu primary clinic woreda:Mena Meketewa region:amhara zone:South Gondar Zone,adissu primary clinic region:amhara zone:Awi ZHD,confirmed
1078137,wooble health post,somali,sGcWAPbo345,wooble health post,somali,0.8677948713302612,wooble health post woreda:Shabeley region:somali zone:Fafan,wooble health post region:somali zone:Fafan ZHD,confirmed
1078152,kombolcha health center,oromia,bRZNnqv2ooB,kombolcha health center,oromia,0.8605183362960815,kombolcha health center woreda:Kersa region:oromia zone:Jimma Zone,kombolcha health center region:oromia zone:Jimma ZHD,confirmed
1078152,kombolcha health center,oromia,gpUaU5JePdK,kombolcha phcu,oromia,0.8018734455108643,kombolcha health center woreda:Kersa region:oromia zone:Jimma Zone,kombolcha phcu region:oromia zone:Jimma ZHD,confirmed
1078189,baaltag health post,somali,wLFU31xg1NF,baaltag health post,somali,0.8617453575134277,baaltag health post woreda:Galadi region:somali zone:Dollo,baaltag health post region:somali zone:Dollo ZHD,confirmed
1078195,dudub health post,somali,Kcy19Rwr6me,dudub health post,somali,0.9768321514129639,dudub health post region:somali zone:Dollo,dudub health post region:somali zone:Dollo ZHD,confirmed
1078195,dudub health post,somali,c2vXvLi1hZz,dudumocad health post,somali,0.8578221201896667,dudub health post region:somali zone:Dollo,dudumocad health post region:somali zone:Jarar ZHD,confirmed
1078305,dibe health post,somali,SlZHHiJZ9qr,dibe health post,somali,0.8543140888214111,dibe health post woreda:Hudhet region:somali zone:Dawa,dibe health post region:somali zone:Dawa ZHD,confirmed
1078356,bachuma town 2,south west ethiopia,ampKeim1MTA,bachuma primary hospital phcu,south west ethiopia,0.8087404370307922,bachuma town 2 woreda:Bachuma Town region:south west ethiopia zone:West Omo zone,bachuma primary hospital phcu region:south west ethiopia zone:West Omo ZHD,confirmed
1078370,saxdheer health post,somali,f4y679OPZaT,saxdheer health post,somali,0.8792726993560791,saxdheer health post woreda:Galhamur region:somali zone:Dollo,saxdheer health post region:somali zone:Dollo ZHD,confirmed
1078518,abirham primary clinic,amhara,i15w4MrFwSv,abrham primary clinic,amhara,0.803715169429779,abirham primary clinic woreda:Sedie region:amhara zone:East Gojjam Zone,abrham primary clinic region:amhara zone:West Gojjam ZHD,confirmed
1078518,abirham primary clinic,amhara,x3pDRpvs8dS,abrham primary clinic,amhara,0.803715169429779,abirham primary clinic woreda:Sedie region:amhara zone:East Gojjam Zone,abrham primary clinic region:amhara zone:West Gojjam ZHD,confirmed
1078520,dessalegn primary clinic,amhara,ySyqYp845wU,desalegn primary clinic,amhara,0.8194566965103149,dessalegn primary clinic woreda:Sedie region:amhara zone:East Gojjam Zone,desalegn primary clinic region:amhara zone:East Gojjam ZHD,confirmed
1078537,hurtuba health post,oromia,pGqsBMZjKhM,hurtuba health post,oromia,0.8423407077789307,hurtuba health post woreda:Hitosa region:oromia zone:Arsi zone,hurtuba health post region:oromia zone:Arsi ZHD,confirmed
1078649,geda medium clinic,oromia,l6BLQgAyuc9,geda medium clinic,oromia,0.8374170660972595,geda medium clinic woreda:Adaba region:oromia zone:West Arsi Zone,geda medium clinic region:oromia zone:Arsi ZHD,confirmed
1078697,miranmiri health post,somali,NPUi0hpCb8N,miraamiri health post,somali,0.8104512691497803,miranmiri health post woreda:Harshin region:somali zone:Fafan,miraamiri health post region:somali zone:Fafan ZHD,confirmed
1078730,tokuma primary clinic,oromia,Qdb5UmujBJG,tokuma primary clinic,oromia,0.814280092716217,tokuma primary clinic woreda:Boset region:oromia zone:East Shewa Zone,tokuma primary clinic region:oromia zone:Arsi ZHD,confirmed
1078789,wushwush health center,south west ethiopia,aGTtur7aiV8,wushwush health center,south west ethiopia,0.8603845834732056,wushwush health center woreda:Gimbo Woreda region:south west ethiopia zone:Kaffa Zone,wushwush health center region:south west ethiopia zone:Kaffa ZHD,confirmed
1078793,yeyibito health post,south west ethiopia,bK5pUJPrx1s,yeyibito health post,south west ethiopia,0.8721597790718079,yeyibito health post woreda:Gimbo Woreda region:south west ethiopia zone:Kaffa Zone,yeyibito health post region:south west ethiopia zone:Kaffa ZHD,confirmed
1078859,yaye primary hospital community pharmacy,sidama,SwvYjwAs1jB,yaye primary hospital phcu,sidama,0.8191460967063904,yaye primary hospital community pharmacy woreda:Arbegona Woreda region:sidama zone:Central Sidama Zone,yaye primary hospital phcu region:sidama zone:Arbegona WorHO,confirmed
1078898,adele 01,oromia,po4ZVZBY2Ri,adele 01 health post,oromia,0.8261951208114624,adele 01 woreda:Amigna region:oromia zone:Arsi zone,adele 01 health post region:oromia zone:Arsi ZHD,confirmed
1078902,sude waltai health post,oromia,cgOaLKOoZbp,sude woltae health post,oromia,0.8070721626281738,sude waltai health post woreda:Robe region:oromia zone:Arsi zone,sude woltae health post region:oromia zone:Arsi ZHD,confirmed
1078915,dhera 01 health post,oromia,QCG6NLtKOig,dhera 01 health post,oromia,0.8543635606765747,dhera 01 health post woreda:Dera Town region:oromia zone:Arsi zone,dhera 01 health post region:oromia zone:Arsi ZHD,confirmed
1078915,dhera 01 health post,oromia,RkWffokjMoJ,dhera 02 health post,oromia,0.8575576543807983,dhera 01 health post woreda:Dera Town region:oromia zone:Arsi zone,dhera 02 health post region:oromia zone:Arsi ZHD,confirmed
1078916,dhera 02 health post,oromia,QCG6NLtKOig,dhera 01 health post,oromia,0.8492407202720642,dhera 02 health post woreda:Dera Town region:oromia zone:Arsi zone,dhera 01 health post region:oromia zone:Arsi ZHD,confirmed
1078916,dhera 02 health post,oromia,RkWffokjMoJ,dhera 02 health post,oromia,0.8630019426345825,dhera 02 health post woreda:Dera Town region:oromia zone:Arsi zone,dhera 02 health post region:oromia zone:Arsi ZHD,confirmed
1078920,geda medium clinic,oromia,l6BLQgAyuc9,geda medium clinic,oromia,0.8656529784202576,geda medium clinic woreda:Tena region:oromia zone:Arsi zone,geda medium clinic region:oromia zone:Arsi ZHD,confirmed
1078926,abeta health post,south west ethiopia,Pah4DvuG62w,abeta health post,south west ethiopia,0.8735926747322083,abeta health post woreda:Gesha Woreda region:south west ethiopia zone:Kaffa Zone,abeta health post region:south west ethiopia zone:Kaffa ZHD,confirmed
1078927,andiracha health post,south west ethiopia,eLvNIlMUMTQ,andiracha health post,south west ethiopia,0.8942787051200867,andiracha health post woreda:Gesha Woreda region:south west ethiopia zone:Kaffa Zone,andiracha health post region:south west ethiopia zone:Kaffa ZHD,confirmed
1078937,danit health post,south west ethiopia,x9wGjGKxoNy,danit health post,south west ethiopia,0.8816850781440735,danit health post woreda:Gesha Woreda region:south west ethiopia zone:Kaffa Zone,danit health post region:south west ethiopia zone:Kaffa ZHD,confirmed
1078938,danit health post,south west ethiopia,x9wGjGKxoNy,danit health post,south west ethiopia,0.9879154562950134,danit health post region:south west ethiopia,danit health post region:south west ethiopia zone:Kaffa ZHD,confirmed
1078940,emerki health post,south west ethiopia,P3njf4sbSYl,emerki health post,south west ethiopia,0.8794904947280884,emerki health post woreda:Gesha Woreda region:south west ethiopia zone:Kaffa Zone,emerki health post region:south west ethiopia zone:Kaffa ZHD,confirmed
1078945,geselashashe health post,oromia,wK0mYoxOIDs,geselashashe health post,oromia,0.8562280535697937,geselashashe health post woreda:Sire region:oromia zone:Arsi zone,geselashashe health post region:oromia zone:Arsi ZHD,confirmed
1078953,hawi primary clinic,oromia,l5t6HZnPN2L,hawi primary clinic,oromia,0.8028146624565125,hawi primary clinic woreda:Digeluna Tijo region:oromia zone:Arsi zone,hawi primary clinic region:oromia zone:Bale ZHD,confirmed
1078953,hawi primary clinic,oromia,PPZnmNjMWhn,hawwii primary clinic,oromia,0.8014382719993591,hawi primary clinic woreda:Digeluna Tijo region:oromia zone:Arsi zone,hawwii primary clinic region:oromia zone:Ilu Aba Bora ZHD,confirmed
1078991,addis tesfa primary clinic,oromia,d2kdQZjaURm,adis tesfa primary clinic,oromia,0.8344646096229553,addis tesfa primary clinic woreda:Jeju region:oromia zone:Arsi zone,adis tesfa primary clinic region:oromia zone:Arsi ZHD,confirmed
1078992,oromia primary clinic,oromia,wtta3RxMvVF,oromiya primary clinic,oromia,0.8297793865203857,oromia primary clinic woreda:Jeju region:oromia zone:Arsi zone,oromiya primary clinic region:oromia zone:Arsi ZHD,confirmed
1078992,oromia primary clinic,oromia,HfmbLGoivtv,oromiyaa primary clinic,oromia,0.8268606662750244,oromia primary clinic woreda:Jeju region:oromia zone:Arsi zone,oromiyaa primary clinic region:oromia zone:Arsi ZHD,confirmed
1078992,oromia primary clinic,oromia,c8wDhldpvrI,oromia primary clinic,oromia,0.8429825305938721,oromia primary clinic woreda:Jeju region:oromia zone:Arsi zone,oromia primary clinic region:oromia zone:Arsi ZHD,confirmed
1078994,tokuma medium clinic,oromia,fu1DuUpz766,tokkumaa medium clinic,oromia,0.8171193599700928,tokuma medium clinic woreda:Gololcha region:oromia zone:Arsi zone,tokkumaa medium clinic region:oromia zone:Arsi ZHD,confirmed
1078994,tokuma medium clinic,oromia,Qdb5UmujBJG,tokuma primary clinic,oromia,0.8065586686134338,tokuma medium clinic woreda:Gololcha region:oromia zone:Arsi zone,tokuma primary clinic region:oromia zone:Arsi ZHD,confirmed
1078996,bati primary hospital,amhara,RvTy27XDl00,bati primary hospital,amhara,0.895999014377594,bati primary hospital woreda:Bati Town region:amhara zone:Oromia Special Zone,bati primary hospital region:amhara zone:Oromia Special ZHD,confirmed
1079003,geda medium clinic,oromia,l6BLQgAyuc9,geda medium clinic,oromia,0.8616583943367004,geda medium clinic woreda:Shirka region:oromia zone:Arsi zone,geda medium clinic region:oromia zone:Arsi ZHD,confirmed
1079164,bete nora health post,amhara,Y4T5nBMLPyg,bete nora health post,amhara,0.8770447969436646,bete nora health post woreda:Simada region:amhara zone:South Gondar Zone,bete nora health post region:amhara zone:South Gondar ZHD,confirmed
1079217,kidus gebriel primary clinic,south west ethiopia,xhzZxCOlPFZ,kidus gebrieal clinic,south west ethiopia,0.8330309987068176,kidus gebriel primary clinic woreda:Gimbo Woreda region:south west ethiopia zone:Kaffa Zone,kidus gebrieal clinic region:south west ethiopia zone:Kaffa ZHD,confirmed
1079301,elshaday drug store,oromia,BG65sAhNWpi,elshaday medium clinic,oromia,0.8368381857872009,elshaday drug store woreda:Ambo Town region:oromia zone:Ambo Town,elshaday medium clinic region:oromia zone:Ambo Town ZHD,confirmed
1079351,alamin medium clinic,oromia,eaWYvml1Rfu,alamin primary clinic,oromia,0.8005088567733765,alamin medium clinic woreda:Mencho region:oromia zone:Jimma Zone,alamin primary clinic region:oromia zone:Jimma ZHD,confirmed
1079487,nabeki primary clinic,oromia,qDxMcBmBv4R,nabeki small clinic,oromia,0.8404314517974854,nabeki primary clinic woreda:Batu Town region:oromia zone:Batu Town,nabeki small clinic region:oromia zone:Guji ZHD,confirmed
1079714,aman medium clinic,oromia,dnYOKSAfXzk,aman medium clinic,oromia,0.8082420825958252,aman medium clinic woreda:Dodola Rural region:oromia zone:West Arsi Zone,aman medium clinic region:oromia zone:East Wellega ZHD,confirmed
1079767,milki medium clinic,oromia,lDPb4ls6OKI,milkaa'ina medium clinic,oromia,0.8352906107902527,milki medium clinic woreda:Kura Jida-City region:oromia zone:Sheger City,milkaa'ina medium clinic region:oromia zone:SHEGER CITY Health Office,confirmed
1079770,shambu health center community pharmacy,oromia,dNyKst4BJAL,shambu kebele 01 health post,oromia,0.8009582161903381,shambu health center community pharmacy woreda:Shambu region:oromia zone:Horo Gudru Wellega Zone,shambu kebele 01 health post region:oromia zone:Horo Gudru Wellega  ZHD,confirmed
1079850,nekemte health center community pharmacy,oromia,IClqEqLpUbb,nekemte dic center dialysis clinic,oromia,0.8158566951751709,nekemte health center community pharmacy woreda:Nekemte Town region:oromia zone:Nekemte Town,nekemte dic center dialysis clinic region:oromia zone:Nekemte Town ZHD,confirmed
1079893,amanuel primary clinic,south west ethiopia,jEIbPKYWR7L,amanuel clinic,south west ethiopia,0.823294460773468,amanuel primary clinic woreda:South Bench Woreda region:south west ethiopia zone:Bench Sheko Zone,amanuel clinic region:south west ethiopia zone:Kaffa ZHD,confirmed
1079922,mati medium clinic,oromia,fyfWvVFNwDb,mati medium clinic,oromia,0.8056878447532654,mati medium clinic woreda:Dedo region:oromia zone:Jimma Zone,mati medium clinic region:oromia zone:Guji ZHD,confirmed
1079931,elshaday primary clinic,south west ethiopia,EGVCvldgvkt,elshaday clinic,south west ethiopia,0.8524792790412903,elshaday primary clinic woreda:Shey Bench Woreda region:south west ethiopia zone:Bench Sheko Zone,elshaday clinic region:south west ethiopia zone:Bench Sheko ZHD,confirmed
1080061,huluka drug store,oromia,TNVoqqjRD0G,huluka medium clinic,oromia,0.8341168761253357,huluka drug store woreda:Ambo Town region:oromia zone:Ambo Town,huluka medium clinic region:oromia zone:Ambo Town ZHD,confirmed
1080064,lege tafo health center community pharmacy,oromia,AMPAaOtgjVZ,lega tafo health center,oromia,0.8103718161582947,lege tafo health center community pharmacy woreda:Lega Tafo Lega Dadi-City region:oromia zone:Sheger City,lega tafo health center region:oromia zone:SHEGER CITY Health Office,confirmed
1080088,biftu medium clinic,oromia,fsa4TuTeAAD,biftu medium clinic,oromia,0.8227618336677551,biftu medium clinic woreda:Gumbichu region:oromia zone:East Shewa Zone,biftu medium clinic region:oromia zone:West Arsi ZHD,confirmed
1080136,birhan pharmacy,amhara,OaH2Ivkc4zp,birhan primary clinic,amhara,0.808920681476593,birhan pharmacy woreda:Dessie Town region:amhara zone:Dessie Town Administration,birhan primary clinic region:amhara zone:West Gojjam ZHD,confirmed
1080138,betelhem pharmacy,amhara,nA5k6SbCNKs,betelhem primary clinic,amhara,0.806577205657959,betelhem pharmacy woreda:Dessie Town region:amhara zone:Dessie Town Administration,betelhem primary clinic region:amhara zone:West Gojjam ZHD,confirmed
1080311,tenaw medium clinic,amhara,mzmMzRChUgV,tena medium clinic,amhara,0.8465237617492676,tenaw medium clinic woreda:Bahir Dar Town region:amhara zone:Bahirdar Town Administration,tena medium clinic region:amhara zone:Bahirdar THO,confirmed
1080327,tocha medium clinic,south west ethiopia,HY8Dg6fEnPR,tocha primary hospital phcu,south west ethiopia,0.8222174644470215,tocha medium clinic woreda:Tocha Woreda region:south west ethiopia zone:Dawro Zone,tocha primary hospital phcu region:south west ethiopia zone:Dawro ZHD,confirmed
1080452,bonta primary clinic,afar,d3mkXtchl7R,bonta lower clinic,afar,0.8238153457641602,bonta primary clinic woreda:Hanruka region:afar zone:Zone 3,bonta lower clinic region:afar zone:Zone 3 ZHD,confirmed
1080476,admas pharmacy,amhara,VPdgQEqlO8n,admas medium clinic,amhara,0.827842116355896,admas pharmacy woreda:Dessie Town region:amhara zone:Dessie Town Administration,admas medium clinic region:amhara zone:West Gojjam ZHD,confirmed
1080514,enat medium clinic,addis ababa,xFiAfuTpsL5,enat medium clinic,addis ababa,0.8014201521873474,enat medium clinic woreda:Woreda 11 region:addis ababa zone:Kolfe Sub city,enat medium clinic region:addis ababa zone:Yeka Sub City,confirmed
1080558,tena adam pharmacy,south west ethiopia,R0PmxniPdzb,tena adam clinic,south west ethiopia,0.8124502897262573,tena adam pharmacy woreda:Tarcha Town region:south west ethiopia zone:Dawro Zone,tena adam clinic region:south west ethiopia zone:Kaffa ZHD,confirmed
1080629,abay primary clinic,amhara,oC3YsFHMlbp,abay primary clinic,amhara,0.8627052903175354,abay primary clinic woreda:Dessie Town region:amhara zone:Dessie Town Administration,abay primary clinic region:amhara zone:West Gojjam ZHD,confirmed
1080631,solomon primary clinic,amhara,hKmwuQ3zSpn,solomon primary clinic,amhara,0.8678449988365173,solomon primary clinic woreda:Dessie Town region:amhara zone:Dessie Town Administration,solomon primary clinic region:amhara zone:South Gondar ZHD,confirmed
1080631,solomon primary clinic,amhara,PB4tu6ZcRW9,solomon mid clinic,amhara,0.8303026556968689,solomon primary clinic woreda:Dessie Town region:amhara zone:Dessie Town Administration,solomon mid clinic region:amhara zone:South Wollo ZHD,confirmed
1080631,solomon primary clinic,amhara,n8354eyAqcO,solomon primery clinic,amhara,0.8343528509140015,solomon primary clinic woreda:Dessie Town region:amhara zone:Dessie Town Administration,solomon primery clinic region:amhara zone:West Gojjam ZHD,confirmed
1080650,homosha primary clinic,benishangul gumuz,Cph39U8yFqa,homosha phcu,benishangul gumuz,0.809109091758728,homosha primary clinic woreda:Homosha Woreda region:benishangul gumuz zone:Assosa Zone,homosha phcu region:benishangul gumuz zone:Assosa ZHD,confirmed
1080866,walta pharmacy,addis ababa,aVbHbhFNELz,walta medium clinic,addis ababa,0.8011037707328796,walta pharmacy woreda:Woreda 1 region:addis ababa zone:Kolfe Sub city,walta medium clinic region:addis ababa zone:Kolfe Subcity,confirmed
1080888,wubetu primary clinic,amhara,JqNmNeky6GU,wubet primary clinic,amhara,0.8023438453674316,wubetu primary clinic woreda:Hulet Eju Nese region:amhara zone:East Gojjam Zone,wubet primary clinic region:amhara zone:West Gojjam ZHD,confirmed
1080894,koket pharmacy,oromia,wXFEP42d3Wh,koket medium clinic,oromia,0.8176613450050354,koket pharmacy woreda:Woliso Town region:oromia zone:Woliso Town,koket medium clinic region:oromia zone:Arsi ZHD,confirmed
1080894,koket pharmacy,oromia,d6jIRE0LaGE,koket primary clinic,oromia,0.8210150599479675,koket pharmacy woreda:Woliso Town region:oromia zone:Woliso Town,koket primary clinic region:oromia zone:West Arsi ZHD,confirmed
1080894,koket pharmacy,oromia,fMPuCRRyMiy,koket primary clinic,oromia,0.8187375068664551,koket pharmacy woreda:Woliso Town region:oromia zone:Woliso Town,koket primary clinic region:oromia zone:West Wellega  ZHD,confirmed
1080894,koket pharmacy,oromia,D8jdLopgzLv,koket primary clinic,oromia,0.8187375068664551,koket pharmacy woreda:Woliso Town region:oromia zone:Woliso Town,koket primary clinic region:oromia zone:West Wellega  ZHD,confirmed
1080977,goro primary hospital,oromia,KOcMcKU4bPV,goro burcho health post,oromia,0.8306208848953247,goro primary hospital woreda:Goro region:oromia zone:Bale Zone,goro burcho health post region:oromia zone:Bale ZHD,confirmed
1080977,goro primary hospital,oromia,tZJRaGWN8X7,goro primary hospital,oromia,0.9062730073928833,goro primary hospital woreda:Goro region:oromia zone:Bale Zone,goro primary hospital region:oromia zone:Bale ZHD,confirmed
1080977,goro primary hospital,oromia,hjrdMyulhHS,goro primary clinic,oromia,0.8862552046775818,goro primary hospital woreda:Goro region:oromia zone:Bale Zone,goro primary clinic region:oromia zone:Bale ZHD,confirmed
1081037,oromia primary clinic,oromia,UehOLINgnCs,oromia primary clinic,oromia,0.8004388809204102,oromia primary clinic woreda:Sinana region:oromia zone:Bale Zone,oromia primary clinic region:oromia zone:West Shewa  ZHD,confirmed
1081046,elshaday primary clinic,south west ethiopia,EGVCvldgvkt,elshaday clinic,south west ethiopia,0.8411190509796143,elshaday primary clinic woreda:Gura Ferda Woreda region:south west ethiopia zone:Bench Sheko Zone,elshaday clinic region:south west ethiopia zone:Bench Sheko ZHD,confirmed
1081094,tena adam primary clinic,south west ethiopia,R0PmxniPdzb,tena adam clinic,south west ethiopia,0.8730925917625427,tena adam primary clinic woreda:Gewata Woreda region:south west ethiopia zone:Kaffa Zone,tena adam clinic region:south west ethiopia zone:Kaffa ZHD,confirmed
1081123,wondimamachoch primary clinic,oromia,XxPhGqOobTW,wendimamachoch primary clinic,oromia,0.8389021754264832,wondimamachoch primary clinic woreda:Kersa region:oromia zone:Jimma Zone,wendimamachoch primary clinic region:oromia zone:Jimma ZHD,confirmed
1081151,boru medium clinic,oromia,kbv7sqOrHL5,boru medium clinic,oromia,0.8339567184448242,boru medium clinic woreda:Bale Gasgar region:oromia zone:Arsi zone,boru medium clinic region:oromia zone:Arsi ZHD,confirmed
1081216,assefa primary clinic,amhara,ha437Ujw3HB,assefu primary clinic,amhara,0.8056090474128723,assefa primary clinic woreda:Albuko region:amhara zone:South Wollo Zone,assefu primary clinic region:amhara zone:Central Gondar ZHD,confirmed
1081216,assefa primary clinic,amhara,rFxAQUylRPX,assefa primary clinic,amhara,0.8211156725883484,assefa primary clinic woreda:Albuko region:amhara zone:South Wollo Zone,assefa primary clinic region:amhara zone:West Gojjam ZHD,confirmed
1081217,tesfaye primary clinic,amhara,hvZeBZ1GXRo,tesfaye primary clinic,amhara,0.820277214050293,tesfaye primary clinic woreda:Albuko region:amhara zone:South Wollo Zone,tesfaye primary clinic region:amhara zone:North Shewa ZHD,confirmed
1081217,tesfaye primary clinic,amhara,cAtUrl3vdLb,tesfaye primary clinic,amhara,0.8532444834709167,tesfaye primary clinic woreda:Albuko region:amhara zone:South Wollo Zone,tesfaye primary clinic region:amhara zone:North Wollo ZHD,confirmed
1081217,tesfaye primary clinic,amhara,mcqxVg93fbQ,tesfaye tedila primary clinic,amhara,0.8628712892532349,tesfaye primary clinic woreda:Albuko region:amhara zone:South Wollo Zone,tesfaye tedila primary clinic region:amhara zone:South Wollo ZHD,confirmed
1081237,elshaday primary clinic,south west ethiopia,EGVCvldgvkt,elshaday clinic,south west ethiopia,0.8327791690826416,elshaday primary clinic woreda:Yeki Woreda region:south west ethiopia zone:Sheka Zone,elshaday clinic region:south west ethiopia zone:Bench Sheko ZHD,confirmed
1081244,amanuel primary clinic,south west ethiopia,jEIbPKYWR7L,amanuel clinic,south west ethiopia,0.8183428049087524,amanuel primary clinic woreda:Yeki Woreda region:south west ethiopia zone:Sheka Zone,amanuel clinic region:south west ethiopia zone:Kaffa ZHD,confirmed
1081257,afiya primary clinic,amhara,BrjySy9WnSo,afiya primary clinic,amhara,0.8610514402389526,afiya primary clinic woreda:Dessie Town region:amhara zone:Dessie Town Administration,afiya primary clinic region:amhara zone:Oromia Special ZHD,confirmed
1081257,afiya primary clinic,amhara,RE1dYFIxsmA,afiya primary clinic,amhara,0.8610514402389526,afiya primary clinic woreda:Dessie Town region:amhara zone:Dessie Town Administration,afiya primary clinic region:amhara zone:Oromia Special ZHD,confirmed
1081263,seid pharmacy,amhara,Jue53wMk1nf,seid primary clinic,amhara,0.8160049319267273,seid pharmacy woreda:Dessie Town region:amhara zone:Dessie Town Administration,seid primary clinic region:amhara zone:Kombolcha THO,confirmed
1081263,seid pharmacy,amhara,Nd0XzEGLHRR,seid primary clinic,amhara,0.8226245045661926,seid pharmacy woreda:Dessie Town region:amhara zone:Dessie Town Administration,seid primary clinic region:amhara zone:North Wollo ZHD,confirmed
1081265,fewus medium clinic,amhara,yHFaY9hClUD,fewus medium clinic,amhara,0.9246017932891846,fewus medium clinic region:amhara zone:Dessie Town Administration,fewus medium clinic region:amhara zone:Dessie THO,confirmed
1081265,fewus medium clinic,amhara,nxXqro98WMD,fewus medium clinic,amhara,0.8460589647293091,fewus medium clinic region:amhara zone:Dessie Town Administration,fewus medium clinic region:amhara zone:East Gojjam ZHD,confirmed
1081285,amanuel primary clinic,south west ethiopia,jEIbPKYWR7L,amanuel clinic,south west ethiopia,0.8183428049087524,amanuel primary clinic woreda:Yeki Woreda region:south west ethiopia zone:Sheka Zone,amanuel clinic region:south west ethiopia zone:Kaffa ZHD,confirmed
1081301,andinet primary clinic,south west ethiopia,QPnYcJ2TNU0,andinet clinic,south west ethiopia,0.8599284291267395,andinet primary clinic woreda:Yeki Woreda region:south west ethiopia zone:Sheka Zone,andinet clinic region:south west ethiopia zone:Sheka ZHD,confirmed
1081356,yeabsira medium clinic,south west ethiopia,ffxcaRQnPkA,yeabsira clinic,south west ethiopia,0.8296757340431213,yeabsira medium clinic woreda:Masha Town region:south west ethiopia zone:Sheka Zone,yeabsira clinic region:south west ethiopia zone:Sheka ZHD,confirmed
1081393,oromia medium clinic,oromia,QC1di9JETVo,oromiya medium clinic,oromia,0.8324490189552307,oromia medium clinic woreda:Hidabu Abote region:oromia zone:North Shewa Zone,oromiya medium clinic region:oromia zone:North Shewa  ZHD,confirmed
1081414,arega primary clinic,amhara,X7IqJ7uY7kF,arega primary clinic,amhara,0.8160725235939026,arega primary clinic woreda:Kelala region:amhara zone:South Wollo Zone,arega primary clinic region:amhara zone:Central Gondar ZHD,confirmed
1081454,endalkachew primary clinic,amhara,hU0ik7iUuCw,endalikachew primary clinic,amhara,0.8060089349746704,endalkachew primary clinic woreda:Mehal Saint region:amhara zone:South Wollo Zone,endalikachew primary clinic region:amhara zone:East Gojjam ZHD,confirmed
1081454,endalkachew primary clinic,amhara,dEyXmPyL1SZ,endalkachew primary clinic,amhara,0.82554692029953,endalkachew primary clinic woreda:Mehal Saint region:amhara zone:South Wollo Zone,endalkachew primary clinic region:amhara zone:East Gojjam ZHD,confirmed
1081469,tigist primary clinic,amhara,bPOpa1F5igQ,tigist primary clinic,amhara,0.8304370045661926,tigist primary clinic woreda:Tehuledre region:amhara zone:South Wollo Zone,tigist primary clinic region:amhara zone:South Gondar ZHD,confirmed
1081492,abdu primary clinic,amhara,NCZCkmq9Wew,abdu primary clinic,amhara,0.8620420694351196,abdu primary clinic woreda:Worebabo region:amhara zone:South Wollo Zone,abdu primary clinic region:amhara zone:South Wollo ZHD,confirmed
1081505,elham medium clinic,amhara,zdZOb4qPU3P,eleni medium clinic,amhara,0.8411442637443542,elham medium clinic woreda:Jama region:amhara zone:South Wollo Zone,eleni medium clinic region:amhara zone:South Wollo ZHD,confirmed
1081546,gashaw derbew medium clinic,amhara,n45kSomr1fx,gashaw derbew primary clinic,amhara,0.8252485990524292,gashaw derbew medium clinic woreda:Meket region:amhara zone:North Wollo Zone,gashaw derbew primary clinic region:amhara zone:North Wollo ZHD,confirmed
1081594,henok primary clinic,amhara,MzkBNejp4ps,henok primary clinic,amhara,0.8308029770851135,henok primary clinic woreda:North Achefer Woreda region:amhara zone:North Gojjam Zone,henok primary clinic region:amhara zone:Central Gondar ZHD,confirmed
1081607,adamu primary clinic,amhara,LWznkA2X80y,adamu primary clinic,amhara,0.8233373761177063,adamu primary clinic woreda:Kallu region:amhara zone:South Wollo Zone,adamu primary clinic region:amhara zone:West Gojjam ZHD,confirmed
1081610,seid primary clinic,amhara,Jue53wMk1nf,seid primary clinic,amhara,0.807586669921875,seid primary clinic woreda:Kallu region:amhara zone:South Wollo Zone,seid primary clinic region:amhara zone:Kombolcha THO,confirmed
1081610,seid primary clinic,amhara,Nd0XzEGLHRR,seid primary clinic,amhara,0.8488784432411194,seid primary clinic woreda:Kallu region:amhara zone:South Wollo Zone,seid primary clinic region:amhara zone:North Wollo ZHD,confirmed
1081644,oda medium clinic,oromia,cTroaMwo363,oda medium clinic,oromia,0.8221655488014221,oda medium clinic woreda:Nansebo region:oromia zone:West Arsi Zone,oda medium clinic region:oromia zone:Arsi ZHD,confirmed
1081644,oda medium clinic,oromia,wuyjsSJvdeD,oda medium clinic,oromia,0.8221655488014221,oda medium clinic woreda:Nansebo region:oromia zone:West Arsi Zone,oda medium clinic region:oromia zone:Arsi ZHD,confirmed
1081644,oda medium clinic,oromia,HQd6dFx5JfP,oda medium clinic,oromia,0.8069948554039001,oda medium clinic woreda:Nansebo region:oromia zone:West Arsi Zone,oda medium clinic region:oromia zone:North Shewa  ZHD,confirmed
1081644,oda medium clinic,oromia,oOJXOhLOhub,oda medium clinic,oromia,0.8436363339424133,oda medium clinic woreda:Nansebo region:oromia zone:West Arsi Zone,oda medium clinic region:oromia zone:West Shewa  ZHD,confirmed
1081645,geda medium clinic,oromia,l6BLQgAyuc9,geda medium clinic,oromia,0.8378638029098511,geda medium clinic woreda:Arsi Negele Town region:oromia zone:West Arsi Zone,geda medium clinic region:oromia zone:Arsi ZHD,confirmed
1081655,jemila medium clinic,amhara,yjRthbzOXJH,jemila medium clinic,amhara,0.8704839944839478,jemila medium clinic woreda:Bati Town region:amhara zone:Oromia Special Zone,jemila medium clinic region:amhara zone:Oromia Special ZHD,confirmed
1081655,jemila medium clinic,amhara,mZ7sNISzc4D,jemal medium clinic,amhara,0.8365340828895569,jemila medium clinic woreda:Bati Town region:amhara zone:Oromia Special Zone,jemal medium clinic region:amhara zone:Oromia Special ZHD,confirmed
1081655,jemila medium clinic,amhara,QZbcLc1JFEq,jemal medium clinic,amhara,0.8365340828895569,jemila medium clinic woreda:Bati Town region:amhara zone:Oromia Special Zone,jemal medium clinic region:amhara zone:Oromia Special ZHD,confirmed
1081658,mohammed medium clinic,amhara,hTxBrgj9uKS,mohammed medium clinic,amhara,0.8002731204032898,mohammed medium clinic woreda:Bati Town region:amhara zone:Oromia Special Zone,mohammed medium clinic region:amhara zone:Kombolcha THO,confirmed
1081658,mohammed medium clinic,amhara,Rb1gg6rqFoT,mohammed medium clinic,amhara,0.8125861287117004,mohammed medium clinic woreda:Bati Town region:amhara zone:Oromia Special Zone,mohammed medium clinic region:amhara zone:South Wollo ZHD,confirmed
1081713,gashaw primary clinic,amhara,HTXTiiElfZV,gashaw primary clinic,amhara,0.8254708647727966,gashaw primary clinic woreda:Borena region:amhara zone:South Wollo Zone,gashaw primary clinic region:amhara zone:Awi ZHD,confirmed
1081713,gashaw primary clinic,amhara,YYzKnvSTHbQ,gashaw primary clinic,amhara,0.8350371718406677,gashaw primary clinic woreda:Borena region:amhara zone:South Wollo Zone,gashaw primary clinic region:amhara zone:Central Gondar ZHD,confirmed
1081713,gashaw primary clinic,amhara,CMQaM3qBVNv,gashaw primay clinic,amhara,0.8287602663040161,gashaw primary clinic woreda:Borena region:amhara zone:South Wollo Zone,gashaw primay clinic region:amhara zone:South Gondar ZHD,confirmed
1081713,gashaw primary clinic,amhara,KxQZt5IPzHH,gashaw primary clinic,amhara,0.837496280670166,gashaw primary clinic woreda:Borena region:amhara zone:South Wollo Zone,gashaw primary clinic region:amhara zone:West Gojjam ZHD,confirmed
1081731,shalom medium clinic,amhara,YXqBa0PrVWn,shalom medium clinic,amhara,0.8070730566978455,shalom medium clinic woreda:Borena region:amhara zone:South Wollo Zone,shalom medium clinic region:amhara zone:Kombolcha THO,confirmed
1081748,mengesha degu primary clinic,amhara,yX2DBrJ9cXW,mengesha degu primary clinic,amhara,0.8769925236701965,mengesha degu primary clinic woreda:Kobo Town region:amhara zone:North Wollo Zone,mengesha degu primary clinic region:amhara zone:North Wollo ZHD,confirmed
1082060,geda medium clinic,oromia,l6BLQgAyuc9,geda medium clinic,oromia,0.8183939456939697,geda medium clinic woreda:Chelia region:oromia zone:West Shewa Zone,geda medium clinic region:oromia zone:Arsi ZHD,confirmed
1082066,arategna model community pharmacy,harari,nOct8lAogkz,arategna phcu,harari,0.8190805315971375,arategna model community pharmacy region:harari zone:Hakim,arategna phcu region:harari zone:Hakim WorHO,confirmed
1082071,erer model community pharmacy,harari,EUJiDm8VZD3,erer phcu,harari,0.809648871421814,erer model community pharmacy region:harari zone:Erer,erer phcu region:harari zone:Erer WorHO,confirmed
1082076,endris muhe primary clinic,amhara,b7UIlOAcAWo,endris primary clinic,amhara,0.8181855082511902,endris muhe primary clinic woreda:Artuma Fursi region:amhara zone:Oromia Special Zone,endris primary clinic region:amhara zone:Oromia Special ZHD,confirmed
1082076,endris muhe primary clinic,amhara,BrWgOgvJKiY,endris primary clinic,amhara,0.8181855082511902,endris muhe primary clinic woreda:Artuma Fursi region:amhara zone:Oromia Special Zone,endris primary clinic region:amhara zone:Oromia Special ZHD,confirmed
1082085,hussein primary clinic,amhara,BxmRlRN0kwg,hussein jun clinic,amhara,0.8345780968666077,hussein primary clinic woreda:Bati Woreda region:amhara zone:Oromia Special Zone,hussein jun clinic region:amhara zone:Oromia Special ZHD,confirmed
1082086,kophafo basic health post,amhara,JJiM2cLr09R,kopafo health post,amhara,0.8051583170890808,kophafo basic health post woreda:Bati Woreda region:amhara zone:Oromia Special Zone,kopafo health post region:amhara zone:Oromia Special ZHD,confirmed
1082087,elshaday primery clinic,south west ethiopia,EGVCvldgvkt,elshaday clinic,south west ethiopia,0.8177376985549927,elshaday primery clinic woreda:Gura Ferda Woreda region:south west ethiopia zone:Bench Sheko Zone,elshaday clinic region:south west ethiopia zone:Bench Sheko ZHD,confirmed
1082111,aman medium clinic,oromia,dnYOKSAfXzk,aman medium clinic,oromia,0.8080359697341919,aman medium clinic woreda:Dello Menna region:oromia zone:Bale Zone,aman medium clinic region:oromia zone:East Wellega ZHD,confirmed
1082163,asrat primary clinic,amhara,dIHxxRhdZPb,asrat primary clinic,amhara,0.8389071822166443,asrat primary clinic woreda:Fogera region:amhara zone:South Gondar Zone,asrat primary clinic region:amhara zone:East Gojjam ZHD,confirmed
1082180,tamirat primary clinic,amhara,OVsnECNMwxp,tamirat primary clinic,amhara,0.8455018401145935,tamirat primary clinic woreda:Kombolcha Town region:amhara zone:Kombolcha Town Administration,tamirat primary clinic region:amhara zone:Awi ZHD,confirmed
1082180,tamirat primary clinic,amhara,jArk21TTgUa,tamirat primary clinic,amhara,0.8517986536026001,tamirat primary clinic woreda:Kombolcha Town region:amhara zone:Kombolcha Town Administration,tamirat primary clinic region:amhara zone:Central Gondar ZHD,confirmed
1082180,tamirat primary clinic,amhara,i4IvKdT1C1p,tamirat primary clinic,amhara,0.8517986536026001,tamirat primary clinic woreda:Kombolcha Town region:amhara zone:Kombolcha Town Administration,tamirat primary clinic region:amhara zone:Central Gondar ZHD,confirmed
1082208,01 kebele health post,amhara,eCxnJxZPACQ,01 kebele urban health post,amhara,0.8238903284072876,01 kebele health post woreda:Kobo Town region:amhara zone:North Wollo Zone,01 kebele urban health post region:amhara zone:North Shewa ZHD,confirmed
1082208,01 kebele health post,amhara,jKidTccoYGT,02 kebele urban health post,amhara,0.8228668570518494,01 kebele health post woreda:Kobo Town region:amhara zone:North Wollo Zone,02 kebele urban health post region:amhara zone:North Shewa ZHD,confirmed
1082208,01 kebele health post,amhara,CosF8BTe88K,03 kebele urban health post,amhara,0.8136668801307678,01 kebele health post woreda:Kobo Town region:amhara zone:North Wollo Zone,03 kebele urban health post region:amhara zone:North Shewa ZHD,confirmed
1082208,01 kebele health post,amhara,DAFZUzOjx0K,04 kebele urban health post,amhara,0.8194097876548767,01 kebele health post woreda:Kobo Town region:amhara zone:North Wollo Zone,04 kebele urban health post region:amhara zone:North Shewa ZHD,confirmed
1082209,addisu primary clinic,amhara,vsyw3ZzFb68,addisu primary clinic,amhara,0.8443603515625,addisu primary clinic woreda:Fagitalekoma region:amhara zone:Awi Zone,addisu primary clinic region:amhara zone:Central Gondar ZHD,confirmed
1082209,addisu primary clinic,amhara,ghxUX1vgJyT,addisu primary clinic,amhara,0.8443603515625,addisu primary clinic woreda:Fagitalekoma region:amhara zone:Awi Zone,addisu primary clinic region:amhara zone:Central Gondar ZHD,confirmed
1082209,addisu primary clinic,amhara,koCrBjPOe4p,addisu primary clinic,amhara,0.8443603515625,addisu primary clinic woreda:Fagitalekoma region:amhara zone:Awi Zone,addisu primary clinic region:amhara zone:Central Gondar ZHD,confirmed
1082209,addisu primary clinic,amhara,NclhJih8eBO,addis primary clinic,amhara,0.8222934603691101,addisu primary clinic woreda:Fagitalekoma region:amhara zone:Awi Zone,addis primary clinic region:amhara zone:South Gondar ZHD,confirmed
1082209,addisu primary clinic,amhara,JbJlLxhmVAB,addisu primary clinic,amhara,0.8427167534828186,addisu primary clinic woreda:Fagitalekoma region:amhara zone:Awi Zone,addisu primary clinic region:amhara zone:West Gojjam ZHD,confirmed
1082209,addisu primary clinic,amhara,Tbt92DxYbYS,addisu primary clinic,amhara,0.8427167534828186,addisu primary clinic woreda:Fagitalekoma region:amhara zone:Awi Zone,addisu primary clinic region:amhara zone:West Gojjam ZHD,confirmed
1082213,girma primary clinic,amhara,e2DyP89lpXx,girmaye primary clinic,amhara,0.817438542842865,girma primary clinic woreda:Fagitalekoma region:amhara zone:Awi Zone,girmaye primary clinic region:amhara zone:Gondar THO,confirmed
1082214,girma primary clinic,amhara,e2DyP89lpXx,girmaye primary clinic,amhara,0.9238564968109131,girma primary clinic region:amhara zone:Awi Zone,girmaye primary clinic region:amhara zone:Gondar THO,confirmed
1082221,mihret primary clinic,amhara,ytgmZEXDjBn,mihret primary clinic,amhara,0.8185825943946838,mihret primary clinic woreda:Guagusa Shikuda region:amhara zone:Awi Zone,mihret primary clinic region:amhara zone:West Gojjam ZHD,confirmed
1082226,docter desalegn medium clinic,amhara,fC79pNYqKhq,doctor wondim medium clinic,amhara,0.802211344242096,docter desalegn medium clinic woreda:Zigem region:amhara zone:Awi Zone,doctor wondim medium clinic region:amhara zone:West Gojjam ZHD,confirmed
1082228,ashenafi primary clinic,amhara,dBT13i1jwKY,ashenafie primary clinic,amhara,0.8210678100585938,ashenafi primary clinic woreda:Zigem region:amhara zone:Awi Zone,ashenafie primary clinic region:amhara zone:Bahirdar THO,confirmed
1082232,addisu primary clinic,amhara,xJrS9ApUAsR,adissu primary clinic,amhara,0.8090331554412842,addisu primary clinic woreda:Zigem region:amhara zone:Awi Zone,adissu primary clinic region:amhara zone:Awi ZHD,confirmed
1082232,addisu primary clinic,amhara,vsyw3ZzFb68,addisu primary clinic,amhara,0.8630436658859253,addisu primary clinic woreda:Zigem region:amhara zone:Awi Zone,addisu primary clinic region:amhara zone:Central Gondar ZHD,confirmed
1082232,addisu primary clinic,amhara,ghxUX1vgJyT,addisu primary clinic,amhara,0.8630436658859253,addisu primary clinic woreda:Zigem region:amhara zone:Awi Zone,addisu primary clinic region:amhara zone:Central Gondar ZHD,confirmed
1082232,addisu primary clinic,amhara,koCrBjPOe4p,addisu primary clinic,amhara,0.8630436658859253,addisu primary clinic woreda:Zigem region:amhara zone:Awi Zone,addisu primary clinic region:amhara zone:Central Gondar ZHD,confirmed
1082232,addisu primary clinic,amhara,NclhJih8eBO,addis primary clinic,amhara,0.8452510833740234,addisu primary clinic woreda:Zigem region:amhara zone:Awi Zone,addis primary clinic region:amhara zone:South Gondar ZHD,confirmed
1082232,addisu primary clinic,amhara,JbJlLxhmVAB,addisu primary clinic,amhara,0.8680075407028198,addisu primary clinic woreda:Zigem region:amhara zone:Awi Zone,addisu primary clinic region:amhara zone:West Gojjam ZHD,confirmed
1082232,addisu primary clinic,amhara,Tbt92DxYbYS,addisu primary clinic,amhara,0.8680075407028198,addisu primary clinic woreda:Zigem region:amhara zone:Awi Zone,addisu primary clinic region:amhara zone:West Gojjam ZHD,confirmed
1082233,abay primary clinic,amhara,oC3YsFHMlbp,abay primary clinic,amhara,0.8679746389389038,abay primary clinic woreda:Zigem region:amhara zone:Awi Zone,abay primary clinic region:amhara zone:West Gojjam ZHD,confirmed
1082251,jenberu primary clinic,amhara,rhkZcRAJwqI,jenberu medium clinic,amhara,0.8537219166755676,jenberu primary clinic woreda:Goncha region:amhara zone:East Gojjam Zone,jenberu medium clinic region:amhara zone:East Gojjam ZHD,confirmed
1082272,alem primary clinic,amhara,w18jNqsh3zU,alemayehu primary clinic,amhara,0.8200337290763855,alem primary clinic woreda:Zigem region:amhara zone:Awi Zone,alemayehu primary clinic region:amhara zone:Central Gondar ZHD,confirmed
1082272,alem primary clinic,amhara,dWtl72JS6G0,alemayehu primary clinic,amhara,0.8200337290763855,alem primary clinic woreda:Zigem region:amhara zone:Awi Zone,alemayehu primary clinic region:amhara zone:Central Gondar ZHD,confirmed
1082272,alem primary clinic,amhara,PXniE7fzXwT,alemu primary clinic,amhara,0.823021650314331,alem primary clinic woreda:Zigem region:amhara zone:Awi Zone,alemu primary clinic region:amhara zone:Central Gondar ZHD,confirmed
1082273,hiwot primary clinic,amhara,htQWcwoUEEU,hiwot primary clinic,amhara,0.8748501539230347,hiwot primary clinic woreda:Zigem region:amhara zone:Awi Zone,hiwot primary clinic region:amhara zone:Awi ZHD,confirmed
1082273,hiwot primary clinic,amhara,NmCbSk9gmTg,hiwot primary clinic,amhara,0.8512877225875854,hiwot primary clinic woreda:Zigem region:amhara zone:Awi Zone,hiwot primary clinic region:amhara zone:Oromia Special ZHD,confirmed
1082288,mohammed primary clinic,amhara,KOTsiuPJoDP,mohammed reshid primary clinic,amhara,0.8268333673477173,mohammed primary clinic woreda:Wogidi region:amhara zone:South Wollo Zone,mohammed reshid primary clinic region:amhara zone:Oromia Special ZHD,confirmed
1082306,02 kebele health post,amhara,H8PCN15GQ7B,02 kebele health post urban,amhara,0.8009887933731079,02 kebele health post woreda:Kobo Town region:amhara zone:North Wollo Zone,02 kebele health post urban region:amhara zone:East Gojjam ZHD,confirmed
1082306,02 kebele health post,amhara,eCxnJxZPACQ,01 kebele urban health post,amhara,0.8159021735191345,02 kebele health post woreda:Kobo Town region:amhara zone:North Wollo Zone,01 kebele urban health post region:amhara zone:North Shewa ZHD,confirmed
1082306,02 kebele health post,amhara,jKidTccoYGT,02 kebele urban health post,amhara,0.8309229612350464,02 kebele health post woreda:Kobo Town region:amhara zone:North Wollo Zone,02 kebele urban health post region:amhara zone:North Shewa ZHD,confirmed
1082306,02 kebele health post,amhara,CosF8BTe88K,03 kebele urban health post,amhara,0.8176170587539673,02 kebele health post woreda:Kobo Town region:amhara zone:North Wollo Zone,03 kebele urban health post region:amhara zone:North Shewa ZHD,confirmed
1082306,02 kebele health post,amhara,DAFZUzOjx0K,04 kebele urban health post,amhara,0.8241684436798096,02 kebele health post woreda:Kobo Town region:amhara zone:North Wollo Zone,04 kebele urban health post region:amhara zone:North Shewa ZHD,confirmed
1082309,03 kebele health post,amhara,sNb7lJCbDE5,03 kebele ketema health post,amhara,0.8117197155952454,03 kebele health post woreda:Kobo Town region:amhara zone:North Wollo Zone,03 kebele ketema health post region:amhara zone:East Gojjam ZHD,confirmed
1082309,03 kebele health post,amhara,kyoVw1cqTNI,03 kebele health post urban,amhara,0.8064554333686829,03 kebele health post woreda:Kobo Town region:amhara zone:North Wollo Zone,03 kebele health post urban region:amhara zone:East Gojjam ZHD,confirmed
1082309,03 kebele health post,amhara,jKidTccoYGT,02 kebele urban health post,amhara,0.8046400547027588,03 kebele health post woreda:Kobo Town region:amhara zone:North Wollo Zone,02 kebele urban health post region:amhara zone:North Shewa ZHD,confirmed
1082309,03 kebele health post,amhara,CosF8BTe88K,03 kebele urban health post,amhara,0.8371442556381226,03 kebele health post woreda:Kobo Town region:amhara zone:North Wollo Zone,03 kebele urban health post region:amhara zone:North Shewa ZHD,confirmed
1082309,03 kebele health post,amhara,DAFZUzOjx0K,04 kebele urban health post,amhara,0.8137038946151733,03 kebele health post woreda:Kobo Town region:amhara zone:North Wollo Zone,04 kebele urban health post region:amhara zone:North Shewa ZHD,confirmed
1082310,04 kebele health post,amhara,eCxnJxZPACQ,01 kebele urban health post,amhara,0.8067943453788757,04 kebele health post woreda:Kobo Town region:amhara zone:North Wollo Zone,01 kebele urban health post region:amhara zone:North Shewa ZHD,confirmed
1082310,04 kebele health post,amhara,jKidTccoYGT,02 kebele urban health post,amhara,0.818987250328064,04 kebele health post woreda:Kobo Town region:amhara zone:North Wollo Zone,02 kebele urban health post region:amhara zone:North Shewa ZHD,confirmed
1082310,04 kebele health post,amhara,CosF8BTe88K,03 kebele urban health post,amhara,0.8156028389930725,04 kebele health post woreda:Kobo Town region:amhara zone:North Wollo Zone,03 kebele urban health post region:amhara zone:North Shewa ZHD,confirmed
1082310,04 kebele health post,amhara,DAFZUzOjx0K,04 kebele urban health post,amhara,0.8299608826637268,04 kebele health post woreda:Kobo Town region:amhara zone:North Wollo Zone,04 kebele urban health post region:amhara zone:North Shewa ZHD,confirmed
1082315,zelalem primary clinic,amhara,rJn3acINxA8,zelalem medium clinic,amhara,0.821878969669342,zelalem primary clinic woreda:North Mecha Woreda region:amhara zone:North Gojjam Zone,zelalem medium clinic region:amhara zone:North Shewa ZHD,confirmed
1082315,zelalem primary clinic,amhara,hkjDbXyL9lS,zelalem primary clinic,amhara,0.8587962985038757,zelalem primary clinic woreda:North Mecha Woreda region:amhara zone:North Gojjam Zone,zelalem primary clinic region:amhara zone:West Gojjam ZHD,confirmed
1082315,zelalem primary clinic,amhara,rFC4ZKuC8hC,zelalem primary clinic,amhara,0.8587962985038757,zelalem primary clinic woreda:North Mecha Woreda region:amhara zone:North Gojjam Zone,zelalem primary clinic region:amhara zone:West Gojjam ZHD,confirmed
1082323,teklehaymanot primary clinic,amhara,L37tBqzsOE2,teklehaymanot primary clinic,amhara,0.8220930695533752,teklehaymanot primary clinic woreda:North Mecha Woreda region:amhara zone:North Gojjam Zone,teklehaymanot primary clinic region:amhara zone:South Wollo ZHD,confirmed
1082346,woreilu community pharmacy,amhara,FNAQJvxvqNQ,woreilu phcu,amhara,0.833278238773346,woreilu community pharmacy woreda:Woreilu region:amhara zone:South Wollo Zone,woreilu phcu region:amhara zone:South Wollo ZHD,confirmed
1082362,melkamu primary clinic,amhara,eNaEBUrUi71,melkamu primary clinic,amhara,0.8272110819816589,melkamu primary clinic woreda:Delanta region:amhara zone:South Wollo Zone,melkamu primary clinic region:amhara zone:East Gojjam ZHD,confirmed
1082362,melkamu primary clinic,amhara,XjGxf6gvl3m,melkamu primary clinic,amhara,0.8295998573303223,melkamu primary clinic woreda:Delanta region:amhara zone:South Wollo Zone,melkamu primary clinic region:amhara zone:West Gojjam ZHD,confirmed
1082375,oda medium clinic,oromia,oOJXOhLOhub,oda medium clinic,oromia,0.8031163215637207,oda medium clinic woreda:Mada Walabu region:oromia zone:East Borena Zone,oda medium clinic region:oromia zone:West Shewa  ZHD,confirmed
1082393,kedir medium clinic,amhara,oxdDxd1TyPz,kedir medium clinic,amhara,0.8002068400382996,kedir medium clinic woreda:Legehida region:amhara zone:South Wollo Zone,kedir medium clinic region:amhara zone:Oromia Special ZHD,confirmed
1082402,birhan primary clinic,amhara,MTSuRz3i6tu,birhanu primary clinic,amhara,0.803863525390625,birhan primary clinic woreda:Habru region:amhara zone:North Wollo Zone,birhanu primary clinic region:amhara zone:Central Gondar ZHD,confirmed
1082402,birhan primary clinic,amhara,VbxQE1mL4Co,birhanu primary clinic,amhara,0.8022497892379761,birhan primary clinic woreda:Habru region:amhara zone:North Wollo Zone,birhanu primary clinic region:amhara zone:East Gojjam ZHD,confirmed
1082402,birhan primary clinic,amhara,OaH2Ivkc4zp,birhan primary clinic,amhara,0.8166365623474121,birhan primary clinic woreda:Habru region:amhara zone:North Wollo Zone,birhan primary clinic region:amhara zone:West Gojjam ZHD,confirmed
1082402,birhan primary clinic,amhara,aq8u1J9bApS,birhanu primary clinic,amhara,0.8039326667785645,birhan primary clinic woreda:Habru region:amhara zone:North Wollo Zone,birhanu primary clinic region:amhara zone:West Gojjam ZHD,confirmed
1082404,addisu primary clinic,amhara,vsyw3ZzFb68,addisu primary clinic,amhara,0.8170996308326721,addisu primary clinic woreda:Habru region:amhara zone:North Wollo Zone,addisu primary clinic region:amhara zone:Central Gondar ZHD,confirmed
1082404,addisu primary clinic,amhara,ghxUX1vgJyT,addisu primary clinic,amhara,0.8170996308326721,addisu primary clinic woreda:Habru region:amhara zone:North Wollo Zone,addisu primary clinic region:amhara zone:Central Gondar ZHD,confirmed
1082404,addisu primary clinic,amhara,koCrBjPOe4p,addisu primary clinic,amhara,0.8170996308326721,addisu primary clinic woreda:Habru region:amhara zone:North Wollo Zone,addisu primary clinic region:amhara zone:Central Gondar ZHD,confirmed
1082404,addisu primary clinic,amhara,JbJlLxhmVAB,addisu primary clinic,amhara,0.8211938142776489,addisu primary clinic woreda:Habru region:amhara zone:North Wollo Zone,addisu primary clinic region:amhara zone:West Gojjam ZHD,confirmed
1082404,addisu primary clinic,amhara,Tbt92DxYbYS,addisu primary clinic,amhara,0.8211938142776489,addisu primary clinic woreda:Habru region:amhara zone:North Wollo Zone,addisu primary clinic region:amhara zone:West Gojjam ZHD,confirmed
1082405,tsegaye primary clinic,amhara,tFo365EeZkb,tsegaye primary clinic,amhara,0.8139737844467163,tsegaye primary clinic woreda:Habru region:amhara zone:North Wollo Zone,tsegaye primary clinic region:amhara zone:South Gondar ZHD,confirmed
1082408,habtamu primary clinic,amhara,nxhvHxdSM76,habtamu primary clinic,amhara,0.8268112540245056,habtamu primary clinic woreda:Kelala region:amhara zone:South Wollo Zone,habtamu primary clinic region:amhara zone:Central Gondar ZHD,confirmed
1082408,habtamu primary clinic,amhara,pT43EDAiAw2,habtamu primary clinic,amhara,0.8268112540245056,habtamu primary clinic woreda:Kelala region:amhara zone:South Wollo Zone,habtamu primary clinic region:amhara zone:Central Gondar ZHD,confirmed
1082408,habtamu primary clinic,amhara,tRpI7ODkfq6,habtamu primary clinic,amhara,0.8261926174163818,habtamu primary clinic woreda:Kelala region:amhara zone:South Wollo Zone,habtamu primary clinic region:amhara zone:East Gojjam ZHD,confirmed
1082409,yirga desye medium clinic,amhara,OUO757ZZvaD,yirga tadese medium clinic,amhara,0.8317689299583435,yirga desye medium clinic woreda:Kobo Town region:amhara zone:North Wollo Zone,yirga tadese medium clinic region:amhara zone:South Wollo ZHD,confirmed
1082411,birhanu primary clinic,amhara,MTSuRz3i6tu,birhanu primary clinic,amhara,0.8185084462165833,birhanu primary clinic woreda:Kobo Town region:amhara zone:North Wollo Zone,birhanu primary clinic region:amhara zone:Central Gondar ZHD,confirmed
1082411,birhanu primary clinic,amhara,VbxQE1mL4Co,birhanu primary clinic,amhara,0.8211914300918579,birhanu primary clinic woreda:Kobo Town region:amhara zone:North Wollo Zone,birhanu primary clinic region:amhara zone:East Gojjam ZHD,confirmed
1082411,birhanu primary clinic,amhara,aq8u1J9bApS,birhanu primary clinic,amhara,0.8224403858184814,birhanu primary clinic woreda:Kobo Town region:amhara zone:North Wollo Zone,birhanu primary clinic region:amhara zone:West Gojjam ZHD,confirmed
1082413,kobo primary hospital,amhara,qtytap2iIbs,kobo primary hospital,amhara,0.9017913937568665,kobo primary hospital woreda:Kobo Town region:amhara zone:North Wollo Zone,kobo primary hospital region:amhara zone:North Wollo ZHD,confirmed
1082433,docter mulatu medium clinic,amhara,kA52fu8RKPf,doctor mulugata medium clinic,amhara,0.8150271773338318,docter mulatu medium clinic woreda:Ayehu Guagusa region:amhara zone:Awi Zone,doctor mulugata medium clinic region:amhara zone:Awi ZHD,confirmed
1082451,bamlaku primary clinic,amhara,lTvwTz2Yv7n,bamlaku primary clinic,amhara,0.8331789970397949,bamlaku primary clinic woreda:Ayehu Guagusa region:amhara zone:Awi Zone,bamlaku primary clinic region:amhara zone:West Gojjam ZHD,confirmed
1082457,arsema primary clinic,amhara,pqrYdmphsca,arsema primary clinic,amhara,0.8066609501838684,arsema primary clinic woreda:Ayehu Guagusa region:amhara zone:Awi Zone,arsema primary clinic region:amhara zone:Waghimera ZHD,confirmed
1082462,tiruneh primary clinic,amhara,LnE1FKSBSOm,tiruneh primary clinic,amhara,0.8382719159126282,tiruneh primary clinic woreda:Ayehu Guagusa region:amhara zone:Awi Zone,tiruneh primary clinic region:amhara zone:Awi ZHD,confirmed
1082564,medhanialem midum clinic,amhara,pWYt4d0UIaB,medhanialem junior clinic,amhara,0.8147052526473999,medhanialem midum clinic woreda:Jabi Tehinan region:amhara zone:West Gojam Zone,medhanialem junior clinic region:amhara zone:West Gojjam ZHD,confirmed
1082565,amare primary clinic,amhara,zNvuRahE492,amare primary clinic,amhara,0.874043345451355,amare primary clinic woreda:Jabi Tehinan region:amhara zone:West Gojam Zone,amare primary clinic region:amhara zone:West Gojjam ZHD,confirmed
1082565,amare primary clinic,amhara,AnoTxdrxSMc,amare primary clinic,amhara,0.874043345451355,amare primary clinic woreda:Jabi Tehinan region:amhara zone:West Gojam Zone,amare primary clinic region:amhara zone:West Gojjam ZHD,confirmed
1082584,doctor bekalu medium clinic,amhara,fC79pNYqKhq,doctor wondim medium clinic,amhara,0.8063054084777832,doctor bekalu medium clinic woreda:South achefer Woreda region:amhara zone:North Gojjam Zone,doctor wondim medium clinic region:amhara zone:West Gojjam ZHD,confirmed
1082584,doctor bekalu medium clinic,amhara,NM5CJ7PCdeM,doctor addisu medium clinic,amhara,0.8052414059638977,doctor bekalu medium clinic woreda:South achefer Woreda region:amhara zone:North Gojjam Zone,doctor addisu medium clinic region:amhara zone:West Gojjam ZHD,confirmed
1082585,doctor misganaw medium clinic,amhara,fC79pNYqKhq,doctor wondim medium clinic,amhara,0.8164684772491455,doctor misganaw medium clinic woreda:South achefer Woreda region:amhara zone:North Gojjam Zone,doctor wondim medium clinic region:amhara zone:West Gojjam ZHD,confirmed
1082588,endalew primary clinic,amhara,hU0ik7iUuCw,endalikachew primary clinic,amhara,0.8083058595657349,endalew primary clinic woreda:South achefer Woreda region:amhara zone:North Gojjam Zone,endalikachew primary clinic region:amhara zone:East Gojjam ZHD,confirmed
1082588,endalew primary clinic,amhara,ItSR6O8f23A,endalamaw primary clinic,amhara,0.8072754740715027,endalew primary clinic woreda:South achefer Woreda region:amhara zone:North Gojjam Zone,endalamaw primary clinic region:amhara zone:East Gojjam ZHD,confirmed
1082588,endalew primary clinic,amhara,dEyXmPyL1SZ,endalkachew primary clinic,amhara,0.8099913597106934,endalew primary clinic woreda:South achefer Woreda region:amhara zone:North Gojjam Zone,endalkachew primary clinic region:amhara zone:East Gojjam ZHD,confirmed
1082590,abiyot primary clinic,amhara,zIOsQoGzip6,abiyot primary clinic,amhara,0.8444690108299255,abiyot primary clinic woreda:South achefer Woreda region:amhara zone:North Gojjam Zone,abiyot primary clinic region:amhara zone:West Gojjam ZHD,confirmed
1082613,bakel abater basic health post,amhara,J6shKUeXNuD,bakel abater health post,amhara,0.8087613582611084,bakel abater basic health post woreda:Finote Selam Town region:amhara zone:West Gojam Zone,bakel abater health post region:amhara zone:West Gojjam ZHD,confirmed
1082686,habtamu shimeka primary clinic,amhara,tRpI7ODkfq6,habtamu primary clinic,amhara,0.8105562329292297,habtamu shimeka primary clinic woreda:Bure Zuria region:amhara zone:West Gojam Zone,habtamu primary clinic region:amhara zone:East Gojjam ZHD,confirmed
1082704,desalegn drug store,amhara,ySyqYp845wU,desalegn primary clinic,amhara,0.8799729943275452,desalegn drug store region:amhara zone:Awi Zone,desalegn primary clinic region:amhara zone:East Gojjam ZHD,confirmed
1082719,asres primary clinic,amhara,cyABse1pnfa,asiresa primary clinic,amhara,0.8312885165214539,asres primary clinic woreda:Dembecha region:amhara zone:West Gojam Zone,asiresa primary clinic region:amhara zone:West Gojjam ZHD,confirmed
1082741,selam primary clinic,amhara,CNeoS9YItnO,selam primary clinic,amhara,0.8124211430549622,selam primary clinic woreda:Argoba region:amhara zone:South Wollo Zone,selam primary clinic region:amhara zone:Bahirdar THO,confirmed
1082741,selam primary clinic,amhara,LdtqVf5qs2P,selam primary clinic,amhara,0.8101213574409485,selam primary clinic woreda:Argoba region:amhara zone:South Wollo Zone,selam primary clinic region:amhara zone:Dessie THO,confirmed
1082741,selam primary clinic,amhara,sgwtyK0Xof4,selam primary clinic,amhara,0.8689410090446472,selam primary clinic woreda:Argoba region:amhara zone:South Wollo Zone,selam primary clinic region:amhara zone:South Wollo ZHD,confirmed
1082748,gezahegn primary clinic,amhara,YNNTyvNIakZ,gezahegn primary clinic,amhara,0.8742647171020508,gezahegn primary clinic woreda:Jawi region:amhara zone:Awi Zone,gezahegn primary clinic region:amhara zone:Awi ZHD,confirmed
1082759,belima basic health post,amhara,WqMSqq7OZm9,belima health post,amhara,0.8379430174827576,belima basic health post woreda:Womberma region:amhara zone:West Gojam Zone,belima health post region:amhara zone:West Gojjam ZHD,confirmed
1082773,oda medium clinic,oromia,oOJXOhLOhub,oda medium clinic,oromia,0.8012790679931641,oda medium clinic woreda:Yabelo Town region:oromia zone:Borena Zone,oda medium clinic region:oromia zone:West Shewa  ZHD,confirmed
1082777,kebridahar general hospital,somali,TRwUoYTEcRV,kebridahar general hospital,somali,0.8820775151252747,kebridahar general hospital woreda:Kebridahar City region:somali zone:Korahay,kebridahar general hospital region:somali zone:Korahay ZHD,confirmed
1082777,kebridahar general hospital,somali,PxSaEJ3OeUg,kabridahar primary clinic,somali,0.8315428495407104,kebridahar general hospital woreda:Kebridahar City region:somali zone:Korahay,kabridahar primary clinic region:somali zone:Korahay ZHD,confirmed
1082800,harme medium clinic,oromia,Cll8zrl2WPv,harme medium clinic,oromia,0.8171603083610535,harme medium clinic woreda:Sinana region:oromia zone:Bale Zone,harme medium clinic region:oromia zone:North Shewa  ZHD,confirmed
1082804,gundo meskel health community pharmacy,oromia,YvBiCT7IXcn,gundo meskel 01 health post,oromia,0.809921145439148,gundo meskel health community pharmacy woreda:Derra region:oromia zone:North Shewa Zone,gundo meskel 01 health post region:oromia zone:North Shewa  ZHD,confirmed
1082804,gundo meskel health community pharmacy,oromia,TXhifLwaacB,gundo meskel 02 health post,oromia,0.8176450729370117,gundo meskel health community pharmacy woreda:Derra region:oromia zone:North Shewa Zone,gundo meskel 02 health post region:oromia zone:North Shewa  ZHD,confirmed
1082804,gundo meskel health community pharmacy,oromia,t0cIn6R99ig,gundo meskel 03 health post,oromia,0.8173205852508545,gundo meskel health community pharmacy woreda:Derra region:oromia zone:North Shewa Zone,gundo meskel 03 health post region:oromia zone:North Shewa  ZHD,confirmed
1082809,debrework health post,south west ethiopia,yT8UpsczVxT,debre work phcu,south west ethiopia,0.8111864328384399,debrework health post woreda:South Bench Woreda region:south west ethiopia zone:Bench Sheko Zone,debre work phcu region:south west ethiopia zone:Bench Sheko ZHD,confirmed
1082836,abera primary clinic,amhara,BzH49DnGWZg,abera primary clinic,amhara,0.8637773394584656,abera primary clinic woreda:Fogera region:amhara zone:South Gondar Zone,abera primary clinic region:amhara zone:Central Gondar ZHD,confirmed
1082836,abera primary clinic,amhara,RGYFYAitee6,abera silasie primary clinic,amhara,0.8061261177062988,abera primary clinic woreda:Fogera region:amhara zone:South Gondar Zone,abera silasie primary clinic region:amhara zone:Dessie THO,confirmed
1082837,addisie primary clinic,amhara,NclhJih8eBO,addis primary clinic,amhara,0.8145459294319153,addisie primary clinic woreda:Fogera region:amhara zone:South Gondar Zone,addis primary clinic region:amhara zone:South Gondar ZHD,confirmed
1082871,geter medanit medebir,amhara,iDVYiVa6sid,geter meda phcu,amhara,0.8024587035179138,geter medanit medebir woreda:Raya Bala region:amhara zone:North Wollo Zone,geter meda phcu region:amhara zone:North Wollo ZHD,confirmed
1082891,mengesha primary clinic,amhara,revNj62uRbz,mengistu primary clinic,amhara,0.8282424807548523,mengesha primary clinic woreda:Quara region:amhara zone:West Gondar Zone,mengistu primary clinic region:amhara zone:Central Gondar ZHD,confirmed
1082891,mengesha primary clinic,amhara,yX2DBrJ9cXW,mengesha degu primary clinic,amhara,0.8371961712837219,mengesha primary clinic woreda:Quara region:amhara zone:West Gondar Zone,mengesha degu primary clinic region:amhara zone:North Wollo ZHD,confirmed
1082943,abrham primary clinic,amhara,UXEjzioZJT5,abrham primary clinic,amhara,0.8229570984840393,abrham primary clinic woreda:Dangla Zuria region:amhara zone:Awi Zone,abrham primary clinic region:amhara zone:Central Gondar ZHD,confirmed
1082943,abrham primary clinic,amhara,i15w4MrFwSv,abrham primary clinic,amhara,0.8167393207550049,abrham primary clinic woreda:Dangla Zuria region:amhara zone:Awi Zone,abrham primary clinic region:amhara zone:West Gojjam ZHD,confirmed
1082943,abrham primary clinic,amhara,x3pDRpvs8dS,abrham primary clinic,amhara,0.8167393207550049,abrham primary clinic woreda:Dangla Zuria region:amhara zone:Awi Zone,abrham primary clinic region:amhara zone:West Gojjam ZHD,confirmed
1083002,hiwot medium clinic,amhara,GLGAFF7Rdgl,hiwot medium clinic,amhara,0.8700108528137207,hiwot medium clinic woreda:Gondar City Administration region:amhara zone:Gondar Town Administration,hiwot medium clinic region:amhara zone:South Gondar ZHD,confirmed
1083002,hiwot medium clinic,amhara,DP5E5OqblUR,hiwot medium clinic,amhara,0.8406652212142944,hiwot medium clinic woreda:Gondar City Administration region:amhara zone:Gondar Town Administration,hiwot medium clinic region:amhara zone:South Wollo ZHD,confirmed
1083032,selam medium clinic,amhara,WVdDDyRFhOB,selam medium clinic,amhara,0.8055788278579712,selam medium clinic woreda:Alamata Town region:amhara zone:North Wollo Zone,selam medium clinic region:amhara zone:West Gojjam ZHD,confirmed
1083101,basa health post,amhara,j38B1Nj0pcs,basa health post,amhara,0.8449003100395203,basa health post woreda:Injibara Town region:amhara zone:Awi Zone,basa health post region:amhara zone:Awi ZHD,confirmed
1083102,bata health post,amhara,JCCYIBFJaXL,bata health post,amhara,0.8469715118408203,bata health post woreda:Injibara Town region:amhara zone:Awi Zone,bata health post region:amhara zone:Awi ZHD,confirmed
1083103,bida health post,amhara,UqiNPPCGuVX,bida health post,amhara,0.8510996103286743,bida health post woreda:Injibara Town region:amhara zone:Awi Zone,bida health post region:amhara zone:Awi ZHD,confirmed
1083104,chaba health post,amhara,ZETPXvApxWY,chaba health post,amhara,0.8545020818710327,chaba health post woreda:Injibara Town region:amhara zone:Awi Zone,chaba health post region:amhara zone:Awi ZHD,confirmed
1083113,tesfaye primary clinic,amhara,hvZeBZ1GXRo,tesfaye primary clinic,amhara,0.8358983397483826,tesfaye primary clinic woreda:Habru region:amhara zone:North Wollo Zone,tesfaye primary clinic region:amhara zone:North Shewa ZHD,confirmed
1083113,tesfaye primary clinic,amhara,cAtUrl3vdLb,tesfaye primary clinic,amhara,0.8662786483764648,tesfaye primary clinic woreda:Habru region:amhara zone:North Wollo Zone,tesfaye primary clinic region:amhara zone:North Wollo ZHD,confirmed
1083113,tesfaye primary clinic,amhara,mcqxVg93fbQ,tesfaye tedila primary clinic,amhara,0.8339136242866516,tesfaye primary clinic woreda:Habru region:amhara zone:North Wollo Zone,tesfaye tedila primary clinic region:amhara zone:South Wollo ZHD,confirmed
1083197,enat medium clinic,amhara,QdnqMyoUhx0,enat medium clinic,amhara,0.8646485209465027,enat medium clinic woreda:Dessie Town region:amhara zone:Dessie Town Administration,enat medium clinic region:amhara zone:Awi ZHD,confirmed
1083197,enat medium clinic,amhara,SlMymnjZRyZ,enat medium clinic,amhara,0.8712437152862549,enat medium clinic woreda:Dessie Town region:amhara zone:Dessie Town Administration,enat medium clinic region:amhara zone:South Wollo ZHD,confirmed
1083249,asmamaw primary clinic,amhara,N5e0sXg41Pg,asmamaw primary clinic,amhara,0.8622227311134338,asmamaw primary clinic woreda:South Mecha Woreda region:amhara zone:North Gojjam Zone,asmamaw primary clinic region:amhara zone:West Gojjam ZHD,confirmed
1083295,gada medium clinic,oromia,ARmDiCgHFLs,gadaa medium clinic,oromia,0.8056723475456238,gada medium clinic woreda:Dubuluk region:oromia zone:Borena Zone,gadaa medium clinic region:oromia zone:East Bale ZHD,confirmed
1083296,robe health center community pharmacy,oromia,GhDeIFfiefr,robe 01 health post,oromia,0.8076273798942566,robe health center community pharmacy woreda:Robe region:oromia zone:Arsi zone,robe 01 health post region:oromia zone:Arsi ZHD,confirmed
1083296,robe health center community pharmacy,oromia,EjeI4Op4ZaD,robe 02 health post,oromia,0.8178898692131042,robe health center community pharmacy woreda:Robe region:oromia zone:Arsi zone,robe 02 health post region:oromia zone:Arsi ZHD,confirmed
1083306,shituneh primary clinic,amhara,p4Blnn23jwB,shituneh praimary clinic,amhara,0.8088547587394714,shituneh primary clinic woreda:Guangua region:amhara zone:Awi Zone,shituneh praimary clinic region:amhara zone:West Gojjam ZHD,confirmed
1083314,hiwot primary clinic,amhara,htQWcwoUEEU,hiwot primary clinic,amhara,0.8642258048057556,hiwot primary clinic woreda:Guangua region:amhara zone:Awi Zone,hiwot primary clinic region:amhara zone:Awi ZHD,confirmed
1083314,hiwot primary clinic,amhara,NmCbSk9gmTg,hiwot primary clinic,amhara,0.8334510922431946,hiwot primary clinic woreda:Guangua region:amhara zone:Awi Zone,hiwot primary clinic region:amhara zone:Oromia Special ZHD,confirmed
1083315,desalew primary clinic,amhara,YgTZiIoJz2i,desalew primary clinic,amhara,0.8731784820556641,desalew primary clinic woreda:Guangua region:amhara zone:Awi Zone,desalew primary clinic region:amhara zone:Awi ZHD,confirmed
1083364,ethiopia medium clinic,amhara,WVQFQugz23r,ethiopia medium clinic,amhara,0.8028584718704224,ethiopia medium clinic woreda:Korem Town region:amhara zone:Waghimera Zone,ethiopia medium clinic region:amhara zone:West Gojjam ZHD,confirmed
1083509,adamu primary clinic,amhara,LWznkA2X80y,adamu primary clinic,amhara,0.8453224897384644,adamu primary clinic woreda:Jawi region:amhara zone:Awi Zone,adamu primary clinic region:amhara zone:West Gojjam ZHD,confirmed
1083590,bore pharmacy,oromia,DaKtQgZYMuc,bore primary clinic,oromia,0.8109021782875061,bore pharmacy woreda:Jimma Town region:oromia zone:Jimma Town,bore primary clinic region:oromia zone:Jimma ZHD,confirmed
1083737,wogedad health post,amhara,UOZYskWU1lz,wogedad health post,amhara,0.8626495003700256,wogedad health post woreda:Womberma region:amhara zone:West Gojam Zone,wogedad health post region:amhara zone:West Gojjam ZHD,confirmed
1083760,mati medium clinic,oromia,fyfWvVFNwDb,mati medium clinic,oromia,0.8016442060470581,mati medium clinic woreda:Melkabello region:oromia zone:East Hararge Zone,mati medium clinic region:oromia zone:Guji ZHD,confirmed
1083773,aba gada medium clinic,oromia,z4khiqsCwXl,aba geda clinic,oromia,0.8136853575706482,aba gada medium clinic woreda:Uraga region:oromia zone:Guji Zone,aba geda clinic region:oromia zone:Guji ZHD,confirmed
1083775,fenet medium clinic,oromia,H2Etyrs3ljQ,feneti medium clinic,oromia,0.8526310324668884,fenet medium clinic woreda:Bedeno region:oromia zone:East Hararge Zone,feneti medium clinic region:oromia zone:East Hararge ZHD,confirmed
1083804,milki medium clinic,oromia,lDPb4ls6OKI,milkaa'ina medium clinic,oromia,0.805330753326416,milki medium clinic woreda:Dera Town region:oromia zone:Arsi zone,milkaa'ina medium clinic region:oromia zone:SHEGER CITY Health Office,confirmed
1083825,yerosan medium clinic,oromia,VKi7UP9RWTX,yerosan medium clinic,oromia,0.8060697913169861,yerosan medium clinic woreda:Begi region:oromia zone:West Wollega Zone,yerosan medium clinic region:oromia zone:Shashemene Town ZHD,confirmed
1083846,abenezer primary clinic,oromia,RQMPieypQsI,abenezer primary clinic,oromia,0.8006486892700195,abenezer primary clinic woreda:Anna Sorra region:oromia zone:Guji Zone,abenezer primary clinic region:oromia zone:West Wellega  ZHD,confirmed
1083846,abenezer primary clinic,oromia,bIl6SSQzpCI,abenezer primary clinic,oromia,0.8006486892700195,abenezer primary clinic woreda:Anna Sorra region:oromia zone:Guji Zone,abenezer primary clinic region:oromia zone:West Wellega  ZHD,confirmed
1083904,rohobot primary clinic,oromia,zVnmjXLz7Ye,rohobot primary clinic,oromia,0.8288357853889465,rohobot primary clinic woreda:Uraga region:oromia zone:Guji Zone,rohobot primary clinic region:oromia zone:Bale ZHD,confirmed
1083904,rohobot primary clinic,oromia,aNDEcVX9IEt,rohobot primary clinic,oromia,0.8295671939849854,rohobot primary clinic woreda:Uraga region:oromia zone:Guji Zone,rohobot primary clinic region:oromia zone:Borena ZHD,confirmed
1083904,rohobot primary clinic,oromia,gLioXOuhp6O,rohbot primary clinic,oromia,0.8038954138755798,rohobot primary clinic woreda:Uraga region:oromia zone:Guji Zone,rohbot primary clinic region:oromia zone:Jimma ZHD,confirmed
1083904,rohobot primary clinic,oromia,krnzYQLn19w,rehobot primary clinic,oromia,0.8278595805168152,rohobot primary clinic woreda:Uraga region:oromia zone:Guji Zone,rehobot primary clinic region:oromia zone:West Guji ZHD,confirmed
1083904,rohobot primary clinic,oromia,GK3vrDbfbB7,rohobot primary clinic,oromia,0.8347252607345581,rohobot primary clinic woreda:Uraga region:oromia zone:Guji Zone,rohobot primary clinic region:oromia zone:West Wellega  ZHD,confirmed
1083937,amen medium clinic,oromia,dnYOKSAfXzk,aman medium clinic,oromia,0.8037241101264954,amen medium clinic woreda:Woliso Town region:oromia zone:Woliso Town,aman medium clinic region:oromia zone:East Wellega ZHD,confirmed
1083949,biftu medium clinic,oromia,fsa4TuTeAAD,biftu medium clinic,oromia,0.8386395573616028,biftu medium clinic woreda:Enkelo Wabe region:oromia zone:Arsi zone,biftu medium clinic region:oromia zone:West Arsi ZHD,confirmed
1083958,kasma diagnostic and imaging center,amhara,QlGCmIk6bvZ,kasma dermato venorology speciality clinic,amhara,0.8091205358505249,kasma diagnostic and imaging center woreda:Bahir Dar Town region:amhara zone:Bahirdar Town Administration,kasma dermato venorology speciality clinic region:amhara zone:Bahirdar THO,confirmed
1083962,muka turi primary hospital community pharmacy,oromia,iCL0dTbyzyq,muka turi primary clinic,oromia,0.8168237209320068,muka turi primary hospital community pharmacy woreda:Wuchale region:oromia zone:North Shewa Zone,muka turi primary clinic region:oromia zone:North Shewa  ZHD,confirmed
1084061,elshad primary clinic,south west ethiopia,EGVCvldgvkt,elshaday clinic,south west ethiopia,0.8322087526321411,elshad primary clinic woreda:Shey Bench Woreda region:south west ethiopia zone:Bench Sheko Zone,elshaday clinic region:south west ethiopia zone:Bench Sheko ZHD,confirmed
1084073,yeabsira primary clinic,south west ethiopia,ffxcaRQnPkA,yeabsira clinic,south west ethiopia,0.8326054215431213,yeabsira primary clinic woreda:Sheko Woreda region:south west ethiopia zone:Bench Sheko Zone,yeabsira clinic region:south west ethiopia zone:Sheka ZHD,confirmed
1084092,elshaday primary clinic,south west ethiopia,EGVCvldgvkt,elshaday clinic,south west ethiopia,0.8304464221000671,elshaday primary clinic woreda:Gide Bench Woreda region:south west ethiopia zone:Bench Sheko Zone,elshaday clinic region:south west ethiopia zone:Bench Sheko ZHD,confirmed
1084095,elshaday primary clinic,south west ethiopia,EGVCvldgvkt,elshaday clinic,south west ethiopia,0.8157187104225159,elshaday primary clinic woreda:Mizan Aman Town Administration region:south west ethiopia zone:Bench Sheko Zone,elshaday clinic region:south west ethiopia zone:Bench Sheko ZHD,confirmed
1084128,oromiya primary clinic,oromia,wtta3RxMvVF,oromiya primary clinic,oromia,0.8118296265602112,oromiya primary clinic woreda:Gimbi Town region:oromia zone:West Wollega Zone,oromiya primary clinic region:oromia zone:Arsi ZHD,confirmed
1084128,oromiya primary clinic,oromia,HfmbLGoivtv,oromiyaa primary clinic,oromia,0.8089909553527832,oromiya primary clinic woreda:Gimbi Town region:oromia zone:West Wollega Zone,oromiyaa primary clinic region:oromia zone:Arsi ZHD,confirmed
1084128,oromiya primary clinic,oromia,Gx97v5FTgXZ,oromiya primary clinic,oromia,0.8210368752479553,oromiya primary clinic woreda:Gimbi Town region:oromia zone:West Wollega Zone,oromiya primary clinic region:oromia zone:East Hararge ZHD,confirmed
1084128,oromiya primary clinic,oromia,Is43CZ5RzAM,oromiya primary clinic,oromia,0.8210368752479553,oromiya primary clinic woreda:Gimbi Town region:oromia zone:West Wollega Zone,oromiya primary clinic region:oromia zone:East Hararge ZHD,confirmed
1084130,eba primary clinic,oromia,zkpAKrg3vPe,eba primary clinic,oromia,0.8125489950180054,eba primary clinic woreda:Gimbi Town region:oromia zone:West Wollega Zone,eba primary clinic region:oromia zone:West Wellega  ZHD,confirmed
1084135,rehobot primary clinic,oromia,krnzYQLn19w,rehobot primary clinic,oromia,0.823146641254425,rehobot primary clinic woreda:Gimbi Town region:oromia zone:West Wollega Zone,rehobot primary clinic region:oromia zone:West Guji ZHD,confirmed
1084135,rehobot primary clinic,oromia,VuNYZwmJrSe,rehobot primary clinic,oromia,0.8165973424911499,rehobot primary clinic woreda:Gimbi Town region:oromia zone:West Wollega Zone,rehobot primary clinic region:oromia zone:West Wellega  ZHD,confirmed
1084135,rehobot primary clinic,oromia,usB83XvZfui,rehobot primary clinic,oromia,0.8165973424911499,rehobot primary clinic woreda:Gimbi Town region:oromia zone:West Wollega Zone,rehobot primary clinic region:oromia zone:West Wellega  ZHD,confirmed
1084137,elshaday primary clinic,oromia,Iooluo6ORYT,elshaday primary clinic,oromia,0.8050854206085205,elshaday primary clinic woreda:Gimbi Town region:oromia zone:West Wollega Zone,elshaday primary clinic region:oromia zone:Ilu Aba Bora ZHD,confirmed
1084143,morita primary clinic,south west ethiopia,py4GCYpSlGi,morita health post,south west ethiopia,0.8304755687713623,morita primary clinic woreda:South Bench Woreda region:south west ethiopia zone:Bench Sheko Zone,morita health post region:south west ethiopia zone:Bench Sheko ZHD,confirmed
1084191,oromia medium clinic,oromia,kgIC1qSLbOp,oromia medium clinic,oromia,0.8117330074310303,oromia medium clinic woreda:Nole Kaba region:oromia zone:West Wollega Zone,oromia medium clinic region:oromia zone:West Arsi ZHD,confirmed
1084244,robsan drug store,oromia,MvVzbgOWYVS,robsan medium clinic,oromia,0.8027465343475342,robsan drug store woreda:Nejo Town region:oromia zone:Nejo Town,robsan medium clinic region:oromia zone:Ambo Town ZHD,confirmed
1084245,natoli medium clinic,oromia,TJdIgUP7Ada,natoli 2 medium clinic,oromia,0.8336191773414612,natoli medium clinic woreda:Nonoo region:oromia zone:West Shewa Zone,natoli 2 medium clinic region:oromia zone:West Arsi ZHD,confirmed
1084268,africa medium clinic,oromia,QilJbg5LNHk,africa medium clinic,oromia,0.8313218355178833,africa medium clinic woreda:Agaro Town region:oromia zone:Agaro Towm,africa medium clinic region:oromia zone:Ambo Town ZHD,confirmed
1084270,daniel primary clinic,oromia,zByKQiwbBJ2,daniel primary clinic,oromia,0.827244758605957,daniel primary clinic woreda:Kiltu Kara region:oromia zone:West Wollega Zone,daniel primary clinic region:oromia zone:West Arsi ZHD,confirmed
1084270,daniel primary clinic,oromia,prWFDfO8VYJ,daniel primary clinic,oromia,0.8259069323539734,daniel primary clinic woreda:Kiltu Kara region:oromia zone:West Wollega Zone,daniel primary clinic region:oromia zone:West Wellega  ZHD,confirmed
1084271,lami primary clinic,oromia,wZeQB0f8Auq,lami primary clinic,oromia,0.8377534747123718,lami primary clinic woreda:Kiltu Kara region:oromia zone:West Wollega Zone,lami primary clinic region:oromia zone:West Shewa  ZHD,confirmed
1084277,mati medium clinic,oromia,fyfWvVFNwDb,mati medium clinic,oromia,0.8032857179641724,mati medium clinic woreda:Munesa region:oromia zone:Arsi zone,mati medium clinic region:oromia zone:Guji ZHD,confirmed
1084296,tokuma medium clinic,oromia,fu1DuUpz766,tokkumaa medium clinic,oromia,0.815578043460846,tokuma medium clinic woreda:Tena region:oromia zone:Arsi zone,tokkumaa medium clinic region:oromia zone:Arsi ZHD,confirmed
1084296,tokuma medium clinic,oromia,Qdb5UmujBJG,tokuma primary clinic,oromia,0.8142014741897583,tokuma medium clinic woreda:Tena region:oromia zone:Arsi zone,tokuma primary clinic region:oromia zone:Arsi ZHD,confirmed
1084326,biyaf medium clinic,oromia,RjhTIZdoyQh,biyaf medium clinic,oromia,0.8003618717193604,biyaf medium clinic woreda:Ziway Dugda region:oromia zone:Arsi zone,biyaf medium clinic region:oromia zone:Adama Special ZHD,confirmed
1084328,oda medium clinic,oromia,cTroaMwo363,oda medium clinic,oromia,0.8558587431907654,oda medium clinic woreda:Munesa region:oromia zone:Arsi zone,oda medium clinic region:oromia zone:Arsi ZHD,confirmed
1084328,oda medium clinic,oromia,wuyjsSJvdeD,oda medium clinic,oromia,0.8558587431907654,oda medium clinic woreda:Munesa region:oromia zone:Arsi zone,oda medium clinic region:oromia zone:Arsi ZHD,confirmed
1084328,oda medium clinic,oromia,oOJXOhLOhub,oda medium clinic,oromia,0.8015758991241455,oda medium clinic woreda:Munesa region:oromia zone:Arsi zone,oda medium clinic region:oromia zone:West Shewa  ZHD,confirmed
1084373,mitiku primary clinic,oromia,OC0o9zE3Jx1,mitiku primary clinic,oromia,0.8048133850097656,mitiku primary clinic woreda:Dega region:oromia zone:Buno Bedele Zone,mitiku primary clinic region:oromia zone:East Hararge ZHD,confirmed
1084379,dawa mati medium clinic,oromia,a9ccIRXpIPc,dawa medium clinic,oromia,0.8126282691955566,dawa mati medium clinic woreda:Sululta Sub-City region:oromia zone:Sheger City,dawa medium clinic region:oromia zone:SHEGER CITY Health Office,confirmed
1084389,leka nekemte primary clinic,oromia,kbjQnFEI7UH,leka nekemt primary clinic,oromia,0.8679764866828918,leka nekemte primary clinic woreda:Chewaka region:oromia zone:Buno Bedele Zone,leka nekemt primary clinic region:oromia zone:Buno Bedele ZHD,confirmed
1084423,mg medium clinic,oromia,kbyTSFHxCWy,mg medium clinic,oromia,0.8413541913032532,mg medium clinic woreda:Furi Sub -City region:oromia zone:Sheger City,mg medium clinic region:oromia zone:SHEGER CITY Health Office,confirmed
1084429,soresa medium clinic,oromia,yGkH7YPkAkt,soresa medium clinic,oromia,0.8473995327949524,soresa medium clinic woreda:Furi Sub -City region:oromia zone:Sheger City,soresa medium clinic region:oromia zone:SHEGER CITY Health Office,confirmed
1084439,didia medium clinic,oromia,fCVFEVMDBfa,didaa medium clinic,oromia,0.845733642578125,didia medium clinic woreda:Robe region:oromia zone:Arsi zone,didaa medium clinic region:oromia zone:Arsi ZHD,confirmed
1084442,abenezer primary clinic,oromia,no5jnicyfIL,abenezer primary clinic,oromia,0.8718364834785461,abenezer primary clinic woreda:Chora region:oromia zone:Buno Bedele Zone,abenezer primary clinic region:oromia zone:Buno Bedele ZHD,confirmed
1084471,rohobot primary clinic,oromia,zVnmjXLz7Ye,rohobot primary clinic,oromia,0.8211202025413513,rohobot primary clinic woreda:Saba Boru region:oromia zone:Guji Zone,rohobot primary clinic region:oromia zone:Bale ZHD,confirmed
1084471,rohobot primary clinic,oromia,aNDEcVX9IEt,rohobot primary clinic,oromia,0.8189677000045776,rohobot primary clinic woreda:Saba Boru region:oromia zone:Guji Zone,rohobot primary clinic region:oromia zone:Borena ZHD,confirmed
1084471,rohobot primary clinic,oromia,PRDD0DeN8pT,rihobot primary clinic,oromia,0.801551878452301,rohobot primary clinic woreda:Saba Boru region:oromia zone:Guji Zone,rihobot primary clinic region:oromia zone:Ilu Aba Bora ZHD,confirmed
1084471,rohobot primary clinic,oromia,krnzYQLn19w,rehobot primary clinic,oromia,0.8299043774604797,rohobot primary clinic woreda:Saba Boru region:oromia zone:Guji Zone,rehobot primary clinic region:oromia zone:West Guji ZHD,confirmed
1084471,rohobot primary clinic,oromia,GK3vrDbfbB7,rohobot primary clinic,oromia,0.8266348838806152,rohobot primary clinic woreda:Saba Boru region:oromia zone:Guji Zone,rohobot primary clinic region:oromia zone:West Wellega  ZHD,confirmed
1084474,betel primary clinic,oromia,lwq9JYrQnkA,betel primary clinic,oromia,0.804017186164856,betel primary clinic woreda:Haro Walabu region:oromia zone:Guji Zone,betel primary clinic region:oromia zone:South West Shewa  ZHD,confirmed
1084480,gumero tea plantation drug store,oromia,oJDeGmQqNUS,gumero tea plantation medium clinic,oromia,0.8413664102554321,gumero tea plantation drug store woreda:Ale region:oromia zone:Ilu Aba Bora Zone,gumero tea plantation medium clinic region:oromia zone:Ilu Aba Bora ZHD,confirmed
1084486,dida hora,oromia,M4iIcJv7pkv,dida guda phcu,oromia,0.8293789029121399,dida hora woreda:Uraga region:oromia zone:Guji Zone,dida guda phcu region:oromia zone:Guji ZHD,confirmed
1084486,dida hora,oromia,ueD9uuIRLWH,dida hora hadha raro phcu,oromia,0.8659377098083496,dida hora woreda:Uraga region:oromia zone:Guji Zone,dida hora hadha raro phcu region:oromia zone:Guji ZHD,confirmed
1084562,abenezer medium clinic,oromia,hl7l0pVgkKx,abenezer primary clinic,oromia,0.8008143305778503,abenezer medium clinic woreda:Metu Town region:oromia zone:Metu Town,abenezer primary clinic region:oromia zone:Arsi ZHD,confirmed
1084562,abenezer medium clinic,oromia,RQMPieypQsI,abenezer primary clinic,oromia,0.8035022616386414,abenezer medium clinic woreda:Metu Town region:oromia zone:Metu Town,abenezer primary clinic region:oromia zone:West Wellega  ZHD,confirmed
1084562,abenezer medium clinic,oromia,juM4TMTINSP,abenezer 2nd primary clinic,oromia,0.8023002743721008,abenezer medium clinic woreda:Metu Town region:oromia zone:Metu Town,abenezer 2nd primary clinic region:oromia zone:West Wellega  ZHD,confirmed
1084562,abenezer medium clinic,oromia,bIl6SSQzpCI,abenezer primary clinic,oromia,0.8035022616386414,abenezer medium clinic woreda:Metu Town region:oromia zone:Metu Town,abenezer primary clinic region:oromia zone:West Wellega  ZHD,confirmed
1084594,harme medium clinic,oromia,Cll8zrl2WPv,harme medium clinic,oromia,0.8465646505355835,harme medium clinic woreda:Gumbichu region:oromia zone:East Shewa Zone,harme medium clinic region:oromia zone:North Shewa  ZHD,confirmed
1084689,ephrem pharmacy,amhara,c3F8Jg8ncZI,ephrem medium clinic,amhara,0.8236276507377625,ephrem pharmacy woreda:Bahir Dar Town region:amhara zone:Bahirdar Town Administration,ephrem medium clinic region:amhara zone:Bahirdar THO,confirmed
1084841,mekanisa oromo woreda,oromia,UVGatVsBI1s,makanisa oromo phcu,oromia,0.824338436126709,mekanisa oromo woreda woreda:Mekanisa Oromo Woreda region:oromia zone:East Hararge Zone,makanisa oromo phcu region:oromia zone:East Hararge ZHD,confirmed
1084850,gelemso town,oromia,KXtom1rQwfV,gelemso phcu,oromia,0.8378973007202148,gelemso town woreda:Gelemso Town region:oromia zone:West Hararge Zone,gelemso phcu region:oromia zone:West Hararge ZHD,confirmed
1084851,hirna town,oromia,Ygs16mndunQ,hirna phcu,oromia,0.8220288753509521,hirna town woreda:Hirna Towm region:oromia zone:West Hararge Zone,hirna phcu region:oromia zone:West Hararge ZHD,confirmed
1084891,geda primary clinic,oromia,Q5x28N4MUlH,geda primary clinic,oromia,0.806551992893219,geda primary clinic woreda:Gimbi Town region:oromia zone:West Wollega Zone,geda primary clinic region:oromia zone:Bale ZHD,confirmed
1084891,geda primary clinic,oromia,qkvQYWPl1Nu,geda primary clinic,oromia,0.8244404196739197,geda primary clinic woreda:Gimbi Town region:oromia zone:West Wollega Zone,geda primary clinic region:oromia zone:East Hararge ZHD,confirmed
1084891,geda primary clinic,oromia,IjkIQpPmpRH,geda primary clinic,oromia,0.8188513517379761,geda primary clinic woreda:Gimbi Town region:oromia zone:West Wollega Zone,geda primary clinic region:oromia zone:East Wellega ZHD,confirmed
1084891,geda primary clinic,oromia,chCLiiA8DPk,geda primary clinic,oromia,0.8066822290420532,geda primary clinic woreda:Gimbi Town region:oromia zone:West Wollega Zone,geda primary clinic region:oromia zone:Ilu Aba Bora ZHD,confirmed
1084916,amanuel primary clinic,oromia,dnfIAXpkwiE,amanuel primary clinic,oromia,0.8290663957595825,amanuel primary clinic woreda:Uraga region:oromia zone:Guji Zone,amanuel primary clinic region:oromia zone:Buno Bedele ZHD,confirmed
1084916,amanuel primary clinic,oromia,L6jeD5QdYRJ,amanuel primary clinic,oromia,0.8429378867149353,amanuel primary clinic woreda:Uraga region:oromia zone:Guji Zone,amanuel primary clinic region:oromia zone:East Wellega ZHD,confirmed
1084916,amanuel primary clinic,oromia,aJTxIFdtPuo,amanuel primary clinic,oromia,0.8727434277534485,amanuel primary clinic woreda:Uraga region:oromia zone:Guji Zone,amanuel primary clinic region:oromia zone:Guji ZHD,confirmed
1084916,amanuel primary clinic,oromia,WW20quZa78N,amanuel 2nd primary clinic,oromia,0.8375693559646606,amanuel primary clinic woreda:Uraga region:oromia zone:Guji Zone,amanuel 2nd primary clinic region:oromia zone:West Wellega  ZHD,confirmed
1084916,amanuel primary clinic,oromia,XjdmFRNWzXY,amanuel primary clinic,oromia,0.8443037867546082,amanuel primary clinic woreda:Uraga region:oromia zone:Guji Zone,amanuel primary clinic region:oromia zone:West Wellega  ZHD,confirmed
1084916,amanuel primary clinic,oromia,iuTxgo2YEAL,amanuel primary clinic,oromia,0.8443037867546082,amanuel primary clinic woreda:Uraga region:oromia zone:Guji Zone,amanuel primary clinic region:oromia zone:West Wellega  ZHD,confirmed
1084931,amanuel primary clinic,oromia,dnfIAXpkwiE,amanuel primary clinic,oromia,0.8103716969490051,amanuel primary clinic woreda:Saba Boru region:oromia zone:Guji Zone,amanuel primary clinic region:oromia zone:Buno Bedele ZHD,confirmed
1084931,amanuel primary clinic,oromia,L6jeD5QdYRJ,amanuel primary clinic,oromia,0.8246620297431946,amanuel primary clinic woreda:Saba Boru region:oromia zone:Guji Zone,amanuel primary clinic region:oromia zone:East Wellega ZHD,confirmed
1084931,amanuel primary clinic,oromia,aJTxIFdtPuo,amanuel primary clinic,oromia,0.8671092391014099,amanuel primary clinic woreda:Saba Boru region:oromia zone:Guji Zone,amanuel primary clinic region:oromia zone:Guji ZHD,confirmed
1084931,amanuel primary clinic,oromia,WW20quZa78N,amanuel 2nd primary clinic,oromia,0.8158330917358398,amanuel primary clinic woreda:Saba Boru region:oromia zone:Guji Zone,amanuel 2nd primary clinic region:oromia zone:West Wellega  ZHD,confirmed
1084931,amanuel primary clinic,oromia,XjdmFRNWzXY,amanuel primary clinic,oromia,0.8241927027702332,amanuel primary clinic woreda:Saba Boru region:oromia zone:Guji Zone,amanuel primary clinic region:oromia zone:West Wellega  ZHD,confirmed
1084931,amanuel primary clinic,oromia,iuTxgo2YEAL,amanuel primary clinic,oromia,0.8241927027702332,amanuel primary clinic woreda:Saba Boru region:oromia zone:Guji Zone,amanuel primary clinic region:oromia zone:West Wellega  ZHD,confirmed
1084977,addis primary clinic,amhara,vsyw3ZzFb68,addisu primary clinic,amhara,0.8027191758155823,addis primary clinic woreda:Bahir Dar Town region:amhara zone:Bahirdar Town Administration,addisu primary clinic region:amhara zone:Central Gondar ZHD,confirmed
1084977,addis primary clinic,amhara,ghxUX1vgJyT,addisu primary clinic,amhara,0.8027191758155823,addis primary clinic woreda:Bahir Dar Town region:amhara zone:Bahirdar Town Administration,addisu primary clinic region:amhara zone:Central Gondar ZHD,confirmed
1084977,addis primary clinic,amhara,koCrBjPOe4p,addisu primary clinic,amhara,0.8027191758155823,addis primary clinic woreda:Bahir Dar Town region:amhara zone:Bahirdar Town Administration,addisu primary clinic region:amhara zone:Central Gondar ZHD,confirmed
1084977,addis primary clinic,amhara,NclhJih8eBO,addis primary clinic,amhara,0.8122396469116211,addis primary clinic woreda:Bahir Dar Town region:amhara zone:Bahirdar Town Administration,addis primary clinic region:amhara zone:South Gondar ZHD,confirmed
1084977,addis primary clinic,amhara,JbJlLxhmVAB,addisu primary clinic,amhara,0.8021098375320435,addis primary clinic woreda:Bahir Dar Town region:amhara zone:Bahirdar Town Administration,addisu primary clinic region:amhara zone:West Gojjam ZHD,confirmed
1084977,addis primary clinic,amhara,Tbt92DxYbYS,addisu primary clinic,amhara,0.8021098375320435,addis primary clinic woreda:Bahir Dar Town region:amhara zone:Bahirdar Town Administration,addisu primary clinic region:amhara zone:West Gojjam ZHD,confirmed
1085079,walin medium clinic,oromia,pXKyClTvUYc,walin medium clinic,oromia,0.8380696773529053,walin medium clinic woreda:Begi region:oromia zone:West Wollega Zone,walin medium clinic region:oromia zone:South West Shewa  ZHD,confirmed
1085114,aba geda primary clinic,oromia,z4khiqsCwXl,aba geda clinic,oromia,0.8494316339492798,aba geda primary clinic woreda:Uraga region:oromia zone:Guji Zone,aba geda clinic region:oromia zone:Guji ZHD,confirmed
1085175,gada primary clinic,oromia,fA7KSBsoHUt,gada primary clinic,oromia,0.8025696277618408,gada primary clinic woreda:Haro Walabu region:oromia zone:Guji Zone,gada primary clinic region:oromia zone:Borena ZHD,confirmed
1085175,gada primary clinic,oromia,VkSI48vo3EZ,gada primary clinic,oromia,0.8115671277046204,gada primary clinic woreda:Haro Walabu region:oromia zone:Guji Zone,gada primary clinic region:oromia zone:East Hararge ZHD,confirmed
1085175,gada primary clinic,oromia,tI6vVkgbHdT,gada primary clinic,oromia,0.815276026725769,gada primary clinic woreda:Haro Walabu region:oromia zone:Guji Zone,gada primary clinic region:oromia zone:West Shewa  ZHD,confirmed
1085177,rimina primary hospital,tigray,VIuHHCOsjKY,rimna primary hospital,tigray,0.8358609080314636,rimina primary hospital woreda:Ayder region:tigray zone:Mekelle Zone,rimna primary hospital region:tigray zone:Mekelle ZHD,confirmed
1085186,laga tafo health center,oromia,AMPAaOtgjVZ,lega tafo health center,oromia,0.8250288367271423,laga tafo health center woreda:Lega Tafo Lega Dadi-City region:oromia zone:Sheger City,lega tafo health center region:oromia zone:SHEGER CITY Health Office,confirmed
1085278,arsema primary clinic,amhara,pqrYdmphsca,arsema primary clinic,amhara,0.8548259139060974,arsema primary clinic woreda:Dehana region:amhara zone:Waghimera Zone,arsema primary clinic region:amhara zone:Waghimera ZHD,confirmed
1085291,kegna primary clinic,oromia,FMQ1TM1BBqq,kegna primary clinic,oromia,0.8613740801811218,kegna primary clinic woreda:Bule Hora Town region:oromia zone:Bule Hora Town,kegna primary clinic region:oromia zone:Ilu Aba Bora ZHD,confirmed
1085291,kegna primary clinic,oromia,Ci5duKNkvyk,kegna oliti primary clinic,oromia,0.8487524390220642,kegna primary clinic woreda:Bule Hora Town region:oromia zone:Bule Hora Town,kegna oliti primary clinic region:oromia zone:Kelem Wellega  ZHD,confirmed
1085292,galma fora primary clinic,oromia,SGLqryritY9,galma abba gada primary clinic,oromia,0.8543805480003357,galma fora primary clinic woreda:Bule Hora Town region:oromia zone:Bule Hora Town,galma abba gada primary clinic region:oromia zone:West Arsi ZHD,confirmed
1085311,01 kebele health post,amhara,NrbcobMovfC,01 kebele health post,amhara,0.8132360577583313,01 kebele health post woreda:Sekota Town region:amhara zone:Waghimera Zone,01 kebele health post region:amhara zone:East Gojjam ZHD,confirmed
1085311,01 kebele health post,amhara,sNb7lJCbDE5,03 kebele ketema health post,amhara,0.8052112460136414,01 kebele health post woreda:Sekota Town region:amhara zone:Waghimera Zone,03 kebele ketema health post region:amhara zone:East Gojjam ZHD,confirmed
1085311,01 kebele health post,amhara,LKtuRrM4gSa,01 kebele health post,amhara,0.8132360577583313,01 kebele health post woreda:Sekota Town region:amhara zone:Waghimera Zone,01 kebele health post region:amhara zone:East Gojjam ZHD,confirmed
1085311,01 kebele health post,amhara,BVsOWJvqQ0B,01 kebele health post urban,amhara,0.8073515295982361,01 kebele health post woreda:Sekota Town region:amhara zone:Waghimera Zone,01 kebele health post urban region:amhara zone:East Gojjam ZHD,confirmed
1085311,01 kebele health post,amhara,H8PCN15GQ7B,02 kebele health post urban,amhara,0.8093995451927185,01 kebele health post woreda:Sekota Town region:amhara zone:Waghimera Zone,02 kebele health post urban region:amhara zone:East Gojjam ZHD,confirmed
1085311,01 kebele health post,amhara,kyoVw1cqTNI,03 kebele health post urban,amhara,0.801796555519104,01 kebele health post woreda:Sekota Town region:amhara zone:Waghimera Zone,03 kebele health post urban region:amhara zone:East Gojjam ZHD,confirmed
1085311,01 kebele health post,amhara,ff8jXgT8mDN,04 kebele health post urban,amhara,0.8043690919876099,01 kebele health post woreda:Sekota Town region:amhara zone:Waghimera Zone,04 kebele health post urban region:amhara zone:East Gojjam ZHD,confirmed
1085311,01 kebele health post,amhara,eCxnJxZPACQ,01 kebele urban health post,amhara,0.8123490214347839,01 kebele health post woreda:Sekota Town region:amhara zone:Waghimera Zone,01 kebele urban health post region:amhara zone:North Shewa ZHD,confirmed
1085311,01 kebele health post,amhara,jKidTccoYGT,02 kebele urban health post,amhara,0.8127381801605225,01 kebele health post woreda:Sekota Town region:amhara zone:Waghimera Zone,02 kebele urban health post region:amhara zone:North Shewa ZHD,confirmed
1085311,01 kebele health post,amhara,CosF8BTe88K,03 kebele urban health post,amhara,0.8041967749595642,01 kebele health post woreda:Sekota Town region:amhara zone:Waghimera Zone,03 kebele urban health post region:amhara zone:North Shewa ZHD,confirmed
1085311,01 kebele health post,amhara,DAFZUzOjx0K,04 kebele urban health post,amhara,0.808402419090271,01 kebele health post woreda:Sekota Town region:amhara zone:Waghimera Zone,04 kebele urban health post region:amhara zone:North Shewa ZHD,confirmed
1085328,mohammed primary clinic,amhara,KOTsiuPJoDP,mohammed reshid primary clinic,amhara,0.8082046508789062,mohammed primary clinic woreda:Albuko region:amhara zone:South Wollo Zone,mohammed reshid primary clinic region:amhara zone:Oromia Special ZHD,confirmed
1085340,henok primary clinic,amhara,MzkBNejp4ps,henok primary clinic,amhara,0.8705352544784546,henok primary clinic region:amhara zone:Kombolcha Town Administration,henok primary clinic region:amhara zone:Central Gondar ZHD,confirmed
1085434,wakjira primary clinic,oromia,i52KM8h6ffW,wakjira primary clinic,oromia,0.8534425497055054,wakjira primary clinic woreda:Odo Shakiso region:oromia zone:Guji Zone,wakjira primary clinic region:oromia zone:West Guji ZHD,confirmed
1085447,neksege woreda,tigray,Jb742psVZ5m,neksege health post,tigray,0.8284698128700256,neksege woreda woreda:Neksege Woreda region:tigray zone:Southern Zone,neksege health post region:tigray zone:Southern ZHD,confirmed
1085449,zata woreda,tigray,QfSDvMw1GOD,zata phcu,tigray,0.8468087315559387,zata woreda woreda:Zata Woreda region:tigray zone:Southern Zone,zata phcu region:tigray zone:Southern ZHD,confirmed
1085451,mekoni town,tigray,IXKIhj01rao,mekoni primary hospital phcu,tigray,0.8141195774078369,mekoni town woreda:Mekoni Town region:tigray zone:Southern Zone,mekoni primary hospital phcu region:tigray zone:Southern ZHD,confirmed
1085453,awra woreda,tigray,N887GMHkMVG,awra phcu,tigray,0.9102344512939453,awra woreda region:tigray zone:Western Zone,awra phcu region:tigray zone:Western ZHD,confirmed
1085482,abdi boru primary clinic,oromia,riN0WkhaVoM,abdi boru primary clinic,oromia,0.8480294346809387,abdi boru primary clinic woreda:Uraga region:oromia zone:Guji Zone,abdi boru primary clinic region:oromia zone:Arsi ZHD,confirmed
1085482,abdi boru primary clinic,oromia,Zkt42xCRafL,abdi boru primary clinic,oromia,0.8480294346809387,abdi boru primary clinic woreda:Uraga region:oromia zone:Guji Zone,abdi boru primary clinic region:oromia zone:Arsi ZHD,confirmed
1085482,abdi boru primary clinic,oromia,XvDyvVlXfVL,abdi boru primary clinic,oromia,0.8480294346809387,abdi boru primary clinic woreda:Uraga region:oromia zone:Guji Zone,abdi boru primary clinic region:oromia zone:Arsi ZHD,confirmed
1085482,abdi boru primary clinic,oromia,lEXvArQdOeK,abdi boru primary clinic,oromia,0.8543400168418884,abdi boru primary clinic woreda:Uraga region:oromia zone:Guji Zone,abdi boru primary clinic region:oromia zone:East Hararge ZHD,confirmed
1085482,abdi boru primary clinic,oromia,ACZBpOi0ti5,abdi booru primary clinic,oromia,0.8445400595664978,abdi boru primary clinic woreda:Uraga region:oromia zone:Guji Zone,abdi booru primary clinic region:oromia zone:East Hararge ZHD,confirmed
1085482,abdi boru primary clinic,oromia,L1ds0TgUQdK,abdi primary clinic,oromia,0.8026518821716309,abdi boru primary clinic woreda:Uraga region:oromia zone:Guji Zone,abdi primary clinic region:oromia zone:East Wellega ZHD,confirmed
1085482,abdi boru primary clinic,oromia,XaQLCteqvtW,abdii primary clinic,oromia,0.8068623542785645,abdi boru primary clinic woreda:Uraga region:oromia zone:Guji Zone,abdii primary clinic region:oromia zone:East Wellega ZHD,confirmed
1085482,abdi boru primary clinic,oromia,mIzIvrevQPM,abdi boru small clinic,oromia,0.8392584323883057,abdi boru primary clinic woreda:Uraga region:oromia zone:Guji Zone,abdi boru small clinic region:oromia zone:Guji ZHD,confirmed
1085482,abdi boru primary clinic,oromia,iaEFCRdXREM,abdi boru small clinic,oromia,0.8392584323883057,abdi boru primary clinic woreda:Uraga region:oromia zone:Guji Zone,abdi boru small clinic region:oromia zone:Guji ZHD,confirmed
1085482,abdi boru primary clinic,oromia,Rv6KeSAQZw8,abdi boru small clinic,oromia,0.8392584323883057,abdi boru primary clinic woreda:Uraga region:oromia zone:Guji Zone,abdi boru small clinic region:oromia zone:Guji ZHD,confirmed
1085482,abdi boru primary clinic,oromia,zG8PEJvi3fg,abdi bori primary clinic,oromia,0.8243269324302673,abdi boru primary clinic woreda:Uraga region:oromia zone:Guji Zone,abdi bori primary clinic region:oromia zone:Kelem Wellega  ZHD,confirmed
1085482,abdi boru primary clinic,oromia,S2G6N2YqwqC,abdi primary clinic,oromia,0.8025959730148315,abdi boru primary clinic woreda:Uraga region:oromia zone:Guji Zone,abdi primary clinic region:oromia zone:North Shewa  ZHD,confirmed
1085482,abdi boru primary clinic,oromia,EB69dEH4GH9,abdii boruu primary,oromia,0.8195022940635681,abdi boru primary clinic woreda:Uraga region:oromia zone:Guji Zone,abdii boruu primary region:oromia zone:West Guji ZHD,confirmed
1085482,abdi boru primary clinic,oromia,ZFlIQ7uMFXi,abdii boruu primary,oromia,0.8195022940635681,abdi boru primary clinic woreda:Uraga region:oromia zone:Guji Zone,abdii boruu primary region:oromia zone:West Guji ZHD,confirmed
1085482,abdi boru primary clinic,oromia,le985Djz8ZH,abdi boru lower primary clinic,oromia,0.8462885022163391,abdi boru primary clinic woreda:Uraga region:oromia zone:Guji Zone,abdi boru lower primary clinic region:oromia zone:West Hararge ZHD,confirmed
1085482,abdi boru primary clinic,oromia,f9dRHxYDzjk,abdi bori primary clinic,oromia,0.8343315720558167,abdi boru primary clinic woreda:Uraga region:oromia zone:Guji Zone,abdi bori primary clinic region:oromia zone:West Wellega  ZHD,confirmed
1085482,abdi boru primary clinic,oromia,Ho9XnZwjZMT,abdi primary clinic,oromia,0.8044149279594421,abdi boru primary clinic woreda:Uraga region:oromia zone:Guji Zone,abdi primary clinic region:oromia zone:West Wellega  ZHD,confirmed
1085505,afiya medium clinic,oromia,XM4U0PrDaWY,afiya medium clinic,oromia,0.8039567470550537,afiya medium clinic woreda:Kofole Town region:oromia zone:West Arsi Zone,afiya medium clinic region:oromia zone:Asalla town ZHD,confirmed
1085505,afiya medium clinic,oromia,pmMS59ZhVa3,afiya medium clinic,oromia,0.8093216419219971,afiya medium clinic woreda:Kofole Town region:oromia zone:West Arsi Zone,afiya medium clinic region:oromia zone:Shashemene Town ZHD,confirmed
1085521,awra woreda,tigray,N887GMHkMVG,awra phcu,tigray,0.9102344512939453,awra woreda region:tigray zone:Western Zone,awra phcu region:tigray zone:Western ZHD,confirmed
1085527,hagere selam town,tigray,roWgfkIvr0d,hagere selam health post,tigray,0.816046953201294,hagere selam town woreda:Hagere-Selam Town region:tigray zone:South East Zone,hagere selam health post region:tigray zone:Eastern ZHD,confirmed
1085527,hagere selam town,tigray,lBZOOxW8ROD,hagere selam health post,tigray,0.8296731114387512,hagere selam town woreda:Hagere-Selam Town region:tigray zone:South East Zone,hagere selam health post region:tigray zone:South Eastern ZHD,confirmed
1085527,hagere selam town,tigray,rtVruFo4NCf,hagere selam primary hospital phcu,tigray,0.8272051215171814,hagere selam town woreda:Hagere-Selam Town region:tigray zone:South East Zone,hagere selam primary hospital phcu region:tigray zone:South Eastern ZHD,confirmed
1085531,may tsebri town,tigray,I9A8UFLVZD5,may tsebri health post,tigray,0.8202438354492188,may tsebri town woreda:Maitsebri Town region:tigray zone:North West Zone,may tsebri health post region:tigray zone:North Western ZHD,confirmed
1085533,endabaguna town,tigray,IFwlXUkOTFX,endabaguna primary hospital phcu,tigray,0.821631669998169,endabaguna town woreda:Endabaguna Town region:tigray zone:North West Zone,endabaguna primary hospital phcu region:tigray zone:North Western ZHD,confirmed
1085536,bizet woreda,tigray,ELhn0qUOC0G,bizet phcu,tigray,0.8084391355514526,bizet woreda woreda:Bizet Woreda region:tigray zone:Eastern Zone,bizet phcu region:tigray zone:Eastern ZHD,confirmed
1085537,zalambesa town,tigray,KwhfZPNaIvZ,zalanbessa phcu,tigray,0.8005148768424988,zalambesa town woreda:Zalambesa Town region:tigray zone:Eastern Zone,zalanbessa phcu region:tigray zone:Eastern ZHD,confirmed
1085546,edaga hamus town,tigray,sLsMjTpEOc0,edaga hamus health post,tigray,0.8017559051513672,edaga hamus town woreda:Edaga-Hamus Town region:tigray zone:Eastern Zone,edaga hamus health post region:tigray zone:Central ZHD,confirmed
1085546,edaga hamus town,tigray,U9ha4ubDdRc,edaga hamus phcu,tigray,0.8428975939750671,edaga hamus town woreda:Edaga-Hamus Town region:tigray zone:Eastern Zone,edaga hamus phcu region:tigray zone:Eastern ZHD,confirmed
1085556,egela woreda,tigray,BswnXaQzFY9,egela phcu,tigray,0.818865180015564,egela woreda woreda:Egela Woreda region:tigray zone:Central Zone,egela phcu region:tigray zone:Central ZHD,confirmed
1085558,enticho town,tigray,CltyaQXIF2s,enticho phcu,tigray,0.8268099427223206,enticho town woreda:Enticho Town region:tigray zone:Central Zone,enticho phcu region:tigray zone:Central ZHD,confirmed
1085575,rabira primary clinic,oromia,ridR9jMlD8d,rabira primary clinic,oromia,0.839451253414154,rabira primary clinic woreda:Odo Shakiso region:oromia zone:Guji Zone,rabira primary clinic region:oromia zone:Arsi ZHD,confirmed
1085575,rabira primary clinic,oromia,Oz9eD92Th8G,rabira primary clinic,oromia,0.8330890536308289,rabira primary clinic woreda:Odo Shakiso region:oromia zone:Guji Zone,rabira primary clinic region:oromia zone:Batu Town ZHD,confirmed
1085575,rabira primary clinic,oromia,YsSp8KqVz9y,rabira primary clinic,oromia,0.8317463994026184,rabira primary clinic woreda:Odo Shakiso region:oromia zone:Guji Zone,rabira primary clinic region:oromia zone:Jimma ZHD,confirmed
1085575,rabira primary clinic,oromia,mv5amdnzNXP,rabira primary clinic,oromia,0.8438332080841064,rabira primary clinic woreda:Odo Shakiso region:oromia zone:Guji Zone,rabira primary clinic region:oromia zone:West Arsi ZHD,confirmed
1085576,assosa medium clinic,benishangul gumuz,y69Rk6fm5O8,asossa medium clinic,benishangul gumuz,0.8884244561195374,assosa medium clinic woreda:Assosa Town region:benishangul gumuz zone:Assosa Town Administration,asossa medium clinic region:benishangul gumuz zone:Assosa ZHD,confirmed
1085589,bakelo basic health post,amhara,upExKlIMLaP,bakelo health post,amhara,0.8134419322013855,bakelo basic health post woreda:Debreberhan Town region:amhara zone:Debreberhan Town Administration,bakelo health post region:amhara zone:Debere Birhan THO,confirmed
1085712,feyisa primary clinic,oromia,V9Kf35RISsi,feyisa primary clinic,oromia,0.8147373199462891,feyisa primary clinic woreda:Odo Shakiso region:oromia zone:Guji Zone,feyisa primary clinic region:oromia zone:Bale ZHD,confirmed
1085724,abdi boru primary clinic,oromia,riN0WkhaVoM,abdi boru primary clinic,oromia,0.8255234360694885,abdi boru primary clinic woreda:Odo Shakiso region:oromia zone:Guji Zone,abdi boru primary clinic region:oromia zone:Arsi ZHD,confirmed
1085724,abdi boru primary clinic,oromia,Zkt42xCRafL,abdi boru primary clinic,oromia,0.825523316860199,abdi boru primary clinic woreda:Odo Shakiso region:oromia zone:Guji Zone,abdi boru primary clinic region:oromia zone:Arsi ZHD,confirmed
1085724,abdi boru primary clinic,oromia,XvDyvVlXfVL,abdi boru primary clinic,oromia,0.8255234360694885,abdi boru primary clinic woreda:Odo Shakiso region:oromia zone:Guji Zone,abdi boru primary clinic region:oromia zone:Arsi ZHD,confirmed
1085724,abdi boru primary clinic,oromia,lEXvArQdOeK,abdi boru primary clinic,oromia,0.830447793006897,abdi boru primary clinic woreda:Odo Shakiso region:oromia zone:Guji Zone,abdi boru primary clinic region:oromia zone:East Hararge ZHD,confirmed
1085724,abdi boru primary clinic,oromia,ACZBpOi0ti5,abdi booru primary clinic,oromia,0.8246409893035889,abdi boru primary clinic woreda:Odo Shakiso region:oromia zone:Guji Zone,abdi booru primary clinic region:oromia zone:East Hararge ZHD,confirmed
1085724,abdi boru primary clinic,oromia,mIzIvrevQPM,abdi boru small clinic,oromia,0.8259385824203491,abdi boru primary clinic woreda:Odo Shakiso region:oromia zone:Guji Zone,abdi boru small clinic region:oromia zone:Guji ZHD,confirmed
1085724,abdi boru primary clinic,oromia,iaEFCRdXREM,abdi boru small clinic,oromia,0.8259385824203491,abdi boru primary clinic woreda:Odo Shakiso region:oromia zone:Guji Zone,abdi boru small clinic region:oromia zone:Guji ZHD,confirmed
1085724,abdi boru primary clinic,oromia,Rv6KeSAQZw8,abdi boru small clinic,oromia,0.8259385824203491,abdi boru primary clinic woreda:Odo Shakiso region:oromia zone:Guji Zone,abdi boru small clinic region:oromia zone:Guji ZHD,confirmed
1085724,abdi boru primary clinic,oromia,zG8PEJvi3fg,abdi bori primary clinic,oromia,0.8010482788085938,abdi boru primary clinic woreda:Odo Shakiso region:oromia zone:Guji Zone,abdi bori primary clinic region:oromia zone:Kelem Wellega  ZHD,confirmed
1085724,abdi boru primary clinic,oromia,EB69dEH4GH9,abdii boruu primary,oromia,0.8070582747459412,abdi boru primary clinic woreda:Odo Shakiso region:oromia zone:Guji Zone,abdii boruu primary region:oromia zone:West Guji ZHD,confirmed
1085724,abdi boru primary clinic,oromia,ZFlIQ7uMFXi,abdii boruu primary,oromia,0.8070582747459412,abdi boru primary clinic woreda:Odo Shakiso region:oromia zone:Guji Zone,abdii boruu primary region:oromia zone:West Guji ZHD,confirmed
1085724,abdi boru primary clinic,oromia,le985Djz8ZH,abdi boru lower primary clinic,oromia,0.8194050192832947,abdi boru primary clinic woreda:Odo Shakiso region:oromia zone:Guji Zone,abdi boru lower primary clinic region:oromia zone:West Hararge ZHD,confirmed
1085724,abdi boru primary clinic,oromia,f9dRHxYDzjk,abdi bori primary clinic,oromia,0.8108201026916504,abdi boru primary clinic woreda:Odo Shakiso region:oromia zone:Guji Zone,abdi bori primary clinic region:oromia zone:West Wellega  ZHD,confirmed
1085735,adigrat pharmacy,tigray,E9oW2xxqs3v,adigrat hospital,tigray,0.8099880814552307,adigrat pharmacy woreda:Adigrat Town region:tigray zone:Eastern Zone,adigrat hospital region:tigray zone:Eastern ZHD,confirmed
1085735,adigrat pharmacy,tigray,zfiv9qFa6un,adigrat clinic,tigray,0.8328776359558105,adigrat pharmacy woreda:Adigrat Town region:tigray zone:Eastern Zone,adigrat clinic region:tigray zone:Eastern ZHD,confirmed
1085748,nekemte rehabilitation center,oromia,IClqEqLpUbb,nekemte dic center dialysis clinic,oromia,0.8528947830200195,nekemte rehabilitation center woreda:Nekemte Town region:oromia zone:Nekemte Town,nekemte dic center dialysis clinic region:oromia zone:Nekemte Town ZHD,confirmed
1085906,hibret medium clinic,tigray,cmYgio5xVhe,hibret medium clinic,tigray,0.8054280281066895,hibret medium clinic woreda:Mekoni Town region:tigray zone:Southern Zone,hibret medium clinic region:tigray zone:Western ZHD,confirmed
1085967,arsema medium clinic,tigray,xpmYs6ZEQX6,arsema medium clinic,tigray,0.8312909007072449,arsema medium clinic woreda:Samre Woreda region:tigray zone:South East Zone,arsema medium clinic region:tigray zone:Southern ZHD,confirmed
1086013,ahsia health center,tigray,KQia2TGXZql,ahsea health center,tigray,0.853633463382721,ahsia health center woreda:Ahsea Woreda region:tigray zone:Central Zone,ahsea health center region:tigray zone:Central ZHD,confirmed
1086046,mehoni pharmacy,tigray,UOZ7PUgfqiL,mehoni sti clinic,tigray,0.8046501278877258,mehoni pharmacy woreda:Mekoni Town region:tigray zone:Southern Zone,mehoni sti clinic region:tigray zone:Southern ZHD,confirmed
1086213,haileselassie,tigray,FFqRUeqwMhp,haileslassie clinic,tigray,0.8349902629852295,haileselassie woreda:Semen region:tigray zone:Mekelle Zone,haileslassie clinic region:tigray zone:Mekelle ZHD,confirmed
1086323,mayweyni health post,tigray,URxRnZoeWhG,may weyni health post,tigray,0.8144716024398804,mayweyni health post woreda:Rama adearbaete region:tigray zone:Central Zone,may weyni health post region:tigray zone:Central ZHD,confirmed
1086347,erdi jeganu health post,tigray,fSNiRI8uT6N,erdi jeganu health post,tigray,0.8555232286453247,erdi jeganu health post woreda:Egela Woreda region:tigray zone:Central Zone,erdi jeganu health post region:tigray zone:Central ZHD,confirmed
1086405,raya medium clinic,tigray,LsDVbPQZk1D,raya medium clinic,tigray,0.8879605531692505,raya medium clinic woreda:Raya Chercher Woreda region:tigray zone:Southern Zone,raya medium clinic region:tigray zone:Southern ZHD,confirmed
1086521,mahberedego health center,tigray,rtYjJeZngEA,mahberedego health center,tigray,0.858202338218689,mahberedego health center woreda:Naeder Woreda region:tigray zone:Central Zone,mahberedego health center region:tigray zone:Central ZHD,confirmed
1086529,daero hafash health center,tigray,WezG4P16D0r,daerohafash health post,tigray,0.8134586215019226,daero hafash health center woreda:Naeder Woreda region:tigray zone:Central Zone,daerohafash health post region:tigray zone:Central ZHD,confirmed
1086536,serihka bilae health post,tigray,xu85OcvJrfk,serihka bilae health post,tigray,0.8759819269180298,serihka bilae health post woreda:Naeder Woreda region:tigray zone:Central Zone,serihka bilae health post region:tigray zone:Central ZHD,confirmed
1086552,teregey health center,tigray,ZH5cDwp4tju,teregey health center,tigray,0.840425431728363,teregey health center woreda:Naeder Woreda region:tigray zone:Central Zone,teregey health center region:tigray zone:Central ZHD,confirmed
1086552,teregey health center,tigray,CzVpaZO1lbs,teregey health post,tigray,0.8234562873840332,teregey health center woreda:Naeder Woreda region:tigray zone:Central Zone,teregey health post region:tigray zone:Central ZHD,confirmed
1086635,tsetsera health center,tigray,woQWiyOengI,tsetsera health post,tigray,0.8026637434959412,tsetsera health center woreda:Keyih Tekli Woreda region:tigray zone:Central Zone,tsetsera health post region:tigray zone:Southern ZHD,confirmed
1086695,brhan medium clinic,tigray,IIzS8F9bzZS,brhanu medium clinic,tigray,0.8268546462059021,brhan medium clinic woreda:Qedamay Woyane region:tigray zone:Mekelle Zone,brhanu medium clinic region:tigray zone:Mekelle ZHD,confirmed
1086809,rubakeze health center,tigray,BaCAuRkJEMM,rubakeze health center,tigray,0.8139232993125916,rubakeze health center woreda:Tanqua-Milash Woreda region:tigray zone:Central Zone,rubakeze health center region:tigray zone:Central ZHD,confirmed
1086816,hadashtekli health post,tigray,UEE4wb8Eeks,hadash tekli health post,tigray,0.8173239231109619,hadashtekli health post woreda:Tanqua-Milash Woreda region:tigray zone:Central Zone,hadash tekli health post region:tigray zone:Central ZHD,confirmed
1086824,simret health post,tigray,JqfY9A1Sbz0,simret health post,tigray,0.8188343048095703,simret health post woreda:Tanqua-Milash Woreda region:tigray zone:Central Zone,simret health post region:tigray zone:Central ZHD,confirmed
1086824,simret health post,tigray,eu8pQWOMcSi,simret health post,tigray,0.8094284534454346,simret health post woreda:Tanqua-Milash Woreda region:tigray zone:Central Zone,simret health post region:tigray zone:Eastern ZHD,confirmed
1086824,simret health post,tigray,R3Wl8XhLrdc,simret health post,tigray,0.8090909123420715,simret health post woreda:Tanqua-Milash Woreda region:tigray zone:Central Zone,simret health post region:tigray zone:South Eastern ZHD,confirmed
1086824,simret health post,tigray,qstmpd69aR0,simret health post,tigray,0.8070014119148254,simret health post woreda:Tanqua-Milash Woreda region:tigray zone:Central Zone,simret health post region:tigray zone:Southern ZHD,confirmed
1086828,mizan health post,tigray,nwFba0d1GbI,mizan health post,tigray,0.8051347136497498,mizan health post woreda:Tanqua-Milash Woreda region:tigray zone:Central Zone,mizan health post region:tigray zone:North Western ZHD,confirmed
1086828,mizan health post,tigray,f0fTzLPlw7y,mizan health post,tigray,0.8082678318023682,mizan health post woreda:Tanqua-Milash Woreda region:tigray zone:Central Zone,mizan health post region:tigray zone:South Eastern ZHD,confirmed
1086833,selam health post,tigray,agvo7V7g5Y0,selam health post,tigray,0.8049411773681641,selam health post woreda:Tanqua-Milash Woreda region:tigray zone:Central Zone,selam health post region:tigray zone:Central ZHD,confirmed
1086833,selam health post,tigray,f2WtK2PsYJM,selam health post,tigray,0.8049411773681641,selam health post woreda:Tanqua-Milash Woreda region:tigray zone:Central Zone,selam health post region:tigray zone:Central ZHD,confirmed
1086934,nebelet health center,tigray,OQXU6MQnxhb,nebelet health center,tigray,0.8181735277175903,nebelet health center woreda:Embasneiti Woreda region:tigray zone:Central Zone,nebelet health center region:tigray zone:Central ZHD,confirmed
1086934,nebelet health center,tigray,UTAyMBZr9GU,nebelet health post,tigray,0.8013142943382263,nebelet health center woreda:Embasneiti Woreda region:tigray zone:Central Zone,nebelet health post region:tigray zone:Central ZHD,confirmed
1087019,daero ambasa health post,tigray,PVTnFljQHsa,daero anbesa health post,tigray,0.8225743174552917,daero ambasa health post woreda:Hahaile Woreda region:tigray zone:Central Zone,daero anbesa health post region:tigray zone:Central ZHD,confirmed
1087020,edaga hamus health post,tigray,sLsMjTpEOc0,edaga hamus health post,tigray,0.8668606877326965,edaga hamus health post woreda:Hahaile Woreda region:tigray zone:Central Zone,edaga hamus health post region:tigray zone:Central ZHD,confirmed
1087027,kola geble health post,tigray,wzdegHIPLFK,kola geble health post,tigray,0.8600273728370667,kola geble health post woreda:Hahaile Woreda region:tigray zone:Central Zone,kola geble health post region:tigray zone:Central ZHD,confirmed
1087029,may kuhli health post,tigray,NaMM8gRCTDr,may kuhli health post,tigray,0.882698655128479,may kuhli health post woreda:Hahaile Woreda region:tigray zone:Central Zone,may kuhli health post region:tigray zone:Central ZHD,confirmed
1087029,may kuhli health post,tigray,MoqMzbf0Csj,my kuhli health post,tigray,0.8004431128501892,may kuhli health post woreda:Hahaile Woreda region:tigray zone:Central Zone,my kuhli health post region:tigray zone:North Western ZHD,confirmed
1087032,laelay hahayle health post,tigray,QoCrqjx8Q9w,laelay hahayle health post,tigray,0.8934556245803833,laelay hahayle health post woreda:Hahaile Woreda region:tigray zone:Central Zone,laelay hahayle health post region:tigray zone:Central ZHD,confirmed
1087032,laelay hahayle health post,tigray,XJvxSBiQIEj,laelay hdug health post,tigray,0.8349055051803589,laelay hahayle health post woreda:Hahaile Woreda region:tigray zone:Central Zone,laelay hdug health post region:tigray zone:Central ZHD,confirmed
1087034,tahatay daereka health post,tigray,vpF2Dcc2Gbg,tahtay daereka health post,tigray,0.8482779264450073,tahatay daereka health post woreda:Hahaile Woreda region:tigray zone:Central Zone,tahtay daereka health post region:tigray zone:Central ZHD,confirmed
1087049,wuhdet health post,tigray,DqJxybPVXTy,wuhdet health post,tigray,0.8294815421104431,wuhdet health post woreda:Tahtay Qoraro region:tigray zone:North West Zone,wuhdet health post region:tigray zone:North Western ZHD,confirmed
1087049,wuhdet health post,tigray,v2JLww3lAvm,wuhdet health post,tigray,0.8294815421104431,wuhdet health post woreda:Tahtay Qoraro region:tigray zone:North West Zone,wuhdet health post region:tigray zone:North Western ZHD,confirmed
1087096,adiwalka health post,tigray,BfWQgpIMNeO,adiwalka health post,tigray,0.8485151529312134,adiwalka health post woreda:Ger-alta Woreda region:tigray zone:Eastern Zone,adiwalka health post region:tigray zone:South Eastern ZHD,confirmed
1087158,yemane medium clinic,tigray,q6S2srFgRRM,yemane medium clinic,tigray,0.8189371824264526,yemane medium clinic woreda:Tsimbla woreda region:tigray zone:North West Zone,yemane medium clinic region:tigray zone:Central ZHD,confirmed
1087166,mesanu health post,tigray,DriUWH8TIPN,mesanu health post,tigray,0.8113220930099487,mesanu health post woreda:Tsirae Wonberta Woreda region:tigray zone:Eastern Zone,mesanu health post region:tigray zone:Eastern ZHD,confirmed
1087282,asgede medium clinic,tigray,wYP48aXC2Da,asgede clinic,tigray,0.8395693898200989,asgede medium clinic woreda:Asgede Woreda region:tigray zone:North West Zone,asgede clinic region:tigray zone:North Western ZHD,confirmed
1087310,unity medium clinic,oromia,LnsP2ijcoVY,unity medium clinic,oromia,0.8617992997169495,unity medium clinic woreda:Jimma Town region:oromia zone:Jimma Town,unity medium clinic region:oromia zone:Arsi ZHD,confirmed
1087310,unity medium clinic,oromia,Vi7woe6mapJ,unity medium clinic,oromia,0.8569939136505127,unity medium clinic woreda:Jimma Town region:oromia zone:Jimma Town,unity medium clinic region:oromia zone:SHEGER CITY Health Office,confirmed
1087317,mebale health post,tigray,S4QicOcjm7Y,meballe health post,tigray,0.8034982681274414,mebale health post woreda:Tsimbla woreda region:tigray zone:North West Zone,meballe health post region:tigray zone:North Western ZHD,confirmed
1087324,walin medium clinic,oromia,PjvEbTv2uSy,walin medium clinic,oromia,0.827752411365509,walin medium clinic woreda:Adola Town region:oromia zone:Guji Zone,walin medium clinic region:oromia zone:Ambo Town ZHD,confirmed
1087324,walin medium clinic,oromia,pXKyClTvUYc,walin medium clinic,oromia,0.8185379505157471,walin medium clinic woreda:Adola Town region:oromia zone:Guji Zone,walin medium clinic region:oromia zone:South West Shewa  ZHD,confirmed
1087330,kilelu woreda,afar,SZ08Xv8YuFV,kilelu phcu,afar,0.8142054677009583,kilelu woreda woreda:Kilelu Woreda region:afar zone:Zone 6,kilelu phcu region:afar zone:Zone 5 ZHD,confirmed
1087391,wassama woreda,afar,NHtJUAYGRMK,wassama phcu,afar,0.8315830230712891,wassama woreda woreda:Wassama Woreda region:afar zone:Zone 2,wassama phcu region:afar zone:Zone 2 ZHD,confirmed
1087468,adi selam health post,tigray,whawnmaNpF3,adi selam health post,tigray,0.8709612488746643,adi selam health post woreda:Adet Woreda region:tigray zone:Central Zone,adi selam health post region:tigray zone:Central ZHD,confirmed
1087468,adi selam health post,tigray,JT4WZTh9mgn,adi selam health post,tigray,0.8709612488746643,adi selam health post woreda:Adet Woreda region:tigray zone:Central Zone,adi selam health post region:tigray zone:Central ZHD,confirmed
1087472,biruk medium clinic,oromia,xoT8RoSvwgP,biruk no2 medium clinic,oromia,0.8782154321670532,biruk medium clinic woreda:Jimma Town region:oromia zone:Jimma Town,biruk no2 medium clinic region:oromia zone:Bishoftu Town ZHD,confirmed
1087485,sewne health post,tigray,mJwrTaNfP1k,semha health post,tigray,0.8117296695709229,sewne health post woreda:Sewha Saesie Woreda region:tigray zone:Eastern Zone,semha health post region:tigray zone:South Eastern ZHD,confirmed
1087486,wolwalo health post,tigray,XPiTOKAV167,welwalo health post,tigray,0.8215014934539795,wolwalo health post woreda:Sewha Saesie Woreda region:tigray zone:Eastern Zone,welwalo health post region:tigray zone:Eastern ZHD,confirmed
1087498,marwa health post,tigray,gOLTjkiCq8M,marwa health post,tigray,0.850525438785553,marwa health post woreda:Sewha Saesie Woreda region:tigray zone:Eastern Zone,marwa health post region:tigray zone:Eastern ZHD,confirmed
1087521,kidane medium clinic,tigray,BHK9PXf7rJv,kidane medium clinic,tigray,0.8445126414299011,kidane medium clinic woreda:Asgede Woreda region:tigray zone:North West Zone,kidane medium clinic region:tigray zone:North Western ZHD,confirmed
1087523,hadush medium clinic,tigray,XezuGfC4vcP,hadush mesfin lower clinic,tigray,0.8056947588920593,hadush medium clinic woreda:Asgede Woreda region:tigray zone:North West Zone,hadush mesfin lower clinic region:tigray zone:North Western ZHD,confirmed
1087523,hadush medium clinic,tigray,HffwLZARDUr,hadush medium clinic,tigray,0.8552738428115845,hadush medium clinic woreda:Asgede Woreda region:tigray zone:North West Zone,hadush medium clinic region:tigray zone:North Western ZHD,confirmed
1087582,meadi health center,tigray,wijEhHnHQh8,meadi health center,tigray,0.8402456045150757,meadi health center woreda:Enderta woreda region:tigray zone:South East Zone,meadi health center region:tigray zone:South Eastern ZHD,confirmed
1087651,megabiyaw primary clinic,amhara,YzUogVUgWZL,megabiaw primary clinic,amhara,0.829280436038971,megabiyaw primary clinic woreda:Gondar City Administration region:amhara zone:Gondar Town Administration,megabiaw primary clinic region:amhara zone:Central Gondar ZHD,confirmed
1087663,addisie primary clinic,amhara,vsyw3ZzFb68,addisu primary clinic,amhara,0.8757346868515015,addisie primary clinic region:amhara zone:Gondar Town Administration,addisu primary clinic region:amhara zone:Central Gondar ZHD,confirmed
1087663,addisie primary clinic,amhara,vWGN8nISZji,aytegeb primary clinic,amhara,0.8403222560882568,addisie primary clinic region:amhara zone:Gondar Town Administration,aytegeb primary clinic region:amhara zone:Central Gondar ZHD,confirmed
1087663,addisie primary clinic,amhara,ghxUX1vgJyT,addisu primary clinic,amhara,0.8757346868515015,addisie primary clinic region:amhara zone:Gondar Town Administration,addisu primary clinic region:amhara zone:Central Gondar ZHD,confirmed
1087663,addisie primary clinic,amhara,koCrBjPOe4p,addisu primary clinic,amhara,0.8757346868515015,addisie primary clinic region:amhara zone:Gondar Town Administration,addisu primary clinic region:amhara zone:Central Gondar ZHD,confirmed
1087663,addisie primary clinic,amhara,NclhJih8eBO,addis primary clinic,amhara,0.8850090503692627,addisie primary clinic region:amhara zone:Gondar Town Administration,addis primary clinic region:amhara zone:South Gondar ZHD,confirmed
1087663,addisie primary clinic,amhara,JbJlLxhmVAB,addisu primary clinic,amhara,0.8233044147491455,addisie primary clinic region:amhara zone:Gondar Town Administration,addisu primary clinic region:amhara zone:West Gojjam ZHD,confirmed
1087663,addisie primary clinic,amhara,Tbt92DxYbYS,addisu primary clinic,amhara,0.8233044147491455,addisie primary clinic region:amhara zone:Gondar Town Administration,addisu primary clinic region:amhara zone:West Gojjam ZHD,confirmed
1087708,etegiemitwab,amhara,nCIsHhvSjmE,etegie mintwab phcu,amhara,0.8383001089096069,etegiemitwab woreda:Gondar City Administration region:amhara zone:Gondar Town Administration,etegie mintwab phcu region:amhara zone:Gondar THO,confirmed
1087760,hayu medium clinic,oromia,khoad7mmgq7,hayu medium clinic,oromia,0.8411397933959961,hayu medium clinic woreda:Seyo Nole region:oromia zone:West Wollega Zone,hayu medium clinic region:oromia zone:West Wellega  ZHD,confirmed
1087774,doctor muluneh medium clinic,amhara,kA52fu8RKPf,doctor mulugata medium clinic,amhara,0.840904712677002,doctor muluneh medium clinic woreda:Injibara Town region:amhara zone:Awi Zone,doctor mulugata medium clinic region:amhara zone:Awi ZHD,confirmed
1087886,dr getachew medium clinic,amhara,k8v2bbV45iY,dr getaneh special medium dental clinic,amhara,0.8702496290206909,dr getachew medium clinic region:amhara zone:South Gondar Zone,dr getaneh special medium dental clinic region:amhara zone:Bahirdar THO,confirmed
1087886,dr getachew medium clinic,amhara,ralxv3Tm2Ht,dr eshitu medium clinic,amhara,0.8032243251800537,dr getachew medium clinic region:amhara zone:South Gondar Zone,dr eshitu medium clinic region:amhara zone:Dessie THO,confirmed
1087896,meka primary clinic,amhara,XEDJFeFliO1,mewosha primary clinic,amhara,0.9170787930488586,meka primary clinic region:amhara zone:South Gondar Zone,mewosha primary clinic region:amhara zone:Central Gondar ZHD,confirmed
1087896,meka primary clinic,amhara,UO3IMKqpMEO,mekagno phcu,amhara,0.8004916906356812,meka primary clinic region:amhara zone:South Gondar Zone,mekagno phcu region:amhara zone:North Shewa ZHD,confirmed
1087896,meka primary clinic,amhara,fA3HgPbouLK,meka phcu,amhara,0.8613905310630798,meka primary clinic region:amhara zone:South Gondar Zone,meka phcu region:amhara zone:West Gondar ZHD,confirmed
1087901,kidist mariam primery clinic,tigray,jJ6oG3Ejt4U,kidste mariam clinic,tigray,0.8694009184837341,kidist mariam primery clinic region:tigray zone:North West Zone,kidste mariam clinic region:tigray zone:Eastern ZHD,confirmed
1087901,kidist mariam primery clinic,tigray,xJEpIqbLE7Z,kidstemariam clinic,tigray,0.8041045069694519,kidist mariam primery clinic region:tigray zone:North West Zone,kidstemariam clinic region:tigray zone:Eastern ZHD,confirmed
1087933,robsan medium clinic,oromia,MvVzbgOWYVS,robsan medium clinic,oromia,0.8109110593795776,robsan medium clinic woreda:Deksis region:oromia zone:Arsi zone,robsan medium clinic region:oromia zone:Ambo Town ZHD,confirmed
1087967,tekli weyane health post,tigray,zEUQ3jNLuaK,tekly weyane health post,tigray,0.8245506286621094,tekli weyane health post woreda:Hintalo Woreda region:tigray zone:South East Zone,tekly weyane health post region:tigray zone:Southern ZHD,confirmed
1087971,biftu bari primary clinic,oromia,RTpEBBwg7n7,biftuu primary clinic,oromia,0.8076433539390564,biftu bari primary clinic woreda:Saba Boru region:oromia zone:Guji Zone,biftuu primary clinic region:oromia zone:East Hararge ZHD,confirmed
1087971,biftu bari primary clinic,oromia,ONo5bd3EAbs,biftu primary clinic,oromia,0.802049458026886,biftu bari primary clinic woreda:Saba Boru region:oromia zone:Guji Zone,biftu primary clinic region:oromia zone:West Arsi ZHD,confirmed
1088023,gizachew primary clinic,amhara,d0cYSNVvRjZ,gizachewu primary clinic,amhara,0.8223108053207397,gizachew primary clinic woreda:Lay Gayint region:amhara zone:South Gondar Zone,gizachewu primary clinic region:amhara zone:West Gondar ZHD,confirmed
1088047,tokuma medium clinic,oromia,fu1DuUpz766,tokkumaa medium clinic,oromia,0.8035096526145935,tokuma medium clinic woreda:Batu Town region:oromia zone:Batu Town,tokkumaa medium clinic region:oromia zone:Arsi ZHD,confirmed
1088047,tokuma medium clinic,oromia,Qdb5UmujBJG,tokuma primary clinic,oromia,0.8150338530540466,tokuma medium clinic woreda:Batu Town region:oromia zone:Batu Town,tokuma primary clinic region:oromia zone:Arsi ZHD,confirmed
1088047,tokuma medium clinic,oromia,WwbCp52JHdD,tokkummaa medium clinic,oromia,0.8313503265380859,tokuma medium clinic woreda:Batu Town region:oromia zone:Batu Town,tokkummaa medium clinic region:oromia zone:Jimma ZHD,confirmed
1088054,gada primary clinic,oromia,fA7KSBsoHUt,gada primary clinic,oromia,0.8261034488677979,gada primary clinic woreda:Dugda Dawa region:oromia zone:West Guji Zone,gada primary clinic region:oromia zone:Borena ZHD,confirmed
1088054,gada primary clinic,oromia,VkSI48vo3EZ,gada primary clinic,oromia,0.8391652703285217,gada primary clinic woreda:Dugda Dawa region:oromia zone:West Guji Zone,gada primary clinic region:oromia zone:East Hararge ZHD,confirmed
1088054,gada primary clinic,oromia,tI6vVkgbHdT,gada primary clinic,oromia,0.8692596554756165,gada primary clinic woreda:Dugda Dawa region:oromia zone:West Guji Zone,gada primary clinic region:oromia zone:West Shewa  ZHD,confirmed
1088060,tokuma primary clinic,oromia,Qdb5UmujBJG,tokuma primary clinic,oromia,0.8484344482421875,tokuma primary clinic woreda:Nejo Town region:oromia zone:Nejo Town,tokuma primary clinic region:oromia zone:Arsi ZHD,confirmed
1088063,abnezer primary clinic,oromia,hl7l0pVgkKx,abenezer primary clinic,oromia,0.8340558409690857,abnezer primary clinic woreda:Nejo Town region:oromia zone:Nejo Town,abenezer primary clinic region:oromia zone:Arsi ZHD,confirmed
1088063,abnezer primary clinic,oromia,no5jnicyfIL,abenezer primary clinic,oromia,0.8260026574134827,abnezer primary clinic woreda:Nejo Town region:oromia zone:Nejo Town,abenezer primary clinic region:oromia zone:Buno Bedele ZHD,confirmed
1088063,abnezer primary clinic,oromia,RFt3OPm6TUL,abenezer primary clinic,oromia,0.8280819654464722,abnezer primary clinic woreda:Nejo Town region:oromia zone:Nejo Town,abenezer primary clinic region:oromia zone:Kelem Wellega  ZHD,confirmed
1088063,abnezer primary clinic,oromia,la1s0PzZoCY,abenezer primary clinic,oromia,0.8206629753112793,abnezer primary clinic woreda:Nejo Town region:oromia zone:Nejo Town,abenezer primary clinic region:oromia zone:SHEGER CITY Health Office,confirmed
1088063,abnezer primary clinic,oromia,RQMPieypQsI,abenezer primary clinic,oromia,0.837794840335846,abnezer primary clinic woreda:Nejo Town region:oromia zone:Nejo Town,abenezer primary clinic region:oromia zone:West Wellega  ZHD,confirmed
1088063,abnezer primary clinic,oromia,juM4TMTINSP,abenezer 2nd primary clinic,oromia,0.8304516077041626,abnezer primary clinic woreda:Nejo Town region:oromia zone:Nejo Town,abenezer 2nd primary clinic region:oromia zone:West Wellega  ZHD,confirmed
1088063,abnezer primary clinic,oromia,bIl6SSQzpCI,abenezer primary clinic,oromia,0.837794840335846,abnezer primary clinic woreda:Nejo Town region:oromia zone:Nejo Town,abenezer primary clinic region:oromia zone:West Wellega  ZHD,confirmed
1088082,tulube health post,oromia,U1tBMRQI7K1,tulubolo 01 health post,oromia,0.8198710083961487,tulube health post woreda:Metu Town region:oromia zone:Metu Town,tulubolo 01 health post region:oromia zone:South West Shewa  ZHD,confirmed
1088085,siba health post,oromia,zEWEOlw7TVI,siboo health post,oromia,0.8173287510871887,siba health post woreda:Metu Town region:oromia zone:Metu Town,siboo health post region:oromia zone:Ilu Aba Bora ZHD,confirmed
1088088,abdi primary clinic,oromia,Ho9XnZwjZMT,abdi primary clinic,oromia,0.8111766576766968,abdi primary clinic woreda:Babo Gembel region:oromia zone:West Wollega Zone,abdi primary clinic region:oromia zone:West Wellega  ZHD,confirmed
1088098,sibo health post,oromia,zEWEOlw7TVI,siboo health post,oromia,0.8513829112052917,sibo health post woreda:Bure region:oromia zone:Ilu Aba Bora Zone,siboo health post region:oromia zone:Ilu Aba Bora ZHD,confirmed
1088109,woliif primary clinic,oromia,G1F90DYtJqw,wolif primary clinic,oromia,0.8039427995681763,woliif primary clinic woreda:Abaya region:oromia zone:West Guji Zone,wolif primary clinic region:oromia zone:Jimma ZHD,confirmed
1088116,tokuma primary clinic,oromia,Qdb5UmujBJG,tokuma primary clinic,oromia,0.841356635093689,tokuma primary clinic woreda:Abaya region:oromia zone:West Guji Zone,tokuma primary clinic region:oromia zone:Arsi ZHD,confirmed
1088122,gada primary clinic,oromia,fA7KSBsoHUt,gada primary clinic,oromia,0.8097657561302185,gada primary clinic woreda:Suro Barguda region:oromia zone:West Guji Zone,gada primary clinic region:oromia zone:Borena ZHD,confirmed
1088122,gada primary clinic,oromia,VkSI48vo3EZ,gada primary clinic,oromia,0.8285370469093323,gada primary clinic woreda:Suro Barguda region:oromia zone:West Guji Zone,gada primary clinic region:oromia zone:East Hararge ZHD,confirmed
1088122,gada primary clinic,oromia,tI6vVkgbHdT,gada primary clinic,oromia,0.8546852469444275,gada primary clinic woreda:Suro Barguda region:oromia zone:West Guji Zone,gada primary clinic region:oromia zone:West Shewa  ZHD,confirmed
1088137,melkamu primary clinic,amhara,eNaEBUrUi71,melkamu primary clinic,amhara,0.8428841233253479,melkamu primary clinic woreda:Dabat region:amhara zone:North Gondar Zone,melkamu primary clinic region:amhara zone:East Gojjam ZHD,confirmed
1088137,melkamu primary clinic,amhara,XjGxf6gvl3m,melkamu primary clinic,amhara,0.8456423282623291,melkamu primary clinic woreda:Dabat region:amhara zone:North Gondar Zone,melkamu primary clinic region:amhara zone:West Gojjam ZHD,confirmed
1088149,rohobot primary clinic,oromia,zVnmjXLz7Ye,rohobot primary clinic,oromia,0.8079376816749573,rohobot primary clinic woreda:Suro Barguda region:oromia zone:West Guji Zone,rohobot primary clinic region:oromia zone:Bale ZHD,confirmed
1088149,rohobot primary clinic,oromia,aNDEcVX9IEt,rohobot primary clinic,oromia,0.8093408346176147,rohobot primary clinic woreda:Suro Barguda region:oromia zone:West Guji Zone,rohobot primary clinic region:oromia zone:Borena ZHD,confirmed
1088149,rohobot primary clinic,oromia,krnzYQLn19w,rehobot primary clinic,oromia,0.8322657942771912,rohobot primary clinic woreda:Suro Barguda region:oromia zone:West Guji Zone,rehobot primary clinic region:oromia zone:West Guji ZHD,confirmed
1088149,rohobot primary clinic,oromia,GK3vrDbfbB7,rohobot primary clinic,oromia,0.8384799957275391,rohobot primary clinic woreda:Suro Barguda region:oromia zone:West Guji Zone,rohobot primary clinic region:oromia zone:West Wellega  ZHD,confirmed
1088160,abdata health post,oromia,xaB29nn1CY6,abdata health post,oromia,0.8219708204269409,abdata health post woreda:Guto Gida region:oromia zone:East Wollega Zone,abdata health post region:oromia zone:East Wellega ZHD,confirmed
1088172,adonias medium clinic,dire dawa,nWDsPj16Nuc,adoniyas medium clinic,dire dawa,0.9487647414207458,adonias medium clinic region:dire dawa zone:Dire Dawa Operational,adoniyas medium clinic region:dire dawa zone:Dire Dawa Operational  WorHO,confirmed
1088173,abdu primary clinic,amhara,NCZCkmq9Wew,abdu primary clinic,amhara,0.801995575428009,abdu primary clinic woreda:Artuma Fursi region:amhara zone:Oromia Special Zone,abdu primary clinic region:amhara zone:South Wollo ZHD,confirmed
1088195,welwalo drug shop,tigray,C7NMAvIaSbD,welwalo clinic,tigray,0.8004194498062134,welwalo drug shop woreda:Adigrat Town region:tigray zone:Eastern Zone,welwalo clinic region:tigray zone:Eastern ZHD,confirmed
1088197,leka medium clinic,oromia,kbjQnFEI7UH,leka nekemt primary clinic,oromia,0.8182520866394043,leka medium clinic woreda:Nekemte Town region:oromia zone:Nekemte Town,leka nekemt primary clinic region:oromia zone:Buno Bedele ZHD,confirmed
1088204,welel health post,tigray,T5jZKKODhsf,welel health post,tigray,0.8210298418998718,welel health post woreda:Laelay Maychew region:tigray zone:Central Zone,welel health post region:tigray zone:Central ZHD,confirmed
1088207,mayweyni health post,tigray,URxRnZoeWhG,may weyni health post,tigray,0.819585919380188,mayweyni health post woreda:Laelay Maychew region:tigray zone:Central Zone,may weyni health post region:tigray zone:Central ZHD,confirmed
1088248,tigist pharmacy,amhara,bPOpa1F5igQ,tigist primary clinic,amhara,0.8128237128257751,tigist pharmacy woreda:Gondar City Administration region:amhara zone:Gondar Town Administration,tigist primary clinic region:amhara zone:South Gondar ZHD,confirmed
1088260,tercha drug store,south west ethiopia,VlfW7b0h2CQ,tercha clinic,south west ethiopia,0.8062147498130798,tercha drug store woreda:Tarcha Town region:south west ethiopia zone:Dawro Zone,tercha clinic region:south west ethiopia zone:Dawro ZHD,confirmed
1088265,abdi primary clinic,oromia,riN0WkhaVoM,abdi boru primary clinic,oromia,0.8600178360939026,abdi primary clinic woreda:Batu Town region:oromia zone:Batu Town,abdi boru primary clinic region:oromia zone:Arsi ZHD,confirmed
1088265,abdi primary clinic,oromia,dysJUk979z8,abdi rabbi medium clinic,oromia,0.8166581988334656,abdi primary clinic woreda:Batu Town region:oromia zone:Batu Town,abdi rabbi medium clinic region:oromia zone:Arsi ZHD,confirmed
1088265,abdi primary clinic,oromia,Zkt42xCRafL,abdi boru primary clinic,oromia,0.8600178360939026,abdi primary clinic woreda:Batu Town region:oromia zone:Batu Town,abdi boru primary clinic region:oromia zone:Arsi ZHD,confirmed
1088265,abdi primary clinic,oromia,XvDyvVlXfVL,abdi boru primary clinic,oromia,0.8600178360939026,abdi primary clinic woreda:Batu Town region:oromia zone:Batu Town,abdi boru primary clinic region:oromia zone:Arsi ZHD,confirmed
1088265,abdi primary clinic,oromia,lEXvArQdOeK,abdi boru primary clinic,oromia,0.8618007302284241,abdi primary clinic woreda:Batu Town region:oromia zone:Batu Town,abdi boru primary clinic region:oromia zone:East Hararge ZHD,confirmed
1088265,abdi primary clinic,oromia,ACZBpOi0ti5,abdi booru primary clinic,oromia,0.8650221228599548,abdi primary clinic woreda:Batu Town region:oromia zone:Batu Town,abdi booru primary clinic region:oromia zone:East Hararge ZHD,confirmed
1088265,abdi primary clinic,oromia,L1ds0TgUQdK,abdi primary clinic,oromia,0.8701757788658142,abdi primary clinic woreda:Batu Town region:oromia zone:Batu Town,abdi primary clinic region:oromia zone:East Wellega ZHD,confirmed
1088265,abdi primary clinic,oromia,XaQLCteqvtW,abdii primary clinic,oromia,0.8706900477409363,abdi primary clinic woreda:Batu Town region:oromia zone:Batu Town,abdii primary clinic region:oromia zone:East Wellega ZHD,confirmed
1088265,abdi primary clinic,oromia,mIzIvrevQPM,abdi boru small clinic,oromia,0.8168064951896667,abdi primary clinic woreda:Batu Town region:oromia zone:Batu Town,abdi boru small clinic region:oromia zone:Guji ZHD,confirmed
1088265,abdi primary clinic,oromia,iaEFCRdXREM,abdi boru small clinic,oromia,0.8168064951896667,abdi primary clinic woreda:Batu Town region:oromia zone:Batu Town,abdi boru small clinic region:oromia zone:Guji ZHD,confirmed
1088265,abdi primary clinic,oromia,Rv6KeSAQZw8,abdi boru small clinic,oromia,0.8168064951896667,abdi primary clinic woreda:Batu Town region:oromia zone:Batu Town,abdi boru small clinic region:oromia zone:Guji ZHD,confirmed
1088265,abdi primary clinic,oromia,zG8PEJvi3fg,abdi bori primary clinic,oromia,0.8571393489837646,abdi primary clinic woreda:Batu Town region:oromia zone:Batu Town,abdi bori primary clinic region:oromia zone:Kelem Wellega  ZHD,confirmed
1088265,abdi primary clinic,oromia,S2G6N2YqwqC,abdi primary clinic,oromia,0.8729591965675354,abdi primary clinic woreda:Batu Town region:oromia zone:Batu Town,abdi primary clinic region:oromia zone:North Shewa  ZHD,confirmed
1088265,abdi primary clinic,oromia,le985Djz8ZH,abdi boru lower primary clinic,oromia,0.8526925444602966,abdi primary clinic woreda:Batu Town region:oromia zone:Batu Town,abdi boru lower primary clinic region:oromia zone:West Hararge ZHD,confirmed
1088265,abdi primary clinic,oromia,f9dRHxYDzjk,abdi bori primary clinic,oromia,0.8651448488235474,abdi primary clinic woreda:Batu Town region:oromia zone:Batu Town,abdi bori primary clinic region:oromia zone:West Wellega  ZHD,confirmed
1088265,abdi primary clinic,oromia,Ho9XnZwjZMT,abdi primary clinic,oromia,0.8722190260887146,abdi primary clinic woreda:Batu Town region:oromia zone:Batu Town,abdi primary clinic region:oromia zone:West Wellega  ZHD,confirmed
1088289,oda kera medium clinic,oromia,oOJXOhLOhub,oda medium clinic,oromia,0.809125542640686,oda kera medium clinic woreda:Lalo Asabi region:oromia zone:West Wollega Zone,oda medium clinic region:oromia zone:West Shewa  ZHD,confirmed
1088307,amanu'el primary clinic,oromia,WW20quZa78N,amanuel 2nd primary clinic,oromia,0.8114771246910095,amanu'el primary clinic woreda:Gimbi Rural region:oromia zone:West Wollega Zone,amanuel 2nd primary clinic region:oromia zone:West Wellega  ZHD,confirmed
1088307,amanu'el primary clinic,oromia,XjdmFRNWzXY,amanuel primary clinic,oromia,0.812779426574707,amanu'el primary clinic woreda:Gimbi Rural region:oromia zone:West Wollega Zone,amanuel primary clinic region:oromia zone:West Wellega  ZHD,confirmed
1088307,amanu'el primary clinic,oromia,iuTxgo2YEAL,amanuel primary clinic,oromia,0.812779426574707,amanu'el primary clinic woreda:Gimbi Rural region:oromia zone:West Wollega Zone,amanuel primary clinic region:oromia zone:West Wellega  ZHD,confirmed
1088318,madanialem primary clinic,oromia,cGNTJMiCp83,medihanialem primary clinic,oromia,0.8171727061271667,madanialem primary clinic woreda:Adama region:oromia zone:East Shewa Zone,medihanialem primary clinic region:oromia zone:North Shewa  ZHD,confirmed
1088344,rajo primary clinic,oromia,uzdfn9ijWfO,rajo primary clinic,oromia,0.8359624147415161,rajo primary clinic woreda:Nole Kaba region:oromia zone:West Wollega Zone,rajo primary clinic region:oromia zone:West Wellega  ZHD,confirmed
1088346,reta primary clinic,oromia,q8FMSKuDoDM,reta primary clinic,oromia,0.8253917098045349,reta primary clinic woreda:Nole Kaba region:oromia zone:West Wollega Zone,reta primary clinic region:oromia zone:West Shewa  ZHD,confirmed
1088348,selam primary clinic,amhara,CNeoS9YItnO,selam primary clinic,amhara,0.8450342416763306,selam primary clinic woreda:Guangua region:amhara zone:Awi Zone,selam primary clinic region:amhara zone:Bahirdar THO,confirmed
1088348,selam primary clinic,amhara,LdtqVf5qs2P,selam primary clinic,amhara,0.8416475057601929,selam primary clinic woreda:Guangua region:amhara zone:Awi Zone,selam primary clinic region:amhara zone:Dessie THO,confirmed
1088348,selam primary clinic,amhara,sgwtyK0Xof4,selam primary clinic,amhara,0.8447339534759521,selam primary clinic woreda:Guangua region:amhara zone:Awi Zone,selam primary clinic region:amhara zone:South Wollo ZHD,confirmed
1088372,oda medium clinic,oromia,HQd6dFx5JfP,oda medium clinic,oromia,0.8113622665405273,oda medium clinic woreda:Sasiga region:oromia zone:East Wollega Zone,oda medium clinic region:oromia zone:North Shewa  ZHD,confirmed
1088372,oda medium clinic,oromia,oOJXOhLOhub,oda medium clinic,oromia,0.8216995596885681,oda medium clinic woreda:Sasiga region:oromia zone:East Wollega Zone,oda medium clinic region:oromia zone:West Shewa  ZHD,confirmed
1088373,oda medium clinic,oromia,oOJXOhLOhub,oda medium clinic,oromia,0.801535427570343,oda medium clinic woreda:Boneya Bushe region:oromia zone:East Wollega Zone,oda medium clinic region:oromia zone:West Shewa  ZHD,confirmed
1088376,mati primary clinic,oromia,L9i6hcK9a4O,mati primary clinic,oromia,0.8082327842712402,mati primary clinic woreda:Birbirsa Kojowa region:oromia zone:West Guji Zone,mati primary clinic region:oromia zone:Guji ZHD,confirmed
1088376,mati primary clinic,oromia,MCtyqPjUWwx,mati primary clinic,oromia,0.8047811985015869,mati primary clinic woreda:Birbirsa Kojowa region:oromia zone:West Guji Zone,mati primary clinic region:oromia zone:Horo Gudru Wellega  ZHD,confirmed
1088376,mati primary clinic,oromia,GR7gu8kC1hU,mati primary clinic,oromia,0.8153501152992249,mati primary clinic woreda:Birbirsa Kojowa region:oromia zone:West Guji Zone,mati primary clinic region:oromia zone:West Arsi ZHD,confirmed
1088376,mati primary clinic,oromia,rSfVwYxkr2i,mati primary clinic,oromia,0.8153501152992249,mati primary clinic woreda:Birbirsa Kojowa region:oromia zone:West Guji Zone,mati primary clinic region:oromia zone:West Arsi ZHD,confirmed
1088376,mati primary clinic,oromia,xwrKgxLHnVN,mati primary clinic,oromia,0.8230940699577332,mati primary clinic woreda:Birbirsa Kojowa region:oromia zone:West Guji Zone,mati primary clinic region:oromia zone:West Shewa  ZHD,confirmed
1088403,amanu'el primary clinic,oromia,WW20quZa78N,amanuel 2nd primary clinic,oromia,0.8018010258674622,amanu'el primary clinic woreda:Birbirsa Kojowa region:oromia zone:West Guji Zone,amanuel 2nd primary clinic region:oromia zone:West Wellega  ZHD,confirmed
1088403,amanu'el primary clinic,oromia,XjdmFRNWzXY,amanuel primary clinic,oromia,0.8015187978744507,amanu'el primary clinic woreda:Birbirsa Kojowa region:oromia zone:West Guji Zone,amanuel primary clinic region:oromia zone:West Wellega  ZHD,confirmed
1088403,amanu'el primary clinic,oromia,iuTxgo2YEAL,amanuel primary clinic,oromia,0.8015187978744507,amanu'el primary clinic woreda:Birbirsa Kojowa region:oromia zone:West Guji Zone,amanuel primary clinic region:oromia zone:West Wellega  ZHD,confirmed
1088406,milki primary clinic,oromia,xYVDs7C5IXy,milki primary clinic,oromia,0.8035292029380798,milki primary clinic woreda:Kercha Town region:oromia zone:West Guji Zone,milki primary clinic region:oromia zone:Bale ZHD,confirmed
1088406,milki primary clinic,oromia,QRAEzmxT3gd,milki primary clinic,oromia,0.829879879951477,milki primary clinic woreda:Kercha Town region:oromia zone:West Guji Zone,milki primary clinic region:oromia zone:West Arsi ZHD,confirmed
1088409,salami primary clinic,oromia,oJQB0Z3mRa6,salam primary clinic,oromia,0.8085688948631287,salami primary clinic woreda:Kercha Town region:oromia zone:West Guji Zone,salam primary clinic region:oromia zone:West Guji ZHD,confirmed
1088427,awedi health post,afar,y021v0r5HQX,awiidi health post,afar,0.8643263578414917,awedi health post woreda:Teru region:afar zone:Zone 4,awiidi health post region:afar zone:Zone 4 ZHD,confirmed
1088444,elshaday primary clinic,oromia,Iooluo6ORYT,elshaday primary clinic,oromia,0.8051024079322815,elshaday primary clinic woreda:Kercha Town region:oromia zone:West Guji Zone,elshaday primary clinic region:oromia zone:Ilu Aba Bora ZHD,confirmed
1088445,africa medium clinic,oromia,QilJbg5LNHk,africa medium clinic,oromia,0.8716968894004822,africa medium clinic woreda:Jimma Town region:oromia zone:Jimma Town,africa medium clinic region:oromia zone:Ambo Town ZHD,confirmed
1088446,abdi gudina primary clinic,oromia,bs1iGLkS0lN,abdi jirenya primary clinic,oromia,0.8285148739814758,abdi gudina primary clinic woreda:Kercha Town region:oromia zone:West Guji Zone,abdi jirenya primary clinic region:oromia zone:West Guji ZHD,confirmed
1088446,abdi gudina primary clinic,oromia,IXO7iErbmfF,abdisa primary clinic,oromia,0.8280571699142456,abdi gudina primary clinic woreda:Kercha Town region:oromia zone:West Guji Zone,abdisa primary clinic region:oromia zone:West Guji ZHD,confirmed
1088452,milki primary clinic,oromia,QRAEzmxT3gd,milki primary clinic,oromia,0.8248748183250427,milki primary clinic woreda:Melka Soda region:oromia zone:West Guji Zone,milki primary clinic region:oromia zone:West Arsi ZHD,confirmed
1088457,oda primary clinic,oromia,Nl4zqTmPh3G,oda primary clinic,oromia,0.817272961139679,oda primary clinic woreda:Gimbi Town region:oromia zone:West Wollega Zone,oda primary clinic region:oromia zone:Robe Town ZHD,confirmed
1088469,tokuma primary clinic,oromia,Qdb5UmujBJG,tokuma primary clinic,oromia,0.80307936668396,tokuma primary clinic woreda:Gimbi Town region:oromia zone:West Wollega Zone,tokuma primary clinic region:oromia zone:Arsi ZHD,confirmed
1088474,abenezer primary clinic,oromia,XwE4YJNfaCW,abenezar primary clinic,oromia,0.8082305788993835,abenezer primary clinic woreda:Gimbi Town region:oromia zone:West Wollega Zone,abenezar primary clinic region:oromia zone:South West Shewa  ZHD,confirmed
1088474,abenezer primary clinic,oromia,RQMPieypQsI,abenezer primary clinic,oromia,0.8238693475723267,abenezer primary clinic woreda:Gimbi Town region:oromia zone:West Wollega Zone,abenezer primary clinic region:oromia zone:West Wellega  ZHD,confirmed
1088474,abenezer primary clinic,oromia,juM4TMTINSP,abenezer 2nd primary clinic,oromia,0.8220551609992981,abenezer primary clinic woreda:Gimbi Town region:oromia zone:West Wollega Zone,abenezer 2nd primary clinic region:oromia zone:West Wellega  ZHD,confirmed
1088474,abenezer primary clinic,oromia,bIl6SSQzpCI,abenezer primary clinic,oromia,0.8238693475723267,abenezer primary clinic woreda:Gimbi Town region:oromia zone:West Wollega Zone,abenezer primary clinic region:oromia zone:West Wellega  ZHD,confirmed
1088527,rihobot primary clinic,oromia,PRDD0DeN8pT,rihobot primary clinic,oromia,0.8084614276885986,rihobot primary clinic woreda:Kercha region:oromia zone:West Guji Zone,rihobot primary clinic region:oromia zone:Ilu Aba Bora ZHD,confirmed
1088527,rihobot primary clinic,oromia,krnzYQLn19w,rehobot primary clinic,oromia,0.8276013135910034,rihobot primary clinic woreda:Kercha region:oromia zone:West Guji Zone,rehobot primary clinic region:oromia zone:West Guji ZHD,confirmed
1088528,milki primary clinic,oromia,xYVDs7C5IXy,milki primary clinic,oromia,0.8075203895568848,milki primary clinic woreda:Kercha region:oromia zone:West Guji Zone,milki primary clinic region:oromia zone:Bale ZHD,confirmed
1088528,milki primary clinic,oromia,QRAEzmxT3gd,milki primary clinic,oromia,0.8436687588691711,milki primary clinic woreda:Kercha region:oromia zone:West Guji Zone,milki primary clinic region:oromia zone:West Arsi ZHD,confirmed
1088528,milki primary clinic,oromia,KCuYOLoMkur,milkii primary,oromia,0.8027485609054565,milki primary clinic woreda:Kercha region:oromia zone:West Guji Zone,milkii primary region:oromia zone:West Guji ZHD,confirmed
1088534,tesfa primary clinic,oromia,lnbpOIpFrR0,tesfaye primary clinic,oromia,0.8088235259056091,tesfa primary clinic woreda:Kercha region:oromia zone:West Guji Zone,tesfaye primary clinic region:oromia zone:West Wellega  ZHD,confirmed
1088534,tesfa primary clinic,oromia,t7qcRpANTQr,tesfaye primary clinic,oromia,0.8088235259056091,tesfa primary clinic woreda:Kercha region:oromia zone:West Guji Zone,tesfaye primary clinic region:oromia zone:West Wellega  ZHD,confirmed
1088536,rabira primary clinic,oromia,ridR9jMlD8d,rabira primary clinic,oromia,0.8347880840301514,rabira primary clinic woreda:Kercha region:oromia zone:West Guji Zone,rabira primary clinic region:oromia zone:Arsi ZHD,confirmed
1088536,rabira primary clinic,oromia,Oz9eD92Th8G,rabira primary clinic,oromia,0.8340281248092651,rabira primary clinic woreda:Kercha region:oromia zone:West Guji Zone,rabira primary clinic region:oromia zone:Batu Town ZHD,confirmed
1088536,rabira primary clinic,oromia,YsSp8KqVz9y,rabira primary clinic,oromia,0.8322151303291321,rabira primary clinic woreda:Kercha region:oromia zone:West Guji Zone,rabira primary clinic region:oromia zone:Jimma ZHD,confirmed
1088536,rabira primary clinic,oromia,mv5amdnzNXP,rabira primary clinic,oromia,0.8674852848052979,rabira primary clinic woreda:Kercha region:oromia zone:West Guji Zone,rabira primary clinic region:oromia zone:West Arsi ZHD,confirmed
1088536,rabira primary clinic,oromia,JWp09ttPPBY,rebira primary clinic,oromia,0.8134605288505554,rabira primary clinic woreda:Kercha region:oromia zone:West Guji Zone,rebira primary clinic region:oromia zone:West Shewa  ZHD,confirmed
1088539,kayo primary clinic,oromia,BJ1rDj3GHGr,kayo primary clinic,oromia,0.8103430271148682,kayo primary clinic woreda:Kercha region:oromia zone:West Guji Zone,kayo primary clinic region:oromia zone:Nekemte Town ZHD,confirmed
1088539,kayo primary clinic,oromia,yAiJNKcMX10,kayo primary clinic,oromia,0.8453624248504639,kayo primary clinic woreda:Kercha region:oromia zone:West Guji Zone,kayo primary clinic region:oromia zone:West Wellega  ZHD,confirmed
1088544,daniel primary clinic,oromia,zByKQiwbBJ2,daniel primary clinic,oromia,0.8315410614013672,daniel primary clinic woreda:Seyo Nole region:oromia zone:West Wollega Zone,daniel primary clinic region:oromia zone:West Arsi ZHD,confirmed
1088544,daniel primary clinic,oromia,prWFDfO8VYJ,daniel primary clinic,oromia,0.8318745493888855,daniel primary clinic woreda:Seyo Nole region:oromia zone:West Wollega Zone,daniel primary clinic region:oromia zone:West Wellega  ZHD,confirmed
1088574,walin primary clinic,oromia,E7zQi9RvWk0,walin primary clinic,oromia,0.8203039765357971,walin primary clinic woreda:Kercha region:oromia zone:West Guji Zone,walin primary clinic region:oromia zone:Kelem Wellega  ZHD,confirmed
1088574,walin primary clinic,oromia,RyMdtKnZfFj,walin primary clinic,oromia,0.8364686965942383,walin primary clinic woreda:Kercha region:oromia zone:West Guji Zone,walin primary clinic region:oromia zone:West Wellega  ZHD,confirmed
1088575,geda primary clinic,oromia,Q5x28N4MUlH,geda primary clinic,oromia,0.8168118596076965,geda primary clinic woreda:Kercha region:oromia zone:West Guji Zone,geda primary clinic region:oromia zone:Bale ZHD,confirmed
1088575,geda primary clinic,oromia,qkvQYWPl1Nu,geda primary clinic,oromia,0.8392868041992188,geda primary clinic woreda:Kercha region:oromia zone:West Guji Zone,geda primary clinic region:oromia zone:East Hararge ZHD,confirmed
1088575,geda primary clinic,oromia,IjkIQpPmpRH,geda primary clinic,oromia,0.8299465775489807,geda primary clinic woreda:Kercha region:oromia zone:West Guji Zone,geda primary clinic region:oromia zone:East Wellega ZHD,confirmed
1088575,geda primary clinic,oromia,chCLiiA8DPk,geda primary clinic,oromia,0.8171538710594177,geda primary clinic woreda:Kercha region:oromia zone:West Guji Zone,geda primary clinic region:oromia zone:Ilu Aba Bora ZHD,confirmed
1088599,motuma primary clinic,oromia,p9rG05ByGGm,motumma primary clinic,oromia,0.8515174984931946,motuma primary clinic woreda:Bule Hora region:oromia zone:West Guji Zone,motumma primary clinic region:oromia zone:West Guji ZHD,confirmed
1088600,melka oda,oromia,lyfMgzjrOBB,melka oda phcu,oromia,0.8235098719596863,melka oda woreda:Bule Hora region:oromia zone:West Guji Zone,melka oda phcu region:oromia zone:East Bale ZHD,confirmed
1088602,getachew primary clinic,oromia,fKqk51imOKB,getachew primary clinic,oromia,0.8113679885864258,getachew primary clinic woreda:Bule Hora region:oromia zone:West Guji Zone,getachew primary clinic region:oromia zone:Arsi ZHD,confirmed
1088602,getachew primary clinic,oromia,fpCCO4xn3Id,getachew primary clinic,oromia,0.8279709815979004,getachew primary clinic woreda:Bule Hora region:oromia zone:West Guji Zone,getachew primary clinic region:oromia zone:East Hararge ZHD,confirmed
1088609,gelana primary clinic,oromia,QCYLYeICHjB,gelana medium clinic,oromia,0.8229323625564575,gelana primary clinic woreda:Gelana region:oromia zone:West Guji Zone,gelana medium clinic region:oromia zone:Ambo Town ZHD,confirmed
1088611,beza primary clinic,oromia,xdGcSj3djVX,beza primary clinic,oromia,0.8153097629547119,beza primary clinic woreda:Gelana region:oromia zone:West Guji Zone,beza primary clinic region:oromia zone:Adama Special ZHD,confirmed
1088611,beza primary clinic,oromia,ApxV0nslUYD,beza primary clinic,oromia,0.8390637636184692,beza primary clinic woreda:Gelana region:oromia zone:West Guji Zone,beza primary clinic region:oromia zone:East Shewa  ZHD,confirmed
1088611,beza primary clinic,oromia,RkgsjkcZt58,beza primary clinic,oromia,0.83233243227005,beza primary clinic woreda:Gelana region:oromia zone:West Guji Zone,beza primary clinic region:oromia zone:North Shewa  ZHD,confirmed
1088611,beza primary clinic,oromia,Lsc7mm6YyiI,beza primary clinic,oromia,0.8527637720108032,beza primary clinic woreda:Gelana region:oromia zone:West Guji Zone,beza primary clinic region:oromia zone:West Arsi ZHD,confirmed
1088616,oda fora primary clinic,oromia,Nl4zqTmPh3G,oda primary clinic,oromia,0.8142980337142944,oda fora primary clinic woreda:Abaya region:oromia zone:West Guji Zone,oda primary clinic region:oromia zone:Robe Town ZHD,confirmed
1088617,oda primary clinic,oromia,Nl4zqTmPh3G,oda primary clinic,oromia,0.8327296376228333,oda primary clinic woreda:Abaya region:oromia zone:West Guji Zone,oda primary clinic region:oromia zone:Robe Town ZHD,confirmed
1088627,chefe primary clinic,oromia,P0kt2BO1xqv,chefe primary clinic,oromia,0.8184587955474854,chefe primary clinic woreda:Chole region:oromia zone:Arsi zone,chefe primary clinic region:oromia zone:East Hararge ZHD,confirmed
1088627,chefe primary clinic,oromia,PCKbHM4qS8V,chefe primary clinic,oromia,0.8159751892089844,chefe primary clinic woreda:Chole region:oromia zone:Arsi zone,chefe primary clinic region:oromia zone:East Shewa  ZHD,confirmed
1088657,yerosan medium clinic,oromia,VKi7UP9RWTX,yerosan medium clinic,oromia,0.8164764046669006,yerosan medium clinic woreda:Diga region:oromia zone:East Wollega Zone,yerosan medium clinic region:oromia zone:Shashemene Town ZHD,confirmed
1088661,mada walabu medium clinic,oromia,oKSR0lWN5w3,madda walabu medium clinic,oromia,0.8617774844169617,mada walabu medium clinic woreda:Bedele region:oromia zone:Buno Bedele Zone,madda walabu medium clinic region:oromia zone:East Bale ZHD,confirmed
1088661,mada walabu medium clinic,oromia,rS1T7QSY0hH,meda walabu medium clinic,oromia,0.8291319608688354,mada walabu medium clinic woreda:Bedele region:oromia zone:Buno Bedele Zone,meda walabu medium clinic region:oromia zone:West Arsi ZHD,confirmed
1088684,bore health post,oromia,ASZXsFKc5TJ,bore health post,oromia,0.8638702630996704,bore health post woreda:Jimma Town region:oromia zone:Jimma Town,bore health post region:oromia zone:Jimma Special ZHD,confirmed
1088684,bore health post,oromia,VBWTSuVFkQP,bore health post,oromia,0.8684369921684265,bore health post woreda:Jimma Town region:oromia zone:Jimma Town,bore health post region:oromia zone:Jimma ZHD,confirmed
1088694,na'oli primary clinic,oromia,o2w01U3CcBF,na'ol primary clinic,oromia,0.8018449544906616,na'oli primary clinic woreda:Melka Soda region:oromia zone:West Guji Zone,na'ol primary clinic region:oromia zone:West Hararge ZHD,confirmed
1088706,legehar drug store,dire dawa,d0S2s7bM1HA,legehare phcu,dire dawa,0.8165804147720337,legehar drug store region:dire dawa zone:Goro Operational,legehare phcu region:dire dawa zone:Legehare Operational WorHO,confirmed
1088731,dibate drug store,benishangul gumuz,DFJdqTvFzjx,dibate phcu,benishangul gumuz,0.8309925198554993,dibate drug store woreda:Dibate Woreda region:benishangul gumuz zone:Metekel Zone,dibate phcu region:benishangul gumuz zone:Metekel ZHD,confirmed
1088756,harme medium clinic,oromia,Cll8zrl2WPv,harme medium clinic,oromia,0.8233575820922852,harme medium clinic woreda:Gera region:oromia zone:Jimma Zone,harme medium clinic region:oromia zone:North Shewa  ZHD,confirmed
1088758,robe primary clinic,oromia,I5Coj0NvZpY,robe primary,oromia,0.8200925588607788,robe primary clinic woreda:Dugda Dawa region:oromia zone:West Guji Zone,robe primary region:oromia zone:West Guji ZHD,confirmed
1088762,oromia primary clinic,oromia,Gx97v5FTgXZ,oromiya primary clinic,oromia,0.801204264163971,oromia primary clinic woreda:Dugda Dawa region:oromia zone:West Guji Zone,oromiya primary clinic region:oromia zone:East Hararge ZHD,confirmed
1088762,oromia primary clinic,oromia,Is43CZ5RzAM,oromiya primary clinic,oromia,0.801204264163971,oromia primary clinic woreda:Dugda Dawa region:oromia zone:West Guji Zone,oromiya primary clinic region:oromia zone:East Hararge ZHD,confirmed
1088762,oromia primary clinic,oromia,UehOLINgnCs,oromia primary clinic,oromia,0.8442442417144775,oromia primary clinic woreda:Dugda Dawa region:oromia zone:West Guji Zone,oromia primary clinic region:oromia zone:West Shewa  ZHD,confirmed
1088766,yaneti primary clinic,oromia,yAoI5LZTsKK,yanet primary clinic,oromia,0.8145459294319153,yaneti primary clinic woreda:Dugda Dawa region:oromia zone:West Guji Zone,yanet primary clinic region:oromia zone:South West Shewa  ZHD,confirmed
1088772,qiduse gabirel primary clinic,oromia,g1WM3e8jqoa,qidus giyorgis primary clinic,oromia,0.8106275200843811,qiduse gabirel primary clinic woreda:Bora region:oromia zone:East Shewa Zone,qidus giyorgis primary clinic region:oromia zone:North Shewa  ZHD,confirmed
1088772,qiduse gabirel primary clinic,oromia,rOjWlq47WNm,qiddus gabr'eel primary clinic,oromia,0.821747899055481,qiduse gabirel primary clinic woreda:Bora region:oromia zone:East Shewa Zone,qiddus gabr'eel primary clinic region:oromia zone:South West Shewa  ZHD,confirmed
1088772,qiduse gabirel primary clinic,oromia,f9gGcQnJCIp,qidus giyorgis primary clinic,oromia,0.8248968124389648,qiduse gabirel primary clinic woreda:Bora region:oromia zone:East Shewa Zone,qidus giyorgis primary clinic region:oromia zone:South West Shewa  ZHD,confirmed
1088772,qiduse gabirel primary clinic,oromia,vExIHppNlBp,qiddus gebriel s primary clinic,oromia,0.8032874464988708,qiduse gabirel primary clinic woreda:Bora region:oromia zone:East Shewa Zone,qiddus gebriel s primary clinic region:oromia zone:West Shewa  ZHD,confirmed
1088830,harme primary clinic,oromia,vIIK1QsU5Gb,harme primary clinic,oromia,0.8029809594154358,harme primary clinic woreda:Suro Barguda region:oromia zone:West Guji Zone,harme primary clinic region:oromia zone:Arsi ZHD,confirmed
1088830,harme primary clinic,oromia,sIHLVW5KkXC,harme primary clinic,oromia,0.8029809594154358,harme primary clinic woreda:Suro Barguda region:oromia zone:West Guji Zone,harme primary clinic region:oromia zone:Arsi ZHD,confirmed
1088851,jimma diagnostic medical laboratory,oromia,V1na6Dpt9JC,jimma afia primary clinic,oromia,0.8135359883308411,jimma diagnostic medical laboratory woreda:Jimma Town region:oromia zone:Jimma Town,jimma afia primary clinic region:oromia zone:Jimma Special ZHD,confirmed
1088853,milki primary clinic,oromia,QRAEzmxT3gd,milki primary clinic,oromia,0.8183532357215881,milki primary clinic woreda:Babo Gembel region:oromia zone:West Wollega Zone,milki primary clinic region:oromia zone:West Arsi ZHD,confirmed
1088858,biftu primary clinic,oromia,RTpEBBwg7n7,biftuu primary clinic,oromia,0.8171693086624146,biftu primary clinic woreda:Nole Kaba region:oromia zone:West Wollega Zone,biftuu primary clinic region:oromia zone:East Hararge ZHD,confirmed
1088858,biftu primary clinic,oromia,ONo5bd3EAbs,biftu primary clinic,oromia,0.8390651345252991,biftu primary clinic woreda:Nole Kaba region:oromia zone:West Wollega Zone,biftu primary clinic region:oromia zone:West Arsi ZHD,confirmed
1088859,jitu primary clinic,oromia,dQ02RlFhCc2,jitu primary clinic,oromia,0.8444516062736511,jitu primary clinic woreda:Nole Kaba region:oromia zone:West Wollega Zone,jitu primary clinic region:oromia zone:West Shewa  ZHD,confirmed
1088889,dibicha health post,oromia,Mzw0dEg4PGa,dibicha health post,oromia,0.8823221921920776,dibicha health post woreda:Abaya region:oromia zone:West Guji Zone,dibicha health post region:oromia zone:West Guji ZHD,confirmed
1088926,haroresa health post,oromia,aK1PtA8OAMQ,haroresa health post,oromia,0.8353288769721985,haroresa health post woreda:Meye Muluke region:oromia zone:East Hararge Zone,haroresa health post region:oromia zone:East Hararge ZHD,confirmed
1088927,gola fungan health post,oromia,Kl3pkLVl4YU,gola fugnan health post,oromia,0.8045807480812073,gola fungan health post woreda:Meye Muluke region:oromia zone:East Hararge Zone,gola fugnan health post region:oromia zone:East Hararge ZHD,confirmed
1088961,abdi bori primary clinic,oromia,zG8PEJvi3fg,abdi bori primary clinic,oromia,0.8056020140647888,abdi bori primary clinic woreda:Jarso region:oromia zone:West Wollega Zone,abdi bori primary clinic region:oromia zone:Kelem Wellega  ZHD,confirmed
1088961,abdi bori primary clinic,oromia,le985Djz8ZH,abdi boru lower primary clinic,oromia,0.8175766468048096,abdi bori primary clinic woreda:Jarso region:oromia zone:West Wollega Zone,abdi boru lower primary clinic region:oromia zone:West Hararge ZHD,confirmed
1088961,abdi bori primary clinic,oromia,f9dRHxYDzjk,abdi bori primary clinic,oromia,0.843834400177002,abdi bori primary clinic woreda:Jarso region:oromia zone:West Wollega Zone,abdi bori primary clinic region:oromia zone:West Wellega  ZHD,confirmed
1088989,abdi bori primary clinic,oromia,riN0WkhaVoM,abdi boru primary clinic,oromia,0.80781489610672,abdi bori primary clinic woreda:Heben Arsi region:oromia zone:West Arsi Zone,abdi boru primary clinic region:oromia zone:Arsi ZHD,confirmed
1088989,abdi bori primary clinic,oromia,Zkt42xCRafL,abdi boru primary clinic,oromia,0.80781489610672,abdi bori primary clinic woreda:Heben Arsi region:oromia zone:West Arsi Zone,abdi boru primary clinic region:oromia zone:Arsi ZHD,confirmed
1088989,abdi bori primary clinic,oromia,XvDyvVlXfVL,abdi boru primary clinic,oromia,0.80781489610672,abdi bori primary clinic woreda:Heben Arsi region:oromia zone:West Arsi Zone,abdi boru primary clinic region:oromia zone:Arsi ZHD,confirmed
1088989,abdi bori primary clinic,oromia,lEXvArQdOeK,abdi boru primary clinic,oromia,0.8106789588928223,abdi bori primary clinic woreda:Heben Arsi region:oromia zone:West Arsi Zone,abdi boru primary clinic region:oromia zone:East Hararge ZHD,confirmed
1088989,abdi bori primary clinic,oromia,zG8PEJvi3fg,abdi bori primary clinic,oromia,0.8247626423835754,abdi bori primary clinic woreda:Heben Arsi region:oromia zone:West Arsi Zone,abdi bori primary clinic region:oromia zone:Kelem Wellega  ZHD,confirmed
1088989,abdi bori primary clinic,oromia,le985Djz8ZH,abdi boru lower primary clinic,oromia,0.8359509110450745,abdi bori primary clinic woreda:Heben Arsi region:oromia zone:West Arsi Zone,abdi boru lower primary clinic region:oromia zone:West Hararge ZHD,confirmed
1088989,abdi bori primary clinic,oromia,f9dRHxYDzjk,abdi bori primary clinic,oromia,0.8623415231704712,abdi bori primary clinic woreda:Heben Arsi region:oromia zone:West Arsi Zone,abdi bori primary clinic region:oromia zone:West Wellega  ZHD,confirmed
1088989,abdi bori primary clinic,oromia,Ho9XnZwjZMT,abdi primary clinic,oromia,0.8093311786651611,abdi bori primary clinic woreda:Heben Arsi region:oromia zone:West Arsi Zone,abdi primary clinic region:oromia zone:West Wellega  ZHD,confirmed
1088996,mado health post,oromia,p2HtUpXkuXK,mado health post,oromia,0.8456282019615173,mado health post woreda:Moyale Woreda region:oromia zone:Borena Zone,mado health post region:oromia zone:Borena ZHD,confirmed
1089008,mudi ambo health post,oromia,fAmhDtATPyJ,mudi ambo health post,oromia,0.867949903011322,mudi ambo health post woreda:Moyale Woreda region:oromia zone:Borena Zone,mudi ambo health post region:oromia zone:Borena ZHD,confirmed
1089037,girawa woreda,oromia,CEsbVfezwiq,girawa phcu,oromia,0.830963671207428,girawa woreda woreda:Girawa region:oromia zone:East Hararge Zone,girawa phcu region:oromia zone:East Hararge ZHD,confirmed
1089037,girawa woreda,oromia,m5qjqdFZ43z,girawa worho,oromia,0.8309455513954163,girawa woreda woreda:Girawa region:oromia zone:East Hararge Zone,girawa worho region:oromia zone:East Hararge ZHD,confirmed
1089048,hawi gudina medium clinic,oromia,YuVLc73tBii,hawi gudina primary clinic,oromia,0.8009441494941711,hawi gudina medium clinic woreda:Enkelo Wabe region:oromia zone:Arsi zone,hawi gudina primary clinic region:oromia zone:Arsi ZHD,confirmed
1089075,abdi seba primary clinic,oromia,dhuvRHPujds,abdi saba primary clinic,oromia,0.8050845861434937,abdi seba primary clinic woreda:Begi region:oromia zone:West Wollega Zone,abdi saba primary clinic region:oromia zone:Kelem Wellega  ZHD,confirmed
1089075,abdi seba primary clinic,oromia,bs1iGLkS0lN,abdi jirenya primary clinic,oromia,0.8119459748268127,abdi seba primary clinic woreda:Begi region:oromia zone:West Wollega Zone,abdi jirenya primary clinic region:oromia zone:West Guji ZHD,confirmed
1089079,mashallah primary clinic,oromia,RvO9CcG3L5z,mashallah primary clinic,oromia,0.8234469890594482,mashallah primary clinic woreda:Begi region:oromia zone:West Wollega Zone,mashallah primary clinic region:oromia zone:East Hararge ZHD,confirmed
1089080,abdi bori primary clinic,oromia,riN0WkhaVoM,abdi boru primary clinic,oromia,0.8074589967727661,abdi bori primary clinic woreda:Begi region:oromia zone:West Wollega Zone,abdi boru primary clinic region:oromia zone:Arsi ZHD,confirmed
1089080,abdi bori primary clinic,oromia,Zkt42xCRafL,abdi boru primary clinic,oromia,0.8074589967727661,abdi bori primary clinic woreda:Begi region:oromia zone:West Wollega Zone,abdi boru primary clinic region:oromia zone:Arsi ZHD,confirmed
1089080,abdi bori primary clinic,oromia,XvDyvVlXfVL,abdi boru primary clinic,oromia,0.8074589967727661,abdi bori primary clinic woreda:Begi region:oromia zone:West Wollega Zone,abdi boru primary clinic region:oromia zone:Arsi ZHD,confirmed
1089080,abdi bori primary clinic,oromia,lEXvArQdOeK,abdi boru primary clinic,oromia,0.8190688490867615,abdi bori primary clinic woreda:Begi region:oromia zone:West Wollega Zone,abdi boru primary clinic region:oromia zone:East Hararge ZHD,confirmed
1089080,abdi bori primary clinic,oromia,ACZBpOi0ti5,abdi booru primary clinic,oromia,0.8075412511825562,abdi bori primary clinic woreda:Begi region:oromia zone:West Wollega Zone,abdi booru primary clinic region:oromia zone:East Hararge ZHD,confirmed
1089080,abdi bori primary clinic,oromia,zG8PEJvi3fg,abdi bori primary clinic,oromia,0.8256992101669312,abdi bori primary clinic woreda:Begi region:oromia zone:West Wollega Zone,abdi bori primary clinic region:oromia zone:Kelem Wellega  ZHD,confirmed
1089080,abdi bori primary clinic,oromia,le985Djz8ZH,abdi boru lower primary clinic,oromia,0.8411001563072205,abdi bori primary clinic woreda:Begi region:oromia zone:West Wollega Zone,abdi boru lower primary clinic region:oromia zone:West Hararge ZHD,confirmed
1089080,abdi bori primary clinic,oromia,f9dRHxYDzjk,abdi bori primary clinic,oromia,0.8657931089401245,abdi bori primary clinic woreda:Begi region:oromia zone:West Wollega Zone,abdi bori primary clinic region:oromia zone:West Wellega  ZHD,confirmed
1089080,abdi bori primary clinic,oromia,Ho9XnZwjZMT,abdi primary clinic,oromia,0.8177540898323059,abdi bori primary clinic woreda:Begi region:oromia zone:West Wollega Zone,abdi primary clinic region:oromia zone:West Wellega  ZHD,confirmed
1089108,abenezer primary clinic,oromia,XwE4YJNfaCW,abenezar primary clinic,oromia,0.8082646727561951,abenezer primary clinic woreda:Lalo Asabi region:oromia zone:West Wollega Zone,abenezar primary clinic region:oromia zone:South West Shewa  ZHD,confirmed
1089108,abenezer primary clinic,oromia,RQMPieypQsI,abenezer primary clinic,oromia,0.819927453994751,abenezer primary clinic woreda:Lalo Asabi region:oromia zone:West Wollega Zone,abenezer primary clinic region:oromia zone:West Wellega  ZHD,confirmed
1089108,abenezer primary clinic,oromia,juM4TMTINSP,abenezer 2nd primary clinic,oromia,0.8177353143692017,abenezer primary clinic woreda:Lalo Asabi region:oromia zone:West Wollega Zone,abenezer 2nd primary clinic region:oromia zone:West Wellega  ZHD,confirmed
1089108,abenezer primary clinic,oromia,bIl6SSQzpCI,abenezer primary clinic,oromia,0.819927453994751,abenezer primary clinic woreda:Lalo Asabi region:oromia zone:West Wollega Zone,abenezer primary clinic region:oromia zone:West Wellega  ZHD,confirmed
1089149,abdii borii primary clinic,oromia,le985Djz8ZH,abdi boru lower primary clinic,oromia,0.8073382377624512,abdii borii primary clinic woreda:Qondala region:oromia zone:West Wollega Zone,abdi boru lower primary clinic region:oromia zone:West Hararge ZHD,confirmed
1089149,abdii borii primary clinic,oromia,f9dRHxYDzjk,abdi bori primary clinic,oromia,0.8369001150131226,abdii borii primary clinic woreda:Qondala region:oromia zone:West Wollega Zone,abdi bori primary clinic region:oromia zone:West Wellega  ZHD,confirmed
1089151,amanuel primary clinic,oromia,L6jeD5QdYRJ,amanuel primary clinic,oromia,0.8027526140213013,amanuel primary clinic woreda:Qondala region:oromia zone:West Wollega Zone,amanuel primary clinic region:oromia zone:East Wellega ZHD,confirmed
1089151,amanuel primary clinic,oromia,WW20quZa78N,amanuel 2nd primary clinic,oromia,0.8242252469062805,amanuel primary clinic woreda:Qondala region:oromia zone:West Wollega Zone,amanuel 2nd primary clinic region:oromia zone:West Wellega  ZHD,confirmed
1089151,amanuel primary clinic,oromia,XjdmFRNWzXY,amanuel primary clinic,oromia,0.8280402421951294,amanuel primary clinic woreda:Qondala region:oromia zone:West Wollega Zone,amanuel primary clinic region:oromia zone:West Wellega  ZHD,confirmed
1089151,amanuel primary clinic,oromia,iuTxgo2YEAL,amanuel primary clinic,oromia,0.8280402421951294,amanuel primary clinic woreda:Qondala region:oromia zone:West Wollega Zone,amanuel primary clinic region:oromia zone:West Wellega  ZHD,confirmed
1089152,biftu primary clinic,oromia,RTpEBBwg7n7,biftuu primary clinic,oromia,0.8146430253982544,biftu primary clinic woreda:Qondala region:oromia zone:West Wollega Zone,biftuu primary clinic region:oromia zone:East Hararge ZHD,confirmed
1089152,biftu primary clinic,oromia,ONo5bd3EAbs,biftu primary clinic,oromia,0.8328871726989746,biftu primary clinic woreda:Qondala region:oromia zone:West Wollega Zone,biftu primary clinic region:oromia zone:West Arsi ZHD,confirmed
1089172,iman pharmacy,oromia,IEaUfytPVSK,iman primary clinic,oromia,0.8089813590049744,iman pharmacy woreda:Batu Town region:oromia zone:Batu Town,iman primary clinic region:oromia zone:East Hararge ZHD,confirmed
1089177,tokuma primary clinic,oromia,Qdb5UmujBJG,tokuma primary clinic,oromia,0.8474445343017578,tokuma primary clinic woreda:Bule Hora Town region:oromia zone:Bule Hora Town,tokuma primary clinic region:oromia zone:Arsi ZHD,confirmed
1089178,samale medium clinic,somali,BnwzgxLuYdj,samale primary clinic,somali,0.804956316947937,samale medium clinic woreda:Jigjiga Town region:somali zone:Fafan,samale primary clinic region:somali zone:Fafan ZHD,confirmed
1089185,walin medium clinic,oromia,pXKyClTvUYc,walin medium clinic,oromia,0.8304814100265503,walin medium clinic woreda:Mene Sibu region:oromia zone:West Wollega Zone,walin medium clinic region:oromia zone:South West Shewa  ZHD,confirmed
1089241,mohammed medium clinic,amhara,hTxBrgj9uKS,mohammed medium clinic,amhara,0.8027512431144714,mohammed medium clinic woreda:Dawa Chefa region:amhara zone:Oromia Special Zone,mohammed medium clinic region:amhara zone:Kombolcha THO,confirmed
1089241,mohammed medium clinic,amhara,Rb1gg6rqFoT,mohammed medium clinic,amhara,0.8063550591468811,mohammed medium clinic woreda:Dawa Chefa region:amhara zone:Oromia Special Zone,mohammed medium clinic region:amhara zone:South Wollo ZHD,confirmed
1089362,leyu medium clinic,addis ababa,MCSmMYaIBK0,leyu medium clinic,addis ababa,0.8125947117805481,leyu medium clinic woreda:Woreda 3 region:addis ababa zone:Lemi kura Sub city,leyu medium clinic region:addis ababa zone:Nifas Silk Lafto Sub City,confirmed
1089378,tana medium clinic,addis ababa,QEczFafiMg6,tena medium clinic,addis ababa,0.8259196877479553,tana medium clinic region:addis ababa zone:Lemi kura Sub city,tena medium clinic region:addis ababa zone:Lideta Sub City,confirmed
1089456,gerji pharmacy,addis ababa,xYUUJfps0G7,gerji medium clinic,addis ababa,0.8070172071456909,gerji pharmacy woreda:Woreda 13 region:addis ababa zone:Bole Sub City,gerji medium clinic region:addis ababa zone:Bole Sub City,confirmed
1089630,helpers home based health care service,addis ababa,mz9eZYHdY3h,helpers home based care service,addis ababa,0.821521520614624,helpers home based health care service woreda:Woreda 7 region:addis ababa zone:Arada Sub City,helpers home based care service region:addis ababa zone:Yeka Sub City,confirmed
1089671,africa specialty dental clinic,addis ababa,zFtojLMTPjz,africa internal medicine specialty clinic no 5,addis ababa,0.8153226375579834,africa specialty dental clinic woreda:Woreda 5 region:addis ababa zone:Bole Sub City,africa internal medicine specialty clinic no 5 region:addis ababa zone:Addis Ketema Sub City,confirmed
1089885,addis drug store,addis ababa,r8JbGJsWWLp,addisketema woreda 1 dic,addis ababa,0.8167561888694763,addis drug store woreda:Woreda 11 region:addis ababa zone:Nifas Silk Lafto Sub City,addisketema woreda 1 dic region:addis ababa zone:Addis Ketema Sub City,confirmed
1089885,addis drug store,addis ababa,PObFChfmikr,addisketema woreda 9 dic,addis ababa,0.8370313048362732,addis drug store woreda:Woreda 11 region:addis ababa zone:Nifas Silk Lafto Sub City,addisketema woreda 9 dic region:addis ababa zone:Addis Ketema Sub City,confirmed
1089885,addis drug store,addis ababa,aWIkrNOhLW9,addis hiwot pirmary clinic,addis ababa,0.8008691072463989,addis drug store woreda:Woreda 11 region:addis ababa zone:Nifas Silk Lafto Sub City,addis hiwot pirmary clinic region:addis ababa zone:Nifas Silk Lafto Sub City,confirmed
1089886,ejersa goro health center community pharmacy,oromia,Ej8XepeZCH3,ejersa goro jarso phcu,oromia,0.8029509782791138,ejersa goro health center community pharmacy woreda:Jarso region:oromia zone:East Hararge Zone,ejersa goro jarso phcu region:oromia zone:East Hararge ZHD,confirmed
1089918,nol dental specialty clinic no 2,addis ababa,qEGb2pgOT3w,nol speciality dental clinic,addis ababa,0.8170943856239319,nol dental specialty clinic no 2 woreda:Woreda 3 region:addis ababa zone:Bole Sub City,nol speciality dental clinic region:addis ababa zone:Bole Sub City,confirmed
1089947,alem yehitsanat primary clinic,addis ababa,yF7LGUX1PYL,alem hethanate derejete primary clinic,addis ababa,0.8322641849517822,alem yehitsanat primary clinic woreda:Woreda 2 region:addis ababa zone:Nifas Silk Lafto Sub City,alem hethanate derejete primary clinic region:addis ababa zone:Nifas Silk Lafto Sub City,confirmed
1089974,brehan drug store,addis ababa,D3OX1LtTiVf,brehane integerated community developement organization,addis ababa,0.8323521018028259,brehan drug store region:addis ababa zone:Akaki Kality Sub City,brehane integerated community developement organization region:addis ababa zone:Arada Sub City WorHO,confirmed
1090015,ethio care medium clinic,addis ababa,yW94iCxADSB,ethio korkina tasa primary clinic,addis ababa,0.9194884896278381,ethio care medium clinic region:addis ababa zone:Akaki Kality Sub City,ethio korkina tasa primary clinic region:addis ababa zone:Akaki Kality Sub City,confirmed
1090015,ethio care medium clinic,addis ababa,dBSy17QrXTY,ethio agri cefet primary clinic,addis ababa,0.8725048899650574,ethio care medium clinic region:addis ababa zone:Akaki Kality Sub City,ethio agri cefet primary clinic region:addis ababa zone:Nifas Silk Lafto Sub City,confirmed
1090041,geda primary clinic,oromia,qkvQYWPl1Nu,geda primary clinic,oromia,0.8026764392852783,geda primary clinic woreda:Haramaya Sub City region:oromia zone:Maya Town,geda primary clinic region:oromia zone:East Hararge ZHD,confirmed
1090072,leyu medium clinic,addis ababa,MCSmMYaIBK0,leyu medium clinic,addis ababa,0.8169309496879578,leyu medium clinic woreda:Woreda 9 region:addis ababa zone:Akaki Kality Sub City,leyu medium clinic region:addis ababa zone:Nifas Silk Lafto Sub City,confirmed
1090078,ethio health medium clinics,addis ababa,Co5XI0fSeDL,ethiohealth medium clinic,addis ababa,0.842826783657074,ethio health medium clinics woreda:Woreda 15 region:addis ababa zone:Nifas Silk Lafto Sub City,ethiohealth medium clinic region:addis ababa zone:Nifas Silk Lafto Sub City,confirmed
1090081,best cure medium clinic,addis ababa,ZBsJz7yToKp,best care medium clinic,addis ababa,0.8116417527198792,best cure medium clinic woreda:Woreda 14 region:addis ababa zone:Nifas Silk Lafto Sub City,best care medium clinic region:addis ababa zone:Nifas Silk Lafto Sub City,confirmed
1090098,addis hiwot primary clinic,addis ababa,aWIkrNOhLW9,addis hiwot pirmary clinic,addis ababa,0.8188607692718506,addis hiwot primary clinic woreda:Woreda 11 region:addis ababa zone:Nifas Silk Lafto Sub City,addis hiwot pirmary clinic region:addis ababa zone:Nifas Silk Lafto Sub City,confirmed
1090102,ab primary clinic,addis ababa,ztX0szhrMay,ab primary clinic,addis ababa,0.8516051769256592,ab primary clinic woreda:Woreda 11 region:addis ababa zone:Nifas Silk Lafto Sub City,ab primary clinic region:addis ababa zone:Nifas Silk Lafto Sub City,confirmed
1090247,hundaf medium clinic,oromia,Eg77Pog8dyZ,hundaf medium clinic,oromia,0.806757926940918,hundaf medium clinic woreda:Sude region:oromia zone:Arsi zone,hundaf medium clinic region:oromia zone:Jimma ZHD,confirmed
1090311,asrate primary clinic,addis ababa,MLBcMQqKiUS,asrate primary clinic,addis ababa,0.8510652184486389,asrate primary clinic woreda:Woreda 3 region:addis ababa zone:Addis Ketema Sub City,asrate primary clinic region:addis ababa zone:Addis Ketema Sub City,confirmed
1090350,done number no 4 dental spciality clinic,addis ababa,QpxTZvuwg4h,done no 5 dental speciality clinic,addis ababa,0.8260583877563477,done number no 4 dental spciality clinic woreda:Woreda 10 region:addis ababa zone:Lideta Sub City,done no 5 dental speciality clinic region:addis ababa zone:Arada Sub City WorHO,confirmed
1090373,hibret medium clinic,tigray,cmYgio5xVhe,hibret medium clinic,tigray,0.8160501718521118,hibret medium clinic woreda:Hadnet region:tigray zone:Mekelle Zone,hibret medium clinic region:tigray zone:Western ZHD,confirmed
1090502,oromiya medium clinic,oromia,QC1di9JETVo,oromiya medium clinic,oromia,0.8217255473136902,oromiya medium clinic woreda:Seyo Nole region:oromia zone:West Wollega Zone,oromiya medium clinic region:oromia zone:North Shewa  ZHD,confirmed
1090514,mebastar medium clinic,addis ababa,Ua8s1saATEd,mebas medium clinic,addis ababa,0.8055882453918457,mebastar medium clinic woreda:Woreda13 region:addis ababa zone:Akaki Kality Sub City,mebas medium clinic region:addis ababa zone:Nifas Silk Lafto Sub City,confirmed
1090520,walin medium clinic,oromia,pXKyClTvUYc,walin medium clinic,oromia,0.8332292437553406,walin medium clinic woreda:Leta Sibu region:oromia zone:West Wollega Zone,walin medium clinic region:oromia zone:South West Shewa  ZHD,confirmed
1090621,abenezer primary clinic,oromia,XwE4YJNfaCW,abenezar primary clinic,oromia,0.8127210736274719,abenezer primary clinic woreda:Nedjo Rural region:oromia zone:West Wollega Zone,abenezar primary clinic region:oromia zone:South West Shewa  ZHD,confirmed
1090621,abenezer primary clinic,oromia,RQMPieypQsI,abenezer primary clinic,oromia,0.8270539045333862,abenezer primary clinic woreda:Nedjo Rural region:oromia zone:West Wollega Zone,abenezer primary clinic region:oromia zone:West Wellega  ZHD,confirmed
1090621,abenezer primary clinic,oromia,juM4TMTINSP,abenezer 2nd primary clinic,oromia,0.822485089302063,abenezer primary clinic woreda:Nedjo Rural region:oromia zone:West Wollega Zone,abenezer 2nd primary clinic region:oromia zone:West Wellega  ZHD,confirmed
1090621,abenezer primary clinic,oromia,bIl6SSQzpCI,abenezer primary clinic,oromia,0.8270539045333862,abenezer primary clinic woreda:Nedjo Rural region:oromia zone:West Wollega Zone,abenezer primary clinic region:oromia zone:West Wellega  ZHD,confirmed
1090661,dilo health post,oromia,Q8raT3S4VP7,dilo health post,oromia,0.9141964912414551,dilo health post woreda:Dilo region:oromia zone:Borena Zone,dilo health post region:oromia zone:Borena ZHD,confirmed
1090661,dilo health post,oromia,aX2N0KIFcN3,dilo phcu,oromia,0.8041218519210815,dilo health post woreda:Dilo region:oromia zone:Borena Zone,dilo phcu region:oromia zone:Borena ZHD,confirmed
1090665,hobok health post,oromia,gJvsJ1mSDHi,hobok health post,oromia,0.8659960627555847,hobok health post woreda:Dilo region:oromia zone:Borena Zone,hobok health post region:oromia zone:Borena ZHD,confirmed
1090666,kancharo health post,oromia,fcQOQ7skaQc,kancharo health post,oromia,0.868384063243866,kancharo health post woreda:Dilo region:oromia zone:Borena Zone,kancharo health post region:oromia zone:Borena ZHD,confirmed
1090714,fikadu medium dental clinic,addis ababa,rUzROETL42M,fikadu medium dental clinic,addis ababa,0.8648300766944885,fikadu medium dental clinic woreda:Woreda 9 region:addis ababa zone:Addis Ketema Sub City,fikadu medium dental clinic region:addis ababa zone:Addis Ketema Sub City,confirmed
1090738,elsheday medium clinic,oromia,BG65sAhNWpi,elshaday medium clinic,oromia,0.8725464344024658,elsheday medium clinic woreda:Ambo Town region:oromia zone:Ambo Town,elshaday medium clinic region:oromia zone:Ambo Town ZHD,confirmed
1090749,kessen medium clinic,oromia,STJVfxrJK6L,kegna medium medium clinic,oromia,0.8586874604225159,kessen medium clinic woreda:Jimma Town region:oromia zone:Jimma Town,kegna medium medium clinic region:oromia zone:Jimma ZHD,confirmed
1090819,beka medium clinic,oromia,ZyuxxFFx7ve,beka medium clinic,oromia,0.8019826412200928,beka medium clinic woreda:Guradhamole region:oromia zone:Bale Zone,beka medium clinic region:oromia zone:SHEGER CITY Health Office,confirmed
1090830,amanuel redate primary clinic,oromia,L6jeD5QdYRJ,amanuel primary clinic,oromia,0.8056436777114868,amanuel redate primary clinic woreda:Uraga region:oromia zone:Guji Zone,amanuel primary clinic region:oromia zone:East Wellega ZHD,confirmed
1090830,amanuel redate primary clinic,oromia,aJTxIFdtPuo,amanuel primary clinic,oromia,0.837540328502655,amanuel redate primary clinic woreda:Uraga region:oromia zone:Guji Zone,amanuel primary clinic region:oromia zone:Guji ZHD,confirmed
1090830,amanuel redate primary clinic,oromia,WW20quZa78N,amanuel 2nd primary clinic,oromia,0.8014572858810425,amanuel redate primary clinic woreda:Uraga region:oromia zone:Guji Zone,amanuel 2nd primary clinic region:oromia zone:West Wellega  ZHD,confirmed
1090830,amanuel redate primary clinic,oromia,XjdmFRNWzXY,amanuel primary clinic,oromia,0.8057895302772522,amanuel redate primary clinic woreda:Uraga region:oromia zone:Guji Zone,amanuel primary clinic region:oromia zone:West Wellega  ZHD,confirmed
1090830,amanuel redate primary clinic,oromia,iuTxgo2YEAL,amanuel primary clinic,oromia,0.8057895302772522,amanuel redate primary clinic woreda:Uraga region:oromia zone:Guji Zone,amanuel primary clinic region:oromia zone:West Wellega  ZHD,confirmed
1090840,tokuma primary clinic,oromia,Qdb5UmujBJG,tokuma primary clinic,oromia,0.805452287197113,tokuma primary clinic woreda:Yubdo region:oromia zone:West Wollega Zone,tokuma primary clinic region:oromia zone:Arsi ZHD,confirmed
1090907,ayenew primary clinic,amhara,sH3pKTo2YMJ,ayenew primary clinic,amhara,0.8757681846618652,ayenew primary clinic woreda:Goncha region:amhara zone:East Gojjam Zone,ayenew primary clinic region:amhara zone:West Gojjam ZHD,confirmed
1090909,solomon primary clinic,amhara,hKmwuQ3zSpn,solomon primary clinic,amhara,0.8468594551086426,solomon primary clinic woreda:Goncha region:amhara zone:East Gojjam Zone,solomon primary clinic region:amhara zone:South Gondar ZHD,confirmed
1090909,solomon primary clinic,amhara,n8354eyAqcO,solomon primery clinic,amhara,0.8368995785713196,solomon primary clinic woreda:Goncha region:amhara zone:East Gojjam Zone,solomon primery clinic region:amhara zone:West Gojjam ZHD,confirmed
1090914,mechote medium clinic,addis ababa,cwdUgQnZTjA,mekedim medium clinic,addis ababa,0.8001522421836853,mechote medium clinic woreda:Woreda 13 region:addis ababa zone:Addis Ketema Sub City,mekedim medium clinic region:addis ababa zone:Kolfe Subcity,confirmed
1090935,milki medium clinic,oromia,lDPb4ls6OKI,milkaa'ina medium clinic,oromia,0.8071810007095337,milki medium clinic woreda:Leta Sibu region:oromia zone:West Wollega Zone,milkaa'ina medium clinic region:oromia zone:SHEGER CITY Health Office,confirmed
1090968,diriba primary clinic,oromia,BFEjr6GZ4RK,diriba primary clinic,oromia,0.8472616672515869,diriba primary clinic woreda:Gimbi Rural region:oromia zone:West Wollega Zone,diriba primary clinic region:oromia zone:West Wellega  ZHD,confirmed
1091034,abeba yohans health post,tigray,N4SzLVTl3rV,abeba yohanis health post,tigray,0.8735970258712769,abeba yohans health post woreda:Naeder Woreda region:tigray zone:Central Zone,abeba yohanis health post region:tigray zone:Central ZHD,confirmed
1091042,oda medium clinic,oromia,TLMVdACjZHZ,oda medium clinic,oromia,0.8264999389648438,oda medium clinic woreda:Guliso region:oromia zone:West Wollega Zone,oda medium clinic region:oromia zone:Horo Gudru Wellega  ZHD,confirmed
1091042,oda medium clinic,oromia,HQd6dFx5JfP,oda medium clinic,oromia,0.8144748210906982,oda medium clinic woreda:Guliso region:oromia zone:West Wollega Zone,oda medium clinic region:oromia zone:North Shewa  ZHD,confirmed
1091042,oda medium clinic,oromia,oOJXOhLOhub,oda medium clinic,oromia,0.8499798774719238,oda medium clinic woreda:Guliso region:oromia zone:West Wollega Zone,oda medium clinic region:oromia zone:West Shewa  ZHD,confirmed
1091105,wabi medium clinic,oromia,hF9QSOdabaS,wabi medium clinic,oromia,0.8283549547195435,wabi medium clinic woreda:Ganji region:oromia zone:West Wollega Zone,wabi medium clinic region:oromia zone:West Wellega  ZHD,confirmed
1091168,oda bultum university health center,oromia,bh5DAjUg8dl,oda bultum health post,oromia,0.8093063235282898,oda bultum university health center woreda:Chiro Town region:oromia zone:West Hararge Zone,oda bultum health post region:oromia zone:West Hararge ZHD,confirmed
1091262,biftu pharmacy,oromia,RTpEBBwg7n7,biftuu primary clinic,oromia,0.8025391101837158,biftu pharmacy woreda:Jimma Town region:oromia zone:Jimma Town,biftuu primary clinic region:oromia zone:East Hararge ZHD,confirmed
1091262,biftu pharmacy,oromia,ONo5bd3EAbs,biftu primary clinic,oromia,0.8059558868408203,biftu pharmacy woreda:Jimma Town region:oromia zone:Jimma Town,biftu primary clinic region:oromia zone:West Arsi ZHD,confirmed
1091369,holeta hospital community pharmacy,oromia,dULbOCdQ3Hi,holeta international medium clinic,oromia,0.8129777312278748,holeta hospital community pharmacy woreda:Holota Town region:oromia zone:Holeta Town,holeta international medium clinic region:oromia zone:Holota Town ZHD,confirmed
1091401,chuko health center,sidama,NkdTgOnah8G,chuko primary hospital phcu,sidama,0.8443194627761841,chuko health center woreda:Aleta Chuko Town region:sidama zone:Southern Zone,chuko primary hospital phcu region:sidama zone:Aleta Chuko Town WorHO,confirmed
1091442,oromia medium clinic,oromia,QC1di9JETVo,oromiya medium clinic,oromia,0.8007641434669495,oromia medium clinic woreda:Diga region:oromia zone:East Wollega Zone,oromiya medium clinic region:oromia zone:North Shewa  ZHD,confirmed
1091442,oromia medium clinic,oromia,kgIC1qSLbOp,oromia medium clinic,oromia,0.8119194507598877,oromia medium clinic woreda:Diga region:oromia zone:East Wollega Zone,oromia medium clinic region:oromia zone:West Arsi ZHD,confirmed
1091447,oda medium clinic,oromia,cTroaMwo363,oda medium clinic,oromia,0.8630180954933167,oda medium clinic woreda:Robe region:oromia zone:Arsi zone,oda medium clinic region:oromia zone:Arsi ZHD,confirmed
1091447,oda medium clinic,oromia,wuyjsSJvdeD,oda medium clinic,oromia,0.8630180954933167,oda medium clinic woreda:Robe region:oromia zone:Arsi zone,oda medium clinic region:oromia zone:Arsi ZHD,confirmed
1091447,oda medium clinic,oromia,TLMVdACjZHZ,oda medium clinic,oromia,0.801780104637146,oda medium clinic woreda:Robe region:oromia zone:Arsi zone,oda medium clinic region:oromia zone:Horo Gudru Wellega  ZHD,confirmed
1091447,oda medium clinic,oromia,HQd6dFx5JfP,oda medium clinic,oromia,0.8088070750236511,oda medium clinic woreda:Robe region:oromia zone:Arsi zone,oda medium clinic region:oromia zone:North Shewa  ZHD,confirmed
1091447,oda medium clinic,oromia,oOJXOhLOhub,oda medium clinic,oromia,0.8094618916511536,oda medium clinic woreda:Robe region:oromia zone:Arsi zone,oda medium clinic region:oromia zone:West Shewa  ZHD,confirmed
1091449,harme medium clinic,oromia,Cll8zrl2WPv,harme medium clinic,oromia,0.800152599811554,harme medium clinic woreda:Berbere region:oromia zone:Bale Zone,harme medium clinic region:oromia zone:North Shewa  ZHD,confirmed
1091517,amanuel primary clinic,oromia,L6jeD5QdYRJ,amanuel primary clinic,oromia,0.8078186511993408,amanuel primary clinic woreda:Seyo Nole region:oromia zone:West Wollega Zone,amanuel primary clinic region:oromia zone:East Wellega ZHD,confirmed
1091517,amanuel primary clinic,oromia,aJTxIFdtPuo,amanuel primary clinic,oromia,0.8027514219284058,amanuel primary clinic woreda:Seyo Nole region:oromia zone:West Wollega Zone,amanuel primary clinic region:oromia zone:Guji ZHD,confirmed
1091517,amanuel primary clinic,oromia,WW20quZa78N,amanuel 2nd primary clinic,oromia,0.8341818451881409,amanuel primary clinic woreda:Seyo Nole region:oromia zone:West Wollega Zone,amanuel 2nd primary clinic region:oromia zone:West Wellega  ZHD,confirmed
1091517,amanuel primary clinic,oromia,XjdmFRNWzXY,amanuel primary clinic,oromia,0.8354938626289368,amanuel primary clinic woreda:Seyo Nole region:oromia zone:West Wollega Zone,amanuel primary clinic region:oromia zone:West Wellega  ZHD,confirmed
1091517,amanuel primary clinic,oromia,iuTxgo2YEAL,amanuel primary clinic,oromia,0.8354938626289368,amanuel primary clinic woreda:Seyo Nole region:oromia zone:West Wollega Zone,amanuel primary clinic region:oromia zone:West Wellega  ZHD,confirmed
1091582,rubay health post,tigray,NeAISU46k6P,rubay health post,tigray,0.8518496751785278,rubay health post woreda:Adet Woreda region:tigray zone:Central Zone,rubay health post region:tigray zone:Central ZHD,confirmed
1091598,walin medium clinic,oromia,pXKyClTvUYc,walin medium clinic,oromia,0.8225403428077698,walin medium clinic woreda:Lalo Asabi region:oromia zone:West Wollega Zone,walin medium clinic region:oromia zone:South West Shewa  ZHD,confirmed
1091638,walin medium clinic,oromia,pXKyClTvUYc,walin medium clinic,oromia,0.8137974739074707,walin medium clinic woreda:Furi Sub -City region:oromia zone:Sheger City,walin medium clinic region:oromia zone:South West Shewa  ZHD,confirmed
1091674,albe shafe health post,south west ethiopia,Vj7CmQH8sBZ,albe agare health post,south west ethiopia,0.8287696838378906,albe shafe health post woreda:Ameya Zuriya woreda region:south west ethiopia zone:Konta Zone,albe agare health post region:south west ethiopia zone:Konta ZHD,confirmed
1091682,hanchano dicha health post,south west ethiopia,cyI2kuyPx7V,hanchano genet health post,south west ethiopia,0.8190573453903198,hanchano dicha health post woreda:Ela Anchano Woreda region:south west ethiopia zone:Konta Zone,hanchano genet health post region:south west ethiopia zone:Konta ZHD,confirmed
1091693,hayu medium clinic,oromia,khoad7mmgq7,hayu medium clinic,oromia,0.8528315424919128,hayu medium clinic woreda:Ganji region:oromia zone:West Wollega Zone,hayu medium clinic region:oromia zone:West Wellega  ZHD,confirmed
1091728,gezahegn medium clinic,south west ethiopia,GDNbR9V5Pkb,gezahegn habte primary clinic,south west ethiopia,0.8179367184638977,gezahegn medium clinic woreda:South Bench Woreda region:south west ethiopia zone:Bench Sheko Zone,gezahegn habte primary clinic region:south west ethiopia zone:Kaffa ZHD,confirmed
1091747,wado barwaqo,somali,vsfDvLInvRb,wado barwaqo health post,somali,0.8699995875358582,wado barwaqo woreda:Aware region:somali zone:Jarar,wado barwaqo health post region:somali zone:Jarar ZHD,confirmed
1091750,el kur health post,somali,j0QVOrX5bGr,el kur health post,somali,0.8656175136566162,el kur health post woreda:Kadadumo region:somali zone:Dawa,el kur health post region:somali zone:Dawa ZHD,confirmed
1091752,koracelists,somali,sX9p1Fn4A2F,koracelista,somali,0.8237308859825134,koracelists woreda:Degahbur region:somali zone:Jarar,koracelista region:somali zone:Jarar ZHD,confirmed
1091760,afgoye health center,somali,NXHSBFHcNRa,af goye health center,somali,0.8298075795173645,afgoye health center woreda:Moyale region:somali zone:Dawa,af goye health center region:somali zone:Dawa ZHD,confirmed
1091763,damota health post,oromia,OuGNJ3suOfh,damota health post,oromia,0.8270061612129211,damota health post woreda:Mana Abicha Sub-City region:oromia zone:Sheger City,damota health post region:oromia zone:SHEGER CITY Health Office,confirmed
1091765,wesarbi guto health post,oromia,RFUqgPkD05j,weserbi guto health post,oromia,0.819937527179718,wesarbi guto health post woreda:Mana Abicha Sub-City region:oromia zone:Sheger City,weserbi guto health post region:oromia zone:SHEGER CITY Health Office,confirmed
1091767,akako mana abichu health post,oromia,yDTiaeDdxP5,akako mana abichu health post,oromia,0.8976904153823853,akako mana abichu health post woreda:Mana Abicha Sub-City region:oromia zone:Sheger City,akako mana abichu health post region:oromia zone:SHEGER CITY Health Office,confirmed
1091774,heraday health post,somali,nhnC5IqFZYr,heraday health post,somali,0.8727931976318359,heraday health post woreda:Birqod region:somali zone:Jarar,heraday health post region:somali zone:Jarar ZHD,confirmed
1091781,gulale health post,somali,vrQXqHVnkIL,gulale health post,somali,0.872239351272583,gulale health post woreda:Moyale region:somali zone:Dawa,gulale health post region:somali zone:Dawa ZHD,confirmed
1091784,adola woyu medium dental clinic,oromia,HhA9smInXj7,adola medium dental,oromia,0.8172457218170166,adola woyu medium dental clinic woreda:Adola Town region:oromia zone:Guji Zone,adola medium dental region:oromia zone:Guji ZHD,confirmed
1091790,hamda primary clinic,somali,y1brXdWvdbm,hamda primary clinic,somali,0.8842082023620605,hamda primary clinic woreda:Hudhet region:somali zone:Dawa,hamda primary clinic region:somali zone:Dawa ZHD,confirmed
1091791,ayanbadane health post,somali,O6VZBKYS4wG,ayanbadane health post,somali,0.8623449206352234,ayanbadane health post woreda:Elele region:somali zone:Shebelle,ayanbadane health post region:somali zone:Shebelle ZHD,confirmed
1091793,fakow health post,somali,RPvdtBp5rtC,fakow health post,somali,0.8667090535163879,fakow health post woreda:Elele region:somali zone:Shebelle,fakow health post region:somali zone:Shebelle ZHD,confirmed
1091794,gaadhijabane health post,somali,TKWwUg4QJ0n,gaadhijabane health post,somali,0.8690916299819946,gaadhijabane health post woreda:Elele region:somali zone:Shebelle,gaadhijabane health post region:somali zone:Shebelle ZHD,confirmed
1091795,qambey health post,somali,VHY9JIBZmNi,qambey health post,somali,0.8702178001403809,qambey health post woreda:Elele region:somali zone:Shebelle,qambey health post region:somali zone:Shebelle ZHD,confirmed
1091797,harjano health post,somali,N5w9cAwF56i,harjano health post,somali,0.8619896769523621,harjano health post woreda:Mayumuluqo region:somali zone:Erar,harjano health post region:somali zone:Erar ZHD,confirmed
1091798,jiida misra health post,somali,nXGoFf45L0b,jiida misra health post,somali,0.8735679984092712,jiida misra health post woreda:Mayumuluqo region:somali zone:Erar,jiida misra health post region:somali zone:Erar ZHD,confirmed
1091801,baadiful health post,somali,OILJe3Jyx4G,baadiful health post,somali,0.8377118706703186,baadiful health post woreda:Lagahida region:somali zone:Erar,baadiful health post region:somali zone:Erar ZHD,confirmed
1091802,afdhagah health post,somali,ozTqSBZwchk,afdhagax health post,somali,0.8338369131088257,afdhagah health post woreda:Wangey region:somali zone:Erar,afdhagax health post region:somali zone:Erar ZHD,confirmed
1091803,03 kabele health post,somali,GeXo5t2NiSw,03 kabele health post,somali,0.8821563124656677,03 kabele health post woreda:Godey City region:somali zone:Shebelle,03 kabele health post region:somali zone:Shebelle ZHD,confirmed
1091804,laba haar health post,somali,oevRbhnOiGp,laba haar health post,somali,0.8457093834877014,laba haar health post woreda:Wangey region:somali zone:Erar,laba haar health post region:somali zone:Erar ZHD,confirmed
1091807,boodhley,somali,OVS7tWCovbV,boodhley health post,somali,0.8315752148628235,boodhley woreda:Yahoob region:somali zone:Erar,boodhley health post region:somali zone:Erar ZHD,confirmed
1091809,bakal health post,somali,nfY2mXzSUsD,bakal health post,somali,0.8796718716621399,bakal health post woreda:Mustahil region:somali zone:Shebelle,bakal health post region:somali zone:Shebelle ZHD,confirmed
1091813,ceelbarir health post,somali,PUYGqQksrKz,ceelbarir health post,somali,0.870535671710968,ceelbarir health post woreda:Mustahil region:somali zone:Shebelle,ceelbarir health post region:somali zone:Shebelle ZHD,confirmed
1091817,kol igee health post,somali,hOMTbEegGL7,kol igee health post second generation,somali,0.8817684650421143,kol igee health post woreda:Mustahil region:somali zone:Shebelle,kol igee health post second generation region:somali zone:Shebelle ZHD,confirmed
1091819,walin medium clinic,oromia,pXKyClTvUYc,walin medium clinic,oromia,0.8048248887062073,walin medium clinic woreda:Gawo Kebe region:oromia zone:Kelem Wollega Zone,walin medium clinic region:oromia zone:South West Shewa  ZHD,confirmed
1091825,harlibaah,somali,bkUw5iw1Smk,harlibaax health post,somali,0.8060811758041382,harlibaah woreda:Qubi region:somali zone:Erar,harlibaax health post region:somali zone:Erar ZHD,confirmed
1091826,golbarwako health center,somali,we8yAVZvXC0,golbarwaqo health center,somali,0.8613023161888123,golbarwako health center woreda:Gursum region:somali zone:Fafan,golbarwaqo health center region:somali zone:Fafan ZHD,confirmed
1091829,hargududo health post,somali,Sw5sEnhzAjg,hargududo health post,somali,0.8676028847694397,hargududo health post woreda:Qalafo region:somali zone:Shebelle,hargududo health post region:somali zone:Shebelle ZHD,confirmed
1091831,balanbal health post,somali,Eo8I4x6kjnJ,balanbal health post,somali,0.8636162877082825,balanbal health post woreda:Bodalay region:somali zone:Korahay,balanbal health post region:somali zone:Korahay ZHD,confirmed
1091835,wabigur health post,somali,Jv8WUTmBCqh,wabigur health post,somali,0.8438215255737305,wabigur health post woreda:El-Ogaden region:somali zone:Korahay,wabigur health post region:somali zone:Korahay ZHD,confirmed
1091836,weeca health post,somali,PXbTgHlqg55,weeca health post,somali,0.874038577079773,weeca health post woreda:Fik region:somali zone:Erar,weeca health post region:somali zone:Erar ZHD,confirmed
1091837,lahelaw health post,somali,hoBAV35l0rm,lahelaw health post,somali,0.8932508230209351,lahelaw health post woreda:Garbo region:somali zone:Nogob,lahelaw health post region:somali zone:Nogob ZHD,confirmed
1091841,shabah health post,somali,ZgOOQCi7nW5,shabax health post,somali,0.8212577104568481,shabah health post woreda:Hararey region:somali zone:Nogob,shabax health post region:somali zone:Nogob ZHD,confirmed
1091843,gabrada xidhan health post,somali,zIqu6ljB1Xo,gabrada xidhan health post,somali,0.8757097721099854,gabrada xidhan health post woreda:Goglo region:somali zone:Korahay,gabrada xidhan health post region:somali zone:Korahay ZHD,confirmed
1091847,qudhacwayne health post,somali,I3fgWE1PUnj,qudhacwayne health post,somali,0.8547484278678894,qudhacwayne health post woreda:Goglo region:somali zone:Korahay,qudhacwayne health post region:somali zone:Korahay ZHD,confirmed
1091851,xashalile health post,somali,SSSNi0taVfi,xashalile health post,somali,0.8571462035179138,xashalile health post woreda:Goglo region:somali zone:Korahay,xashalile health post region:somali zone:Korahay ZHD,confirmed
1091853,garbo awaare health post,somali,Z3nINQcJH1J,garba awaare health post,somali,0.8488420248031616,garbo awaare health post woreda:Hararey region:somali zone:Nogob,garba awaare health post region:somali zone:Nogob ZHD,confirmed
1091856,garis wajer health post,somali,tX9e6I91iCe,garis wajer health post,somali,0.865416944026947,garis wajer health post woreda:Higloley region:somali zone:Korahay,garis wajer health post region:somali zone:Korahay ZHD,confirmed
1091857,lahelaw health post,somali,hoBAV35l0rm,lahelaw health post,somali,0.8072677254676819,lahelaw health post woreda:Qooxle region:somali zone:Afder,lahelaw health post region:somali zone:Nogob ZHD,confirmed
1091858,hamaro health post,somali,tWwFMjVQM5W,hamaro health post,somali,0.8874778151512146,hamaro health post woreda:Garbo region:somali zone:Nogob,hamaro health post region:somali zone:Nogob ZHD,confirmed
1091861,farjano health post,somali,PVldK0r6ixf,farjano health post,somali,0.857345700263977,farjano health post woreda:Kebridahar region:somali zone:Korahay,farjano health post region:somali zone:Korahay ZHD,confirmed
1091862,dhadhiin health post,somali,PQZj67wmlgz,dhadhiin health post,somali,0.8516718149185181,dhadhiin health post woreda:Kebridahar region:somali zone:Korahay,dhadhiin health post region:somali zone:Korahay ZHD,confirmed
1091863,celbakol health post,somali,uo5tVjyspcs,celbakol health post,somali,0.8507503867149353,celbakol health post woreda:Kebridahar region:somali zone:Korahay,celbakol health post region:somali zone:Korahay ZHD,confirmed
1091868,dacdher health post,somali,JK26fphWu6H,dacdher health post,somali,0.8643839359283447,dacdher health post woreda:Galadi region:somali zone:Dollo,dacdher health post region:somali zone:Dollo ZHD,confirmed
1091871,dudub health post,somali,Kcy19Rwr6me,dudub health post,somali,0.8741774559020996,dudub health post woreda:Galadi region:somali zone:Dollo,dudub health post region:somali zone:Dollo ZHD,confirmed
1091872,gaxandhale health post,somali,WrBYaAFRxCK,gaxandhale health post,somali,0.864956259727478,gaxandhale health post woreda:Galadi region:somali zone:Dollo,gaxandhale health post region:somali zone:Dollo ZHD,confirmed
1091873,mirafartag health post,somali,UnIZP6f1WAB,mirafartag health post,somali,0.8745526075363159,mirafartag health post woreda:Galadi region:somali zone:Dollo,mirafartag health post region:somali zone:Dollo ZHD,confirmed
1091874,buundada health post,somali,lwgI4Vpb9cm,buundada health post,somali,0.8600664734840393,buundada health post woreda:Wangey region:somali zone:Erar,buundada health post region:somali zone:Erar ZHD,confirmed
1091875,nuurada health post,somali,xa8dMo8GhvL,nuurada health post,somali,0.8800467848777771,nuurada health post woreda:Yahoob region:somali zone:Erar,nuurada health post region:somali zone:Erar ZHD,confirmed
1091876,beeralay health post,somali,nYonUmBd4XC,beeralay health post,somali,0.8758478760719299,beeralay health post woreda:Warder region:somali zone:Dollo,beeralay health post region:somali zone:Dollo ZHD,confirmed
1091879,labixoon health post,somali,VrUyoO6jKIS,labixoon health post,somali,0.8843587040901184,labixoon health post woreda:Daratole region:somali zone:Dollo,labixoon health post region:somali zone:Dollo ZHD,confirmed
1091909,sendeda health post,tigray,j6Qdq21xMzd,sendeda health post,tigray,0.8326422572135925,sendeda health post woreda:Tseada Emba Woreda region:tigray zone:Eastern Zone,sendeda health post region:tigray zone:Eastern ZHD,confirmed
1091919,qoranjale health post,somali,jQ3UW6nNw6k,qoranjale health post,somali,0.8749462962150574,qoranjale health post woreda:Afdam region:somali zone:Sitti,qoranjale health post region:somali zone:Sitti ZHD,confirmed
1091929,ara health post,tigray,CgLrvcIW3xK,ara asgda health post,tigray,0.8511916399002075,ara health post woreda:Hintalo Woreda region:tigray zone:South East Zone,ara asgda health post region:tigray zone:South Eastern ZHD,confirmed
1091936,adnakura health post,tigray,rYciaqp7vSw,adinakura health post,tigray,0.8490738272666931,adnakura health post woreda:Ofla Woreda region:tigray zone:Southern Zone,adinakura health post region:tigray zone:Southern ZHD,confirmed
1091944,fikre wolda health post,tigray,ImaRSvWIate,fikre wolda health post,tigray,0.8702312707901001,fikre wolda health post woreda:Ofla Woreda region:tigray zone:Southern Zone,fikre wolda health post region:tigray zone:Southern ZHD,confirmed
1091952,alemu medium clinic,oromia,zGmXBsBdjEF,alemu mhy medium clinic,oromia,0.8109366297721863,alemu medium clinic woreda:Goro region:oromia zone:South West Shewa,alemu mhy medium clinic region:oromia zone:SHEGER CITY Health Office,confirmed
1091962,dara beqeda health center,tigray,WlRX41wNXii,dara beqeda health post,tigray,0.8674533367156982,dara beqeda health center woreda:Zata Woreda region:tigray zone:Southern Zone,dara beqeda health post region:tigray zone:Southern ZHD,confirmed
1091967,sofiya health post,tigray,S6XGQ3YN1Oy,sofiya health post,tigray,0.8650517463684082,sofiya health post woreda:Zata Woreda region:tigray zone:Southern Zone,sofiya health post region:tigray zone:Southern ZHD,confirmed
1091988,adisgie health center,amhara,RB6ImS1IiHI,adisgie health post,amhara,0.8203569650650024,adisgie health center woreda:Mena Meketewa region:amhara zone:South Gondar Zone,adisgie health post region:amhara zone:North Gondar ZHD,confirmed
1092012,burka dhare health post,oromia,ONlsdcgtKpQ,burka dero h p health post,oromia,0.8247290253639221,burka dhare health post woreda:Sewena Woreda region:oromia zone:East Bale Zone,burka dero h p health post region:oromia zone:East Bale ZHD,confirmed
1092033,urji primary clinical,oromia,nf4E2awGDA5,urji primary clinic,oromia,0.8292484879493713,urji primary clinical woreda:Ganji region:oromia zone:West Wollega Zone,urji primary clinic region:oromia zone:Arsi ZHD,confirmed
1092033,urji primary clinical,oromia,jrFMSoLajMq,urjii primary clinic,oromia,0.8621671199798584,urji primary clinical woreda:Ganji region:oromia zone:West Wollega Zone,urjii primary clinic region:oromia zone:West Hararge ZHD,confirmed
1092059,anole health post,oromia,WAUYefbbbwL,anole health post,oromia,0.8280451893806458,anole health post woreda:Rayitu Woreda region:oromia zone:East Bale Zone,anole health post region:oromia zone:East Bale ZHD,confirmed
1092060,tulu lencha health post,oromia,FsKO3LlDR1h,tulu lencha health post,oromia,0.8310971260070801,tulu lencha health post woreda:Gida Ayana region:oromia zone:East Wollega Zone,tulu lencha health post region:oromia zone:East Wellega ZHD,confirmed
1092064,lemati health post,oromia,h9cKE18qz8E,lemati health post,oromia,0.8234190344810486,lemati health post woreda:Limu region:oromia zone:East Wollega Zone,lemati health post region:oromia zone:East Wellega ZHD,confirmed
1092065,chafe jiregna health post,oromia,PJZE3y26T8q,chefe jiregna health post,oromia,0.8104966282844543,chafe jiregna health post woreda:Limu region:oromia zone:East Wollega Zone,chefe jiregna health post region:oromia zone:East Wellega ZHD,confirmed
1092067,guji health post,oromia,EEx97FtU8Tl,guji health post,oromia,0.8225370645523071,guji health post woreda:Wama Hagalo region:oromia zone:East Wollega Zone,guji health post region:oromia zone:East Wellega ZHD,confirmed
1092071,oromiyaa medium clinic,oromia,QC1di9JETVo,oromiya medium clinic,oromia,0.8109217882156372,oromiyaa medium clinic woreda:Guliso region:oromia zone:West Wollega Zone,oromiya medium clinic region:oromia zone:North Shewa  ZHD,confirmed
1092106,gafarsa guje health center,oromia,ryOzUni2B2F,gefarsa nonno health center,oromia,0.8071159720420837,gafarsa guje health center woreda:Gefersa Guje Sub-City region:oromia zone:Sheger City,gefarsa nonno health center region:oromia zone:SHEGER CITY Health Office,confirmed
1092106,gafarsa guje health center,oromia,VunfVrgofeg,gefarsa guje urban health post,oromia,0.8540206551551819,gafarsa guje health center woreda:Gefersa Guje Sub-City region:oromia zone:Sheger City,gefarsa guje urban health post region:oromia zone:SHEGER CITY Health Office,confirmed
1092106,gafarsa guje health center,oromia,ExcFtB7pV6k,gafarsa guje phcu,oromia,0.8358298540115356,gafarsa guje health center woreda:Gefersa Guje Sub-City region:oromia zone:Sheger City,gafarsa guje phcu region:oromia zone:SHEGER CITY Health Office,confirmed
1092115,lemu burkitu health post,oromia,kroa4kxZcVN,lemu burkitu health post,oromia,0.8787033557891846,lemu burkitu health post woreda:Limuna Bilbilo region:oromia zone:Arsi zone,lemu burkitu health post region:oromia zone:Arsi ZHD,confirmed
1092116,hara jarte health post,oromia,vKlcCAkBUHn,hara jarte health post,oromia,0.8366618752479553,hara jarte health post woreda:Wachile Woreda region:oromia zone:East Borena Zone,hara jarte health post region:oromia zone:Borena ZHD,confirmed
1092117,kakalo health post,oromia,OHTGq1QtycD,kakalo health post,oromia,0.8182128071784973,kakalo health post woreda:Wachile Woreda region:oromia zone:East Borena Zone,kakalo health post region:oromia zone:Borena ZHD,confirmed
1092118,wachile magela health post,oromia,Fl7cYjmGGl3,wachile magala health post,oromia,0.8191721439361572,wachile magela health post woreda:Wachile Woreda region:oromia zone:East Borena Zone,wachile magala health post region:oromia zone:Borena ZHD,confirmed
1092119,garbi health post,oromia,loqjdqOjhh7,garbi health post,oromia,0.8158056139945984,garbi health post woreda:Wachile Woreda region:oromia zone:East Borena Zone,garbi health post region:oromia zone:Borena ZHD,confirmed
1092121,yubdo health post,oromia,dVrkVu0JS4G,yubdo 01 health post,oromia,0.814976155757904,yubdo health post woreda:West Welabu region:oromia zone:East Borena Zone,yubdo 01 health post region:oromia zone:West Wellega  ZHD,confirmed
1092127,lemu gedamsa health post,oromia,kroa4kxZcVN,lemu burkitu health post,oromia,0.8147890567779541,lemu gedamsa health post woreda:Shirka region:oromia zone:Arsi zone,lemu burkitu health post region:oromia zone:Arsi ZHD,confirmed
1092127,lemu gedamsa health post,oromia,Jvr2Is0X8Uy,lemu guna health post,oromia,0.8106616139411926,lemu gedamsa health post woreda:Shirka region:oromia zone:Arsi zone,lemu guna health post region:oromia zone:Arsi ZHD,confirmed
1092128,hela tijo sero health post,oromia,NG732NmaJNv,hela tijo sero health post,oromia,0.8715572357177734,hela tijo sero health post woreda:Shirka region:oromia zone:Arsi zone,hela tijo sero health post region:oromia zone:Arsi ZHD,confirmed
1092129,tijo labu health post,oromia,rhgzr47U0gi,tijo labu health post,oromia,0.8687946796417236,tijo labu health post woreda:Shirka region:oromia zone:Arsi zone,tijo labu health post region:oromia zone:Arsi ZHD,confirmed
1092132,tulu hofi health post,oromia,OsTDuoPH85f,tulu hofi health post,oromia,0.8498808145523071,tulu hofi health post woreda:Sude region:oromia zone:Arsi zone,tulu hofi health post region:oromia zone:Arsi ZHD,confirmed
1092141,tulu gudo health post,oromia,flpEgRYMtwH,tullu gudo health post,oromia,0.8667267560958862,tulu gudo health post woreda:Ziway Dugda region:oromia zone:Arsi zone,tullu gudo health post region:oromia zone:Arsi ZHD,confirmed
1092145,hula arba hadode health post,oromia,AqaWW5Kqae8,hula arba hadode health post,oromia,0.8903581500053406,hula arba hadode health post woreda:Ziway Dugda region:oromia zone:Arsi zone,hula arba hadode health post region:oromia zone:Arsi ZHD,confirmed
1092156,munesa health post,oromia,X2R6x12uQJW,munessa health post,oromia,0.8671472072601318,munesa health post woreda:Munesa region:oromia zone:Arsi zone,munessa health post region:oromia zone:Arsi ZHD,confirmed
1092180,elshaday primary clinic,oromia,Iooluo6ORYT,elshaday primary clinic,oromia,0.8144571781158447,elshaday primary clinic woreda:Kercha region:oromia zone:West Guji Zone,elshaday primary clinic region:oromia zone:Ilu Aba Bora ZHD,confirmed
1092180,elshaday primary clinic,oromia,xMJgmBRZNQ7,el shaday primary clinic,oromia,0.8028563261032104,elshaday primary clinic woreda:Kercha region:oromia zone:West Guji Zone,el shaday primary clinic region:oromia zone:West Wellega  ZHD,confirmed
1092187,gada faji health post,oromia,KSUEaUJ5iC3,gada faji health post or kebele 03,oromia,0.8611887693405151,gada faji health post woreda:Furi Sub -City region:oromia zone:Sheger City,gada faji health post or kebele 03 region:oromia zone:SHEGER CITY Health Office,confirmed
1092188,korke health post,oromia,kxNyxuj7spe,korke health post,oromia,0.8447502255439758,korke health post woreda:Furi Sub -City region:oromia zone:Sheger City,korke health post region:oromia zone:SHEGER CITY Health Office,confirmed
1092190,gafarsa egdu health post,oromia,VunfVrgofeg,gefarsa guje urban health post,oromia,0.8425078392028809,gafarsa egdu health post woreda:Gefersa Guje Sub-City region:oromia zone:Sheger City,gefarsa guje urban health post region:oromia zone:SHEGER CITY Health Office,confirmed
1092190,gafarsa egdu health post,oromia,ExcFtB7pV6k,gafarsa guje phcu,oromia,0.8070787191390991,gafarsa egdu health post woreda:Gefersa Guje Sub-City region:oromia zone:Sheger City,gafarsa guje phcu region:oromia zone:SHEGER CITY Health Office,confirmed
1092193,watabicha minijaro health post,oromia,aoLN3x3b8Xo,watabicha minjaro health post,oromia,0.8057730197906494,watabicha minijaro health post woreda:Gefersa Guje Sub-City region:oromia zone:Sheger City,watabicha minjaro health post region:oromia zone:SHEGER CITY Health Office,confirmed
1092204,undaessie health post,afar,P3lU682cC7L,undaessie health post,afar,0.8586740493774414,undaessie health post woreda:Amibara Woreda region:afar zone:Zone 3,undaessie health post region:afar zone:Zone 3 ZHD,confirmed
1092205,gaba jimata health post,oromia,r8bUCGC3icT,geba jimata health post,oromia,0.8559518456459045,gaba jimata health post woreda:Abichu Gna region:oromia zone:North Shewa Zone,geba jimata health post region:oromia zone:North Shewa  ZHD,confirmed
1092211,chafe health post,oromia,aqHgF9w3iNE,chafe health post health post,oromia,0.8553654551506042,chafe health post woreda:Robe region:oromia zone:Arsi zone,chafe health post health post region:oromia zone:Arsi ZHD,confirmed
1092219,dalati health post,oromia,Bn2PEN5tVbB,dalati health post,oromia,0.8192015290260315,dalati health post woreda:Gelan Guda Sub-City region:oromia zone:Sheger City,dalati health post region:oromia zone:SHEGER CITY Health Office,confirmed
1092235,bero selan health post,oromia,MLYVOjsD5Mc,bero selan health post,oromia,0.8858121037483215,bero selan health post woreda:Ameya region:oromia zone:South West Shewa,bero selan health post region:oromia zone:South West Shewa  ZHD,confirmed
1092236,shonke health post,oromia,fT5jKu4C2nJ,shonke health post,oromia,0.8672661781311035,shonke health post woreda:Ameya region:oromia zone:South West Shewa,shonke health post region:oromia zone:South West Shewa  ZHD,confirmed
1092241,laga dadi health post,oromia,UHpzOnoPtvl,laga dadi health post,oromia,0.8029439449310303,laga dadi health post woreda:Lega Tafo Lega Dadi-City region:oromia zone:Sheger City,laga dadi health post region:oromia zone:SHEGER CITY Health Office,confirmed
1092250,mazoria golba health post,oromia,ZES7XJBBM18,mazoria golba health post,oromia,0.8777446150779724,mazoria golba health post woreda:Kersa Malima region:oromia zone:South West Shewa,mazoria golba health post region:oromia zone:South West Shewa  ZHD,confirmed
1092263,nono mana abichu health post,oromia,JcwhmHfnwRO,nonno mana abichu urban health post,oromia,0.8379642963409424,nono mana abichu health post woreda:Sululta Sub-City region:oromia zone:Sheger City,nonno mana abichu urban health post region:oromia zone:SHEGER CITY Health Office,confirmed
1092264,warerso nono mana abichu health post,oromia,xruQ8vGWGTe,worerso nono mana abichu health post,oromia,0.8659236431121826,warerso nono mana abichu health post woreda:Sululta Sub-City region:oromia zone:Sheger City,worerso nono mana abichu health post region:oromia zone:SHEGER CITY Health Office,confirmed
1092273,bikiltu primary clinic,oromia,AO4LydyxYRV,bikiltu primary clinic,oromia,0.817106306552887,bikiltu primary clinic woreda:Gelana region:oromia zone:West Guji Zone,bikiltu primary clinic region:oromia zone:Jimma ZHD,confirmed
1092273,bikiltu primary clinic,oromia,Hmctob1xlRT,bikiltu kellem primary clinic,oromia,0.8013597726821899,bikiltu primary clinic woreda:Gelana region:oromia zone:West Guji Zone,bikiltu kellem primary clinic region:oromia zone:Kelem Wellega  ZHD,confirmed
1092274,abinezer primary clinic,oromia,RQMPieypQsI,abenezer primary clinic,oromia,0.8092302680015564,abinezer primary clinic woreda:Guliso region:oromia zone:West Wollega Zone,abenezer primary clinic region:oromia zone:West Wellega  ZHD,confirmed
1092274,abinezer primary clinic,oromia,bIl6SSQzpCI,abenezer primary clinic,oromia,0.8092302680015564,abinezer primary clinic woreda:Guliso region:oromia zone:West Wollega Zone,abenezer primary clinic region:oromia zone:West Wellega  ZHD,confirmed
1092276,oda primary clinic,oromia,Nl4zqTmPh3G,oda primary clinic,oromia,0.8070518970489502,oda primary clinic woreda:Ganji region:oromia zone:West Wollega Zone,oda primary clinic region:oromia zone:Robe Town ZHD,confirmed
1092278,abdi primary clinic,oromia,lEXvArQdOeK,abdi boru primary clinic,oromia,0.8147374987602234,abdi primary clinic woreda:Ebantu region:oromia zone:East Wollega Zone,abdi boru primary clinic region:oromia zone:East Hararge ZHD,confirmed
1092278,abdi primary clinic,oromia,ACZBpOi0ti5,abdi booru primary clinic,oromia,0.817577600479126,abdi primary clinic woreda:Ebantu region:oromia zone:East Wollega Zone,abdi booru primary clinic region:oromia zone:East Hararge ZHD,confirmed
1092278,abdi primary clinic,oromia,L1ds0TgUQdK,abdi primary clinic,oromia,0.8270336389541626,abdi primary clinic woreda:Ebantu region:oromia zone:East Wollega Zone,abdi primary clinic region:oromia zone:East Wellega ZHD,confirmed
1092278,abdi primary clinic,oromia,XaQLCteqvtW,abdii primary clinic,oromia,0.8246843814849854,abdi primary clinic woreda:Ebantu region:oromia zone:East Wollega Zone,abdii primary clinic region:oromia zone:East Wellega ZHD,confirmed
1092278,abdi primary clinic,oromia,S2G6N2YqwqC,abdi primary clinic,oromia,0.8004297614097595,abdi primary clinic woreda:Ebantu region:oromia zone:East Wollega Zone,abdi primary clinic region:oromia zone:North Shewa  ZHD,confirmed
1092278,abdi primary clinic,oromia,Ho9XnZwjZMT,abdi primary clinic,oromia,0.8053569793701172,abdi primary clinic woreda:Ebantu region:oromia zone:East Wollega Zone,abdi primary clinic region:oromia zone:West Wellega  ZHD,confirmed
1092316,boji primary clinic,oromia,a3Dsqnpw0WC,boji primary clinic,oromia,0.8736801147460938,boji primary clinic woreda:Boji Dirmeji region:oromia zone:West Wollega Zone,boji primary clinic region:oromia zone:West Wellega  ZHD,confirmed
1092329,melka adama woreda health post,oromia,HVCdSfzcnCF,melka adama town health post,oromia,0.8038623332977295,melka adama woreda health post woreda:Dambela Sub City region:oromia zone:Adama Town,melka adama town health post region:oromia zone:Adama Special ZHD,confirmed
1092329,melka adama woreda health post,oromia,AoLyH5jPJou,melka adama town health post,oromia,0.8038623332977295,melka adama woreda health post woreda:Dambela Sub City region:oromia zone:Adama Town,melka adama town health post region:oromia zone:Adama Special ZHD,confirmed
1092332,abima number 2 pharmacy,addis ababa,to7PbWZTrxo,abo no 2 medium clinic,addis ababa,0.8493670225143433,abima number 2 pharmacy region:addis ababa zone:Bole Sub City,abo no 2 medium clinic region:addis ababa zone:Yeka Sub City,confirmed
1092380,shifo medium clinic,somali,a3m2wxDsR6x,shifo medium clinic,somali,0.859993040561676,shifo medium clinic woreda:Dolo Ado region:somali zone:Liben,shifo medium clinic region:somali zone:Liben ZHD,confirmed
1092455,bahiru primary clinic,oromia,d0ZhwhHP1FX,boruu primary clinic,oromia,0.8004979491233826,bahiru primary clinic woreda:Boji Choqorsa region:oromia zone:West Wollega Zone,boruu primary clinic region:oromia zone:West Guji ZHD,confirmed
1092467,kokosa health center,oromia,LI42SPFL3n0,kokosa health center,oromia,0.9013599753379822,kokosa health center woreda:Kokosa region:oromia zone:West Arsi Zone,kokosa health center region:oromia zone:West Arsi ZHD,confirmed
1092467,kokosa health center,oromia,anNrN7ucmGP,kokosa phcu,oromia,0.827194094657898,kokosa health center woreda:Kokosa region:oromia zone:West Arsi Zone,kokosa phcu region:oromia zone:West Arsi ZHD,confirmed
1092477,biftu medium clinic,oromia,fsa4TuTeAAD,biftu medium clinic,oromia,0.8712404370307922,biftu medium clinic woreda:Adaba region:oromia zone:West Arsi Zone,biftu medium clinic region:oromia zone:West Arsi ZHD,confirmed
1092512,oromia medium clinic,oromia,QC1di9JETVo,oromiya medium clinic,oromia,0.8319932818412781,oromia medium clinic woreda:Dano region:oromia zone:West Shewa Zone,oromiya medium clinic region:oromia zone:North Shewa  ZHD,confirmed
1092512,oromia medium clinic,oromia,kgIC1qSLbOp,oromia medium clinic,oromia,0.8310735821723938,oromia medium clinic woreda:Dano region:oromia zone:West Shewa Zone,oromia medium clinic region:oromia zone:West Arsi ZHD,confirmed
1092555,hundaf medium clinic,oromia,Eg77Pog8dyZ,hundaf medium clinic,oromia,0.8026381731033325,hundaf medium clinic woreda:Yayo region:oromia zone:Ilu Aba Bora Zone,hundaf medium clinic region:oromia zone:Jimma ZHD,confirmed
1092615,alfa medium clinic,oromia,npqTjQPyFVw,alfayyaa medium clinic,oromia,0.8043749332427979,alfa medium clinic woreda:Gomma region:oromia zone:Jimma Zone,alfayyaa medium clinic region:oromia zone:SHEGER CITY Health Office,confirmed
1092651,fikadu primary clinic,amhara,EpoBZomrszw,fekadu primary clinic,amhara,0.8184622526168823,fikadu primary clinic woreda:Metema region:amhara zone:West Gondar Zone,fekadu primary clinic region:amhara zone:Central Gondar ZHD,confirmed
1092658,wondime medium clinic,amhara,bUQ4jDzfoLl,wondim medium clinic,amhara,0.8619444370269775,wondime medium clinic region:amhara zone:North Wollo Zone,wondim medium clinic region:amhara zone:Awi ZHD,confirmed
1092658,wondime medium clinic,amhara,LQSLckmscgV,wondim primary clinic,amhara,0.845969557762146,wondime medium clinic region:amhara zone:North Wollo Zone,wondim primary clinic region:amhara zone:West Gojjam ZHD,confirmed
1092669,desta primary clinic,oromia,WTIvzcW2MBy,desta primary clinic,oromia,0.8375760316848755,desta primary clinic woreda:Yubdo region:oromia zone:West Wollega Zone,desta primary clinic region:oromia zone:West Wellega  ZHD,confirmed
1092681,chifra primary hospital,afar,uJdtdQAKj8G,chifra primary hospital,afar,0.8543609976768494,chifra primary hospital woreda:Chifra City Administration region:afar zone:Zone 1,chifra primary hospital region:afar zone:Chifra Primary Hospital,confirmed
1092681,chifra primary hospital,afar,mfRpEmoRSKc,chifra health center,afar,0.8331525325775146,chifra primary hospital woreda:Chifra City Administration region:afar zone:Zone 1,chifra health center region:afar zone:Zone 1 ZHD,confirmed
1092692,nekemte advanced diagnostic laboratory,oromia,IClqEqLpUbb,nekemte dic center dialysis clinic,oromia,0.8118720650672913,nekemte advanced diagnostic laboratory woreda:Nekemte Town region:oromia zone:Nekemte Town,nekemte dic center dialysis clinic region:oromia zone:Nekemte Town ZHD,confirmed
1092749,abdisa medium clinic,oromia,jlNAlGR2KEI,abdisa medium clinic,oromia,0.8160027861595154,abdisa medium clinic woreda:Bedele Town region:oromia zone:Buno Bedele Zone,abdisa medium clinic region:oromia zone:Arsi ZHD,confirmed
1092751,iftin medium clinic,somali,I4jM2gnIsLv,iftin m clinic,somali,0.8089891672134399,iftin medium clinic woreda:Jigjiga Town region:somali zone:Fafan,iftin m clinic region:somali zone:Fafan ZHD,confirmed
1092757,tabarak primary clinic,somali,k8zfBg0pBjd,tabarak primary clinic,somali,0.8562895059585571,tabarak primary clinic woreda:Degahbur city region:somali zone:Jarar,tabarak primary clinic region:somali zone:Jarar ZHD,confirmed
1092760,mati medium clinic,oromia,cbxTgFkrTQU,mati medium clinic,oromia,0.8029404878616333,mati medium clinic woreda:Diga region:oromia zone:East Wollega Zone,mati medium clinic region:oromia zone:Adama Special ZHD,confirmed
1092760,mati medium clinic,oromia,fyfWvVFNwDb,mati medium clinic,oromia,0.8116953372955322,mati medium clinic woreda:Diga region:oromia zone:East Wollega Zone,mati medium clinic region:oromia zone:Guji ZHD,confirmed
1092771,elshaday medium clinic,oromia,g31Xbo4nNOW,elshaday medium clinic,oromia,0.8312936425209045,elshaday medium clinic woreda:Nekemte Town region:oromia zone:Nekemte Town,elshaday medium clinic region:oromia zone:Adama Special ZHD,confirmed
1092771,elshaday medium clinic,oromia,BG65sAhNWpi,elshaday medium clinic,oromia,0.8498387336730957,elshaday medium clinic woreda:Nekemte Town region:oromia zone:Nekemte Town,elshaday medium clinic region:oromia zone:Ambo Town ZHD,confirmed
1092796,girum primary clinic,south west ethiopia,y5wpNp2IAf5,girum primary clinic,south west ethiopia,0.8903154730796814,girum primary clinic woreda:Loma Bosa region:south west ethiopia zone:Dawro Zone,girum primary clinic region:south west ethiopia zone:Dawro ZHD,confirmed
1092806,ramadan primary clinic,somali,yrueFpflsu3,ramadam primary clinic,somali,0.8132436275482178,ramadan primary clinic woreda:Kebridahar City region:somali zone:Korahay,ramadam primary clinic region:somali zone:Korahay ZHD,confirmed
1092862,addis tesfa medium clinic,addis ababa,PObFChfmikr,addisketema woreda 9 dic,addis ababa,0.841472327709198,addis tesfa medium clinic woreda:Woreda 9 region:addis ababa zone:Yeka Sub City,addisketema woreda 9 dic region:addis ababa zone:Addis Ketema Sub City,confirmed
1092862,addis tesfa medium clinic,addis ababa,swr6oIl5qkT,adiss tesfa medium clinic,addis ababa,0.8110048770904541,addis tesfa medium clinic woreda:Woreda 9 region:addis ababa zone:Yeka Sub City,adiss tesfa medium clinic region:addis ababa zone:Kolfe Subcity,confirmed
1092882,assefa gobeze medium clinic,addis ababa,Xgx1x69sBDg,asefa gobeze metasebiya no medium clinic,addis ababa,0.8616114854812622,assefa gobeze medium clinic woreda:Woreda 9 region:addis ababa zone:Yeka Sub City,asefa gobeze metasebiya no medium clinic region:addis ababa zone:Yeka Sub City,confirmed
1092884,harer medium clinic,addis ababa,B4BMy0ufdrd,harer mediumclinic,addis ababa,0.8256657719612122,harer medium clinic woreda:Woreda 12 region:addis ababa zone:Yeka Sub City,harer mediumclinic region:addis ababa zone:Yeka Sub City,confirmed
1092896,milki medium clinic,oromia,lDPb4ls6OKI,milkaa'ina medium clinic,oromia,0.8065539598464966,milki medium clinic woreda:Gasera region:oromia zone:Bale Zone,milkaa'ina medium clinic region:oromia zone:SHEGER CITY Health Office,confirmed
1092897,rabira primary clinic,oromia,ridR9jMlD8d,rabira primary clinic,oromia,0.8169828057289124,rabira primary clinic woreda:Hambela Wamena region:oromia zone:West Guji Zone,rabira primary clinic region:oromia zone:Arsi ZHD,confirmed
1092897,rabira primary clinic,oromia,Oz9eD92Th8G,rabira primary clinic,oromia,0.8178769946098328,rabira primary clinic woreda:Hambela Wamena region:oromia zone:West Guji Zone,rabira primary clinic region:oromia zone:Batu Town ZHD,confirmed
1092897,rabira primary clinic,oromia,YsSp8KqVz9y,rabira primary clinic,oromia,0.8136159181594849,rabira primary clinic woreda:Hambela Wamena region:oromia zone:West Guji Zone,rabira primary clinic region:oromia zone:Jimma ZHD,confirmed
1092897,rabira primary clinic,oromia,mv5amdnzNXP,rabira primary clinic,oromia,0.8451569080352783,rabira primary clinic woreda:Hambela Wamena region:oromia zone:West Guji Zone,rabira primary clinic region:oromia zone:West Arsi ZHD,confirmed
1092905,enat medium clinic,addis ababa,xFiAfuTpsL5,enat medium clinic,addis ababa,0.8030177354812622,enat medium clinic woreda:Woreda 2 region:addis ababa zone:Lemi kura Sub city,enat medium clinic region:addis ababa zone:Yeka Sub City,confirmed
1092916,kelisa health post,south west ethiopia,P5gb9PjzgFQ,kelise health post,south west ethiopia,0.8493881821632385,kelisa health post woreda:Adiyo Woreda region:south west ethiopia zone:Kaffa Zone,kelise health post region:south west ethiopia zone:Kaffa ZHD,confirmed
1092932,key health post,south west ethiopia,rLnU9XUB5Qf,keyi health post,south west ethiopia,0.8302956819534302,key health post woreda:Cheta Woreda region:south west ethiopia zone:Kaffa Zone,keyi health post region:south west ethiopia zone:Kaffa ZHD,confirmed
1092993,zoe specialty dental clinic,addis ababa,mwfMyoEWz5m,zoey medium dental clinic,addis ababa,0.8485197424888611,zoe specialty dental clinic region:addis ababa zone:Nifas Silk Lafto Sub City,zoey medium dental clinic region:addis ababa zone:Bole Sub City,confirmed
1092994,urji primary clinic,oromia,nf4E2awGDA5,urji primary clinic,oromia,0.8199962973594666,urji primary clinic woreda:Bule Hora region:oromia zone:West Guji Zone,urji primary clinic region:oromia zone:Arsi ZHD,confirmed
1092994,urji primary clinic,oromia,jrFMSoLajMq,urjii primary clinic,oromia,0.8439792990684509,urji primary clinic woreda:Bule Hora region:oromia zone:West Guji Zone,urjii primary clinic region:oromia zone:West Hararge ZHD,confirmed
1093001,ufagenet health post,south west ethiopia,LO065G3fois,ufagenet health post,south west ethiopia,0.8416619300842285,ufagenet health post woreda:Shishoinde Woreda region:south west ethiopia zone:Kaffa Zone,ufagenet health post region:south west ethiopia zone:Kaffa ZHD,confirmed
1093005,camp health post,south west ethiopia,PQx8xHwpbsa,camp health post,south west ethiopia,0.8467381596565247,camp health post woreda:Gimbo Woreda region:south west ethiopia zone:Kaffa Zone,camp health post region:south west ethiopia zone:Kaffa ZHD,confirmed
1093016,olla health post,south west ethiopia,oiiRnBkvigB,olla health post,south west ethiopia,0.8732502460479736,olla health post woreda:Shishoinde Woreda region:south west ethiopia zone:Kaffa Zone,olla health post region:south west ethiopia zone:Kaffa ZHD,confirmed
1093018,keja health post,south west ethiopia,TTSSK2l24Qd,keje health post,south west ethiopia,0.8596508502960205,keja health post woreda:Masha Woreda region:south west ethiopia zone:Sheka Zone,keje health post region:south west ethiopia zone:Sheka ZHD,confirmed
1093018,keja health post,south west ethiopia,fEk6JK4lEx6,keja health post,south west ethiopia,0.8915862441062927,keja health post woreda:Masha Woreda region:south west ethiopia zone:Sheka Zone,keja health post region:south west ethiopia zone:Sheka ZHD,confirmed
1093019,geneji haro health post,oromia,WFbCxjibyds,geneji haro health post,oromia,0.8640415668487549,geneji haro health post woreda:Abay Chomen region:oromia zone:Horo Gudru Wellega Zone,geneji haro health post region:oromia zone:Horo Gudru Wellega  ZHD,confirmed
1093029,abawolde tinsae medium clinic,addis ababa,siWyXOiz3C2,abawoldetensay mothers a and childrens medium clinic,addis ababa,0.8039655089378357,abawolde tinsae medium clinic woreda:Woreda 12 region:addis ababa zone:Bole Sub City,abawoldetensay mothers a and childrens medium clinic region:addis ababa zone:Bole Sub City,confirmed
1093038,emana medium clinic,addis ababa,rj7VEgtYwuj,emana medium clinic,addis ababa,0.8146480321884155,emana medium clinic woreda:Woreda 12 region:addis ababa zone:Bole Sub City,emana medium clinic region:addis ababa zone:Yeka Sub City,confirmed
1093051,walin medium clinic,oromia,pXKyClTvUYc,walin medium clinic,oromia,0.8475911021232605,walin medium clinic woreda:Kore region:oromia zone:West Arsi Zone,walin medium clinic region:oromia zone:South West Shewa  ZHD,confirmed
1093059,dr yosan medium dental clinic,oromia,SoJO0jXp1d9,dr yosan medium clinic,oromia,0.8342293500900269,dr yosan medium dental clinic woreda:Burayu Sub-City region:oromia zone:Sheger City,dr yosan medium clinic region:oromia zone:SHEGER CITY Health Office,confirmed
1093068,bake seda health center,south west ethiopia,ZQfuaYtQL1p,bake seda health post,south west ethiopia,0.8381479382514954,bake seda health center woreda:Ameya Zuriya woreda region:south west ethiopia zone:Konta Zone,bake seda health post region:south west ethiopia zone:Konta ZHD,confirmed
1093073,odaa medium clinic,oromia,cTroaMwo363,oda medium clinic,oromia,0.8015051484107971,odaa medium clinic woreda:Dodola Rural region:oromia zone:West Arsi Zone,oda medium clinic region:oromia zone:Arsi ZHD,confirmed
1093073,odaa medium clinic,oromia,wuyjsSJvdeD,oda medium clinic,oromia,0.8015051484107971,odaa medium clinic woreda:Dodola Rural region:oromia zone:West Arsi Zone,oda medium clinic region:oromia zone:Arsi ZHD,confirmed
1093073,odaa medium clinic,oromia,oOJXOhLOhub,oda medium clinic,oromia,0.8292500972747803,odaa medium clinic woreda:Dodola Rural region:oromia zone:West Arsi Zone,oda medium clinic region:oromia zone:West Shewa  ZHD,confirmed
1093094,terses medium clinic,addis ababa,wQSJdNaMRSN,terehas clinic,addis ababa,0.8070794939994812,terses medium clinic woreda:Woreda 1 region:addis ababa zone:Nifas Silk Lafto Sub City,terehas clinic region:addis ababa zone:Nifas Silk Lafto Sub City,confirmed
1093098,engal health post,tigray,BIt1AVtqI3T,engal health post,tigray,0.8406738042831421,engal health post woreda:Erop Woreda region:tigray zone:Eastern Zone,engal health post region:tigray zone:Eastern ZHD,confirmed
1093100,dewhan health post,tigray,VoDF9ToFfM9,dewhan health post,tigray,0.8422683477401733,dewhan health post woreda:Erop Woreda region:tigray zone:Eastern Zone,dewhan health post region:tigray zone:Eastern ZHD,confirmed
1093106,mubashir primary clinic,somali,kdjAEh09GZG,mubashir primary clinic,somali,0.8599870204925537,mubashir primary clinic woreda:Degahbur city region:somali zone:Jarar,mubashir primary clinic region:somali zone:Jarar ZHD,confirmed
1093130,portico medium clinic,somali,lqpybo3bkxv,portico m clinic,somali,0.8219614624977112,portico medium clinic woreda:Jigjiga Town region:somali zone:Fafan,portico m clinic region:somali zone:Fafan ZHD,confirmed
1093137,abdi boru primary clinic,oromia,riN0WkhaVoM,abdi boru primary clinic,oromia,0.8612351417541504,abdi boru primary clinic woreda:Deksis region:oromia zone:Arsi zone,abdi boru primary clinic region:oromia zone:Arsi ZHD,confirmed
1093137,abdi boru primary clinic,oromia,Zkt42xCRafL,abdi boru primary clinic,oromia,0.8612351417541504,abdi boru primary clinic woreda:Deksis region:oromia zone:Arsi zone,abdi boru primary clinic region:oromia zone:Arsi ZHD,confirmed
1093137,abdi boru primary clinic,oromia,XvDyvVlXfVL,abdi boru primary clinic,oromia,0.8612351417541504,abdi boru primary clinic woreda:Deksis region:oromia zone:Arsi zone,abdi boru primary clinic region:oromia zone:Arsi ZHD,confirmed
1093137,abdi boru primary clinic,oromia,lEXvArQdOeK,abdi boru primary clinic,oromia,0.8230248093605042,abdi boru primary clinic woreda:Deksis region:oromia zone:Arsi zone,abdi boru primary clinic region:oromia zone:East Hararge ZHD,confirmed
1093137,abdi boru primary clinic,oromia,ACZBpOi0ti5,abdi booru primary clinic,oromia,0.8118472695350647,abdi boru primary clinic woreda:Deksis region:oromia zone:Arsi zone,abdi booru primary clinic region:oromia zone:East Hararge ZHD,confirmed
1093137,abdi boru primary clinic,oromia,zG8PEJvi3fg,abdi bori primary clinic,oromia,0.8044137954711914,abdi boru primary clinic woreda:Deksis region:oromia zone:Arsi zone,abdi bori primary clinic region:oromia zone:Kelem Wellega  ZHD,confirmed
1093137,abdi boru primary clinic,oromia,le985Djz8ZH,abdi boru lower primary clinic,oromia,0.8167890310287476,abdi boru primary clinic woreda:Deksis region:oromia zone:Arsi zone,abdi boru lower primary clinic region:oromia zone:West Hararge ZHD,confirmed
1093137,abdi boru primary clinic,oromia,f9dRHxYDzjk,abdi bori primary clinic,oromia,0.8082411885261536,abdi boru primary clinic woreda:Deksis region:oromia zone:Arsi zone,abdi bori primary clinic region:oromia zone:West Wellega  ZHD,confirmed
1093144,walin medium clinic,oromia,pXKyClTvUYc,walin medium clinic,oromia,0.8228253722190857,walin medium clinic woreda:Sasiga region:oromia zone:East Wollega Zone,walin medium clinic region:oromia zone:South West Shewa  ZHD,confirmed
1093188,kalkidan primary clinic,amhara,PTvU7SvuMe9,kalkidan primary clinic,amhara,0.8079035878181458,kalkidan primary clinic woreda:Kobo Town region:amhara zone:North Wollo Zone,kalkidan primary clinic region:amhara zone:West Gojjam ZHD,confirmed
1093188,kalkidan primary clinic,amhara,MtgFijLdJY1,kalkidan primary clinic,amhara,0.8079035878181458,kalkidan primary clinic woreda:Kobo Town region:amhara zone:North Wollo Zone,kalkidan primary clinic region:amhara zone:West Gojjam ZHD,confirmed
1093193,hundaf medium clinic,oromia,Eg77Pog8dyZ,hundaf medium clinic,oromia,0.8093504905700684,hundaf medium clinic woreda:Dera Town region:oromia zone:Arsi zone,hundaf medium clinic region:oromia zone:Jimma ZHD,confirmed
1093204,mohamed yimer primary clinic,amhara,pvhJqV7u6Ms,mohamed nur primary clinic,amhara,0.8442066311836243,mohamed yimer primary clinic woreda:Kelala region:amhara zone:South Wollo Zone,mohamed nur primary clinic region:amhara zone:South Wollo ZHD,confirmed
1093208,genale malka chira health post,oromia,QImcHhCfJzs,genale melka chira health post,oromia,0.8129143118858337,genale malka chira health post woreda:Mada Walabu region:oromia zone:East Borena Zone,genale melka chira health post region:oromia zone:Bale ZHD,confirmed
1093209,selam primary clinic,amhara,CNeoS9YItnO,selam primary clinic,amhara,0.8203745484352112,selam primary clinic woreda:Kelala region:amhara zone:South Wollo Zone,selam primary clinic region:amhara zone:Bahirdar THO,confirmed
1093209,selam primary clinic,amhara,LdtqVf5qs2P,selam primary clinic,amhara,0.8141699433326721,selam primary clinic woreda:Kelala region:amhara zone:South Wollo Zone,selam primary clinic region:amhara zone:Dessie THO,confirmed
1093209,selam primary clinic,amhara,sgwtyK0Xof4,selam primary clinic,amhara,0.8738353252410889,selam primary clinic woreda:Kelala region:amhara zone:South Wollo Zone,selam primary clinic region:amhara zone:South Wollo ZHD,confirmed
1093226,oda medium clinic,oromia,HQd6dFx5JfP,oda medium clinic,oromia,0.8393609523773193,oda medium clinic woreda:Bako Tibe region:oromia zone:West Shewa Zone,oda medium clinic region:oromia zone:North Shewa  ZHD,confirmed
1093226,oda medium clinic,oromia,oOJXOhLOhub,oda medium clinic,oromia,0.8651298880577087,oda medium clinic woreda:Bako Tibe region:oromia zone:West Shewa Zone,oda medium clinic region:oromia zone:West Shewa  ZHD,confirmed
1093284,abdi boru primary clinic,oromia,riN0WkhaVoM,abdi boru primary clinic,oromia,0.8028914332389832,abdi boru primary clinic woreda:Gumbi Bordode region:oromia zone:West Hararge Zone,abdi boru primary clinic region:oromia zone:Arsi ZHD,confirmed
1093284,abdi boru primary clinic,oromia,Zkt42xCRafL,abdi boru primary clinic,oromia,0.8028914332389832,abdi boru primary clinic woreda:Gumbi Bordode region:oromia zone:West Hararge Zone,abdi boru primary clinic region:oromia zone:Arsi ZHD,confirmed
1093284,abdi boru primary clinic,oromia,XvDyvVlXfVL,abdi boru primary clinic,oromia,0.8028914332389832,abdi boru primary clinic woreda:Gumbi Bordode region:oromia zone:West Hararge Zone,abdi boru primary clinic region:oromia zone:Arsi ZHD,confirmed
1093284,abdi boru primary clinic,oromia,lEXvArQdOeK,abdi boru primary clinic,oromia,0.8431548476219177,abdi boru primary clinic woreda:Gumbi Bordode region:oromia zone:West Hararge Zone,abdi boru primary clinic region:oromia zone:East Hararge ZHD,confirmed
1093284,abdi boru primary clinic,oromia,ACZBpOi0ti5,abdi booru primary clinic,oromia,0.8324795365333557,abdi boru primary clinic woreda:Gumbi Bordode region:oromia zone:West Hararge Zone,abdi booru primary clinic region:oromia zone:East Hararge ZHD,confirmed
1093284,abdi boru primary clinic,oromia,le985Djz8ZH,abdi boru lower primary clinic,oromia,0.8582367897033691,abdi boru primary clinic woreda:Gumbi Bordode region:oromia zone:West Hararge Zone,abdi boru lower primary clinic region:oromia zone:West Hararge ZHD,confirmed
1093284,abdi boru primary clinic,oromia,f9dRHxYDzjk,abdi bori primary clinic,oromia,0.8346553444862366,abdi boru primary clinic woreda:Gumbi Bordode region:oromia zone:West Hararge Zone,abdi bori primary clinic region:oromia zone:West Wellega  ZHD,confirmed
1093289,seid medium clinic,amhara,XU5hpGSwMri,seid medium clinic,amhara,0.8127359747886658,seid medium clinic woreda:Jama region:amhara zone:South Wollo Zone,seid medium clinic region:amhara zone:Kombolcha THO,confirmed
1093297,abdi boru primary clinic,oromia,riN0WkhaVoM,abdi boru primary clinic,oromia,0.8220361471176147,abdi boru primary clinic woreda:Habro region:oromia zone:West Hararge Zone,abdi boru primary clinic region:oromia zone:Arsi ZHD,confirmed
1093297,abdi boru primary clinic,oromia,Zkt42xCRafL,abdi boru primary clinic,oromia,0.8220361471176147,abdi boru primary clinic woreda:Habro region:oromia zone:West Hararge Zone,abdi boru primary clinic region:oromia zone:Arsi ZHD,confirmed
1093297,abdi boru primary clinic,oromia,XvDyvVlXfVL,abdi boru primary clinic,oromia,0.8220361471176147,abdi boru primary clinic woreda:Habro region:oromia zone:West Hararge Zone,abdi boru primary clinic region:oromia zone:Arsi ZHD,confirmed
1093297,abdi boru primary clinic,oromia,lEXvArQdOeK,abdi boru primary clinic,oromia,0.8600173592567444,abdi boru primary clinic woreda:Habro region:oromia zone:West Hararge Zone,abdi boru primary clinic region:oromia zone:East Hararge ZHD,confirmed
1093297,abdi boru primary clinic,oromia,ACZBpOi0ti5,abdi booru primary clinic,oromia,0.853935718536377,abdi boru primary clinic woreda:Habro region:oromia zone:West Hararge Zone,abdi booru primary clinic region:oromia zone:East Hararge ZHD,confirmed
1093297,abdi boru primary clinic,oromia,zG8PEJvi3fg,abdi bori primary clinic,oromia,0.8058019876480103,abdi boru primary clinic woreda:Habro region:oromia zone:West Hararge Zone,abdi bori primary clinic region:oromia zone:Kelem Wellega  ZHD,confirmed
1093297,abdi boru primary clinic,oromia,le985Djz8ZH,abdi boru lower primary clinic,oromia,0.8758826851844788,abdi boru primary clinic woreda:Habro region:oromia zone:West Hararge Zone,abdi boru lower primary clinic region:oromia zone:West Hararge ZHD,confirmed
1093297,abdi boru primary clinic,oromia,f9dRHxYDzjk,abdi bori primary clinic,oromia,0.8533955216407776,abdi boru primary clinic woreda:Habro region:oromia zone:West Hararge Zone,abdi bori primary clinic region:oromia zone:West Wellega  ZHD,confirmed
1093297,abdi boru primary clinic,oromia,Ho9XnZwjZMT,abdi primary clinic,oromia,0.8225136995315552,abdi boru primary clinic woreda:Habro region:oromia zone:West Hararge Zone,abdi primary clinic region:oromia zone:West Wellega  ZHD,confirmed
1093302,haromsa primary clinic,oromia,vtQJqnePIpZ,haromaya primary clinic,oromia,0.8450098037719727,haromsa primary clinic woreda:Habro region:oromia zone:West Hararge Zone,haromaya primary clinic region:oromia zone:East Hararge ZHD,confirmed
1093378,arsi medium clinic,oromia,sIXMJxDSOY0,arsemawi medium clinic,oromia,0.801038920879364,arsi medium clinic woreda:Shirka region:oromia zone:Arsi zone,arsemawi medium clinic region:oromia zone:SHEGER CITY Health Office,confirmed
1093391,gudis primary clinic,oromia,qukspJjilzA,gudinaa mojoo primary clinic,oromia,0.8325143456459045,gudis primary clinic woreda:Daro Lebu region:oromia zone:West Hararge Zone,gudinaa mojoo primary clinic region:oromia zone:East Hararge ZHD,confirmed
1093393,nejo medium clinic,oromia,G0rT0SNc6WM,nasihaa medium clinic,oromia,0.838996410369873,nejo medium clinic woreda:Nejo Town region:oromia zone:Nejo Town,nasihaa medium clinic region:oromia zone:Shashemene Town ZHD,confirmed
1093427,oda roba primary clinic,oromia,Ki1Ma6Pe3u6,oda roba primary clinic,oromia,0.8261926770210266,oda roba primary clinic woreda:Hambela Wamena region:oromia zone:West Guji Zone,oda roba primary clinic region:oromia zone:East Bale ZHD,confirmed
1093494,amanuel primary clinic,oromia,L6jeD5QdYRJ,amanuel primary clinic,oromia,0.8360131978988647,amanuel primary clinic woreda:Das Woreda region:oromia zone:East Borena Zone,amanuel primary clinic region:oromia zone:East Wellega ZHD,confirmed
1093494,amanuel primary clinic,oromia,aJTxIFdtPuo,amanuel primary clinic,oromia,0.8060183525085449,amanuel primary clinic woreda:Das Woreda region:oromia zone:East Borena Zone,amanuel primary clinic region:oromia zone:Guji ZHD,confirmed
1093494,amanuel primary clinic,oromia,WW20quZa78N,amanuel 2nd primary clinic,oromia,0.8061163425445557,amanuel primary clinic woreda:Das Woreda region:oromia zone:East Borena Zone,amanuel 2nd primary clinic region:oromia zone:West Wellega  ZHD,confirmed
1093494,amanuel primary clinic,oromia,XjdmFRNWzXY,amanuel primary clinic,oromia,0.8132568597793579,amanuel primary clinic woreda:Das Woreda region:oromia zone:East Borena Zone,amanuel primary clinic region:oromia zone:West Wellega  ZHD,confirmed
1093494,amanuel primary clinic,oromia,iuTxgo2YEAL,amanuel primary clinic,oromia,0.8132568597793579,amanuel primary clinic woreda:Das Woreda region:oromia zone:East Borena Zone,amanuel primary clinic region:oromia zone:West Wellega  ZHD,confirmed
1093498,urji primary clinic,oromia,nf4E2awGDA5,urji primary clinic,oromia,0.8134857416152954,urji primary clinic woreda:Gelemso Town region:oromia zone:West Hararge Zone,urji primary clinic region:oromia zone:Arsi ZHD,confirmed
1093498,urji primary clinic,oromia,jrFMSoLajMq,urjii primary clinic,oromia,0.8518533110618591,urji primary clinic woreda:Gelemso Town region:oromia zone:West Hararge Zone,urjii primary clinic region:oromia zone:West Hararge ZHD,confirmed
1093506,abdu medium clinic,amhara,bDOV0GrJkH3,abdu no 1 primary clinic,amhara,0.8053677678108215,abdu medium clinic woreda:Legehida region:amhara zone:South Wollo Zone,abdu no 1 primary clinic region:amhara zone:South Wollo ZHD,confirmed
1093506,abdu medium clinic,amhara,vaTTARFoE43,abdu no 2 primary clinic,amhara,0.8110226392745972,abdu medium clinic woreda:Legehida region:amhara zone:South Wollo Zone,abdu no 2 primary clinic region:amhara zone:South Wollo ZHD,confirmed
1093543,alamata health center,tigray,TDhxf971KP1,alamata hospital,tigray,0.8591028451919556,alamata health center woreda:Alamata Town region:tigray zone:Southern Zone,alamata hospital region:tigray zone:Southern ZHD,confirmed
1093543,alamata health center,tigray,AyFmfSCktkS,alamata health center,tigray,0.8876014351844788,alamata health center woreda:Alamata Town region:tigray zone:Southern Zone,alamata health center region:tigray zone:Southern ZHD,confirmed
1093543,alamata health center,tigray,Jm9k3cYrDMf,alamata prison medium clinic,tigray,0.833297610282898,alamata health center woreda:Alamata Town region:tigray zone:Southern Zone,alamata prison medium clinic region:tigray zone:Southern ZHD,confirmed
1093548,sake health post,oromia,D8nSrLc96LY,sake health post,oromia,0.8600812554359436,sake health post woreda:Dilo region:oromia zone:Borena Zone,sake health post region:oromia zone:Borena ZHD,confirmed
1093550,walif primary clinic,oromia,laI22JbGaUq,walif ophthalmic medium clinic,oromia,0.8030454516410828,walif primary clinic woreda:Bule Hora Town region:oromia zone:Bule Hora Town,walif ophthalmic medium clinic region:oromia zone:Shashemene Town ZHD,confirmed
1093560,abdi boru primary clinic,oromia,riN0WkhaVoM,abdi boru primary clinic,oromia,0.8626654744148254,abdi boru primary clinic woreda:Munesa region:oromia zone:Arsi zone,abdi boru primary clinic region:oromia zone:Arsi ZHD,confirmed
1093560,abdi boru primary clinic,oromia,Zkt42xCRafL,abdi boru primary clinic,oromia,0.8626654744148254,abdi boru primary clinic woreda:Munesa region:oromia zone:Arsi zone,abdi boru primary clinic region:oromia zone:Arsi ZHD,confirmed
1093560,abdi boru primary clinic,oromia,XvDyvVlXfVL,abdi boru primary clinic,oromia,0.8626654744148254,abdi boru primary clinic woreda:Munesa region:oromia zone:Arsi zone,abdi boru primary clinic region:oromia zone:Arsi ZHD,confirmed
1093560,abdi boru primary clinic,oromia,lEXvArQdOeK,abdi boru primary clinic,oromia,0.8266019821166992,abdi boru primary clinic woreda:Munesa region:oromia zone:Arsi zone,abdi boru primary clinic region:oromia zone:East Hararge ZHD,confirmed
1093560,abdi boru primary clinic,oromia,ACZBpOi0ti5,abdi booru primary clinic,oromia,0.8144407868385315,abdi boru primary clinic woreda:Munesa region:oromia zone:Arsi zone,abdi booru primary clinic region:oromia zone:East Hararge ZHD,confirmed
1093560,abdi boru primary clinic,oromia,zG8PEJvi3fg,abdi bori primary clinic,oromia,0.8050585985183716,abdi boru primary clinic woreda:Munesa region:oromia zone:Arsi zone,abdi bori primary clinic region:oromia zone:Kelem Wellega  ZHD,confirmed
1093560,abdi boru primary clinic,oromia,le985Djz8ZH,abdi boru lower primary clinic,oromia,0.8174830079078674,abdi boru primary clinic woreda:Munesa region:oromia zone:Arsi zone,abdi boru lower primary clinic region:oromia zone:West Hararge ZHD,confirmed
1093560,abdi boru primary clinic,oromia,f9dRHxYDzjk,abdi bori primary clinic,oromia,0.810891330242157,abdi boru primary clinic woreda:Munesa region:oromia zone:Arsi zone,abdi bori primary clinic region:oromia zone:West Wellega  ZHD,confirmed
1093575,abdi boru 2 primary clinic,oromia,riN0WkhaVoM,abdi boru primary clinic,oromia,0.8366000652313232,abdi boru 2 primary clinic woreda:Munesa region:oromia zone:Arsi zone,abdi boru primary clinic region:oromia zone:Arsi ZHD,confirmed
1093575,abdi boru 2 primary clinic,oromia,Zkt42xCRafL,abdi boru primary clinic,oromia,0.8366000652313232,abdi boru 2 primary clinic woreda:Munesa region:oromia zone:Arsi zone,abdi boru primary clinic region:oromia zone:Arsi ZHD,confirmed
1093575,abdi boru 2 primary clinic,oromia,XvDyvVlXfVL,abdi boru primary clinic,oromia,0.8366000652313232,abdi boru 2 primary clinic woreda:Munesa region:oromia zone:Arsi zone,abdi boru primary clinic region:oromia zone:Arsi ZHD,confirmed
1093580,kara gumata health post,oromia,BVMvA1aVO8t,kara gumata health post,oromia,0.8238716721534729,kara gumata health post woreda:Arero Woreda region:oromia zone:East Borena Zone,kara gumata health post region:oromia zone:Borena ZHD,confirmed
1093583,moyale 01health post,oromia,NqObd7mAFWZ,moyale 01 health post,oromia,0.832053542137146,moyale 01health post woreda:moyale Town region:oromia zone:Moyale Town,moyale 01 health post region:oromia zone:Borena ZHD,confirmed
1093583,moyale 01health post,oromia,IrHeLuGyzfI,moyale 02 health post,oromia,0.8357694149017334,moyale 01health post woreda:moyale Town region:oromia zone:Moyale Town,moyale 02 health post region:oromia zone:Borena ZHD,confirmed
1093584,02 health post,oromia,zKMNxQpACM4,01 health post,oromia,0.8231756091117859,02 health post woreda:moyale Town region:oromia zone:Moyale Town,01 health post region:oromia zone:Adama Special ZHD,confirmed
1093584,02 health post,oromia,JUahZInQny7,01 health post,oromia,0.8312488794326782,02 health post woreda:moyale Town region:oromia zone:Moyale Town,01 health post region:oromia zone:Guji ZHD,confirmed
1093584,02 health post,oromia,BCnYdMSkwm9,02 health post,oromia,0.8544701933860779,02 health post woreda:moyale Town region:oromia zone:Moyale Town,02 health post region:oromia zone:Guji ZHD,confirmed
1093584,02 health post,oromia,AQ9pmJ3UX7F,03 health post,oromia,0.8442358374595642,02 health post woreda:moyale Town region:oromia zone:Moyale Town,03 health post region:oromia zone:Guji ZHD,confirmed
1093584,02 health post,oromia,Ma1W5beporu,04 health post,oromia,0.8420944213867188,02 health post woreda:moyale Town region:oromia zone:Moyale Town,04 health post region:oromia zone:Guji ZHD,confirmed
1093592,zelengo health post,tigray,baUUmKP93E9,zelengo health post,tigray,0.8432756066322327,zelengo health post woreda:Raya Alamata Woreda region:tigray zone:Southern Zone,zelengo health post region:tigray zone:Southern ZHD,confirmed
1093595,fulesa health post,oromia,q5v7JOPjnl3,fulesa health post,oromia,0.8371824026107788,fulesa health post woreda:moyale Town region:oromia zone:Moyale Town,fulesa health post region:oromia zone:Borena ZHD,confirmed
1093605,goro bute health post,oromia,KOcMcKU4bPV,goro burcho health post,oromia,0.8115684390068054,goro bute health post woreda:moyale Town region:oromia zone:Moyale Town,goro burcho health post region:oromia zone:Bale ZHD,confirmed
1093612,mati primary clinic,oromia,bwsw3wjk5IE,mati primary clinic,oromia,0.8508314490318298,mati primary clinic woreda:Bule Hora Town region:oromia zone:Bule Hora Town,mati primary clinic region:oromia zone:Buno Bedele ZHD,confirmed
1093612,mati primary clinic,oromia,HsrZ43AxI77,mati primary clinic,oromia,0.8604201674461365,mati primary clinic woreda:Bule Hora Town region:oromia zone:Bule Hora Town,mati primary clinic region:oromia zone:East Hararge ZHD,confirmed
1093612,mati primary clinic,oromia,L9i6hcK9a4O,mati primary clinic,oromia,0.858513593673706,mati primary clinic woreda:Bule Hora Town region:oromia zone:Bule Hora Town,mati primary clinic region:oromia zone:Guji ZHD,confirmed
1093612,mati primary clinic,oromia,MCtyqPjUWwx,mati primary clinic,oromia,0.8571673035621643,mati primary clinic woreda:Bule Hora Town region:oromia zone:Bule Hora Town,mati primary clinic region:oromia zone:Horo Gudru Wellega  ZHD,confirmed
1093612,mati primary clinic,oromia,jrym7kDfyzL,mati primary clinic,oromia,0.8526371717453003,mati primary clinic woreda:Bule Hora Town region:oromia zone:Bule Hora Town,mati primary clinic region:oromia zone:Ilu Aba Bora ZHD,confirmed
1093612,mati primary clinic,oromia,BQikVqpYxsJ,mati primary clinic,oromia,0.8528249859809875,mati primary clinic woreda:Bule Hora Town region:oromia zone:Bule Hora Town,mati primary clinic region:oromia zone:Jimma ZHD,confirmed
1093612,mati primary clinic,oromia,SpKVMaunka5,mati primary clinic,oromia,0.8528249859809875,mati primary clinic woreda:Bule Hora Town region:oromia zone:Bule Hora Town,mati primary clinic region:oromia zone:Jimma ZHD,confirmed
1093612,mati primary clinic,oromia,mWm8ENeiOqK,mati primary clinic,oromia,0.8506163954734802,mati primary clinic woreda:Bule Hora Town region:oromia zone:Bule Hora Town,mati primary clinic region:oromia zone:Kelem Wellega  ZHD,confirmed
1093612,mati primary clinic,oromia,GR7gu8kC1hU,mati primary clinic,oromia,0.859504222869873,mati primary clinic woreda:Bule Hora Town region:oromia zone:Bule Hora Town,mati primary clinic region:oromia zone:West Arsi ZHD,confirmed
1093612,mati primary clinic,oromia,rSfVwYxkr2i,mati primary clinic,oromia,0.859504222869873,mati primary clinic woreda:Bule Hora Town region:oromia zone:Bule Hora Town,mati primary clinic region:oromia zone:West Arsi ZHD,confirmed
1093612,mati primary clinic,oromia,xwrKgxLHnVN,mati primary clinic,oromia,0.8590530157089233,mati primary clinic woreda:Bule Hora Town region:oromia zone:Bule Hora Town,mati primary clinic region:oromia zone:West Shewa  ZHD,confirmed
1093616,abdu primary clinic,amhara,NCZCkmq9Wew,abdu primary clinic,amhara,0.8875833749771118,abdu primary clinic woreda:Ambasel region:amhara zone:South Wollo Zone,abdu primary clinic region:amhara zone:South Wollo ZHD,confirmed
1093617,afya medium clinic,oromia,XM4U0PrDaWY,afiya medium clinic,oromia,0.8487886190414429,afya medium clinic woreda:moyale Town region:oromia zone:Moyale Town,afiya medium clinic region:oromia zone:Asalla town ZHD,confirmed
1093617,afya medium clinic,oromia,pmMS59ZhVa3,afiya medium clinic,oromia,0.8529204726219177,afya medium clinic woreda:moyale Town region:oromia zone:Moyale Town,afiya medium clinic region:oromia zone:Shashemene Town ZHD,confirmed
1093619,gode gena health post,oromia,VorCD1FPzdM,gode genna health post,oromia,0.8672299385070801,gode gena health post woreda:Arsi Negele Rural region:oromia zone:West Arsi Zone,gode genna health post region:oromia zone:West Arsi ZHD,confirmed
1093621,gonde health post,oromia,l80Wn01RmlE,gonde gurati health post,oromia,0.8559020161628723,gonde health post woreda:Arsi Negele Rural region:oromia zone:West Arsi Zone,gonde gurati health post region:oromia zone:West Arsi ZHD,confirmed
1093622,amanuel medium clinic,oromia,L6jeD5QdYRJ,amanuel primary clinic,oromia,0.8029106259346008,amanuel medium clinic woreda:moyale Town region:oromia zone:Moyale Town,amanuel primary clinic region:oromia zone:East Wellega ZHD,confirmed
1093622,amanuel medium clinic,oromia,XjdmFRNWzXY,amanuel primary clinic,oromia,0.8031896352767944,amanuel medium clinic woreda:moyale Town region:oromia zone:Moyale Town,amanuel primary clinic region:oromia zone:West Wellega  ZHD,confirmed
1093622,amanuel medium clinic,oromia,iuTxgo2YEAL,amanuel primary clinic,oromia,0.8031896352767944,amanuel medium clinic woreda:moyale Town region:oromia zone:Moyale Town,amanuel primary clinic region:oromia zone:West Wellega  ZHD,confirmed
1093625,boro gelema health post,oromia,HCnMuu538F1,boro gelema health post,oromia,0.8816725015640259,boro gelema health post woreda:Kofele region:oromia zone:West Arsi Zone,boro gelema health post region:oromia zone:West Arsi ZHD,confirmed
1093645,edola burka health post,oromia,AXeDYI0tl68,edola burka health post,oromia,0.8505131006240845,edola burka health post woreda:Alache Sub city region:oromia zone:Shashemene Town,edola burka health post region:oromia zone:Shashemene Town ZHD,confirmed
1093646,doctor birhanu medium clinic,amhara,blyNB7nf3vK,doctor birhanu medium clinic,amhara,0.8341968059539795,doctor birhanu medium clinic woreda:Wadila region:amhara zone:North Wollo Zone,doctor birhanu medium clinic region:amhara zone:West Gojjam ZHD,confirmed
1093665,godey dental clinic,somali,VIIAn50aAuR,godey city phcu,somali,0.8162211775779724,godey dental clinic woreda:Godey region:somali zone:Shebelle,godey city phcu region:somali zone:Shebelle ZHD,confirmed
1093691,may tsebri primary hospital,tigray,XZAAwuiKfKO,maytsebri primary hospital,tigray,0.8567611575126648,may tsebri primary hospital woreda:Maitsebri Town region:tigray zone:North West Zone,maytsebri primary hospital region:tigray zone:North Western ZHD,confirmed
1093691,may tsebri primary hospital,tigray,I9A8UFLVZD5,may tsebri health post,tigray,0.8108594417572021,may tsebri primary hospital woreda:Maitsebri Town region:tigray zone:North West Zone,may tsebri health post region:tigray zone:North Western ZHD,confirmed
1093691,may tsebri primary hospital,tigray,jobkR9yrFmI,maytsebri primary hospital phcu,tigray,0.8562796115875244,may tsebri primary hospital woreda:Maitsebri Town region:tigray zone:North West Zone,maytsebri primary hospital phcu region:tigray zone:North Western ZHD,confirmed
1093693,hadnet health post,tigray,eHp1lcDq15x,hadnet health post,tigray,0.8225030899047852,hadnet health post woreda:Maitsebri Town region:tigray zone:North West Zone,hadnet health post region:tigray zone:North Western ZHD,confirmed
1093694,hayelom health post,tigray,zJQYOamuIPv,hayelom healthpost health post,tigray,0.810043215751648,hayelom health post woreda:Maitsebri Town region:tigray zone:North West Zone,hayelom healthpost health post region:tigray zone:Eastern ZHD,confirmed
1093694,hayelom health post,tigray,CreBGKUML85,hayelom health post,tigray,0.8388024568557739,hayelom health post woreda:Maitsebri Town region:tigray zone:North West Zone,hayelom health post region:tigray zone:North Western ZHD,confirmed
1093695,mebrahtom shila health post,tigray,s3REAIif4uz,mebrahtom shila health post,tigray,0.8582431674003601,mebrahtom shila health post woreda:Maitsebri Town region:tigray zone:North West Zone,mebrahtom shila health post region:tigray zone:North Western ZHD,confirmed
1093700,melku primary clinic,amhara,jl9PvppYYkA,melaku primary clinic,amhara,0.8153014779090881,melku primary clinic woreda:Delanta region:amhara zone:South Wollo Zone,melaku primary clinic region:amhara zone:South Wollo ZHD,confirmed
1093729,sekota silasie health post,tigray,zxCvwj6TIku,sekota silase health post,tigray,0.8601164817810059,sekota silasie health post woreda:Tselemti region:tigray zone:North West Zone,sekota silase health post region:tigray zone:North Western ZHD,confirmed
1093737,may teklit health post,tigray,S9ap5AtET3r,mai teklit health post,tigray,0.8073329925537109,may teklit health post woreda:Tselemti region:tigray zone:North West Zone,mai teklit health post region:tigray zone:North Western ZHD,confirmed
1093739,wuhdet health post,tigray,DqJxybPVXTy,wuhdet health post,tigray,0.8466834425926208,wuhdet health post woreda:Tselemti region:tigray zone:North West Zone,wuhdet health post region:tigray zone:North Western ZHD,confirmed
1093739,wuhdet health post,tigray,v2JLww3lAvm,wuhdet health post,tigray,0.8466834425926208,wuhdet health post woreda:Tselemti region:tigray zone:North West Zone,wuhdet health post region:tigray zone:North Western ZHD,confirmed
1093742,adi wesene health post,tigray,DLOvWvwbRLW,adi wesen health post,tigray,0.8311817646026611,adi wesene health post woreda:Tselemti region:tigray zone:North West Zone,adi wesen health post region:tigray zone:North Western ZHD,confirmed
1093767,habtamu primary clinic,amhara,tRpI7ODkfq6,habtamu primary clinic,amhara,0.8000563383102417,habtamu primary clinic woreda:Raya Kobo region:amhara zone:North Wollo Zone,habtamu primary clinic region:amhara zone:East Gojjam ZHD,confirmed
1093802,walin medium clinic,oromia,PjvEbTv2uSy,walin medium clinic,oromia,0.808185875415802,walin medium clinic woreda:Didu region:oromia zone:Ilu Aba Bora Zone,walin medium clinic region:oromia zone:Ambo Town ZHD,confirmed
1093802,walin medium clinic,oromia,pXKyClTvUYc,walin medium clinic,oromia,0.8245229721069336,walin medium clinic woreda:Didu region:oromia zone:Ilu Aba Bora Zone,walin medium clinic region:oromia zone:South West Shewa  ZHD,confirmed
1093803,zad medium clinic,addis ababa,BdkgG9lipv3,zd medium dental clinic,addis ababa,0.8176249861717224,zad medium clinic woreda:Woreda 8 region:addis ababa zone:Addis Ketema Sub City,zd medium dental clinic region:addis ababa zone:Addis Ketema Sub City,confirmed
1093812,endalkachew primary clinic,amhara,hU0ik7iUuCw,endalikachew primary clinic,amhara,0.8133581280708313,endalkachew primary clinic woreda:Borena region:amhara zone:South Wollo Zone,endalikachew primary clinic region:amhara zone:East Gojjam ZHD,confirmed
1093812,endalkachew primary clinic,amhara,dEyXmPyL1SZ,endalkachew primary clinic,amhara,0.8315731883049011,endalkachew primary clinic woreda:Borena region:amhara zone:South Wollo Zone,endalkachew primary clinic region:amhara zone:East Gojjam ZHD,confirmed
1093905,afiya primary clinic,oromia,rMQDekWN8X0,afiya primary clinic,oromia,0.8158448338508606,afiya primary clinic woreda:Anchar region:oromia zone:West Hararge Zone,afiya primary clinic region:oromia zone:Bale ZHD,confirmed
1093905,afiya primary clinic,oromia,yusNIrcgnee,afiya primary clinic,oromia,0.8176714777946472,afiya primary clinic woreda:Anchar region:oromia zone:West Hararge Zone,afiya primary clinic region:oromia zone:Ilu Aba Bora ZHD,confirmed
1093905,afiya primary clinic,oromia,GQyE7pROWRH,afiya primary clinic,oromia,0.8097465634346008,afiya primary clinic woreda:Anchar region:oromia zone:West Hararge Zone,afiya primary clinic region:oromia zone:Jimma ZHD,confirmed
1093927,bukasa keta health post,oromia,ZLJJlcyhVsP,bukassa keta health post,oromia,0.8824229836463928,bukasa keta health post woreda:Woliso region:oromia zone:South West Shewa,bukassa keta health post region:oromia zone:South West Shewa  ZHD,confirmed
1093941,fewus primery clinic,amhara,l2VdXL76dq8,fews primary clinic,amhara,0.819683849811554,fewus primery clinic region:amhara zone:South Wollo Zone,fews primary clinic region:amhara zone:Awi ZHD,confirmed
1093948,mohamed nejash primary clinic,amhara,pvhJqV7u6Ms,mohamed nur primary clinic,amhara,0.8351937532424927,mohamed nejash primary clinic woreda:Tehuledre region:amhara zone:South Wollo Zone,mohamed nur primary clinic region:amhara zone:South Wollo ZHD,confirmed
1093951,seid primary clinic,amhara,Nd0XzEGLHRR,seid primary clinic,amhara,0.852199375629425,seid primary clinic woreda:Tehuledre region:amhara zone:South Wollo Zone,seid primary clinic region:amhara zone:North Wollo ZHD,confirmed
1093958,beteseb drug store,amhara,yCSZQTVsEjl,beteseb medium clinic,amhara,0.8021301627159119,beteseb drug store woreda:Tehuledre region:amhara zone:South Wollo Zone,beteseb medium clinic region:amhara zone:South Wollo ZHD,confirmed
1093974,amin medium clinic,amhara,nSUnaTQ9YFg,amin medium clinic,amhara,0.8068333268165588,amin medium clinic woreda:Kallu region:amhara zone:South Wollo Zone,amin medium clinic region:amhara zone:Dessie THO,confirmed
1094015,beteseb medium clinic,amhara,yCSZQTVsEjl,beteseb medium clinic,amhara,0.8030458688735962,beteseb medium clinic woreda:Dawa Chefa region:amhara zone:Oromia Special Zone,beteseb medium clinic region:amhara zone:South Wollo ZHD,confirmed
1094034,selam primary clinic,amhara,CNeoS9YItnO,selam primary clinic,amhara,0.8075711131095886,selam primary clinic woreda:Bati Woreda region:amhara zone:Oromia Special Zone,selam primary clinic region:amhara zone:Bahirdar THO,confirmed
1094034,selam primary clinic,amhara,LdtqVf5qs2P,selam primary clinic,amhara,0.8045201897621155,selam primary clinic woreda:Bati Woreda region:amhara zone:Oromia Special Zone,selam primary clinic region:amhara zone:Dessie THO,confirmed
1094034,selam primary clinic,amhara,sgwtyK0Xof4,selam primary clinic,amhara,0.8117291927337646,selam primary clinic woreda:Bati Woreda region:amhara zone:Oromia Special Zone,selam primary clinic region:amhara zone:South Wollo ZHD,confirmed
1094035,eleni primery clinic,amhara,zdZOb4qPU3P,eleni medium clinic,amhara,0.842704713344574,eleni primery clinic woreda:Jama region:amhara zone:South Wollo Zone,eleni medium clinic region:amhara zone:South Wollo ZHD,confirmed
1094067,fayuma primary clinic,oromia,Xs5JdJqXlaN,fayuma primary clinic,oromia,0.8719045519828796,fayuma primary clinic woreda:Munesa region:oromia zone:Arsi zone,fayuma primary clinic region:oromia zone:Arsi ZHD,confirmed
1094102,wabi medium clinick,oromia,k9UkZzYH10n,wabe medium clinic,oromia,0.8093693256378174,wabi medium clinick woreda:Nejo Town region:oromia zone:Nejo Town,wabe medium clinic region:oromia zone:Shashemene Town ZHD,confirmed
1094102,wabi medium clinick,oromia,hF9QSOdabaS,wabi medium clinic,oromia,0.839190661907196,wabi medium clinick woreda:Nejo Town region:oromia zone:Nejo Town,wabi medium clinic region:oromia zone:West Wellega  ZHD,confirmed
1094103,hundaf primary clinic,oromia,Eg77Pog8dyZ,hundaf medium clinic,oromia,0.8457839488983154,hundaf primary clinic woreda:Jimma Town region:oromia zone:Jimma Town,hundaf medium clinic region:oromia zone:Jimma ZHD,confirmed
1094128,anole primary clinic,oromia,tDd6bylBTYK,anole primary clinic,oromia,0.8104175329208374,anole primary clinic woreda:Daro Lebu region:oromia zone:West Hararge Zone,anole primary clinic region:oromia zone:Arsi ZHD,confirmed
1094132,teregey health post,tigray,ZH5cDwp4tju,teregey health center,tigray,0.8143385052680969,teregey health post woreda:Naeder Woreda region:tigray zone:Central Zone,teregey health center region:tigray zone:Central ZHD,confirmed
1094132,teregey health post,tigray,CzVpaZO1lbs,teregey health post,tigray,0.8533492088317871,teregey health post woreda:Naeder Woreda region:tigray zone:Central Zone,teregey health post region:tigray zone:Central ZHD,confirmed
1094146,oda primary clinic,oromia,Nl4zqTmPh3G,oda primary clinic,oromia,0.815384030342102,oda primary clinic woreda:Daro Lebu region:oromia zone:West Hararge Zone,oda primary clinic region:oromia zone:Robe Town ZHD,confirmed
1094174,arbagugu primary clinic,oromia,iRhOyyNXWSX,arbagugu primary clinic,oromia,0.8706793785095215,arbagugu primary clinic woreda:Guna region:oromia zone:Arsi zone,arbagugu primary clinic region:oromia zone:Arsi ZHD,confirmed
1094203,selam primary clinic,oromia,RNIwrbsjXnX,selam primary clinic,oromia,0.8588931560516357,selam primary clinic woreda:Guna region:oromia zone:Arsi zone,selam primary clinic region:oromia zone:Arsi ZHD,confirmed
1094203,selam primary clinic,oromia,eFb1sS6DK8j,selam primary clinic,oromia,0.800078272819519,selam primary clinic woreda:Guna region:oromia zone:Arsi zone,selam primary clinic region:oromia zone:Jimma ZHD,confirmed
1094203,selam primary clinic,oromia,zXOWAROV3xI,selam primary clinic,oromia,0.804694652557373,selam primary clinic woreda:Guna region:oromia zone:Arsi zone,selam primary clinic region:oromia zone:North Shewa  ZHD,confirmed
1094204,afiya primary clinic,oromia,rMQDekWN8X0,afiya primary clinic,oromia,0.808772087097168,afiya primary clinic woreda:Jeju region:oromia zone:Arsi zone,afiya primary clinic region:oromia zone:Bale ZHD,confirmed
1094204,afiya primary clinic,oromia,yusNIrcgnee,afiya primary clinic,oromia,0.8094898462295532,afiya primary clinic woreda:Jeju region:oromia zone:Arsi zone,afiya primary clinic region:oromia zone:Ilu Aba Bora ZHD,confirmed
1094204,afiya primary clinic,oromia,GQyE7pROWRH,afiya primary clinic,oromia,0.8011506795883179,afiya primary clinic woreda:Jeju region:oromia zone:Arsi zone,afiya primary clinic region:oromia zone:Jimma ZHD,confirmed
1094217,sifan primary clinic,oromia,Sfexr0DtHub,sifen primary clinic,oromia,0.8189021348953247,sifan primary clinic woreda:Daro Lebu region:oromia zone:West Hararge Zone,sifen primary clinic region:oromia zone:West Hararge ZHD,confirmed
1094227,biftu primary clinic,oromia,qRzd1BUt9jZ,biftu primary clinic,oromia,0.819672167301178,biftu primary clinic woreda:Daro Lebu region:oromia zone:West Hararge Zone,biftu primary clinic region:oromia zone:Arsi ZHD,confirmed
1094227,biftu primary clinic,oromia,RTpEBBwg7n7,biftuu primary clinic,oromia,0.8603630065917969,biftu primary clinic woreda:Daro Lebu region:oromia zone:West Hararge Zone,biftuu primary clinic region:oromia zone:East Hararge ZHD,confirmed
1094227,biftu primary clinic,oromia,ONo5bd3EAbs,biftu primary clinic,oromia,0.8656231164932251,biftu primary clinic woreda:Daro Lebu region:oromia zone:West Hararge Zone,biftu primary clinic region:oromia zone:West Arsi ZHD,confirmed
1094230,abdi faya primary clinic,oromia,lEXvArQdOeK,abdi boru primary clinic,oromia,0.8296205997467041,abdi faya primary clinic woreda:Doba region:oromia zone:West Hararge Zone,abdi boru primary clinic region:oromia zone:East Hararge ZHD,confirmed
1094230,abdi faya primary clinic,oromia,ACZBpOi0ti5,abdi booru primary clinic,oromia,0.851073682308197,abdi faya primary clinic woreda:Doba region:oromia zone:West Hararge Zone,abdi booru primary clinic region:oromia zone:East Hararge ZHD,confirmed
1094230,abdi faya primary clinic,oromia,L1ds0TgUQdK,abdi primary clinic,oromia,0.807115375995636,abdi faya primary clinic woreda:Doba region:oromia zone:West Hararge Zone,abdi primary clinic region:oromia zone:East Wellega ZHD,confirmed
1094230,abdi faya primary clinic,oromia,S2G6N2YqwqC,abdi primary clinic,oromia,0.8058806657791138,abdi faya primary clinic woreda:Doba region:oromia zone:West Hararge Zone,abdi primary clinic region:oromia zone:North Shewa  ZHD,confirmed
1094230,abdi faya primary clinic,oromia,le985Djz8ZH,abdi boru lower primary clinic,oromia,0.8478990197181702,abdi faya primary clinic woreda:Doba region:oromia zone:West Hararge Zone,abdi boru lower primary clinic region:oromia zone:West Hararge ZHD,confirmed
1094230,abdi faya primary clinic,oromia,f9dRHxYDzjk,abdi bori primary clinic,oromia,0.827446460723877,abdi faya primary clinic woreda:Doba region:oromia zone:West Hararge Zone,abdi bori primary clinic region:oromia zone:West Wellega  ZHD,confirmed
1094230,abdi faya primary clinic,oromia,Ho9XnZwjZMT,abdi primary clinic,oromia,0.8362100124359131,abdi faya primary clinic woreda:Doba region:oromia zone:West Hararge Zone,abdi primary clinic region:oromia zone:West Wellega  ZHD,confirmed
1094250,ateto ungulalo health post,benishangul gumuz,fbFJg1OszTm,ateto selga health post,benishangul gumuz,0.8145961761474609,ateto ungulalo health post woreda:Abrahamo Woreda region:benishangul gumuz zone:Assosa Zone,ateto selga health post region:benishangul gumuz zone:Assosa ZHD,confirmed
1094250,ateto ungulalo health post,benishangul gumuz,kJdEBoeDGsq,ateto ungulalu health post,benishangul gumuz,0.8541164398193359,ateto ungulalo health post woreda:Abrahamo Woreda region:benishangul gumuz zone:Assosa Zone,ateto ungulalu health post region:benishangul gumuz zone:Assosa ZHD,confirmed
1094252,gadisa primary clinic,oromia,Zg4nG7Mbxeu,gadisa boru primary clinic,oromia,0.8037843704223633,gadisa primary clinic woreda:Daro Lebu region:oromia zone:West Hararge Zone,gadisa boru primary clinic region:oromia zone:Borena ZHD,confirmed
1094256,koket medium clinic,oromia,wXFEP42d3Wh,koket medium clinic,oromia,0.8080823421478271,koket medium clinic woreda:Daro Lebu region:oromia zone:West Hararge Zone,koket medium clinic region:oromia zone:Arsi ZHD,confirmed
1094257,afren kelo primary clinic,oromia,kVGuUSdyL2m,afreneqalo primary clinic,oromia,0.8528264164924622,afren kelo primary clinic woreda:Daro Lebu region:oromia zone:West Hararge Zone,afreneqalo primary clinic region:oromia zone:East Hararge ZHD,confirmed
1094272,humbeshude health post,benishangul gumuz,V9pQojKQU36,humbeshude health post,benishangul gumuz,0.8551755547523499,humbeshude health post woreda:Sherkole Woreda region:benishangul gumuz zone:Assosa Zone,humbeshude health post region:benishangul gumuz zone:Assosa ZHD,confirmed
1094273,obe ehe health post,benishangul gumuz,ysl5kuX4One,obe ferbegu health post,benishangul gumuz,0.8194803595542908,obe ehe health post woreda:Sherkole Woreda region:benishangul gumuz zone:Assosa Zone,obe ferbegu health post region:benishangul gumuz zone:Assosa ZHD,confirmed
1094276,harme primary clinic,oromia,vIIK1QsU5Gb,harme primary clinic,oromia,0.8465678691864014,harme primary clinic woreda:Gololcha region:oromia zone:Arsi zone,harme primary clinic region:oromia zone:Arsi ZHD,confirmed
1094276,harme primary clinic,oromia,sIHLVW5KkXC,harme primary clinic,oromia,0.8465678691864014,harme primary clinic woreda:Gololcha region:oromia zone:Arsi zone,harme primary clinic region:oromia zone:Arsi ZHD,confirmed
1094343,tokuma primary clinic,oromia,Qdb5UmujBJG,tokuma primary clinic,oromia,0.8189297914505005,tokuma primary clinic woreda:Bedesa region:oromia zone:West Hararge Zone,tokuma primary clinic region:oromia zone:Arsi ZHD,confirmed
1094403,meles primery clinic,amhara,oKo5x5ozINl,melaku primery clinic,amhara,0.8028028011322021,meles primery clinic woreda:Tenta region:amhara zone:South Wollo Zone,melaku primery clinic region:amhara zone:North Gondar ZHD,confirmed
1094421,daryel medium clinic,somali,oLwFAZUsoum,daryeel medium clinic,somali,0.8425014019012451,daryel medium clinic woreda:Jigjiga Town region:somali zone:Fafan,daryeel medium clinic region:somali zone:Fafan ZHD,confirmed
1094427,abenezer drug store,oromia,hl7l0pVgkKx,abenezer primary clinic,oromia,0.9023850560188293,abenezer drug store region:oromia,abenezer primary clinic region:oromia zone:Arsi ZHD,confirmed
1094427,abenezer drug store,oromia,no5jnicyfIL,abenezer primary clinic,oromia,0.8966560363769531,abenezer drug store region:oromia,abenezer primary clinic region:oromia zone:Buno Bedele ZHD,confirmed
1094427,abenezer drug store,oromia,O084wpQUFt5,abenezer small cilinic,oromia,0.8516323566436768,abenezer drug store region:oromia,abenezer small cilinic region:oromia zone:Guji ZHD,confirmed
1094427,abenezer drug store,oromia,RFt3OPm6TUL,abenezer primary clinic,oromia,0.892640233039856,abenezer drug store region:oromia,abenezer primary clinic region:oromia zone:Kelem Wellega  ZHD,confirmed
1094427,abenezer drug store,oromia,la1s0PzZoCY,abenezer primary clinic,oromia,0.8842307925224304,abenezer drug store region:oromia,abenezer primary clinic region:oromia zone:SHEGER CITY Health Office,confirmed
1094427,abenezer drug store,oromia,XwE4YJNfaCW,abenezar primary clinic,oromia,0.801333487033844,abenezer drug store region:oromia,abenezar primary clinic region:oromia zone:South West Shewa  ZHD,confirmed
1094427,abenezer drug store,oromia,RQMPieypQsI,abenezer primary clinic,oromia,0.9049770832061768,abenezer drug store region:oromia,abenezer primary clinic region:oromia zone:West Wellega  ZHD,confirmed
1094427,abenezer drug store,oromia,juM4TMTINSP,abenezer 2nd primary clinic,oromia,0.8896793127059937,abenezer drug store region:oromia,abenezer 2nd primary clinic region:oromia zone:West Wellega  ZHD,confirmed
1094427,abenezer drug store,oromia,bIl6SSQzpCI,abenezer primary clinic,oromia,0.9049770832061768,abenezer drug store region:oromia,abenezer primary clinic region:oromia zone:West Wellega  ZHD,confirmed
1094437,hawi pharmacy,oromia,l5t6HZnPN2L,hawi primary clinic,oromia,0.903759777545929,hawi pharmacy region:oromia,hawi primary clinic region:oromia zone:Bale ZHD,confirmed
1094437,hawi pharmacy,oromia,PPZnmNjMWhn,hawwii primary clinic,oromia,0.8724908232688904,hawi pharmacy region:oromia,hawwii primary clinic region:oromia zone:Ilu Aba Bora ZHD,confirmed
1094438,hawi pharmacy,oromia,l5t6HZnPN2L,hawi primary clinic,oromia,0.903759777545929,hawi pharmacy region:oromia,hawi primary clinic region:oromia zone:Bale ZHD,confirmed
1094438,hawi pharmacy,oromia,PPZnmNjMWhn,hawwii primary clinic,oromia,0.8724908232688904,hawi pharmacy region:oromia,hawwii primary clinic region:oromia zone:Ilu Aba Bora ZHD,confirmed
1094511,kidus michael dental medium clinic,oromia,zm9VNHpq2a4,kidus michael medium clinic,oromia,0.8027411699295044,kidus michael dental medium clinic woreda:Ginir Town region:oromia zone:East Bale Zone,kidus michael medium clinic region:oromia zone:Bishoftu Town ZHD,confirmed
1094518,afran kalo,oromia,kVGuUSdyL2m,afreneqalo primary clinic,oromia,0.8351964950561523,afran kalo region:oromia zone:West Hararge Zone,afreneqalo primary clinic region:oromia zone:East Hararge ZHD,confirmed
1094518,afran kalo,oromia,ON8ESoZ2PK9,afran qalloo primary clinic,oromia,0.8521739840507507,afran kalo region:oromia zone:West Hararge Zone,afran qalloo primary clinic region:oromia zone:East Hararge ZHD,confirmed
1094520,idil dental medium clinic,somali,VZsHAqbL8jt,idil primary clinic,somali,0.8970991373062134,idil dental medium clinic region:somali,idil primary clinic region:somali zone:Fafan ZHD,confirmed
1094577,samale primary clinic,somali,BnwzgxLuYdj,samale primary clinic,somali,0.8656286001205444,samale primary clinic woreda:Babili region:somali zone:Fafan,samale primary clinic region:somali zone:Fafan ZHD,confirmed
1094597,jemal mohammed medium clinic,amhara,mZ7sNISzc4D,jemal medium clinic,amhara,0.8087331056594849,jemal mohammed medium clinic woreda:Kemisie Town region:amhara zone:Oromia Special Zone,jemal medium clinic region:amhara zone:Oromia Special ZHD,confirmed
1094597,jemal mohammed medium clinic,amhara,QZbcLc1JFEq,jemal medium clinic,amhara,0.8087331056594849,jemal mohammed medium clinic woreda:Kemisie Town region:amhara zone:Oromia Special Zone,jemal medium clinic region:amhara zone:Oromia Special ZHD,confirmed
1094600,abdi boru medium clinic,oromia,lEXvArQdOeK,abdi boru primary clinic,oromia,0.8074471354484558,abdi boru medium clinic woreda:Lume region:oromia zone:East Shewa Zone,abdi boru primary clinic region:oromia zone:East Hararge ZHD,confirmed
1094613,aafiya primary clinic,somali,qaCfKTjoDSe,afiya primary clinic,somali,0.8931494951248169,aafiya primary clinic region:somali,afiya primary clinic region:somali zone:Liben ZHD,confirmed
1094632,zekiros primary clinic,oromia,mtVCBUDjYok,zekiros primary clinic,oromia,0.8697910308837891,zekiros primary clinic woreda:Jeju region:oromia zone:Arsi zone,zekiros primary clinic region:oromia zone:Arsi ZHD,confirmed
1094633,biyo kulul health post,somali,Kl53ba6qG7B,biyo kulul health post,somali,0.8678165078163147,biyo kulul health post woreda:Gota-Biki region:somali zone:Sitti,biyo kulul health post region:somali zone:Sitti ZHD,confirmed
1094633,biyo kulul health post,somali,nV8B58QB3Y6,biyo kulul health post,somali,0.8678165078163147,biyo kulul health post woreda:Gota-Biki region:somali zone:Sitti,biyo kulul health post region:somali zone:Sitti ZHD,confirmed
1094638,walin medium clinic,oromia,PjvEbTv2uSy,walin medium clinic,oromia,0.873695433139801,walin medium clinic woreda:Nejo Town region:oromia zone:Nejo Town,walin medium clinic region:oromia zone:Ambo Town ZHD,confirmed
1094638,walin medium clinic,oromia,pXKyClTvUYc,walin medium clinic,oromia,0.8684405088424683,walin medium clinic woreda:Nejo Town region:oromia zone:Nejo Town,walin medium clinic region:oromia zone:South West Shewa  ZHD,confirmed
1094650,dhalacad health post,somali,QGmly3PlvNH,dhalacad health post,somali,0.8888035416603088,dhalacad health post woreda:Dig region:somali zone:Jarar,dhalacad health post region:somali zone:Jarar ZHD,confirmed
1094651,lalibela pharmacy,amhara,Zkixai0B358,lalibela phcu,amhara,0.801291823387146,lalibela pharmacy woreda:Lalibela Town region:amhara zone:North Wollo Zone,lalibela phcu region:amhara zone:North Wollo ZHD,confirmed
1094683,walelign primary clinic,amhara,QVPxKSrrFOL,walelgn primery clinic,amhara,0.8098914623260498,walelign primary clinic woreda:Dessie Town region:amhara zone:Dessie Town Administration,walelgn primery clinic region:amhara zone:East Gojjam ZHD,confirmed
1094695,waliin medium clinic,oromia,pXKyClTvUYc,walin medium clinic,oromia,0.8127372860908508,waliin medium clinic woreda:Dire Enchini region:oromia zone:West Shewa Zone,walin medium clinic region:oromia zone:South West Shewa  ZHD,confirmed
1094707,piassa pharmacy,amhara,a23EzNjBwPU,piassa 04 kebele,amhara,0.8105109333992004,piassa pharmacy woreda:Dessie Town region:amhara zone:Dessie Town Administration,piassa 04 kebele region:amhara zone:Dessie THO,confirmed
1094730,geda medium clinic,oromia,l6BLQgAyuc9,geda medium clinic,oromia,0.8585492372512817,geda medium clinic woreda:Hitosa region:oromia zone:Arsi zone,geda medium clinic region:oromia zone:Arsi ZHD,confirmed
1094749,phinel primary clinic,oromia,GLiXsEmooIc,phini’el primary clinic,oromia,0.8408942818641663,phinel primary clinic woreda:Bule Hora region:oromia zone:West Guji Zone,phini’el primary clinic region:oromia zone:West Guji ZHD,confirmed
1094752,harme primary clinic,oromia,vIIK1QsU5Gb,harme primary clinic,oromia,0.8023161888122559,harme primary clinic woreda:Oda Bultum region:oromia zone:West Hararge Zone,harme primary clinic region:oromia zone:Arsi ZHD,confirmed
1094752,harme primary clinic,oromia,sIHLVW5KkXC,harme primary clinic,oromia,0.8023161888122559,harme primary clinic woreda:Oda Bultum region:oromia zone:West Hararge Zone,harme primary clinic region:oromia zone:Arsi ZHD,confirmed
1094758,puntland drug store,somali,Sj30HCujRpQ,puntland m clinic,somali,0.8970255255699158,puntland drug store region:somali,puntland m clinic region:somali zone:Fafan ZHD,confirmed
1094783,kenteri drug store,oromia,ntS5xvNq3TO,kenteri primary clinic,oromia,0.8682553172111511,kenteri drug store region:oromia,kenteri primary clinic region:oromia zone:SHEGER CITY Health Office,confirmed
1094786,hidase medium clinic,amhara,J5qZoC5jvlV,hidasa medium clinic,amhara,0.8517684936523438,hidase medium clinic woreda:Dessie Town region:amhara zone:Dessie Town Administration,hidasa medium clinic region:amhara zone:Awi ZHD,confirmed
1094786,hidase medium clinic,amhara,LKawCRh2xhM,hidase mid clinic,amhara,0.8397315740585327,hidase medium clinic woreda:Dessie Town region:amhara zone:Dessie Town Administration,hidase mid clinic region:amhara zone:South Wollo ZHD,confirmed
1094786,hidase medium clinic,amhara,hCf4NeZhHyW,hidasie medium clinic,amhara,0.8455229997634888,hidase medium clinic woreda:Dessie Town region:amhara zone:Dessie Town Administration,hidasie medium clinic region:amhara zone:South Wollo ZHD,confirmed
1094790,buraysa health post,oromia,wRWNB2wpXap,buraysa health post,oromia,0.8673257827758789,buraysa health post woreda:Tulo region:oromia zone:West Hararge Zone,buraysa health post region:oromia zone:West Hararge ZHD,confirmed
1094791,geda medium clinic,oromia,l6BLQgAyuc9,geda medium clinic,oromia,0.8088647127151489,geda medium clinic woreda:Bure region:oromia zone:Ilu Aba Bora Zone,geda medium clinic region:oromia zone:Arsi ZHD,confirmed
1094793,harme primary clinic,oromia,vIIK1QsU5Gb,harme primary clinic,oromia,0.8990816473960876,harme primary clinic region:oromia zone:West Hararge Zone,harme primary clinic region:oromia zone:Arsi ZHD,confirmed
1094793,harme primary clinic,oromia,sIHLVW5KkXC,harme primary clinic,oromia,0.8990816473960876,harme primary clinic region:oromia zone:West Hararge Zone,harme primary clinic region:oromia zone:Arsi ZHD,confirmed
1094793,harme primary clinic,oromia,vtQJqnePIpZ,haromaya primary clinic,oromia,0.8542194962501526,harme primary clinic region:oromia zone:West Hararge Zone,haromaya primary clinic region:oromia zone:East Hararge ZHD,confirmed
1094845,walin medium clinic,oromia,pXKyClTvUYc,walin medium clinic,oromia,0.8316202759742737,walin medium clinic woreda:Hirna Towm region:oromia zone:West Hararge Zone,walin medium clinic region:oromia zone:South West Shewa  ZHD,confirmed
1094847,naga medium clinic,oromia,G0rT0SNc6WM,nasihaa medium clinic,oromia,0.8236753940582275,naga medium clinic woreda:Nekemte Town region:oromia zone:Nekemte Town,nasihaa medium clinic region:oromia zone:Shashemene Town ZHD,confirmed
1094869,picel medium clinic,addis ababa,EyFR9e6SGHG,peace land medium dental clinic,addis ababa,0.8034383654594421,picel medium clinic region:addis ababa zone:Bole Sub City,peace land medium dental clinic region:addis ababa zone:Nifas Silk Lafto Sub City,confirmed
1094880,hora primary clinic,oromia,g910w8hjXaD,hora primary clinic,oromia,0.8680204749107361,hora primary clinic woreda:Darimu region:oromia zone:Ilu Aba Bora Zone,hora primary clinic region:oromia zone:Ilu Aba Bora ZHD,confirmed
1094881,bedeno primary clinic,oromia,FqeHiPTwmww,bedeno primary clinic,oromia,0.8733342885971069,bedeno primary clinic woreda:Darimu region:oromia zone:Ilu Aba Bora Zone,bedeno primary clinic region:oromia zone:Ilu Aba Bora ZHD,confirmed
1094898,bilal primary clinic,oromia,u7kPvmDshNh,bilal primary clinic,oromia,0.8460612297058105,bilal primary clinic woreda:Mieso Woreda region:oromia zone:West Hararge Zone,bilal primary clinic region:oromia zone:East Hararge ZHD,confirmed
1094906,bilal pharmacy,oromia,HYD2itjPssZ,bilalo phcu,oromia,0.8417695760726929,bilal pharmacy region:oromia,bilalo phcu region:oromia zone:Arsi ZHD,confirmed
1094906,bilal pharmacy,oromia,u7kPvmDshNh,bilal primary clinic,oromia,0.9138272404670715,bilal pharmacy region:oromia,bilal primary clinic region:oromia zone:East Hararge ZHD,confirmed
1094916,lammi medium clinic,oromia,TLqTMfy119s,lami medium clinic,oromia,0.8308584690093994,lammi medium clinic woreda:Nekemte Town region:oromia zone:Nekemte Town,lami medium clinic region:oromia zone:Mojo Town ZHD,confirmed
1094922,harme primary clinic,oromia,vIIK1QsU5Gb,harme primary clinic,oromia,0.8012126684188843,harme primary clinic woreda:Gelemso Town region:oromia zone:West Hararge Zone,harme primary clinic region:oromia zone:Arsi ZHD,confirmed
1094922,harme primary clinic,oromia,sIHLVW5KkXC,harme primary clinic,oromia,0.8012126684188843,harme primary clinic woreda:Gelemso Town region:oromia zone:West Hararge Zone,harme primary clinic region:oromia zone:Arsi ZHD,confirmed
1094936,hawi gudina primary clinic,oromia,YuVLc73tBii,hawi gudina primary clinic,oromia,0.8855003118515015,hawi gudina primary clinic woreda:Limuna Bilbilo region:oromia zone:Arsi zone,hawi gudina primary clinic region:oromia zone:Arsi ZHD,confirmed
1094936,hawi gudina primary clinic,oromia,QflC8YVnnZI,hawi gudina primary clinic,oromia,0.8314449787139893,hawi gudina primary clinic woreda:Limuna Bilbilo region:oromia zone:Arsi zone,hawi gudina primary clinic region:oromia zone:Batu Town ZHD,confirmed
1094936,hawi gudina primary clinic,oromia,eDN52j46mCa,hawi gudina primary clinic,oromia,0.8314449787139893,hawi gudina primary clinic woreda:Limuna Bilbilo region:oromia zone:Arsi zone,hawi gudina primary clinic region:oromia zone:Batu Town ZHD,confirmed
1094972,sululta health center community pharmacy,oromia,qpjbY6T2JBc,sululta phcu,oromia,0.81081223487854,sululta health center community pharmacy woreda:Sululta Sub-City region:oromia zone:Sheger City,sululta phcu region:oromia zone:SHEGER CITY Health Office,confirmed
1094988,koket medium clinic,oromia,wXFEP42d3Wh,koket medium clinic,oromia,0.8795990347862244,koket medium clinic woreda:Batu Town region:oromia zone:Batu Town,koket medium clinic region:oromia zone:Arsi ZHD,confirmed
1094990,langano medium clinic,oromia,bNUQshMgMv7,langano medium clinic,oromia,0.901036262512207,langano medium clinic woreda:Batu Town region:oromia zone:Batu Town,langano medium clinic region:oromia zone:Batu Town ZHD,confirmed
1095040,bizualem medium clinic,amhara,SaAfQRDdr4C,bizualem medium clinic,amhara,0.841774582862854,bizualem medium clinic woreda:Debreberhan Town region:amhara zone:Debreberhan Town Administration,bizualem medium clinic region:amhara zone:North Shewa ZHD,confirmed
1095051,walin medium clinic,oromia,pXKyClTvUYc,walin medium clinic,oromia,0.833082377910614,walin medium clinic woreda:Seyo Nole region:oromia zone:West Wollega Zone,walin medium clinic region:oromia zone:South West Shewa  ZHD,confirmed
1095052,renascent psychiatry and rehabilitation center,oromia,m7LoaDc5t31,renascent psychiatry and rehabilitation center,oromia,0.9813548922538757,renascent psychiatry and rehabilitation center region:oromia,renascent psychiatry and rehabilitation center region:oromia zone:SHEGER CITY Health Office,confirmed
1095055,dawa medium clinic,oromia,a9ccIRXpIPc,dawa medium clinic,oromia,0.8586217164993286,dawa medium clinic woreda:Nejo Town region:oromia zone:Nejo Town,dawa medium clinic region:oromia zone:SHEGER CITY Health Office,confirmed
1095062,harme medium clinic,oromia,Cll8zrl2WPv,harme medium clinic,oromia,0.8038703203201294,harme medium clinic woreda:Guna region:oromia zone:Arsi zone,harme medium clinic region:oromia zone:North Shewa  ZHD,confirmed
1095063,henok primary clinic,oromia,IBDR7yukeGq,henok primary clinic,oromia,0.883133590221405,henok primary clinic woreda:Darimu region:oromia zone:Ilu Aba Bora Zone,henok primary clinic region:oromia zone:Ilu Aba Bora ZHD,confirmed
1095064,henok primary clinic,oromia,IBDR7yukeGq,henok primary clinic,oromia,0.9812110066413879,henok primary clinic region:oromia zone:Ilu Aba Bora Zone,henok primary clinic region:oromia zone:Ilu Aba Bora ZHD,confirmed
1095065,robenas primary clinic,oromia,V0DZQ0PyKlH,robenas primary clinic,oromia,0.8919782638549805,robenas primary clinic woreda:Darimu region:oromia zone:Ilu Aba Bora Zone,robenas primary clinic region:oromia zone:Ilu Aba Bora ZHD,confirmed
1095074,goshmeda health post,amhara,Yg3Iil2BvT3,goshimeda health post,amhara,0.8331307768821716,goshmeda health post woreda:Delanta region:amhara zone:South Wollo Zone,goshimeda health post region:amhara zone:South Wollo ZHD,confirmed
1095093,ergib medium clinic,amhara,xgNTyIIZVui,ergib primary clinic,amhara,0.9033737182617188,ergib medium clinic region:amhara zone:South Gondar Zone,ergib primary clinic region:amhara zone:West Gojjam ZHD,confirmed
1095103,walin medium clinic,oromia,pXKyClTvUYc,walin medium clinic,oromia,0.8304623961448669,walin medium clinic woreda:Nole Kaba region:oromia zone:West Wollega Zone,walin medium clinic region:oromia zone:South West Shewa  ZHD,confirmed
1095105,emana no2 medium clinic,addis ababa,rj7VEgtYwuj,emana medium clinic,addis ababa,0.8289358615875244,emana no2 medium clinic woreda:Woreda 9 region:addis ababa zone:Yeka Sub City,emana medium clinic region:addis ababa zone:Yeka Sub City,confirmed
1095139,kidus mikael primary clinic,amhara,VT28jO5iCOH,kidus michael primary clinic,amhara,0.8342691659927368,kidus mikael primary clinic woreda:Takusa region:amhara zone:Central Gondar Zone,kidus michael primary clinic region:amhara zone:Central Gondar ZHD,confirmed
1095139,kidus mikael primary clinic,amhara,Adfj8Huhy52,kidus michael primary clinic,amhara,0.8342691659927368,kidus mikael primary clinic woreda:Takusa region:amhara zone:Central Gondar Zone,kidus michael primary clinic region:amhara zone:Central Gondar ZHD,confirmed
1095139,kidus mikael primary clinic,amhara,argGEotv41q,kidus michael primary clinic kirakir,amhara,0.8430891036987305,kidus mikael primary clinic woreda:Takusa region:amhara zone:Central Gondar Zone,kidus michael primary clinic kirakir region:amhara zone:Central Gondar ZHD,confirmed
1095144,nigusie primary clinic,amhara,lLURmvIM678,nigussie primary clinic,amhara,0.8599163889884949,nigusie primary clinic woreda:Takusa region:amhara zone:Central Gondar Zone,nigussie primary clinic region:amhara zone:South Gondar ZHD,confirmed
1095144,nigusie primary clinic,amhara,Ag3N1Bb5VQ5,negusie primary,amhara,0.8044367432594299,nigusie primary clinic woreda:Takusa region:amhara zone:Central Gondar Zone,negusie primary region:amhara zone:South Gondar ZHD,confirmed
1095144,nigusie primary clinic,amhara,thKIhIQaw93,nigusie medium clinic,amhara,0.8412582278251648,nigusie primary clinic woreda:Takusa region:amhara zone:Central Gondar Zone,nigusie medium clinic region:amhara zone:South Gondar ZHD,confirmed
1095147,selam primary clinic,amhara,CNeoS9YItnO,selam primary clinic,amhara,0.8188291192054749,selam primary clinic woreda:Gondar Zuriya region:amhara zone:Central Gondar Zone,selam primary clinic region:amhara zone:Bahirdar THO,confirmed
1095147,selam primary clinic,amhara,LdtqVf5qs2P,selam primary clinic,amhara,0.8181079030036926,selam primary clinic woreda:Gondar Zuriya region:amhara zone:Central Gondar Zone,selam primary clinic region:amhara zone:Dessie THO,confirmed
1095147,selam primary clinic,amhara,sgwtyK0Xof4,selam primary clinic,amhara,0.8210703730583191,selam primary clinic woreda:Gondar Zuriya region:amhara zone:Central Gondar Zone,selam primary clinic region:amhara zone:South Wollo ZHD,confirmed
1095148,kenaw primary clinic,amhara,ImnZLinYKVQ,kenaw primary clinic,amhara,0.8893217444419861,kenaw primary clinic woreda:Gondar Zuriya region:amhara zone:Central Gondar Zone,kenaw primary clinic region:amhara zone:Central Gondar ZHD,confirmed
1095148,kenaw primary clinic,amhara,ietkwEo5wbg,kenaw primary clinic,amhara,0.8893217444419861,kenaw primary clinic woreda:Gondar Zuriya region:amhara zone:Central Gondar Zone,kenaw primary clinic region:amhara zone:Central Gondar ZHD,confirmed
1095152,derebew primary clinic,amhara,oEbgaxzbC3B,dereb primary clinic,amhara,0.8811522722244263,derebew primary clinic woreda:Gondar Zuriya region:amhara zone:Central Gondar Zone,dereb primary clinic region:amhara zone:Central Gondar ZHD,confirmed
1095153,kidusmikael primary clinic,amhara,VT28jO5iCOH,kidus michael primary clinic,amhara,0.827398419380188,kidusmikael primary clinic woreda:Gondar Zuriya region:amhara zone:Central Gondar Zone,kidus michael primary clinic region:amhara zone:Central Gondar ZHD,confirmed
1095153,kidusmikael primary clinic,amhara,Adfj8Huhy52,kidus michael primary clinic,amhara,0.827398419380188,kidusmikael primary clinic woreda:Gondar Zuriya region:amhara zone:Central Gondar Zone,kidus michael primary clinic region:amhara zone:Central Gondar ZHD,confirmed
1095153,kidusmikael primary clinic,amhara,argGEotv41q,kidus michael primary clinic kirakir,amhara,0.8310750722885132,kidusmikael primary clinic woreda:Gondar Zuriya region:amhara zone:Central Gondar Zone,kidus michael primary clinic kirakir region:amhara zone:Central Gondar ZHD,confirmed
1095156,medhanialem primary clinic,amhara,hrkAliDZH9I,medihaniyalm primary clinic,amhara,0.8025268912315369,medhanialem primary clinic woreda:West Belesa region:amhara zone:Central Gondar Zone,medihaniyalm primary clinic region:amhara zone:East Gojjam ZHD,confirmed
1095156,medhanialem primary clinic,amhara,pWYt4d0UIaB,medhanialem junior clinic,amhara,0.8212563395500183,medhanialem primary clinic woreda:West Belesa region:amhara zone:Central Gondar Zone,medhanialem junior clinic region:amhara zone:West Gojjam ZHD,confirmed
1095156,medhanialem primary clinic,amhara,GxfDl9DM34r,medihanilem primary clinic,amhara,0.8171742558479309,medhanialem primary clinic woreda:West Belesa region:amhara zone:Central Gondar Zone,medihanilem primary clinic region:amhara zone:West Gondar ZHD,confirmed
1095162,tesfaye primary clinic,amhara,hvZeBZ1GXRo,tesfaye primary clinic,amhara,0.8025273680686951,tesfaye primary clinic woreda:Tach Armacho region:amhara zone:Central Gondar Zone,tesfaye primary clinic region:amhara zone:North Shewa ZHD,confirmed
1095170,desalegn primary clinic,amhara,ySyqYp845wU,desalegn primary clinic,amhara,0.844979465007782,desalegn primary clinic woreda:West Dembia region:amhara zone:Central Gondar Zone,desalegn primary clinic region:amhara zone:East Gojjam ZHD,confirmed
1095173,selam medium clinic,amhara,JXfQSTuxxzG,selam melestegna clinic,amhara,0.9335797429084778,selam medium clinic region:amhara zone:Central Gondar Zone,selam melestegna clinic region:amhara zone:Central Gondar ZHD,confirmed
1095173,selam medium clinic,amhara,WVdDDyRFhOB,selam medium clinic,amhara,0.9301289319992065,selam medium clinic region:amhara zone:Central Gondar Zone,selam medium clinic region:amhara zone:West Gojjam ZHD,confirmed
1095174,asfaw primary clinic,amhara,LLIb2wAudsL,asefa primary clinic,amhara,0.8224804401397705,asfaw primary clinic woreda:Central Armacho region:amhara zone:Central Gondar Zone,asefa primary clinic region:amhara zone:Central Gondar ZHD,confirmed
1095174,asfaw primary clinic,amhara,NV2EWjdiVeR,asefaw primary clinic,amhara,0.8226871490478516,asfaw primary clinic woreda:Central Armacho region:amhara zone:Central Gondar Zone,asefaw primary clinic region:amhara zone:Central Gondar ZHD,confirmed
1095175,kidus mikael primary clinic,amhara,GUtLk6fdGYi,kidus minas number 1 medium clinic,amhara,0.8245494365692139,kidus mikael primary clinic region:amhara zone:Central Gondar Zone,kidus minas number 1 medium clinic region:amhara zone:Bahirdar THO,confirmed
1095175,kidus mikael primary clinic,amhara,VT28jO5iCOH,kidus michael primary clinic,amhara,0.9230120182037354,kidus mikael primary clinic region:amhara zone:Central Gondar Zone,kidus michael primary clinic region:amhara zone:Central Gondar ZHD,confirmed
1095175,kidus mikael primary clinic,amhara,Adfj8Huhy52,kidus michael primary clinic,amhara,0.9230120182037354,kidus mikael primary clinic region:amhara zone:Central Gondar Zone,kidus michael primary clinic region:amhara zone:Central Gondar ZHD,confirmed
1095175,kidus mikael primary clinic,amhara,argGEotv41q,kidus michael primary clinic kirakir,amhara,0.9267973899841309,kidus mikael primary clinic region:amhara zone:Central Gondar Zone,kidus michael primary clinic kirakir region:amhara zone:Central Gondar ZHD,confirmed
1095177,solomon alemmebrat primary clinic,amhara,hKmwuQ3zSpn,solomon primary clinic,amhara,0.8030414581298828,solomon alemmebrat primary clinic woreda:Central Armacho region:amhara zone:Central Gondar Zone,solomon primary clinic region:amhara zone:South Gondar ZHD,confirmed
1095178,habtamu ayelign primary clinic,amhara,nxhvHxdSM76,habtamu primary clinic,amhara,0.8381003737449646,habtamu ayelign primary clinic woreda:Central Armacho region:amhara zone:Central Gondar Zone,habtamu primary clinic region:amhara zone:Central Gondar ZHD,confirmed
1095178,habtamu ayelign primary clinic,amhara,pT43EDAiAw2,habtamu primary clinic,amhara,0.8381003737449646,habtamu ayelign primary clinic woreda:Central Armacho region:amhara zone:Central Gondar Zone,habtamu primary clinic region:amhara zone:Central Gondar ZHD,confirmed
1095178,habtamu ayelign primary clinic,amhara,tRpI7ODkfq6,habtamu primary clinic,amhara,0.8094194531440735,habtamu ayelign primary clinic woreda:Central Armacho region:amhara zone:Central Gondar Zone,habtamu primary clinic region:amhara zone:East Gojjam ZHD,confirmed
1095183,kemal primary clinic,amhara,dHotJ8c0BgN,kemal primary clinic,amhara,0.8746667504310608,kemal primary clinic woreda:Tegede region:amhara zone:Central Gondar Zone,kemal primary clinic region:amhara zone:Central Gondar ZHD,confirmed
1095190,tsegaye primary clinic,amhara,UK7tnZn8SJa,tsegaye primery clinic,amhara,0.8754732608795166,tsegaye primary clinic region:amhara zone:Central Gondar Zone,tsegaye primery clinic region:amhara zone:Awi ZHD,confirmed
1095190,tsegaye primary clinic,amhara,Mg7eDV4D0xK,tsegaw primary clinic,amhara,0.9621860980987549,tsegaye primary clinic region:amhara zone:Central Gondar Zone,tsegaw primary clinic region:amhara zone:Central Gondar ZHD,confirmed
1095190,tsegaye primary clinic,amhara,tFo365EeZkb,tsegaye primary clinic,amhara,0.9472938179969788,tsegaye primary clinic region:amhara zone:Central Gondar Zone,tsegaye primary clinic region:amhara zone:South Gondar ZHD,confirmed
1095190,tsegaye primary clinic,amhara,zVhQRyZA7vA,tsega abebe primary clinic,amhara,0.9022641777992249,tsegaye primary clinic region:amhara zone:Central Gondar Zone,tsega abebe primary clinic region:amhara zone:West Gojjam ZHD,confirmed
1095192,mengistu primary clinic,amhara,revNj62uRbz,mengistu primary clinic,amhara,0.8392383456230164,mengistu primary clinic woreda:Lay Armacho region:amhara zone:Central Gondar Zone,mengistu primary clinic region:amhara zone:Central Gondar ZHD,confirmed
1095197,emeru primary clinic,amhara,bOkXnad6A18,emeru primary clinic,amhara,0.8530219793319702,emeru primary clinic woreda:East Dembia region:amhara zone:Central Gondar Zone,emeru primary clinic region:amhara zone:Central Gondar ZHD,confirmed
1095197,emeru primary clinic,amhara,ECVt5e9BOf7,emeru clinic,amhara,0.8203571438789368,emeru primary clinic woreda:East Dembia region:amhara zone:Central Gondar Zone,emeru clinic region:amhara zone:West Gondar ZHD,confirmed
1095198,mengistie primary clinic,amhara,revNj62uRbz,mengistu primary clinic,amhara,0.8335897922515869,mengistie primary clinic woreda:East Dembia region:amhara zone:Central Gondar Zone,mengistu primary clinic region:amhara zone:Central Gondar ZHD,confirmed
1095248,sigla teklehayimanot health post,amhara,MD2Y8ZlbYWf,sigila tekle haymanot health post,amhara,0.8230254054069519,sigla teklehayimanot health post woreda:Fagitalekoma region:amhara zone:Awi Zone,sigila tekle haymanot health post region:amhara zone:Awi ZHD,confirmed
1095257,daryel medium clinic,somali,oLwFAZUsoum,daryeel medium clinic,somali,0.8505286574363708,daryel medium clinic woreda:Babili region:somali zone:Fafan,daryeel medium clinic region:somali zone:Fafan ZHD,confirmed
1095266,endalkedash basic health post,amhara,dEyXmPyL1SZ,endalkachew primary clinic,amhara,0.8140037059783936,endalkedash basic health post region:amhara,endalkachew primary clinic region:amhara zone:East Gojjam ZHD,confirmed
1095275,harme medium clinic,oromia,Cll8zrl2WPv,harme medium clinic,oromia,0.8481528759002686,harme medium clinic woreda:Fitche Town region:oromia zone:North Shewa Zone,harme medium clinic region:oromia zone:North Shewa  ZHD,confirmed
1095282,beteseb primary clinic,sidama,Vs0bTf3uPTG,beteseb clinic,sidama,0.8235212564468384,beteseb primary clinic woreda:Aleta Wondo Woreda region:sidama zone:Southern Zone,beteseb clinic region:sidama zone:Aleta Chuko Town WorHO,confirmed
1095287,kidusmikael primary clinic,amhara,VT28jO5iCOH,kidus michael primary clinic,amhara,0.8063897490501404,kidusmikael primary clinic woreda:East Belesa region:amhara zone:Central Gondar Zone,kidus michael primary clinic region:amhara zone:Central Gondar ZHD,confirmed
1095287,kidusmikael primary clinic,amhara,Adfj8Huhy52,kidus michael primary clinic,amhara,0.8063897490501404,kidusmikael primary clinic woreda:East Belesa region:amhara zone:Central Gondar Zone,kidus michael primary clinic region:amhara zone:Central Gondar ZHD,confirmed
1095287,kidusmikael primary clinic,amhara,argGEotv41q,kidus michael primary clinic kirakir,amhara,0.8128595948219299,kidusmikael primary clinic woreda:East Belesa region:amhara zone:Central Gondar Zone,kidus michael primary clinic kirakir region:amhara zone:Central Gondar ZHD,confirmed
1095302,rabira primary clinic,oromia,ridR9jMlD8d,rabira primary clinic,oromia,0.8656274080276489,rabira primary clinic woreda:Dera Town region:oromia zone:Arsi zone,rabira primary clinic region:oromia zone:Arsi ZHD,confirmed
1095302,rabira primary clinic,oromia,Oz9eD92Th8G,rabira primary clinic,oromia,0.8406534194946289,rabira primary clinic woreda:Dera Town region:oromia zone:Arsi zone,rabira primary clinic region:oromia zone:Batu Town ZHD,confirmed
1095302,rabira primary clinic,oromia,YsSp8KqVz9y,rabira primary clinic,oromia,0.8198781609535217,rabira primary clinic woreda:Dera Town region:oromia zone:Arsi zone,rabira primary clinic region:oromia zone:Jimma ZHD,confirmed
1095302,rabira primary clinic,oromia,mv5amdnzNXP,rabira primary clinic,oromia,0.8713739514350891,rabira primary clinic woreda:Dera Town region:oromia zone:Arsi zone,rabira primary clinic region:oromia zone:West Arsi ZHD,confirmed
1095305,lelisa primary clinic,oromia,jdQts4ju2mW,lelise primary clinic,oromia,0.8316453099250793,lelisa primary clinic woreda:Habro region:oromia zone:West Hararge Zone,lelise primary clinic region:oromia zone:West Wellega  ZHD,confirmed
1095327,oda medium clinic,oromia,cTroaMwo363,oda medium clinic,oromia,0.8189560174942017,oda medium clinic woreda:Guduru region:oromia zone:Horo Gudru Wellega Zone,oda medium clinic region:oromia zone:Arsi ZHD,confirmed
1095327,oda medium clinic,oromia,wuyjsSJvdeD,oda medium clinic,oromia,0.8189560174942017,oda medium clinic woreda:Guduru region:oromia zone:Horo Gudru Wellega Zone,oda medium clinic region:oromia zone:Arsi ZHD,confirmed
1095327,oda medium clinic,oromia,TLMVdACjZHZ,oda medium clinic,oromia,0.9062904119491577,oda medium clinic woreda:Guduru region:oromia zone:Horo Gudru Wellega Zone,oda medium clinic region:oromia zone:Horo Gudru Wellega  ZHD,confirmed
1095327,oda medium clinic,oromia,HQd6dFx5JfP,oda medium clinic,oromia,0.8297924399375916,oda medium clinic woreda:Guduru region:oromia zone:Horo Gudru Wellega Zone,oda medium clinic region:oromia zone:North Shewa  ZHD,confirmed
1095327,oda medium clinic,oromia,oOJXOhLOhub,oda medium clinic,oromia,0.8305928111076355,oda medium clinic woreda:Guduru region:oromia zone:Horo Gudru Wellega Zone,oda medium clinic region:oromia zone:West Shewa  ZHD,confirmed
1095356,godey medium clinic,somali,rEbaA27L2hm,godey medium clinic,somali,0.8208897709846497,godey medium clinic woreda:Godey City region:somali zone:Shebelle,godey medium clinic region:somali zone:Fafan ZHD,confirmed
1095360,dawa medium clinic,oromia,a9ccIRXpIPc,dawa medium clinic,oromia,0.8494644165039062,dawa medium clinic woreda:Metu Town region:oromia zone:Metu Town,dawa medium clinic region:oromia zone:SHEGER CITY Health Office,confirmed
1095379,askale drug store,amhara,rfGz2CmTSyC,askenie primary clinic,amhara,0.8061990737915039,askale drug store region:amhara zone:Awi Zone,askenie primary clinic region:amhara zone:Central Gondar ZHD,confirmed
1095388,sileshi primary clinic,amhara,WVFnmfjXbfx,silehamsa primary clinic,amhara,0.8526938557624817,sileshi primary clinic woreda:Banja region:amhara zone:Awi Zone,silehamsa primary clinic region:amhara zone:West Gojjam ZHD,confirmed
1095396,woyibla health post,amhara,xGkz402aiCl,woyibilla health post,amhara,0.8282580971717834,woyibla health post woreda:Guna Begemidir region:amhara zone:South Gondar Zone,woyibilla health post region:amhara zone:South Gondar ZHD,confirmed
1095398,arsi primary clinic,oromia,Z92lZWSPflE,arsi primary clinic,oromia,0.8241945505142212,arsi primary clinic woreda:Dera Town region:oromia zone:Arsi zone,arsi primary clinic region:oromia zone:Arsi ZHD,confirmed
1095398,arsi primary clinic,oromia,NotX4RbzKMm,arsi primary clinic,oromia,0.8241945505142212,arsi primary clinic woreda:Dera Town region:oromia zone:Arsi zone,arsi primary clinic region:oromia zone:Arsi ZHD,confirmed
1095398,arsi primary clinic,oromia,DU5iRYClJ7B,arsii pooli primary clinic,oromia,0.817270040512085,arsi primary clinic woreda:Dera Town region:oromia zone:Arsi zone,arsii pooli primary clinic region:oromia zone:Arsi ZHD,confirmed
1095398,arsi primary clinic,oromia,KAQshTlhoxi,arsi primary clinic,oromia,0.8303736448287964,arsi primary clinic woreda:Dera Town region:oromia zone:Arsi zone,arsi primary clinic region:oromia zone:East Shewa  ZHD,confirmed
1095411,kegnam medium clinic,oromia,STJVfxrJK6L,kegna medium medium clinic,oromia,0.8539511561393738,kegnam medium clinic woreda:Metu Town region:oromia zone:Metu Town,kegna medium medium clinic region:oromia zone:Jimma ZHD,confirmed
1095432,sedie health post,amhara,A8eChD15lfM,sedie health post,amhara,0.8956845998764038,sedie health post woreda:Sedie Muja region:amhara zone:South Gondar Zone,sedie health post region:amhara zone:East Gojjam ZHD,confirmed
1095432,sedie health post,amhara,daT0Dg4HrO8,sedie phcu,amhara,0.8153548836708069,sedie health post woreda:Sedie Muja region:amhara zone:South Gondar Zone,sedie phcu region:amhara zone:South Gondar ZHD,confirmed
1095530,ayalew primary clinic,amhara,J2tVHf7GbAQ,ayalew primary clinic,amhara,0.8088226318359375,ayalew primary clinic woreda:Kallu region:amhara zone:South Wollo Zone,ayalew primary clinic region:amhara zone:Awi ZHD,confirmed
1095554,boru primary clinic,oromia,F8EX0YPiJE5,boru primary clinic,oromia,0.82475346326828,boru primary clinic woreda:Dugda Dawa region:oromia zone:West Guji Zone,boru primary clinic region:oromia zone:Arsi ZHD,confirmed
1095554,boru primary clinic,oromia,d0ZhwhHP1FX,boruu primary clinic,oromia,0.872747004032135,boru primary clinic woreda:Dugda Dawa region:oromia zone:West Guji Zone,boruu primary clinic region:oromia zone:West Guji ZHD,confirmed
1095557,walin medium clinic,oromia,pXKyClTvUYc,walin medium clinic,oromia,0.8034229278564453,walin medium clinic woreda:Jeju region:oromia zone:Arsi zone,walin medium clinic region:oromia zone:South West Shewa  ZHD,confirmed
1095574,alemayehu primary clinic,amhara,w18jNqsh3zU,alemayehu primary clinic,amhara,0.8301042318344116,alemayehu primary clinic woreda:Ankasha Guagusa region:amhara zone:Awi Zone,alemayehu primary clinic region:amhara zone:Central Gondar ZHD,confirmed
1095574,alemayehu primary clinic,amhara,dWtl72JS6G0,alemayehu primary clinic,amhara,0.8301042318344116,alemayehu primary clinic woreda:Ankasha Guagusa region:amhara zone:Awi Zone,alemayehu primary clinic region:amhara zone:Central Gondar ZHD,confirmed
1095574,alemayehu primary clinic,amhara,q5ZMn6mCj2I,alemayehu minale primary clinic,amhara,0.8084362149238586,alemayehu primary clinic woreda:Ankasha Guagusa region:amhara zone:Awi Zone,alemayehu minale primary clinic region:amhara zone:West Gondar ZHD,confirmed
1095574,alemayehu primary clinic,amhara,a737y7mrMXx,alemayehu minale primary clinic,amhara,0.8084362149238586,alemayehu primary clinic woreda:Ankasha Guagusa region:amhara zone:Awi Zone,alemayehu minale primary clinic region:amhara zone:West Gondar ZHD,confirmed
1095606,amen primary clinic,amhara,TBOjYxERpAM,amenaye primary clinic,amhara,0.8116424679756165,amen primary clinic woreda:Zigem region:amhara zone:Awi Zone,amenaye primary clinic region:amhara zone:Awi ZHD,confirmed
1095607,adinas primary clinic1,amhara,RePA6qoXkWB,adinas primary clinic,amhara,0.8653932213783264,adinas primary clinic1 woreda:Zigem region:amhara zone:Awi Zone,adinas primary clinic region:amhara zone:Awi ZHD,confirmed
1095612,yirba primary hospital community pharmacy,sidama,nzT2eb88OWO,yirba primary hospital phcu,sidama,0.8055820465087891,yirba primary hospital community pharmacy woreda:Borricha Woreda region:sidama zone:Northern Zone,yirba primary hospital phcu region:sidama zone:Borricha WorHO,confirmed
1095614,asmamaw medium clinic,amhara,N5e0sXg41Pg,asmamaw primary clinic,amhara,0.8107954263687134,asmamaw medium clinic woreda:Jabi Tehinan region:amhara zone:West Gojam Zone,asmamaw primary clinic region:amhara zone:West Gojjam ZHD,confirmed
1095615,bamlak drug store,amhara,lTvwTz2Yv7n,bamlaku primary clinic,amhara,0.8577268719673157,bamlak drug store region:amhara zone:Awi Zone,bamlaku primary clinic region:amhara zone:West Gojjam ZHD,confirmed
1095617,kiflu primary clinic,amhara,aKXLM3MA6tg,kefyalew primary clinic,amhara,0.8374385833740234,kiflu primary clinic region:amhara zone:Awi Zone,kefyalew primary clinic region:amhara zone:Central Gondar ZHD,confirmed
1095620,semahegn zegeye primary clinic,amhara,CbzH5DV8q5L,semahegn primary clinic,amhara,0.8403372764587402,semahegn zegeye primary clinic woreda:Jabi Tehinan region:amhara zone:West Gojam Zone,semahegn primary clinic region:amhara zone:West Gojjam ZHD,confirmed
1095623,mihret primary clinic,amhara,ytgmZEXDjBn,mihret primary clinic,amhara,0.8695763945579529,mihret primary clinic woreda:Jabi Tehinan region:amhara zone:West Gojam Zone,mihret primary clinic region:amhara zone:West Gojjam ZHD,confirmed
1095624,melkamu adiss primary,amhara,XjGxf6gvl3m,melkamu primary clinic,amhara,0.8141343593597412,melkamu adiss primary woreda:Jabi Tehinan region:amhara zone:West Gojam Zone,melkamu primary clinic region:amhara zone:West Gojjam ZHD,confirmed
1095627,kidus gebrel primary clinic,amhara,ilYXE6ep1WG,kidis gebiral primary clinic,amhara,0.826341986656189,kidus gebrel primary clinic woreda:Jabi Tehinan region:amhara zone:West Gojam Zone,kidis gebiral primary clinic region:amhara zone:West Gondar ZHD,confirmed
1095637,beza primary clinic,amhara,cMZoTPk24u9,beza primary clinic,amhara,0.8163091540336609,beza primary clinic woreda:Jabi Tehinan region:amhara zone:West Gojam Zone,beza primary clinic region:amhara zone:North Wollo ZHD,confirmed
1095644,mati medium clinic,oromia,cbxTgFkrTQU,mati medium clinic,oromia,0.8584568500518799,mati medium clinic woreda:Jimma Town region:oromia zone:Jimma Town,mati medium clinic region:oromia zone:Adama Special ZHD,confirmed
1095644,mati medium clinic,oromia,fyfWvVFNwDb,mati medium clinic,oromia,0.8679783940315247,mati medium clinic woreda:Jimma Town region:oromia zone:Jimma Town,mati medium clinic region:oromia zone:Guji ZHD,confirmed
1095701,andinet medium clinic,south west ethiopia,QPnYcJ2TNU0,andinet clinic,south west ethiopia,0.8286098837852478,andinet medium clinic woreda:Masha Town region:south west ethiopia zone:Sheka Zone,andinet clinic region:south west ethiopia zone:Sheka ZHD,confirmed
1095702,natoli drug store,oromia,TJdIgUP7Ada,natoli 2 medium clinic,oromia,0.812101423740387,natoli drug store woreda:Kore region:oromia zone:West Arsi Zone,natoli 2 medium clinic region:oromia zone:West Arsi ZHD,confirmed
1095709,zelalem primary clinic,amhara,hkjDbXyL9lS,zelalem primary clinic,amhara,0.863802433013916,zelalem primary clinic woreda:Metema region:amhara zone:West Gondar Zone,zelalem primary clinic region:amhara zone:West Gojjam ZHD,confirmed
1095709,zelalem primary clinic,amhara,rFC4ZKuC8hC,zelalem primary clinic,amhara,0.863802433013916,zelalem primary clinic woreda:Metema region:amhara zone:West Gondar Zone,zelalem primary clinic region:amhara zone:West Gojjam ZHD,confirmed
1095717,mekuanint primary clinic,amhara,KV4Du5dD1hV,mekuanint primary clinic,amhara,0.8550054430961609,mekuanint primary clinic woreda:Metema region:amhara zone:West Gondar Zone,mekuanint primary clinic region:amhara zone:West Gojjam ZHD,confirmed
1095765,abrham primary clinic,amhara,UXEjzioZJT5,abrham primary clinic,amhara,0.8244378566741943,abrham primary clinic woreda:Merhabete region:amhara zone:North Shoa Zone,abrham primary clinic region:amhara zone:Central Gondar ZHD,confirmed
1095765,abrham primary clinic,amhara,i15w4MrFwSv,abrham primary clinic,amhara,0.8276574611663818,abrham primary clinic woreda:Merhabete region:amhara zone:North Shoa Zone,abrham primary clinic region:amhara zone:West Gojjam ZHD,confirmed
1095765,abrham primary clinic,amhara,x3pDRpvs8dS,abrham primary clinic,amhara,0.8276574611663818,abrham primary clinic woreda:Merhabete region:amhara zone:North Shoa Zone,abrham primary clinic region:amhara zone:West Gojjam ZHD,confirmed
1095783,yadon medium clinic,addis ababa,nzoGycLSkmR,yetim medium clinic,addis ababa,0.8027835488319397,yadon medium clinic region:addis ababa zone:Lemi kura Sub city,yetim medium clinic region:addis ababa zone:Arada Sub City WorHO,confirmed
1095855,emabet medium clinic,oromia,sADikXXgizO,emebet medium clinic,oromia,0.8013513684272766,emabet medium clinic woreda:Gelan Sub-City region:oromia zone:Sheger City,emebet medium clinic region:oromia zone:SHEGER CITY Health Office,confirmed
1095926,solomon primary clinic,amhara,hKmwuQ3zSpn,solomon primary clinic,amhara,0.8202829957008362,solomon primary clinic woreda:Ayehu Guagusa region:amhara zone:Awi Zone,solomon primary clinic region:amhara zone:South Gondar ZHD,confirmed
1095938,getachew medium clinic,amhara,Iw46t8sadeU,getachew medium clinic,amhara,0.8067768812179565,getachew medium clinic woreda:Ayehu Guagusa region:amhara zone:Awi Zone,getachew medium clinic region:amhara zone:West Gojjam ZHD,confirmed
1095938,getachew medium clinic,amhara,RizvRGCD05x,getachew medium clinic,amhara,0.8067768812179565,getachew medium clinic woreda:Ayehu Guagusa region:amhara zone:Awi Zone,getachew medium clinic region:amhara zone:West Gojjam ZHD,confirmed
1095938,getachew medium clinic,amhara,mxWpdmsBDHo,getachew medium clinic,amhara,0.8067768812179565,getachew medium clinic woreda:Ayehu Guagusa region:amhara zone:Awi Zone,getachew medium clinic region:amhara zone:West Gojjam ZHD,confirmed
1095943,tsegaye and henok medium clinic,amhara,lznC0UENCIY,tsegay medium clinic,amhara,0.8995151519775391,tsegaye and henok medium clinic region:amhara zone:Awi Zone,tsegay medium clinic region:amhara zone:Awi ZHD,confirmed
1095943,tsegaye and henok medium clinic,amhara,WVraihgITVb,tegegn mekuriya medium clinic,amhara,0.8048041462898254,tsegaye and henok medium clinic region:amhara zone:Awi Zone,tegegn mekuriya medium clinic region:amhara zone:South Wollo ZHD,confirmed
1095994,tsion pharmacy,oromia,t9WeYTTEyzr,tsion primary clinic,oromia,0.806194007396698,tsion pharmacy woreda:Jimma Town region:oromia zone:Jimma Town,tsion primary clinic region:oromia zone:Ilu Aba Bora ZHD,confirmed
1096041,amanuel medium clinic,south west ethiopia,jEIbPKYWR7L,amanuel clinic,south west ethiopia,0.8047022223472595,amanuel medium clinic woreda:South Bench Woreda region:south west ethiopia zone:Bench Sheko Zone,amanuel clinic region:south west ethiopia zone:Kaffa ZHD,confirmed
1096062,nafyad primary clinic,oromia,kYSKA3Mk8NQ,nafyad primary clinic,oromia,0.8104382753372192,nafyad primary clinic woreda:Mesela region:oromia zone:West Hararge Zone,nafyad primary clinic region:oromia zone:Arsi ZHD,confirmed
1096074,samale primary clinic,somali,BnwzgxLuYdj,samale primary clinic,somali,0.8776918053627014,samale primary clinic woreda:Harawo region:somali zone:Fafan,samale primary clinic region:somali zone:Fafan ZHD,confirmed
1096092,alemu primary clinic,amhara,w18jNqsh3zU,alemayehu primary clinic,amhara,0.8060176372528076,alemu primary clinic woreda:Awabel region:amhara zone:East Gojjam Zone,alemayehu primary clinic region:amhara zone:Central Gondar ZHD,confirmed
1096092,alemu primary clinic,amhara,dWtl72JS6G0,alemayehu primary clinic,amhara,0.8060176372528076,alemu primary clinic woreda:Awabel region:amhara zone:East Gojjam Zone,alemayehu primary clinic region:amhara zone:Central Gondar ZHD,confirmed
1096092,alemu primary clinic,amhara,PXniE7fzXwT,alemu primary clinic,amhara,0.8428175449371338,alemu primary clinic woreda:Awabel region:amhara zone:East Gojjam Zone,alemu primary clinic region:amhara zone:Central Gondar ZHD,confirmed
1096099,elshaday medium clinic,south west ethiopia,EGVCvldgvkt,elshaday clinic,south west ethiopia,0.8021007180213928,elshaday medium clinic woreda:Shishoinde Woreda region:south west ethiopia zone:Kaffa Zone,elshaday clinic region:south west ethiopia zone:Bench Sheko ZHD,confirmed
1096100,tokuma medium clinic,oromia,WwbCp52JHdD,tokkummaa medium clinic,oromia,0.8239553570747375,tokuma medium clinic woreda:Nejo Town region:oromia zone:Nejo Town,tokkummaa medium clinic region:oromia zone:Jimma ZHD,confirmed
1096119,enat nursing home number 1,addis ababa,Oaa6oFnmH4b,enat nursing home,addis ababa,0.8039308190345764,enat nursing home number 1 woreda:Woreda 11 region:addis ababa zone:Yeka Sub City,enat nursing home region:addis ababa zone:Yeka Sub City,confirmed
1096124,gurara pharmacy,addis ababa,MDKvsJbg4xT,gurara medium clinic,addis ababa,0.8111871480941772,gurara pharmacy woreda:Woreda 2 region:addis ababa zone:Yeka Sub City,gurara medium clinic region:addis ababa zone:Yeka Sub City,confirmed
1096127,enat nursing home number 2,addis ababa,Oaa6oFnmH4b,enat nursing home,addis ababa,0.8011910319328308,enat nursing home number 2 woreda:Woreda 11 region:addis ababa zone:Yeka Sub City,enat nursing home region:addis ababa zone:Yeka Sub City,confirmed
1096136,grace nursing home number 1,addis ababa,WbJ8nz6UyYZ,grace medium clinic,addis ababa,0.8039095401763916,grace nursing home number 1 region:addis ababa,grace medium clinic region:addis ababa zone:Akaki Kality Sub City,confirmed
1096141,hawi primary clinic,oromia,l5t6HZnPN2L,hawi primary clinic,oromia,0.9042236804962158,hawi primary clinic region:oromia zone:West Hararge Zone,hawi primary clinic region:oromia zone:Bale ZHD,confirmed
1096141,hawi primary clinic,oromia,PPZnmNjMWhn,hawwii primary clinic,oromia,0.8841056823730469,hawi primary clinic region:oromia zone:West Hararge Zone,hawwii primary clinic region:oromia zone:Ilu Aba Bora ZHD,confirmed
1096141,hawi primary clinic,oromia,BXiHzcF74D4,hayu primary clinic,oromia,0.8416810035705566,hawi primary clinic region:oromia zone:West Hararge Zone,hayu primary clinic region:oromia zone:West Shewa  ZHD,confirmed
1096143,hawi primary clinic,oromia,l5t6HZnPN2L,hawi primary clinic,oromia,0.8092172741889954,hawi primary clinic woreda:Gemechis region:oromia zone:West Hararge Zone,hawi primary clinic region:oromia zone:Bale ZHD,confirmed
1096143,hawi primary clinic,oromia,PPZnmNjMWhn,hawwii primary clinic,oromia,0.8005738258361816,hawi primary clinic woreda:Gemechis region:oromia zone:West Hararge Zone,hawwii primary clinic region:oromia zone:Ilu Aba Bora ZHD,confirmed
1096156,selam primary clinic,amhara,sgwtyK0Xof4,selam primary clinic,amhara,0.8139113783836365,selam primary clinic woreda:Mojana Wodera region:amhara zone:North Shoa Zone,selam primary clinic region:amhara zone:South Wollo ZHD,confirmed
1096230,kidusgebriel medium clinic,oromia,AmWC2hq7ijp,kidus primary clinic,oromia,0.8454941511154175,kidusgebriel medium clinic region:oromia,kidus primary clinic region:oromia zone:Arsi ZHD,confirmed
1096230,kidusgebriel medium clinic,oromia,U00jfEiRBAP,kidus primary clinic,oromia,0.8378217816352844,kidusgebriel medium clinic region:oromia,kidus primary clinic region:oromia zone:Ilu Aba Bora ZHD,confirmed
1096231,kidusgebriel medium clinic,oromia,AmWC2hq7ijp,kidus primary clinic,oromia,0.8454941511154175,kidusgebriel medium clinic region:oromia,kidus primary clinic region:oromia zone:Arsi ZHD,confirmed
1096231,kidusgebriel medium clinic,oromia,U00jfEiRBAP,kidus primary clinic,oromia,0.8378217816352844,kidusgebriel medium clinic region:oromia,kidus primary clinic region:oromia zone:Ilu Aba Bora ZHD,confirmed
1096232,kidusgebriel medium clinic,oromia,AmWC2hq7ijp,kidus primary clinic,oromia,0.8454941511154175,kidusgebriel medium clinic region:oromia,kidus primary clinic region:oromia zone:Arsi ZHD,confirmed
1096232,kidusgebriel medium clinic,oromia,U00jfEiRBAP,kidus primary clinic,oromia,0.8378217816352844,kidusgebriel medium clinic region:oromia,kidus primary clinic region:oromia zone:Ilu Aba Bora ZHD,confirmed
1096233,kidusgebriel medium clinic,oromia,AmWC2hq7ijp,kidus primary clinic,oromia,0.8454941511154175,kidusgebriel medium clinic region:oromia,kidus primary clinic region:oromia zone:Arsi ZHD,confirmed
1096233,kidusgebriel medium clinic,oromia,U00jfEiRBAP,kidus primary clinic,oromia,0.8378217816352844,kidusgebriel medium clinic region:oromia,kidus primary clinic region:oromia zone:Ilu Aba Bora ZHD,confirmed
1096234,kidusgebriel medium clinic,oromia,AmWC2hq7ijp,kidus primary clinic,oromia,0.8454941511154175,kidusgebriel medium clinic region:oromia,kidus primary clinic region:oromia zone:Arsi ZHD,confirmed
1096234,kidusgebriel medium clinic,oromia,U00jfEiRBAP,kidus primary clinic,oromia,0.8378217816352844,kidusgebriel medium clinic region:oromia,kidus primary clinic region:oromia zone:Ilu Aba Bora ZHD,confirmed
1096284,garoma primary clinic,oromia,F1n9ddNHMjr,garoma primary clinic,oromia,0.8617181181907654,garoma primary clinic woreda:Amuru region:oromia zone:Horo Gudru Wellega Zone,garoma primary clinic region:oromia zone:Horo Gudru Wellega  ZHD,confirmed
1096292,addis hiwot medium clinic,south west ethiopia,AE1moyrcJMZ,addis hiwot clinic,south west ethiopia,0.8009335994720459,addis hiwot medium clinic woreda:Gewata Woreda region:south west ethiopia zone:Kaffa Zone,addis hiwot clinic region:south west ethiopia zone:Bench Sheko ZHD,confirmed
1096312,beteseb primary clinic,sidama,Vs0bTf3uPTG,beteseb clinic,sidama,0.8055286407470703,beteseb primary clinic woreda:Dara Woreda region:sidama zone:Southern Zone,beteseb clinic region:sidama zone:Aleta Chuko Town WorHO,confirmed
1096337,africa medium clinic,gambella,yFz8l5bxklc,africa medium clinic,gambella,0.8061215281486511,africa medium clinic woreda:Dimma region:gambella zone:Agniwa zone,africa medium clinic region:gambella zone:Gambella Town WorHO,confirmed
1096394,simret medium clinic,tigray,VWn5HLMpHDA,simret health center,tigray,0.8765594363212585,simret medium clinic region:tigray,simret health center region:tigray zone:Central ZHD,confirmed
1096394,simret medium clinic,tigray,JqfY9A1Sbz0,simret health post,tigray,0.853432297706604,simret medium clinic region:tigray,simret health post region:tigray zone:Central ZHD,confirmed
1096394,simret medium clinic,tigray,ywttxlEXn38,simret phcu,tigray,0.8103203177452087,simret medium clinic region:tigray,simret phcu region:tigray zone:Central ZHD,confirmed
1096394,simret medium clinic,tigray,eu8pQWOMcSi,simret health post,tigray,0.8595167398452759,simret medium clinic region:tigray,simret health post region:tigray zone:Eastern ZHD,confirmed
1096394,simret medium clinic,tigray,R3Wl8XhLrdc,simret health post,tigray,0.862729012966156,simret medium clinic region:tigray,simret health post region:tigray zone:South Eastern ZHD,confirmed
1096394,simret medium clinic,tigray,qstmpd69aR0,simret health post,tigray,0.856871485710144,simret medium clinic region:tigray,simret health post region:tigray zone:Southern ZHD,confirmed
1096483,afiya medium clinic,afar,AEWwMLUMjIE,afiya medium clinic,afar,0.8455804586410522,afiya medium clinic woreda:Adaar Woreda region:afar zone:Zone 1,afiya medium clinic region:afar zone:Zone 2 ZHD,confirmed
1096486,tokuma medium clinic,oromia,fu1DuUpz766,tokkumaa medium clinic,oromia,0.801081120967865,tokuma medium clinic woreda:Limuna Bilbilo region:oromia zone:Arsi zone,tokkumaa medium clinic region:oromia zone:Arsi ZHD,confirmed
1096486,tokuma medium clinic,oromia,Qdb5UmujBJG,tokuma primary clinic,oromia,0.8113937377929688,tokuma medium clinic woreda:Limuna Bilbilo region:oromia zone:Arsi zone,tokuma primary clinic region:oromia zone:Arsi ZHD,confirmed
1096495,abdu seid primary clinic,amhara,NCZCkmq9Wew,abdu primary clinic,amhara,0.8357069492340088,abdu seid primary clinic woreda:Worebabo region:amhara zone:South Wollo Zone,abdu primary clinic region:amhara zone:South Wollo ZHD,confirmed
1096500,abdu primary clinic,amhara,NCZCkmq9Wew,abdu primary clinic,amhara,0.8709104061126709,abdu primary clinic woreda:Kallu region:amhara zone:South Wollo Zone,abdu primary clinic region:amhara zone:South Wollo ZHD,confirmed
1096530,africa medium clinic,oromia,QilJbg5LNHk,africa medium clinic,oromia,0.8037434816360474,africa medium clinic woreda:Nansebo region:oromia zone:West Arsi Zone,africa medium clinic region:oromia zone:Ambo Town ZHD,confirmed
1096531,arbagugu medium clinic,oromia,iRhOyyNXWSX,arbagugu primary clinic,oromia,0.819222629070282,arbagugu medium clinic woreda:Jeju region:oromia zone:Arsi zone,arbagugu primary clinic region:oromia zone:Arsi ZHD,confirmed
1096555,andarg primary clinic,amhara,idVfIpOJkMe,andargachew primary clinic,amhara,0.8330754637718201,andarg primary clinic woreda:Metema region:amhara zone:West Gondar Zone,andargachew primary clinic region:amhara zone:South Gondar ZHD,confirmed
1096586,walif ophthalmic medium clinic,oromia,laI22JbGaUq,walif ophthalmic medium clinic,oromia,0.8380663990974426,walif ophthalmic medium clinic woreda:Alache Sub city region:oromia zone:Shashemene Town,walif ophthalmic medium clinic region:oromia zone:Shashemene Town ZHD,confirmed
1096635,amanueal medium clinic,south west ethiopia,jEIbPKYWR7L,amanuel clinic,south west ethiopia,0.8077038526535034,amanueal medium clinic woreda:Gesha Woreda region:south west ethiopia zone:Kaffa Zone,amanuel clinic region:south west ethiopia zone:Kaffa ZHD,confirmed
1096720,mati primary clinic,oromia,HsrZ43AxI77,mati primary clinic,oromia,0.8344294428825378,mati primary clinic woreda:Gelemso Town region:oromia zone:West Hararge Zone,mati primary clinic region:oromia zone:East Hararge ZHD,confirmed
1096720,mati primary clinic,oromia,MCtyqPjUWwx,mati primary clinic,oromia,0.8010964393615723,mati primary clinic woreda:Gelemso Town region:oromia zone:West Hararge Zone,mati primary clinic region:oromia zone:Horo Gudru Wellega  ZHD,confirmed
1096720,mati primary clinic,oromia,jrym7kDfyzL,mati primary clinic,oromia,0.8005246520042419,mati primary clinic woreda:Gelemso Town region:oromia zone:West Hararge Zone,mati primary clinic region:oromia zone:Ilu Aba Bora ZHD,confirmed
1096720,mati primary clinic,oromia,GR7gu8kC1hU,mati primary clinic,oromia,0.836081862449646,mati primary clinic woreda:Gelemso Town region:oromia zone:West Hararge Zone,mati primary clinic region:oromia zone:West Arsi ZHD,confirmed
1096720,mati primary clinic,oromia,rSfVwYxkr2i,mati primary clinic,oromia,0.836081862449646,mati primary clinic woreda:Gelemso Town region:oromia zone:West Hararge Zone,mati primary clinic region:oromia zone:West Arsi ZHD,confirmed
1096720,mati primary clinic,oromia,xwrKgxLHnVN,mati primary clinic,oromia,0.8382877111434937,mati primary clinic woreda:Gelemso Town region:oromia zone:West Hararge Zone,mati primary clinic region:oromia zone:West Shewa  ZHD,confirmed
1096774,kegna medium clinic,oromia,STJVfxrJK6L,kegna medium medium clinic,oromia,0.8222127556800842,kegna medium clinic woreda:Bedele Town region:oromia zone:Buno Bedele Zone,kegna medium medium clinic region:oromia zone:Jimma ZHD,confirmed
1096782,biyaf medium clinic,oromia,RjhTIZdoyQh,biyaf medium clinic,oromia,0.8011307716369629,biyaf medium clinic woreda:Munesa region:oromia zone:Arsi zone,biyaf medium clinic region:oromia zone:Adama Special ZHD,confirmed
1096797,salem primary clinic,amhara,Li3nASe8bWe,salemne primary clinic,amhara,0.8422136902809143,salem primary clinic woreda:Zigem region:amhara zone:Awi Zone,salemne primary clinic region:amhara zone:South Wollo ZHD,confirmed
1096904,melka awash medium clinic,oromia,EOwZHl6eGId,melka gefarsa medium clinic,oromia,0.8012881875038147,melka awash medium clinic woreda:Dendi region:oromia zone:West Shewa Zone,melka gefarsa medium clinic region:oromia zone:SHEGER CITY Health Office,confirmed
1096906,alemayehu primary clinic,amhara,w18jNqsh3zU,alemayehu primary clinic,amhara,0.8237787485122681,alemayehu primary clinic woreda:Angolala Tera region:amhara zone:North Shoa Zone,alemayehu primary clinic region:amhara zone:Central Gondar ZHD,confirmed
1096906,alemayehu primary clinic,amhara,dWtl72JS6G0,alemayehu primary clinic,amhara,0.8237787485122681,alemayehu primary clinic woreda:Angolala Tera region:amhara zone:North Shoa Zone,alemayehu primary clinic region:amhara zone:Central Gondar ZHD,confirmed
1096906,alemayehu primary clinic,amhara,q5ZMn6mCj2I,alemayehu minale primary clinic,amhara,0.8133835196495056,alemayehu primary clinic woreda:Angolala Tera region:amhara zone:North Shoa Zone,alemayehu minale primary clinic region:amhara zone:West Gondar ZHD,confirmed
1096906,alemayehu primary clinic,amhara,a737y7mrMXx,alemayehu minale primary clinic,amhara,0.8133835196495056,alemayehu primary clinic woreda:Angolala Tera region:amhara zone:North Shoa Zone,alemayehu minale primary clinic region:amhara zone:West Gondar ZHD,confirmed
1096929,lelise primary clinic,oromia,jdQts4ju2mW,lelise primary clinic,oromia,0.831916093826294,lelise primary clinic woreda:Kofele region:oromia zone:West Arsi Zone,lelise primary clinic region:oromia zone:West Wellega  ZHD,confirmed
1096930,yerosan medium clinic,oromia,VKi7UP9RWTX,yerosan medium clinic,oromia,0.8184962272644043,yerosan medium clinic woreda:Gumbichu region:oromia zone:East Shewa Zone,yerosan medium clinic region:oromia zone:Shashemene Town ZHD,confirmed
1096941,amanuel primary clical,south west ethiopia,jEIbPKYWR7L,amanuel clinic,south west ethiopia,0.8299210071563721,amanuel primary clical region:south west ethiopia zone:Sheka Zone,amanuel clinic region:south west ethiopia zone:Kaffa ZHD,confirmed
1096977,medihaniyalem primary clinic,amhara,hrkAliDZH9I,medihaniyalm primary clinic,amhara,0.8314650654792786,medihaniyalem primary clinic woreda:Simada region:amhara zone:South Gondar Zone,medihaniyalm primary clinic region:amhara zone:East Gojjam ZHD,confirmed
1096977,medihaniyalem primary clinic,amhara,GxfDl9DM34r,medihanilem primary clinic,amhara,0.8380255103111267,medihaniyalem primary clinic woreda:Simada region:amhara zone:South Gondar Zone,medihanilem primary clinic region:amhara zone:West Gondar ZHD,confirmed
1097000,hiwot primary clinic,amhara,htQWcwoUEEU,hiwot primary clinic,amhara,0.8306021094322205,hiwot primary clinic woreda:Andabet region:amhara zone:South Gondar Zone,hiwot primary clinic region:amhara zone:Awi ZHD,confirmed
1097000,hiwot primary clinic,amhara,NmCbSk9gmTg,hiwot primary clinic,amhara,0.8288583159446716,hiwot primary clinic woreda:Andabet region:amhara zone:South Gondar Zone,hiwot primary clinic region:amhara zone:Oromia Special ZHD,confirmed
1097003,docter bahiru medium clinic,amhara,blyNB7nf3vK,doctor birhanu medium clinic,amhara,0.8021873235702515,docter bahiru medium clinic woreda:Andabet region:amhara zone:South Gondar Zone,doctor birhanu medium clinic region:amhara zone:West Gojjam ZHD,confirmed
1097003,docter bahiru medium clinic,amhara,fC79pNYqKhq,doctor wondim medium clinic,amhara,0.8141697645187378,docter bahiru medium clinic woreda:Andabet region:amhara zone:South Gondar Zone,doctor wondim medium clinic region:amhara zone:West Gojjam ZHD,confirmed
1097003,docter bahiru medium clinic,amhara,NM5CJ7PCdeM,doctor addisu medium clinic,amhara,0.8043148517608643,docter bahiru medium clinic woreda:Andabet region:amhara zone:South Gondar Zone,doctor addisu medium clinic region:amhara zone:West Gojjam ZHD,confirmed
1097023,aberham primary clinic,amhara,UXEjzioZJT5,abrham primary clinic,amhara,0.8273345828056335,aberham primary clinic woreda:Sedie region:amhara zone:East Gojjam Zone,abrham primary clinic region:amhara zone:Central Gondar ZHD,confirmed
1097023,aberham primary clinic,amhara,i15w4MrFwSv,abrham primary clinic,amhara,0.8523005247116089,aberham primary clinic woreda:Sedie region:amhara zone:East Gojjam Zone,abrham primary clinic region:amhara zone:West Gojjam ZHD,confirmed
1097023,aberham primary clinic,amhara,x3pDRpvs8dS,abrham primary clinic,amhara,0.8523005247116089,aberham primary clinic woreda:Sedie region:amhara zone:East Gojjam Zone,abrham primary clinic region:amhara zone:West Gojjam ZHD,confirmed
1097036,doctor yilkal medium clinic,amhara,fC79pNYqKhq,doctor wondim medium clinic,amhara,0.8013315796852112,doctor yilkal medium clinic woreda:Awabel region:amhara zone:East Gojjam Zone,doctor wondim medium clinic region:amhara zone:West Gojjam ZHD,confirmed
1097040,tesfa primary clinic,amhara,ngbpKRbziI4,tesfa primary clinic,amhara,0.8330246806144714,tesfa primary clinic woreda:Awabel region:amhara zone:East Gojjam Zone,tesfa primary clinic region:amhara zone:Awi ZHD,confirmed
1097040,tesfa primary clinic,amhara,hvZeBZ1GXRo,tesfaye primary clinic,amhara,0.8051241636276245,tesfa primary clinic woreda:Awabel region:amhara zone:East Gojjam Zone,tesfaye primary clinic region:amhara zone:North Shewa ZHD,confirmed
1097042,abebe primary clinic,amhara,UOKlTk6wO2E,abebe primary clinic,amhara,0.8784780502319336,abebe primary clinic woreda:Awabel region:amhara zone:East Gojjam Zone,abebe primary clinic region:amhara zone:West Gojjam ZHD,confirmed
1097042,abebe primary clinic,amhara,X432xOZMvDW,abebe primary clinic,amhara,0.8784780502319336,abebe primary clinic woreda:Awabel region:amhara zone:East Gojjam Zone,abebe primary clinic region:amhara zone:West Gojjam ZHD,confirmed
1097042,abebe primary clinic,amhara,BXQy7VFtGjb,abebaw primary clinic,amhara,0.8259780406951904,abebe primary clinic woreda:Awabel region:amhara zone:East Gojjam Zone,abebaw primary clinic region:amhara zone:West Gondar ZHD,confirmed
1097047,paragon physiotherapy specialty clinic,addis ababa,jIKcM5umLZp,paragon pysiotherapy speciality clinic,addis ababa,0.8565409183502197,paragon physiotherapy specialty clinic woreda:Woreda 9 region:addis ababa zone:Yeka Sub City,paragon pysiotherapy speciality clinic region:addis ababa zone:Yeka Sub City,confirmed
1097048,oromia medium clinic,oromia,kgIC1qSLbOp,oromia medium clinic,oromia,0.8520874381065369,oromia medium clinic woreda:Tiyo region:oromia zone:Arsi zone,oromia medium clinic region:oromia zone:West Arsi ZHD,confirmed
1097061,abate medium clinic,amhara,D34852kYIZE,abwete medium clinic,amhara,0.801622748374939,abate medium clinic woreda:Enemay region:amhara zone:East Gojjam Zone,abwete medium clinic region:amhara zone:North Shewa ZHD,confirmed
1097076,haylu habetie primary clinic,amhara,tdnJd2HyYRo,haylu eshetie gzawu primary clinic,amhara,0.8137542009353638,haylu habetie primary clinic woreda:Fogera region:amhara zone:South Gondar Zone,haylu eshetie gzawu primary clinic region:amhara zone:South Wollo ZHD,confirmed
1097094,kidane mihret medium clinic,amhara,co9O58f383W,kidane mihret melestegna clinic,amhara,0.8866450786590576,kidane mihret medium clinic region:amhara zone:North Gojjam Zone,kidane mihret melestegna clinic region:amhara zone:Central Gondar ZHD,confirmed
1097137,enat medium clinic,oromia,WxZtCBGMFTO,enat medium clinic,oromia,0.8892176151275635,enat medium clinic region:oromia zone:Ilu Aba Bora Zone,enat medium clinic region:oromia zone:Ambo Town ZHD,confirmed
1097143,mebay second generation health post,afar,v7nk1ZGW3a5,mabay second generation health post,afar,0.8271629214286804,mebay second generation health post woreda:Mebay region:afar zone:Zone 4,mabay second generation health post region:afar zone:Zone 4 ZHD,confirmed
1097146,hiwot fana medium clinic,amhara,Sg3angtYUXJ,hiwot fana primary clinic,amhara,0.80180424451828,hiwot fana medium clinic woreda:Zigem region:amhara zone:Awi Zone,hiwot fana primary clinic region:amhara zone:South Wollo ZHD,confirmed
1097147,paragon physiotherapy specialty clinic,addis ababa,jIKcM5umLZp,paragon pysiotherapy speciality clinic,addis ababa,0.8221963047981262,paragon physiotherapy specialty clinic woreda:Woreda 8 region:addis ababa zone:Lideta Sub City,paragon pysiotherapy speciality clinic region:addis ababa zone:Yeka Sub City,confirmed
1097151,walin medium clinic,oromia,PjvEbTv2uSy,walin medium clinic,oromia,0.8839329481124878,walin medium clinic region:oromia zone:West Wollega Zone,walin medium clinic region:oromia zone:Ambo Town ZHD,confirmed
1097151,walin medium clinic,oromia,pXKyClTvUYc,walin medium clinic,oromia,0.9455731511116028,walin medium clinic region:oromia zone:West Wollega Zone,walin medium clinic region:oromia zone:South West Shewa  ZHD,confirmed
1097165,doctor addisu medium clinic,amhara,NM5CJ7PCdeM,doctor addisu medium clinic,amhara,0.8219576478004456,doctor addisu medium clinic woreda:Yilemana denisa Woreda region:amhara zone:North Gojjam Zone,doctor addisu medium clinic region:amhara zone:West Gojjam ZHD,confirmed
1097197,tena adam orimary clinic,south west ethiopia,R0PmxniPdzb,tena adam clinic,south west ethiopia,0.8414096832275391,tena adam orimary clinic woreda:Yeki Woreda region:south west ethiopia zone:Sheka Zone,tena adam clinic region:south west ethiopia zone:Kaffa ZHD,confirmed
1097207,arsho internal medicine speciality clinic,addis ababa,mjiwbsU7eL1,aresho interna medicine speciality clinic,addis ababa,0.8343178033828735,arsho internal medicine speciality clinic woreda:Woreda 7 region:addis ababa zone:Yeka Sub City,aresho interna medicine speciality clinic region:addis ababa zone:Yeka Sub City,confirmed
1097242,arsho basic medical laboratory,addis ababa,HPTToXSSQZ7,arsho basic diagnostic laboratory cathedral school,addis ababa,0.8559601902961731,arsho basic medical laboratory woreda:Woreda 1 region:addis ababa zone:Arada Sub City,arsho basic diagnostic laboratory cathedral school region:addis ababa zone:Arada Sub City WorHO,confirmed
1097242,arsho basic medical laboratory,addis ababa,djFjLzy2IVb,arsho basic diagnostic laboratory serategna sefer,addis ababa,0.8708486557006836,arsho basic medical laboratory woreda:Woreda 1 region:addis ababa zone:Arada Sub City,arsho basic diagnostic laboratory serategna sefer region:addis ababa zone:Arada Sub City WorHO,confirmed
1097309,selam primary clinic,amhara,CNeoS9YItnO,selam primary clinic,amhara,0.8316429257392883,selam primary clinic woreda:Zigem region:amhara zone:Awi Zone,selam primary clinic region:amhara zone:Bahirdar THO,confirmed
1097309,selam primary clinic,amhara,LdtqVf5qs2P,selam primary clinic,amhara,0.8269342184066772,selam primary clinic woreda:Zigem region:amhara zone:Awi Zone,selam primary clinic region:amhara zone:Dessie THO,confirmed
1097309,selam primary clinic,amhara,sgwtyK0Xof4,selam primary clinic,amhara,0.8593757748603821,selam primary clinic woreda:Zigem region:amhara zone:Awi Zone,selam primary clinic region:amhara zone:South Wollo ZHD,confirmed
1097309,selam primary clinic,amhara,coZZtlfr4Ov,selam primery clinic,amhara,0.8281497359275818,selam primary clinic woreda:Zigem region:amhara zone:Awi Zone,selam primery clinic region:amhara zone:West Gojjam ZHD,confirmed
1097338,yegna number 2 medium clinic,addis ababa,vxe8mhxKDaL,yegna medium clnic,addis ababa,0.8777799606323242,yegna number 2 medium clinic region:addis ababa zone:Yeka Sub City,yegna medium clnic region:addis ababa zone:Yeka Sub City,confirmed
1097338,yegna number 2 medium clinic,addis ababa,A5s4jyi5C7f,yeka no 2 medium clnic,addis ababa,0.9064067006111145,yegna number 2 medium clinic region:addis ababa zone:Yeka Sub City,yeka no 2 medium clnic region:addis ababa zone:Yeka Sub City,confirmed
1097344,doctor zemene medium clinic,amhara,fC79pNYqKhq,doctor wondim medium clinic,amhara,0.8026544451713562,doctor zemene medium clinic woreda:North Mecha Woreda region:amhara zone:North Gojjam Zone,doctor wondim medium clinic region:amhara zone:West Gojjam ZHD,confirmed
1097355,adisamba primary clinic,amhara,plG8BCRo42e,adise aschale primary clinic,amhara,0.8061613440513611,adisamba primary clinic woreda:North Mecha Woreda region:amhara zone:North Gojjam Zone,adise aschale primary clinic region:amhara zone:West Gojjam ZHD,confirmed
1097395,aemro primary clinice,amhara,V4gEH9XYEa4,aemro prmary clinic,amhara,0.8406434655189514,aemro primary clinice woreda:Gonjikolela Woreda region:amhara zone:North Gojjam Zone,aemro prmary clinic region:amhara zone:West Gojjam ZHD,confirmed
1097398,enat medium clinic,amhara,QdnqMyoUhx0,enat medium clinic,amhara,0.8428010940551758,enat medium clinic woreda:Kombolcha Town region:amhara zone:Kombolcha Town Administration,enat medium clinic region:amhara zone:Awi ZHD,confirmed
1097398,enat medium clinic,amhara,SlMymnjZRyZ,enat medium clinic,amhara,0.8468257784843445,enat medium clinic woreda:Kombolcha Town region:amhara zone:Kombolcha Town Administration,enat medium clinic region:amhara zone:South Wollo ZHD,confirmed
1097399,seid medium clinic,amhara,XU5hpGSwMri,seid medium clinic,amhara,0.914179801940918,seid medium clinic region:amhara zone:Kombolcha Town Administration,seid medium clinic region:amhara zone:Kombolcha THO,confirmed
1097434,adinas primary clinic,amhara,RePA6qoXkWB,adinas primary clinic,amhara,0.8626102209091187,adinas primary clinic woreda:Fagitalekoma region:amhara zone:Awi Zone,adinas primary clinic region:amhara zone:Awi ZHD,confirmed
1097441,woyra pharmacy,amhara,T6JQ8LFYWni,woyra phcu,amhara,0.8087531924247742,woyra pharmacy region:amhara zone:Gondar Town Administration,woyra phcu region:amhara zone:East Gojjam ZHD,confirmed
1097460,tadele primary clinic,amhara,r6uMqUxb88h,tadele primary clinic,amhara,0.8624653220176697,tadele primary clinic woreda:Estie region:amhara zone:South Gondar Zone,tadele primary clinic region:amhara zone:Central Gondar ZHD,confirmed
1097460,tadele primary clinic,amhara,BaJrYHkWaKN,tadele muluneh primary clinic,amhara,0.8359848856925964,tadele primary clinic woreda:Estie region:amhara zone:South Gondar Zone,tadele muluneh primary clinic region:amhara zone:East Gojjam ZHD,confirmed
1097460,tadele primary clinic,amhara,B7j5LbwOALg,tadele shita primary clinic,amhara,0.8391226530075073,tadele primary clinic woreda:Estie region:amhara zone:South Gondar Zone,tadele shita primary clinic region:amhara zone:West Gojjam ZHD,confirmed
1097460,tadele primary clinic,amhara,NKMZbMG8VeL,tadele shita primary clinic,amhara,0.8391226530075073,tadele primary clinic woreda:Estie region:amhara zone:South Gondar Zone,tadele shita primary clinic region:amhara zone:West Gojjam ZHD,confirmed
1097465,habtamu primary clinic,amhara,nxhvHxdSM76,habtamu primary clinic,amhara,0.857581615447998,habtamu primary clinic woreda:Estie region:amhara zone:South Gondar Zone,habtamu primary clinic region:amhara zone:Central Gondar ZHD,confirmed
1097465,habtamu primary clinic,amhara,pT43EDAiAw2,habtamu primary clinic,amhara,0.857581615447998,habtamu primary clinic woreda:Estie region:amhara zone:South Gondar Zone,habtamu primary clinic region:amhara zone:Central Gondar ZHD,confirmed
1097465,habtamu primary clinic,amhara,tRpI7ODkfq6,habtamu primary clinic,amhara,0.8403093218803406,habtamu primary clinic woreda:Estie region:amhara zone:South Gondar Zone,habtamu primary clinic region:amhara zone:East Gojjam ZHD,confirmed
1097469,meka primary clinic,amhara,XEDJFeFliO1,mewosha primary clinic,amhara,0.8051297068595886,meka primary clinic woreda:Estie region:amhara zone:South Gondar Zone,mewosha primary clinic region:amhara zone:Central Gondar ZHD,confirmed
1097497,getachew primary clinic,amhara,iwW9uteCTNn,getachew primary clinic,amhara,0.8411437273025513,getachew primary clinic woreda:South achefer Woreda region:amhara zone:North Gojjam Zone,getachew primary clinic region:amhara zone:South Wollo ZHD,confirmed
1097544,doctor alem medium clinic,amhara,kA52fu8RKPf,doctor mulugata medium clinic,amhara,0.8348522782325745,doctor alem medium clinic woreda:Zigem region:amhara zone:Awi Zone,doctor mulugata medium clinic region:amhara zone:Awi ZHD,confirmed
1097544,doctor alem medium clinic,amhara,blyNB7nf3vK,doctor birhanu medium clinic,amhara,0.818680465221405,doctor alem medium clinic woreda:Zigem region:amhara zone:Awi Zone,doctor birhanu medium clinic region:amhara zone:West Gojjam ZHD,confirmed
1097544,doctor alem medium clinic,amhara,fC79pNYqKhq,doctor wondim medium clinic,amhara,0.8251397013664246,doctor alem medium clinic woreda:Zigem region:amhara zone:Awi Zone,doctor wondim medium clinic region:amhara zone:West Gojjam ZHD,confirmed
1097544,doctor alem medium clinic,amhara,NM5CJ7PCdeM,doctor addisu medium clinic,amhara,0.8182141780853271,doctor alem medium clinic woreda:Zigem region:amhara zone:Awi Zone,doctor addisu medium clinic region:amhara zone:West Gojjam ZHD,confirmed
1097551,beteseb primary clinic,amhara,yCSZQTVsEjl,beteseb medium clinic,amhara,0.8044772744178772,beteseb primary clinic woreda:Debre Markos Town region:amhara zone:Debre Markos Town Administration,beteseb medium clinic region:amhara zone:South Wollo ZHD,confirmed
1097569,adigrat hospital community pharmacy,tigray,zfiv9qFa6un,adigrat clinic,tigray,0.8004063963890076,adigrat hospital community pharmacy woreda:Adigrat Town region:tigray zone:Eastern Zone,adigrat clinic region:tigray zone:Eastern ZHD,confirmed
1097574,meseret primary clinic,amhara,sEHvwnxYCqL,meseret mohamed medium clinic,amhara,0.8019766211509705,meseret primary clinic woreda:Banja region:amhara zone:Awi Zone,meseret mohamed medium clinic region:amhara zone:South Wollo ZHD,confirmed
1097574,meseret primary clinic,amhara,Qj50GMW5zfd,mesert primary clinic,amhara,0.8549981117248535,meseret primary clinic woreda:Banja region:amhara zone:Awi Zone,mesert primary clinic region:amhara zone:West Gojjam ZHD,confirmed
1097574,meseret primary clinic,amhara,PRrXOfXNkjq,mesert primary clinic,amhara,0.8549981117248535,meseret primary clinic woreda:Banja region:amhara zone:Awi Zone,mesert primary clinic region:amhara zone:West Gojjam ZHD,confirmed
1097602,fewus primary clinic,amhara,l2VdXL76dq8,fews primary clinic,amhara,0.8481274843215942,fewus primary clinic woreda:Banja region:amhara zone:Awi Zone,fews primary clinic region:amhara zone:Awi ZHD,confirmed
1097620,derebewu primary clinic,amhara,oEbgaxzbC3B,dereb primary clinic,amhara,0.8429943919181824,derebewu primary clinic woreda:Chilga region:amhara zone:Central Gondar Zone,dereb primary clinic region:amhara zone:Central Gondar ZHD,confirmed
1097629,gashaw primary clinic,amhara,HTXTiiElfZV,gashaw primary clinic,amhara,0.8173703551292419,gashaw primary clinic woreda:Estie region:amhara zone:South Gondar Zone,gashaw primary clinic region:amhara zone:Awi ZHD,confirmed
1097629,gashaw primary clinic,amhara,YYzKnvSTHbQ,gashaw primary clinic,amhara,0.8563722968101501,gashaw primary clinic woreda:Estie region:amhara zone:South Gondar Zone,gashaw primary clinic region:amhara zone:Central Gondar ZHD,confirmed
1097629,gashaw primary clinic,amhara,CMQaM3qBVNv,gashaw primay clinic,amhara,0.8450859189033508,gashaw primary clinic woreda:Estie region:amhara zone:South Gondar Zone,gashaw primay clinic region:amhara zone:South Gondar ZHD,confirmed
1097629,gashaw primary clinic,amhara,KxQZt5IPzHH,gashaw primary clinic,amhara,0.8437709212303162,gashaw primary clinic woreda:Estie region:amhara zone:South Gondar Zone,gashaw primary clinic region:amhara zone:West Gojjam ZHD,confirmed
1097633,elshaday primary clinic,south west ethiopia,EGVCvldgvkt,elshaday clinic,south west ethiopia,0.8327791690826416,elshaday primary clinic woreda:Yeki Woreda region:south west ethiopia zone:Sheka Zone,elshaday clinic region:south west ethiopia zone:Bench Sheko ZHD,confirmed
1097641,dereje primary clinic,amhara,o4Hrk8Sl0U8,derese primary clinic,amhara,0.8436122536659241,dereje primary clinic region:amhara zone:North Gojjam Zone,derese primary clinic region:amhara zone:Awi ZHD,confirmed
1097641,dereje primary clinic,amhara,tHaKdKJWC5y,dorogbr clinic,amhara,0.8026255965232849,dereje primary clinic region:amhara zone:North Gojjam Zone,dorogbr clinic region:amhara zone:North Wollo ZHD,confirmed
1097641,dereje primary clinic,amhara,zhG2gUkxLfA,derequa phcu,amhara,0.8033401966094971,dereje primary clinic region:amhara zone:North Gojjam Zone,derequa phcu region:amhara zone:West Gojjam ZHD,confirmed
1097673,odaa medium clinic,oromia,TLMVdACjZHZ,oda medium clinic,oromia,0.8009085655212402,odaa medium clinic woreda:Jibat region:oromia zone:West Shewa Zone,oda medium clinic region:oromia zone:Horo Gudru Wellega  ZHD,confirmed
1097673,odaa medium clinic,oromia,HQd6dFx5JfP,oda medium clinic,oromia,0.8490074276924133,odaa medium clinic woreda:Jibat region:oromia zone:West Shewa Zone,oda medium clinic region:oromia zone:North Shewa  ZHD,confirmed
1097673,odaa medium clinic,oromia,oOJXOhLOhub,oda medium clinic,oromia,0.8776572346687317,odaa medium clinic woreda:Jibat region:oromia zone:West Shewa Zone,oda medium clinic region:oromia zone:West Shewa  ZHD,confirmed
1097674,kegna medium clinic,oromia,STJVfxrJK6L,kegna medium medium clinic,oromia,0.8034787178039551,kegna medium clinic woreda:Ejersa Lafo region:oromia zone:West Shewa Zone,kegna medium medium clinic region:oromia zone:Jimma ZHD,confirmed
1097676,kegna medium clinic,oromia,STJVfxrJK6L,kegna medium medium clinic,oromia,0.8143969178199768,kegna medium clinic woreda:Robe region:oromia zone:Arsi zone,kegna medium medium clinic region:oromia zone:Jimma ZHD,confirmed
1097684,harme medium clinic,oromia,Cll8zrl2WPv,harme medium clinic,oromia,0.8034551739692688,harme medium clinic woreda:Robe region:oromia zone:Arsi zone,harme medium clinic region:oromia zone:North Shewa  ZHD,confirmed
1097691,milki medium clinic,oromia,Mms0avmbt4c,milkoom primary clinic,oromia,0.8247146606445312,milki medium clinic region:oromia zone:Arsi zone,milkoom primary clinic region:oromia zone:Jimma ZHD,confirmed
1097691,milki medium clinic,oromia,lDPb4ls6OKI,milkaa'ina medium clinic,oromia,0.8867925405502319,milki medium clinic region:oromia zone:Arsi zone,milkaa'ina medium clinic region:oromia zone:SHEGER CITY Health Office,confirmed
1097707,alene primary clinic,amhara,w18jNqsh3zU,alemayehu primary clinic,amhara,0.8009530901908875,alene primary clinic woreda:Zigem region:amhara zone:Awi Zone,alemayehu primary clinic region:amhara zone:Central Gondar ZHD,confirmed
1097707,alene primary clinic,amhara,dWtl72JS6G0,alemayehu primary clinic,amhara,0.8009530901908875,alene primary clinic woreda:Zigem region:amhara zone:Awi Zone,alemayehu primary clinic region:amhara zone:Central Gondar ZHD,confirmed
1097707,alene primary clinic,amhara,PXniE7fzXwT,alemu primary clinic,amhara,0.8079888224601746,alene primary clinic woreda:Zigem region:amhara zone:Awi Zone,alemu primary clinic region:amhara zone:Central Gondar ZHD,confirmed
1097733,sorga medium clinic,oromia,ohl877YKbsP,sorga rural health post,oromia,0.8008067607879639,sorga medium clinic woreda:Nekemte Town region:oromia zone:Nekemte Town,sorga rural health post region:oromia zone:Nekemte Town ZHD,confirmed
1097738,dr dinu medium clinic,addis ababa,uhUS2lMUINS,dr hiwot medium dental clinic,addis ababa,0.8124640583992004,dr dinu medium clinic woreda:Woreda 8 region:addis ababa zone:Kolfe Sub city,dr hiwot medium dental clinic region:addis ababa zone:Kolfe Subcity,confirmed
1097775,gada medium clinic,oromia,ARmDiCgHFLs,gadaa medium clinic,oromia,0.8206586241722107,gada medium clinic woreda:Leqa Dulecha region:oromia zone:East Wollega Zone,gadaa medium clinic region:oromia zone:East Bale ZHD,confirmed
1097807,oda medium clinic,oromia,cTroaMwo363,oda medium clinic,oromia,0.8691080808639526,oda medium clinic woreda:Bule Hora Town region:oromia zone:Bule Hora Town,oda medium clinic region:oromia zone:Arsi ZHD,confirmed
1097807,oda medium clinic,oromia,wuyjsSJvdeD,oda medium clinic,oromia,0.8691080808639526,oda medium clinic woreda:Bule Hora Town region:oromia zone:Bule Hora Town,oda medium clinic region:oromia zone:Arsi ZHD,confirmed
1097807,oda medium clinic,oromia,TLMVdACjZHZ,oda medium clinic,oromia,0.8753591775894165,oda medium clinic woreda:Bule Hora Town region:oromia zone:Bule Hora Town,oda medium clinic region:oromia zone:Horo Gudru Wellega  ZHD,confirmed
1097807,oda medium clinic,oromia,HQd6dFx5JfP,oda medium clinic,oromia,0.8749104738235474,oda medium clinic woreda:Bule Hora Town region:oromia zone:Bule Hora Town,oda medium clinic region:oromia zone:North Shewa  ZHD,confirmed
1097807,oda medium clinic,oromia,oOJXOhLOhub,oda medium clinic,oromia,0.8738631010055542,oda medium clinic woreda:Bule Hora Town region:oromia zone:Bule Hora Town,oda medium clinic region:oromia zone:West Shewa  ZHD,confirmed
1097824,kabri dahar military primary hospital,somali,PxSaEJ3OeUg,kabridahar primary clinic,somali,0.8181518912315369,kabri dahar military primary hospital woreda:Kebridahar City region:somali zone:Korahay,kabridahar primary clinic region:somali zone:Korahay ZHD,confirmed
1097986,amen medium clinic,oromia,dnYOKSAfXzk,aman medium clinic,oromia,0.8031219840049744,amen medium clinic woreda:Dodola Town region:oromia zone:Dodola Town,aman medium clinic region:oromia zone:East Wellega ZHD,confirmed
1098009,ewnet medium clinic,addis ababa,xFiAfuTpsL5,enat medium clinic,addis ababa,0.8109930157661438,ewnet medium clinic woreda:Woreda 11 region:addis ababa zone:Yeka Sub City,enat medium clinic region:addis ababa zone:Yeka Sub City,confirmed
1098165,rohobot home based health care service,addis ababa,AnJeOBALjeo,rohebot home based service,addis ababa,0.828037440776825,rohobot home based health care service woreda:Woreda 8 region:addis ababa zone:Yeka Sub City,rohebot home based service region:addis ababa zone:Yeka Sub City,confirmed
1098166,rohobot home based health care service plc,addis ababa,AnJeOBALjeo,rohebot home based service,addis ababa,0.8007467985153198,rohobot home based health care service plc woreda:Woreda 8 region:addis ababa zone:Yeka Sub City,rohebot home based service region:addis ababa zone:Yeka Sub City,confirmed
1098172,furtu medium clinic,oromia,OxpSMnG8Dzf,furtuu medium clinic,oromia,0.8071414828300476,furtu medium clinic woreda:Kersa region:oromia zone:East Hararge Zone,furtuu medium clinic region:oromia zone:Ambo Town ZHD,confirmed
1098210,buldigilu primary hospital,benishangul gumuz,DTTZDxYNx6n,buldigilu health post,benishangul gumuz,0.8027932047843933,buldigilu primary hospital woreda:Buldigilu Woreda region:benishangul gumuz zone:Assosa Zone,buldigilu health post region:benishangul gumuz zone:Assosa ZHD,confirmed
1098211,oda medium clinic,oromia,TLMVdACjZHZ,oda medium clinic,oromia,0.8022961020469666,oda medium clinic woreda:Adola Town region:oromia zone:Guji Zone,oda medium clinic region:oromia zone:Horo Gudru Wellega  ZHD,confirmed
1098211,oda medium clinic,oromia,HQd6dFx5JfP,oda medium clinic,oromia,0.8044048547744751,oda medium clinic woreda:Adola Town region:oromia zone:Guji Zone,oda medium clinic region:oromia zone:North Shewa  ZHD,confirmed
1098211,oda medium clinic,oromia,oOJXOhLOhub,oda medium clinic,oromia,0.8077399730682373,oda medium clinic woreda:Adola Town region:oromia zone:Guji Zone,oda medium clinic region:oromia zone:West Shewa  ZHD,confirmed
1098225,chefe primary clinic,oromia,P0kt2BO1xqv,chefe primary clinic,oromia,0.965282678604126,chefe primary clinic region:oromia zone:West Hararge Zone,chefe primary clinic region:oromia zone:East Hararge ZHD,confirmed
1098225,chefe primary clinic,oromia,PCKbHM4qS8V,chefe primary clinic,oromia,0.9314637780189514,chefe primary clinic region:oromia zone:West Hararge Zone,chefe primary clinic region:oromia zone:East Shewa  ZHD,confirmed
1098235,kidanmeherte primary clinic,amhara,rKmfQH8IixJ,kidanmihiret medium clinic,amhara,0.8403310179710388,kidanmeherte primary clinic region:amhara zone:Gondar Town Administration,kidanmihiret medium clinic region:amhara zone:West Gojjam ZHD,confirmed
1098235,kidanmeherte primary clinic,amhara,igyETbMtGbi,kidanmihiret medium clinic,amhara,0.8403310179710388,kidanmeherte primary clinic region:amhara zone:Gondar Town Administration,kidanmihiret medium clinic region:amhara zone:West Gojjam ZHD,confirmed
1098352,mariam tsion drug store,tigray,PcKUnOubgnW,mariam shewito health post,tigray,0.811346709728241,mariam tsion drug store region:tigray,mariam shewito health post region:tigray zone:Central ZHD,confirmed
1098368,abrham primary clinic,amhara,UXEjzioZJT5,abrham primary clinic,amhara,0.8154281973838806,abrham primary clinic woreda:Baso Liben region:amhara zone:East Gojjam Zone,abrham primary clinic region:amhara zone:Central Gondar ZHD,confirmed
1098368,abrham primary clinic,amhara,i15w4MrFwSv,abrham primary clinic,amhara,0.8430964946746826,abrham primary clinic woreda:Baso Liben region:amhara zone:East Gojjam Zone,abrham primary clinic region:amhara zone:West Gojjam ZHD,confirmed
1098368,abrham primary clinic,amhara,x3pDRpvs8dS,abrham primary clinic,amhara,0.8430964946746826,abrham primary clinic woreda:Baso Liben region:amhara zone:East Gojjam Zone,abrham primary clinic region:amhara zone:West Gojjam ZHD,confirmed
1098375,asemani midium clinic,benishangul gumuz,XHI1DKlLAqm,asemani primary clinic,benishangul gumuz,0.8149451017379761,asemani midium clinic woreda:Kurmuk Woreda region:benishangul gumuz zone:Assosa Zone,asemani primary clinic region:benishangul gumuz zone:Assosa ZHD,confirmed
1098415,raya midium clinic,tigray,LsDVbPQZk1D,raya medium clinic,tigray,0.8308366537094116,raya midium clinic woreda:Raya Azebo Woreda region:tigray zone:Southern Zone,raya medium clinic region:tigray zone:Southern ZHD,confirmed
1098434,amare drug store,amhara,iiUlaNiETqa,amare junior clinic,amhara,0.8894225358963013,amare drug store region:amhara zone:North Gojjam Zone,amare junior clinic region:amhara zone:West Gojjam ZHD,confirmed
1098434,amare drug store,amhara,WyjyPlWy4KK,amarit phcu,amhara,0.8151960372924805,amare drug store region:amhara zone:North Gojjam Zone,amarit phcu region:amhara zone:West Gojjam ZHD,confirmed
1098462,chafe hora health center,oromia,MtRBskQOeG0,chafe hora health post,oromia,0.8213154077529907,chafe hora health center woreda:Sebeta Sub-City region:oromia zone:Sheger City,chafe hora health post region:oromia zone:SHEGER CITY Health Office,confirmed
1098500,harme medium clinic,oromia,Cll8zrl2WPv,harme medium clinic,oromia,0.8557307124137878,harme medium clinic woreda:Sululta Woreda region:oromia zone:North Shewa Zone,harme medium clinic region:oromia zone:North Shewa  ZHD,confirmed
1098514,haro wonchi drug store,oromia,csgLLD1Dsju,haro wonchi phcu,oromia,0.8300005197525024,haro wonchi drug store woreda:Wonchi region:oromia zone:South West Shewa,haro wonchi phcu region:oromia zone:South West Shewa  ZHD,confirmed
1098530,beka medium clinic,oromia,ZyuxxFFx7ve,beka medium clinic,oromia,0.8848380446434021,beka medium clinic region:oromia zone:Batu Town,beka medium clinic region:oromia zone:SHEGER CITY Health Office,confirmed
1098562,first aid pharmacy,addis ababa,zpPV3vt6Vxs,first kayroperactice center no 2 special clinic,addis ababa,0.8131442666053772,first aid pharmacy woreda:Woreda 2 region:addis ababa zone:Nifas Silk Lafto Sub City,first kayroperactice center no 2 special clinic region:addis ababa zone:Nifas Silk Lafto Sub City,confirmed
1098574,geda medium clinic,oromia,l6BLQgAyuc9,geda medium clinic,oromia,0.8065891861915588,geda medium clinic woreda:Gimbi Town region:oromia zone:West Wollega Zone,geda medium clinic region:oromia zone:Arsi ZHD,confirmed
1098576,af goye health center,somali,NXHSBFHcNRa,af goye health center,somali,0.8802618980407715,af goye health center woreda:Moyale region:somali zone:Dawa,af goye health center region:somali zone:Dawa ZHD,confirmed
1098577,oromia medium clinic,oromia,kgIC1qSLbOp,oromia medium clinic,oromia,0.8031111359596252,oromia medium clinic woreda:Kiltu Kara region:oromia zone:West Wollega Zone,oromia medium clinic region:oromia zone:West Arsi ZHD,confirmed
1098580,tsegaye primary clinic,amhara,tFo365EeZkb,tsegaye primary clinic,amhara,0.8049454689025879,tsegaye primary clinic woreda:Bahir dar Zuriya Woreda region:amhara zone:North Gojjam Zone,tsegaye primary clinic region:amhara zone:South Gondar ZHD,confirmed
1098580,tsegaye primary clinic,amhara,zVhQRyZA7vA,tsega abebe primary clinic,amhara,0.8029904365539551,tsegaye primary clinic woreda:Bahir dar Zuriya Woreda region:amhara zone:North Gojjam Zone,tsega abebe primary clinic region:amhara zone:West Gojjam ZHD,confirmed
1098582,rohobot medium clinic,addis ababa,hyNmXj8Cxrn,rohobot medium clinic,addis ababa,0.825513482093811,rohobot medium clinic woreda:Woreda 9 region:addis ababa zone:Yeka Sub City,rohobot medium clinic region:addis ababa zone:Nifas Silk Lafto Sub City,confirmed
1098601,oromiya medium clinic,oromia,QC1di9JETVo,oromiya medium clinic,oromia,0.8127445578575134,oromiya medium clinic woreda:Kiltu Kara region:oromia zone:West Wollega Zone,oromiya medium clinic region:oromia zone:North Shewa  ZHD,confirmed
1098619,gada medium clinic,oromia,ARmDiCgHFLs,gadaa medium clinic,oromia,0.8233188390731812,gada medium clinic woreda:Ameya region:oromia zone:South West Shewa,gadaa medium clinic region:oromia zone:East Bale ZHD,confirmed
1098630,abdi nono health center,oromia,zc17tZfemfN,abdi nono health post,oromia,0.8248589634895325,abdi nono health center woreda:Melka Nonno Sub-City region:oromia zone:Sheger City,abdi nono health post region:oromia zone:SHEGER CITY Health Office,confirmed
1098636,tokuma medium clinic,oromia,fu1DuUpz766,tokkumaa medium clinic,oromia,0.8359777927398682,tokuma medium clinic region:oromia zone:Guji Zone,tokkumaa medium clinic region:oromia zone:Arsi ZHD,confirmed
1098636,tokuma medium clinic,oromia,Qdb5UmujBJG,tokuma primary clinic,oromia,0.8734816908836365,tokuma medium clinic region:oromia zone:Guji Zone,tokuma primary clinic region:oromia zone:Arsi ZHD,confirmed
1098636,tokuma medium clinic,oromia,WwbCp52JHdD,tokkummaa medium clinic,oromia,0.8541595935821533,tokuma medium clinic region:oromia zone:Guji Zone,tokkummaa medium clinic region:oromia zone:Jimma ZHD,confirmed
1098637,kidus gebriel primary clinic,amhara,mB3u69CKwVh,kidus gebriel primary clinic,amhara,0.8138020038604736,kidus gebriel primary clinic woreda:Tegede region:amhara zone:Central Gondar Zone,kidus gebriel primary clinic region:amhara zone:Bahirdar THO,confirmed
1098637,kidus gebriel primary clinic,amhara,ilYXE6ep1WG,kidis gebiral primary clinic,amhara,0.8176493048667908,kidus gebriel primary clinic woreda:Tegede region:amhara zone:Central Gondar Zone,kidis gebiral primary clinic region:amhara zone:West Gondar ZHD,confirmed
1098711,birhanie primary clinic,amhara,VbxQE1mL4Co,birhanu primary clinic,amhara,0.8527333736419678,birhanie primary clinic woreda:Awabel region:amhara zone:East Gojjam Zone,birhanu primary clinic region:amhara zone:East Gojjam ZHD,confirmed
1098711,birhanie primary clinic,amhara,OaH2Ivkc4zp,birhan primary clinic,amhara,0.8446815609931946,birhanie primary clinic woreda:Awabel region:amhara zone:East Gojjam Zone,birhan primary clinic region:amhara zone:West Gojjam ZHD,confirmed
1098711,birhanie primary clinic,amhara,aq8u1J9bApS,birhanu primary clinic,amhara,0.8395302295684814,birhanie primary clinic woreda:Awabel region:amhara zone:East Gojjam Zone,birhanu primary clinic region:amhara zone:West Gojjam ZHD,confirmed
1098777,odaa medium clinic,oromia,HQd6dFx5JfP,oda medium clinic,oromia,0.802818238735199,odaa medium clinic woreda:Sasiga region:oromia zone:East Wollega Zone,oda medium clinic region:oromia zone:North Shewa  ZHD,confirmed
1098777,odaa medium clinic,oromia,oOJXOhLOhub,oda medium clinic,oromia,0.8136270642280579,odaa medium clinic woreda:Sasiga region:oromia zone:East Wollega Zone,oda medium clinic region:oromia zone:West Shewa  ZHD,confirmed
1098786,afiya medium clinic,oromia,XM4U0PrDaWY,afiya medium clinic,oromia,0.8114271759986877,afiya medium clinic woreda:Gursum region:oromia zone:East Hararge Zone,afiya medium clinic region:oromia zone:Asalla town ZHD,confirmed
1098786,afiya medium clinic,oromia,pmMS59ZhVa3,afiya medium clinic,oromia,0.8038964867591858,afiya medium clinic woreda:Gursum region:oromia zone:East Hararge Zone,afiya medium clinic region:oromia zone:Shashemene Town ZHD,confirmed
1098830,oromia medium clinic,oromia,kgIC1qSLbOp,oromia medium clinic,oromia,0.8386510610580444,oromia medium clinic woreda:Gololcha region:oromia zone:Arsi zone,oromia medium clinic region:oromia zone:West Arsi ZHD,confirmed
1098918,sheko town administration,south west ethiopia,NkX3EiWoZGG,sheko phcu,south west ethiopia,0.9164823293685913,sheko town administration region:south west ethiopia zone:Bench Sheko Zone,sheko phcu region:south west ethiopia zone:Bench Sheko ZHD,confirmed
1098935,banchamlak primary clinic,amhara,WEXzfFNxtaf,banchiamelak primary clinic,amhara,0.8164454102516174,banchamlak primary clinic woreda:Simada region:amhara zone:South Gondar Zone,banchiamelak primary clinic region:amhara zone:Central Gondar ZHD,confirmed
1098937,selame primary clinic,amhara,sgwtyK0Xof4,selam primary clinic,amhara,0.8271474242210388,selame primary clinic woreda:Simada region:amhara zone:South Gondar Zone,selam primary clinic region:amhara zone:South Wollo ZHD,confirmed
1098960,adonaye medium dental clinic,addis ababa,E6rLgLWISCY,adoniay medium clinic,addis ababa,0.8776864409446716,adonaye medium dental clinic region:addis ababa zone:Addis Ketema Sub City,adoniay medium clinic region:addis ababa zone:Nifas Silk Lafto Sub City,confirmed
1098975,mulugeta primary clinic,amhara,kzWqGhordqZ,mulugeta deme medium clinic,amhara,0.8309168815612793,mulugeta primary clinic woreda:Woreilu region:amhara zone:South Wollo Zone,mulugeta deme medium clinic region:amhara zone:South Wollo ZHD,confirmed
1098975,mulugeta primary clinic,amhara,gGeF3lKMlVP,mulugeta primary clinic,amhara,0.8144219517707825,mulugeta primary clinic woreda:Woreilu region:amhara zone:South Wollo Zone,mulugeta primary clinic region:amhara zone:West Gojjam ZHD,confirmed
1098986,mengistu primary clinic,amhara,uv2C2I363rb,mengus primary clinic,amhara,0.8357630372047424,mengistu primary clinic woreda:Guangua region:amhara zone:Awi Zone,mengus primary clinic region:amhara zone:Awi ZHD,confirmed
1098986,mengistu primary clinic,amhara,revNj62uRbz,mengistu primary clinic,amhara,0.8632445335388184,mengistu primary clinic woreda:Guangua region:amhara zone:Awi Zone,mengistu primary clinic region:amhara zone:Central Gondar ZHD,confirmed
1098986,mengistu primary clinic,amhara,yX2DBrJ9cXW,mengesha degu primary clinic,amhara,0.8220098614692688,mengistu primary clinic woreda:Guangua region:amhara zone:Awi Zone,mengesha degu primary clinic region:amhara zone:North Wollo ZHD,confirmed
1098994,addis pharmacy,addis ababa,BbPdrgGhLhh,addis ababa mengedoch mediun clinic,addis ababa,0.852668285369873,addis pharmacy region:addis ababa zone:Akaki Kality Sub City,addis ababa mengedoch mediun clinic region:addis ababa zone:Kirkos Sub City,confirmed
1098996,addis pharmacy,addis ababa,BbPdrgGhLhh,addis ababa mengedoch mediun clinic,addis ababa,0.852668285369873,addis pharmacy region:addis ababa zone:Akaki Kality Sub City,addis ababa mengedoch mediun clinic region:addis ababa zone:Kirkos Sub City,confirmed
1099020,hiwet pharmacy,addis ababa,Pf8TRGrICW3,hiwot primary clinic,addis ababa,0.9207396507263184,hiwet pharmacy region:addis ababa zone:Akaki Kality Sub City,hiwot primary clinic region:addis ababa zone:Akaki Kality Sub City,confirmed
1099035,kidist mariam primary clinic,amhara,xkT3pvSUJQ3,kidist mariam medium clinic,amhara,0.8440561294555664,kidist mariam primary clinic woreda:Banja region:amhara zone:Awi Zone,kidist mariam medium clinic region:amhara zone:Awi ZHD,confirmed
1099035,kidist mariam primary clinic,amhara,ndgPIkcnNGj,kidiste mariam medium clinic,amhara,0.8167771697044373,kidist mariam primary clinic woreda:Banja region:amhara zone:Awi Zone,kidiste mariam medium clinic region:amhara zone:Dessie THO,confirmed
1099036,koket medium clinic,oromia,wXFEP42d3Wh,koket medium clinic,oromia,0.8643559217453003,koket medium clinic woreda:Jeju region:oromia zone:Arsi zone,koket medium clinic region:oromia zone:Arsi ZHD,confirmed
1099037,melkamu primary clinic,amhara,eNaEBUrUi71,melkamu primary clinic,amhara,0.8465936183929443,melkamu primary clinic woreda:Fagitalekoma region:amhara zone:Awi Zone,melkamu primary clinic region:amhara zone:East Gojjam ZHD,confirmed
1099037,melkamu primary clinic,amhara,XjGxf6gvl3m,melkamu primary clinic,amhara,0.8453676104545593,melkamu primary clinic woreda:Fagitalekoma region:amhara zone:Awi Zone,melkamu primary clinic region:amhara zone:West Gojjam ZHD,confirmed
1099040,koket medium clini,oromia,wXFEP42d3Wh,koket medium clinic,oromia,0.8101117610931396,koket medium clini woreda:Jeju region:oromia zone:Arsi zone,koket medium clinic region:oromia zone:Arsi ZHD,confirmed
1099059,bekalu primary clinic,amhara,zRHZITG2yWa,bekalu primary clinic,amhara,0.8295318484306335,bekalu primary clinic woreda:Bahir dar Zuriya Woreda region:amhara zone:North Gojjam Zone,bekalu primary clinic region:amhara zone:West Gojjam ZHD,confirmed
1099071,sanbitu,oromia,a22vPaMi3UG,sanbtu phcu,oromia,0.8112398386001587,sanbitu woreda:Sinana region:oromia zone:Bale Zone,sanbtu phcu region:oromia zone:Bale ZHD,confirmed
1099076,waka town administration,south west ethiopia,Gr7LJNOL0S7,waka phcu,south west ethiopia,0.909386157989502,waka town administration region:south west ethiopia zone:Dawro Zone,waka phcu region:south west ethiopia zone:Dawro ZHD,confirmed
1099078,enat medium clinic,amhara,QdnqMyoUhx0,enat medium clinic,amhara,0.810620129108429,enat medium clinic woreda:Guagusa Shikuda region:amhara zone:Awi Zone,enat medium clinic region:amhara zone:Awi ZHD,confirmed
1099098,aydora health center,somali,B7SFmiJwRiy,aydora phcu,somali,0.8030282258987427,aydora health center woreda:Erer region:somali zone:Sitti,aydora phcu region:somali zone:Sitti ZHD,confirmed
1099099,aydora health center,somali,B7SFmiJwRiy,aydora phcu,somali,0.8775341510772705,aydora health center region:somali,aydora phcu region:somali zone:Sitti ZHD,confirmed
1099129,tokuma primary clinic,oromia,Zq32UYRgNIj,tokkuma primary clinic,oromia,0.8634285926818848,tokuma primary clinic region:oromia,tokkuma primary clinic region:oromia zone:Arsi ZHD,confirmed
1099129,tokuma primary clinic,oromia,Qdb5UmujBJG,tokuma primary clinic,oromia,0.9887205958366394,tokuma primary clinic region:oromia,tokuma primary clinic region:oromia zone:Arsi ZHD,confirmed
1099129,tokuma primary clinic,oromia,QBVRQIBzWtZ,tokkuma primary clinic,oromia,0.8626610636711121,tokuma primary clinic region:oromia,tokkuma primary clinic region:oromia zone:Bale ZHD,confirmed
1099163,amanuel primary clinic,oromia,dnfIAXpkwiE,amanuel primary clinic,oromia,0.8017440438270569,amanuel primary clinic woreda:Diga region:oromia zone:East Wollega Zone,amanuel primary clinic region:oromia zone:Buno Bedele ZHD,confirmed
1099163,amanuel primary clinic,oromia,L6jeD5QdYRJ,amanuel primary clinic,oromia,0.8502293229103088,amanuel primary clinic woreda:Diga region:oromia zone:East Wollega Zone,amanuel primary clinic region:oromia zone:East Wellega ZHD,confirmed
1099163,amanuel primary clinic,oromia,aJTxIFdtPuo,amanuel primary clinic,oromia,0.809727132320404,amanuel primary clinic woreda:Diga region:oromia zone:East Wollega Zone,amanuel primary clinic region:oromia zone:Guji ZHD,confirmed
1099163,amanuel primary clinic,oromia,WW20quZa78N,amanuel 2nd primary clinic,oromia,0.8165836334228516,amanuel primary clinic woreda:Diga region:oromia zone:East Wollega Zone,amanuel 2nd primary clinic region:oromia zone:West Wellega  ZHD,confirmed
1099163,amanuel primary clinic,oromia,XjdmFRNWzXY,amanuel primary clinic,oromia,0.8242247700691223,amanuel primary clinic woreda:Diga region:oromia zone:East Wollega Zone,amanuel primary clinic region:oromia zone:West Wellega  ZHD,confirmed
1099163,amanuel primary clinic,oromia,iuTxgo2YEAL,amanuel primary clinic,oromia,0.8242247700691223,amanuel primary clinic woreda:Diga region:oromia zone:East Wollega Zone,amanuel primary clinic region:oromia zone:West Wellega  ZHD,confirmed
1099165,abasena primary clinic,oromia,WWFxvXhzAds,abbaa seenaa primary clinic,oromia,0.800028383731842,abasena primary clinic woreda:Sasiga region:oromia zone:East Wollega Zone,abbaa seenaa primary clinic region:oromia zone:East Wellega ZHD,confirmed
1099166,abdi primary clinic,oromia,lEXvArQdOeK,abdi boru primary clinic,oromia,0.8408240675926208,abdi primary clinic woreda:Sasiga region:oromia zone:East Wollega Zone,abdi boru primary clinic region:oromia zone:East Hararge ZHD,confirmed
1099166,abdi primary clinic,oromia,ACZBpOi0ti5,abdi booru primary clinic,oromia,0.8447443842887878,abdi primary clinic woreda:Sasiga region:oromia zone:East Wollega Zone,abdi booru primary clinic region:oromia zone:East Hararge ZHD,confirmed
1099166,abdi primary clinic,oromia,L1ds0TgUQdK,abdi primary clinic,oromia,0.8468834757804871,abdi primary clinic woreda:Sasiga region:oromia zone:East Wollega Zone,abdi primary clinic region:oromia zone:East Wellega ZHD,confirmed
1099166,abdi primary clinic,oromia,XaQLCteqvtW,abdii primary clinic,oromia,0.8461188673973083,abdi primary clinic woreda:Sasiga region:oromia zone:East Wollega Zone,abdii primary clinic region:oromia zone:East Wellega ZHD,confirmed
1099166,abdi primary clinic,oromia,S2G6N2YqwqC,abdi primary clinic,oromia,0.8143174052238464,abdi primary clinic woreda:Sasiga region:oromia zone:East Wollega Zone,abdi primary clinic region:oromia zone:North Shewa  ZHD,confirmed
1099166,abdi primary clinic,oromia,le985Djz8ZH,abdi boru lower primary clinic,oromia,0.8042358756065369,abdi primary clinic woreda:Sasiga region:oromia zone:East Wollega Zone,abdi boru lower primary clinic region:oromia zone:West Hararge ZHD,confirmed
1099166,abdi primary clinic,oromia,f9dRHxYDzjk,abdi bori primary clinic,oromia,0.8042523860931396,abdi primary clinic woreda:Sasiga region:oromia zone:East Wollega Zone,abdi bori primary clinic region:oromia zone:West Wellega  ZHD,confirmed
1099166,abdi primary clinic,oromia,Ho9XnZwjZMT,abdi primary clinic,oromia,0.8251786828041077,abdi primary clinic woreda:Sasiga region:oromia zone:East Wollega Zone,abdi primary clinic region:oromia zone:West Wellega  ZHD,confirmed
1099170,chala primary clinic,oromia,BeRrqzc35gh,chala primary clinic,oromia,0.8089703917503357,chala primary clinic woreda:Sasiga region:oromia zone:East Wollega Zone,chala primary clinic region:oromia zone:Bale ZHD,confirmed
1099171,biftu primary clinic,oromia,qRzd1BUt9jZ,biftu primary clinic,oromia,0.8902919292449951,biftu primary clinic region:oromia zone:East Wollega Zone,biftu primary clinic region:oromia zone:Arsi ZHD,confirmed
1099171,biftu primary clinic,oromia,RTpEBBwg7n7,biftuu primary clinic,oromia,0.9540574550628662,biftu primary clinic region:oromia zone:East Wollega Zone,biftuu primary clinic region:oromia zone:East Hararge ZHD,confirmed
1099171,biftu primary clinic,oromia,ONo5bd3EAbs,biftu primary clinic,oromia,0.9203305840492249,biftu primary clinic region:oromia zone:East Wollega Zone,biftu primary clinic region:oromia zone:West Arsi ZHD,confirmed
1099173,aba chaltu primary clinic,oromia,ib7fKyMrnsm,abba chaltu primary clinic,oromia,0.8535584807395935,aba chaltu primary clinic woreda:Diga region:oromia zone:East Wollega Zone,abba chaltu primary clinic region:oromia zone:East Wellega ZHD,confirmed
1099174,jibat primary clinic,oromia,xPwDO96v80i,jibat primary clinic,oromia,0.8129081130027771,jibat primary clinic woreda:Leqa Dulecha region:oromia zone:East Wollega Zone,jibat primary clinic region:oromia zone:West Shewa  ZHD,confirmed
1099174,jibat primary clinic,oromia,O2sL2cgvhZF,jibat primary clinic,oromia,0.8129081726074219,jibat primary clinic woreda:Leqa Dulecha region:oromia zone:East Wollega Zone,jibat primary clinic region:oromia zone:West Shewa  ZHD,confirmed
1099175,abysinia primary clinic,oromia,WWFxvXhzAds,abbaa seenaa primary clinic,oromia,0.8335170149803162,abysinia primary clinic woreda:Limu region:oromia zone:East Wollega Zone,abbaa seenaa primary clinic region:oromia zone:East Wellega ZHD,confirmed
1099176,kidus gebreal medium clinic,amhara,x5vY7hBqu6F,kidus gebriel medium clinic,amhara,0.8124832510948181,kidus gebreal medium clinic woreda:Jabi Tehinan region:amhara zone:West Gojam Zone,kidus gebriel medium clinic region:amhara zone:North Shewa ZHD,confirmed
1099181,betel medium clinic,tigray,TclVO0ElCHg,betelhem clinic,tigray,0.9001191258430481,betel medium clinic region:tigray,betelhem clinic region:tigray zone:Mekelle ZHD,confirmed
1099183,betel medium clinic,tigray,TclVO0ElCHg,betelhem clinic,tigray,0.8230478167533875,betel medium clinic woreda:Hadnet region:tigray zone:Mekelle Zone,betelhem clinic region:tigray zone:Mekelle ZHD,confirmed
1099203,wahil cluster community pharmacy,dire dawa,Kz5WJsxbd6E,wahil phcu,dire dawa,0.8579903841018677,wahil cluster community pharmacy region:dire dawa zone:Wahil Operational,wahil phcu region:dire dawa zone:Wahil Operational WorHO,confirmed
1099214,mada walabu bildima medium clinic,oromia,oKSR0lWN5w3,madda walabu medium clinic,oromia,0.8448305726051331,mada walabu bildima medium clinic woreda:Bedele region:oromia zone:Buno Bedele Zone,madda walabu medium clinic region:oromia zone:East Bale ZHD,confirmed
1099224,abebe primary clinic,amhara,UOKlTk6wO2E,abebe primary clinic,amhara,0.8226975798606873,abebe primary clinic woreda:Woreilu region:amhara zone:South Wollo Zone,abebe primary clinic region:amhara zone:West Gojjam ZHD,confirmed
1099224,abebe primary clinic,amhara,X432xOZMvDW,abebe primary clinic,amhara,0.8226975798606873,abebe primary clinic woreda:Woreilu region:amhara zone:South Wollo Zone,abebe primary clinic region:amhara zone:West Gojjam ZHD,confirmed
1099239,fewes medium clinic,amhara,yHFaY9hClUD,fewus medium clinic,amhara,0.8174511790275574,fewes medium clinic region:amhara zone:Kombolcha Town Administration,fewus medium clinic region:amhara zone:Dessie THO,confirmed
1099239,fewes medium clinic,amhara,nxXqro98WMD,fewus medium clinic,amhara,0.8275569081306458,fewes medium clinic region:amhara zone:Kombolcha Town Administration,fewus medium clinic region:amhara zone:East Gojjam ZHD,confirmed
1099299,dore bafano primary hospital community pharmacy,sidama,G9VJd3mCQKm,dorebafano primary hospital phcu,sidama,0.8140311241149902,dore bafano primary hospital community pharmacy woreda:Hawassa Zuria Woreda region:sidama zone:Northern Zone,dorebafano primary hospital phcu region:sidama zone:Hawassa Zuriya WorHO,confirmed
1099303,migbare senay general hospital,addis ababa,mPkJGTyrtNm,migbare senay general hospital,addis ababa,0.8502253890037537,migbare senay general hospital woreda:Woreda 7 region:addis ababa zone:Yeka Sub City,migbare senay general hospital region:addis ababa zone:Yeka Sub City,confirmed
1099328,elshaday mediem clinic,south west ethiopia,EGVCvldgvkt,elshaday clinic,south west ethiopia,0.8029270768165588,elshaday mediem clinic woreda:Loma Bosa region:south west ethiopia zone:Dawro Zone,elshaday clinic region:south west ethiopia zone:Bench Sheko ZHD,confirmed
1099380,hadish medium clinic,tigray,XezuGfC4vcP,hadush mesfin lower clinic,tigray,0.8667394518852234,hadish medium clinic region:tigray,hadush mesfin lower clinic region:tigray zone:North Western ZHD,confirmed
1099380,hadish medium clinic,tigray,HffwLZARDUr,hadush medium clinic,tigray,0.9606708288192749,hadish medium clinic region:tigray,hadush medium clinic region:tigray zone:North Western ZHD,confirmed
1099380,hadish medium clinic,tigray,I4XF0g1lqNM,hadgu amare lower clinic,tigray,0.8412559032440186,hadish medium clinic region:tigray,hadgu amare lower clinic region:tigray zone:North Western ZHD,confirmed
1099380,hadish medium clinic,tigray,zstyXnkNDdG,hadish kign phcu,tigray,0.8274152874946594,hadish medium clinic region:tigray,hadish kign phcu region:tigray zone:Southern ZHD,confirmed
1099381,hadush medium clinic,tigray,XezuGfC4vcP,hadush mesfin lower clinic,tigray,0.8055233359336853,hadush medium clinic woreda:Semen region:tigray zone:Mekelle Zone,hadush mesfin lower clinic region:tigray zone:North Western ZHD,confirmed
1099381,hadush medium clinic,tigray,HffwLZARDUr,hadush medium clinic,tigray,0.8422225117683411,hadush medium clinic woreda:Semen region:tigray zone:Mekelle Zone,hadush medium clinic region:tigray zone:North Western ZHD,confirmed
1099408,tigist primary clinic,amhara,bPOpa1F5igQ,tigist primary clinic,amhara,0.8314148783683777,tigist primary clinic woreda:Guangua region:amhara zone:Awi Zone,tigist primary clinic region:amhara zone:South Gondar ZHD,confirmed
1099429,axum dental medium clinic,tigray,l7hMVpzAWTC,axum beteseb memria lower clinic,tigray,0.8051711916923523,axum dental medium clinic woreda:Axum Town region:tigray zone:Central Zone,axum beteseb memria lower clinic region:tigray zone:Central ZHD,confirmed
1099458,hadush girmay medium clinic,tigray,HffwLZARDUr,hadush medium clinic,tigray,0.8110092878341675,hadush girmay medium clinic woreda:Maikinetal Woreda region:tigray zone:Central Zone,hadush medium clinic region:tigray zone:North Western ZHD,confirmed
1099474,dr primary clinic,tigray,oeClXKnmY5p,dr abrham clinic,tigray,0.8048163056373596,dr primary clinic woreda:Semen region:tigray zone:Mekelle Zone,dr abrham clinic region:tigray zone:Mekelle ZHD,confirmed
1099477,amanuel medium clinic,tigray,jmUgrGym5ju,amanuel medium clinic,tigray,0.8265901207923889,amanuel medium clinic woreda:Semen region:tigray zone:Mekelle Zone,amanuel medium clinic region:tigray zone:Eastern ZHD,confirmed
1099481,seid primary clinic,amhara,Nd0XzEGLHRR,seid primary clinic,amhara,0.8445579409599304,seid primary clinic woreda:Worebabo region:amhara zone:South Wollo Zone,seid primary clinic region:amhara zone:North Wollo ZHD,confirmed
1099517,arsema medium clinic,tigray,xpmYs6ZEQX6,arsema medium clinic,tigray,0.9950183629989624,arsema medium clinic region:tigray,arsema medium clinic region:tigray zone:Southern ZHD,confirmed
1099562,selam pharmacy,tigray,t3pc695Xqsd,selam phcu,tigray,0.8549424409866333,selam pharmacy region:tigray,selam phcu region:tigray zone:Central ZHD,confirmed
1099562,selam pharmacy,tigray,IWQi4Ib29ap,selam phcu,tigray,0.8540460467338562,selam pharmacy region:tigray,selam phcu region:tigray zone:North Western ZHD,confirmed
1099565,dr tsegay medium clinic,tigray,HyKTfhk7eLJ,dr tsegay internal medicen speciality clinic,tigray,0.8064916729927063,dr tsegay medium clinic woreda:Egela Woreda region:tigray zone:Central Zone,dr tsegay internal medicen speciality clinic region:tigray zone:Western ZHD,confirmed
1099570,kedir medium clinic,amhara,oxdDxd1TyPz,kedir medium clinic,amhara,0.8452240824699402,kedir medium clinic woreda:Dawa Chefa region:amhara zone:Oromia Special Zone,kedir medium clinic region:amhara zone:Oromia Special ZHD,confirmed
1099579,hibret medium clinic,tigray,cmYgio5xVhe,hibret medium clinic,tigray,0.812700092792511,hibret medium clinic woreda:Hawzien Woreda region:tigray zone:Eastern Zone,hibret medium clinic region:tigray zone:Western ZHD,confirmed
1099589,hantate primary hospital community pharmacy,sidama,B2WY34Rs72P,hantate primary hospital phcu,sidama,0.821204423904419,hantate primary hospital community pharmacy woreda:Loko Abaya Woreda region:sidama zone:Central Sidama Zone,hantate primary hospital phcu region:sidama zone:Loka Abaya WorHO,confirmed
1099620,dr yohannes medium clinic,amhara,SRXfzfGk5Ob,dr yohannes medium clinic,amhara,0.8127920627593994,dr yohannes medium clinic woreda:Dembecha region:amhara zone:West Gojam Zone,dr yohannes medium clinic region:amhara zone:North Wollo ZHD,confirmed
1099662,desalegne medium clinic,amhara,ySyqYp845wU,desalegn primary clinic,amhara,0.8335472941398621,desalegne medium clinic region:amhara zone:Gondar Town Administration,desalegn primary clinic region:amhara zone:East Gojjam ZHD,confirmed
1099668,belay primary clinic,amhara,ekr91cMrtqX,belay primary clinic,amhara,0.8524906039237976,belay primary clinic woreda:Guangua region:amhara zone:Awi Zone,belay primary clinic region:amhara zone:South Gondar ZHD,confirmed
1099668,belay primary clinic,amhara,mj2u3Ld1jEd,belay primary clinic,amhara,0.8463382124900818,belay primary clinic woreda:Guangua region:amhara zone:Awi Zone,belay primary clinic region:amhara zone:South Wollo ZHD,confirmed
1099670,gata medium clinic,oromia,ARmDiCgHFLs,gadaa medium clinic,oromia,0.8026884198188782,gata medium clinic woreda:Sigmo region:oromia zone:Jimma Zone,gadaa medium clinic region:oromia zone:East Bale ZHD,confirmed
1099686,zemene primary clinic,amhara,uWmfT2hglWW,zemen primary clinic,amhara,0.8100032210350037,zemene primary clinic woreda:Tegede region:amhara zone:Central Gondar Zone,zemen primary clinic region:amhara zone:Awi ZHD,confirmed
1099686,zemene primary clinic,amhara,UZ4LWZ7xYDz,zemen primary clinic,amhara,0.8305723071098328,zemene primary clinic woreda:Tegede region:amhara zone:Central Gondar Zone,zemen primary clinic region:amhara zone:West Gojjam ZHD,confirmed
1099688,wollo primary clinic,amhara,UTRjpOzrttE,wale primary clinic,amhara,0.8462134599685669,wollo primary clinic region:amhara zone:South Wollo Zone,wale primary clinic region:amhara zone:West Gojjam ZHD,confirmed
1099735,goljano health center,somali,hRS62Ed4GJq,goljano phcu,somali,0.8567549586296082,goljano health center region:somali,goljano phcu region:somali zone:Fafan ZHD,confirmed
1099744,woretaw primary clinic,amhara,wkihQ1plYp9,woreta phcu,amhara,0.8584203124046326,woretaw primary clinic region:amhara zone:South Gondar Zone,woreta phcu region:amhara zone:South Gondar ZHD,confirmed
1099772,fekadu primary clinic,amhara,EpoBZomrszw,fekadu primary clinic,amhara,0.8244209885597229,fekadu primary clinic woreda:Dembecha region:amhara zone:West Gojam Zone,fekadu primary clinic region:amhara zone:Central Gondar ZHD,confirmed
1099789,alemu primary clinic,amhara,w18jNqsh3zU,alemayehu primary clinic,amhara,0.8322227001190186,alemu primary clinic woreda:Fogera region:amhara zone:South Gondar Zone,alemayehu primary clinic region:amhara zone:Central Gondar ZHD,confirmed
1099789,alemu primary clinic,amhara,dWtl72JS6G0,alemayehu primary clinic,amhara,0.8322227001190186,alemu primary clinic woreda:Fogera region:amhara zone:South Gondar Zone,alemayehu primary clinic region:amhara zone:Central Gondar ZHD,confirmed
1099789,alemu primary clinic,amhara,PXniE7fzXwT,alemu primary clinic,amhara,0.8598548173904419,alemu primary clinic woreda:Fogera region:amhara zone:South Gondar Zone,alemu primary clinic region:amhara zone:Central Gondar ZHD,confirmed
1099851,zakir drug store,amhara,iiGduyvrhp5,zakir primary clinic,amhara,0.8147792220115662,zakir drug store woreda:Wogidi region:amhara zone:South Wollo Zone,zakir primary clinic region:amhara zone:South Wollo ZHD,confirmed
1099886,oromia university state medium clinic,oromia,QC1di9JETVo,oromiya medium clinic,oromia,0.8000961542129517,oromia university state medium clinic woreda:Batu Town region:oromia zone:Batu Town,oromiya medium clinic region:oromia zone:North Shewa  ZHD,confirmed
1099895,hayu medium clinic,oromia,khoad7mmgq7,hayu medium clinic,oromia,0.8159255385398865,hayu medium clinic woreda:Nunu Kumba region:oromia zone:East Wollega Zone,hayu medium clinic region:oromia zone:West Wellega  ZHD,confirmed
1099896,henok medium clinic,oromia,IBDR7yukeGq,henok primary clinic,oromia,0.8238496780395508,henok medium clinic woreda:Batu Town region:oromia zone:Batu Town,henok primary clinic region:oromia zone:Ilu Aba Bora ZHD,confirmed
1099897,sakare health center community pharmacy,oromia,PmMuyo3QQAe,sakare health center,oromia,0.8080782294273376,sakare health center community pharmacy woreda:Gursum region:oromia zone:East Hararge Zone,sakare health center region:oromia zone:East Hararge ZHD,confirmed
1099900,biyaf medium clinic,oromia,RjhTIZdoyQh,biyaf medium clinic,oromia,0.8011307716369629,biyaf medium clinic woreda:Munesa region:oromia zone:Arsi zone,biyaf medium clinic region:oromia zone:Adama Special ZHD,confirmed
1099915,burayu medium clinic,oromia,lQrHLW4Lqzm,burayu medium clinic,oromia,0.8876762390136719,burayu medium clinic woreda:Burayu Sub-City region:oromia zone:Sheger City,burayu medium clinic region:oromia zone:SHEGER CITY Health Office,confirmed
1099922,melka belo primary hospital,oromia,bplWIaYD3kA,melaku benti primary clinic,oromia,0.8122700452804565,melka belo primary hospital region:oromia,melaku benti primary clinic region:oromia zone:West Wellega  ZHD,confirmed
1100056,gudoberet zuria health post,amhara,Ly2ikUQRyaS,gudoberet zuriya health post,amhara,0.8376997113227844,gudoberet zuria health post woreda:Basona Werana region:amhara zone:North Shoa Zone,gudoberet zuriya health post region:amhara zone:North Shewa ZHD,confirmed
1100080,selam medium clinic,amhara,JXfQSTuxxzG,selam melestegna clinic,amhara,0.804075300693512,selam medium clinic region:amhara zone:Kombolcha Town Administration,selam melestegna clinic region:amhara zone:Central Gondar ZHD,confirmed
1100080,selam medium clinic,amhara,YXqBa0PrVWn,shalom medium clinic,amhara,0.8502341508865356,selam medium clinic region:amhara zone:Kombolcha Town Administration,shalom medium clinic region:amhara zone:Kombolcha THO,confirmed
1100080,selam medium clinic,amhara,WVdDDyRFhOB,selam medium clinic,amhara,0.8574597239494324,selam medium clinic region:amhara zone:Kombolcha Town Administration,selam medium clinic region:amhara zone:West Gojjam ZHD,confirmed
1100210,yerosan medium clinic,oromia,VKi7UP9RWTX,yerosan medium clinic,oromia,0.8243200182914734,yerosan medium clinic woreda:Dano region:oromia zone:West Shewa Zone,yerosan medium clinic region:oromia zone:Shashemene Town ZHD,confirmed
1100217,care epilepsy ethiopia,addis ababa,fAgIXPyL4vb,care epilepsy ethiopia,addis ababa,0.8479676246643066,care epilepsy ethiopia woreda:Woreda 8 region:addis ababa zone:Yeka Sub City,care epilepsy ethiopia region:addis ababa zone:Yeka Sub City,confirmed
1100247,kidanmihret medium clinic,amhara,rKmfQH8IixJ,kidanmihiret medium clinic,amhara,0.808994710445404,kidanmihret medium clinic woreda:Alefa region:amhara zone:Central Gondar Zone,kidanmihiret medium clinic region:amhara zone:West Gojjam ZHD,confirmed
1100247,kidanmihret medium clinic,amhara,igyETbMtGbi,kidanmihiret medium clinic,amhara,0.808994710445404,kidanmihret medium clinic woreda:Alefa region:amhara zone:Central Gondar Zone,kidanmihiret medium clinic region:amhara zone:West Gojjam ZHD,confirmed
1100258,addis dental specialty clinic,addis ababa,r8JbGJsWWLp,addisketema woreda 1 dic,addis ababa,0.800609290599823,addis dental specialty clinic woreda:Woreda 9 region:addis ababa zone:Kirkos Sub City,addisketema woreda 1 dic region:addis ababa zone:Addis Ketema Sub City,confirmed
1100258,addis dental specialty clinic,addis ababa,PObFChfmikr,addisketema woreda 9 dic,addis ababa,0.8529013991355896,addis dental specialty clinic woreda:Woreda 9 region:addis ababa zone:Kirkos Sub City,addisketema woreda 9 dic region:addis ababa zone:Addis Ketema Sub City,confirmed
1100322,ayalew primary clinic,amhara,J2tVHf7GbAQ,ayalew primary clinic,amhara,0.8386317491531372,ayalew primary clinic woreda:Wogidi region:amhara zone:South Wollo Zone,ayalew primary clinic region:amhara zone:Awi ZHD,confirmed
1100340,woreda 2 health center,addis ababa,DAv07lDykyB,woreda 01 health center,addis ababa,0.8424646854400635,woreda 2 health center woreda:Woreda 2 region:addis ababa zone:Kolfe Sub city,woreda 01 health center region:addis ababa zone:Nifas Silk Lafto Sub City,confirmed
1100364,afrankelo medium clinic,oromia,Hn1NtyKZlj4,afaranqalloo primary clinic,oromia,0.8178901672363281,afrankelo medium clinic region:oromia zone:East Hararge Zone,afaranqalloo primary clinic region:oromia zone:East Hararge ZHD,confirmed
1100364,afrankelo medium clinic,oromia,kVGuUSdyL2m,afreneqalo primary clinic,oromia,0.8709748387336731,afrankelo medium clinic region:oromia zone:East Hararge Zone,afreneqalo primary clinic region:oromia zone:East Hararge ZHD,confirmed
1100364,afrankelo medium clinic,oromia,ON8ESoZ2PK9,afran qalloo primary clinic,oromia,0.8624711036682129,afrankelo medium clinic region:oromia zone:East Hararge Zone,afran qalloo primary clinic region:oromia zone:East Hararge ZHD,confirmed
1100365,rohobot medium clinic,oromia,CJZ1W1ueAAq,rohoboth medium clinic,oromia,0.814629316329956,rohobot medium clinic woreda:Adola Town region:oromia zone:Guji Zone,rohoboth medium clinic region:oromia zone:Shashemene Town ZHD,confirmed
1100418,siraw medium clinic,amhara,hpIrEUYfvZZ,siraw primery clinic,amhara,0.8258644342422485,siraw medium clinic woreda:Bibugn region:amhara zone:East Gojjam Zone,siraw primery clinic region:amhara zone:East Gojjam ZHD,confirmed
1100425,yilkal primary clinic,amhara,z3DuKtFweqE,yilkal primary clinic,amhara,0.8019163608551025,yilkal primary clinic woreda:Enebse Sar Midir region:amhara zone:East Gojjam Zone,yilkal primary clinic region:amhara zone:West Gojjam ZHD,confirmed
1100451,yeshareg primary clinic,amhara,tDLtWub1A5y,yeshiwork primary clinic,amhara,0.8571940064430237,yeshareg primary clinic woreda:Awabel region:amhara zone:East Gojjam Zone,yeshiwork primary clinic region:amhara zone:East Gojjam ZHD,confirmed
1100465,tokuma medium clinic,oromia,WwbCp52JHdD,tokkummaa medium clinic,oromia,0.8666301369667053,tokuma medium clinic woreda:Jimma Town region:oromia zone:Jimma Town,tokkummaa medium clinic region:oromia zone:Jimma ZHD,confirmed
1100478,dambi health post,oromia,IVGOaUcJXGi,dambal health post,oromia,0.8121520280838013,dambi health post woreda:Gelan Sub-City region:oromia zone:Sheger City,dambal health post region:oromia zone:SHEGER CITY Health Office,confirmed
1100482,malka gafarsa health post,oromia,EOwZHl6eGId,melka gefarsa medium clinic,oromia,0.890130877494812,malka gafarsa health post region:oromia zone:Sheger City,melka gefarsa medium clinic region:oromia zone:SHEGER CITY Health Office,confirmed
1100482,malka gafarsa health post,oromia,FuPOHLHRauK,malka gafarsa health post,oromia,0.9773221015930176,malka gafarsa health post region:oromia zone:Sheger City,malka gafarsa health post region:oromia zone:SHEGER CITY Health Office,confirmed
1100483,malka gafarsa health post,oromia,EOwZHl6eGId,melka gefarsa medium clinic,oromia,0.8105006217956543,malka gafarsa health post woreda:Melka Nonno Sub-City region:oromia zone:Sheger City,melka gefarsa medium clinic region:oromia zone:SHEGER CITY Health Office,confirmed
1100483,malka gafarsa health post,oromia,FuPOHLHRauK,malka gafarsa health post,oromia,0.8399102091789246,malka gafarsa health post woreda:Melka Nonno Sub-City region:oromia zone:Sheger City,malka gafarsa health post region:oromia zone:SHEGER CITY Health Office,confirmed
1100504,africare medium clinic,oromia,QilJbg5LNHk,africa medium clinic,oromia,0.8519856333732605,africare medium clinic woreda:Jimma Town region:oromia zone:Jimma Town,africa medium clinic region:oromia zone:Ambo Town ZHD,confirmed
1100519,yirgalem medium clinic,amhara,rAShr8E9NhZ,yirgalem getaneh primary clinic,amhara,0.8615829944610596,yirgalem medium clinic region:amhara zone:East Gojjam Zone,yirgalem getaneh primary clinic region:amhara zone:Awi ZHD,confirmed
1100533,fewus medium clinic,amhara,nxXqro98WMD,fewus medium clinic,amhara,0.8158760070800781,fewus medium clinic woreda:Enebse Sar Midir region:amhara zone:East Gojjam Zone,fewus medium clinic region:amhara zone:East Gojjam ZHD,confirmed
1100542,kidus drug store,amhara,xkT3pvSUJQ3,kidist mariam medium clinic,amhara,0.8505829572677612,kidus drug store region:amhara zone:Awi Zone,kidist mariam medium clinic region:amhara zone:Awi ZHD,confirmed
1100550,tigist primary clinic,amhara,bPOpa1F5igQ,tigist primary clinic,amhara,0.8277350664138794,tigist primary clinic woreda:Enemay region:amhara zone:East Gojjam Zone,tigist primary clinic region:amhara zone:South Gondar ZHD,confirmed
1100558,tadesse medium clinic,amhara,ByeVpKUEAOe,tadesse guracha,amhara,0.8775872588157654,tadesse medium clinic region:amhara zone:East Gojjam Zone,tadesse guracha region:amhara zone:East Gojjam ZHD,confirmed
1100560,nebeyu primary clinic,amhara,MgVhvTpvR4S,nebeyu primary clinic,amhara,0.9617795944213867,nebeyu primary clinic region:amhara zone:East Gojjam Zone,nebeyu primary clinic region:amhara zone:West Gojjam ZHD,confirmed
1100560,nebeyu primary clinic,amhara,uF9IRwhIDWY,nebeyu primary clinic,amhara,0.9617795944213867,nebeyu primary clinic region:amhara zone:East Gojjam Zone,nebeyu primary clinic region:amhara zone:West Gojjam ZHD,confirmed
1100567,fikire yohannis primary clinic,amhara,Tf1IVnwuxvD,fikreyohannes medim clinic,amhara,0.8019177913665771,fikire yohannis primary clinic region:amhara zone:Awi Zone,fikreyohannes medim clinic region:amhara zone:North Shewa ZHD,confirmed
1100571,sada medium clinic,south west ethiopia,tDJcPHs5mOX,sheta medium clinic,south west ethiopia,0.8738422989845276,sada medium clinic region:south west ethiopia zone:Konta Zone,sheta medium clinic region:south west ethiopia zone:Kaffa ZHD,confirmed
1100573,addisu primary clinic,amhara,vsyw3ZzFb68,addisu primary clinic,amhara,0.8445703387260437,addisu primary clinic woreda:Aneded region:amhara zone:East Gojjam Zone,addisu primary clinic region:amhara zone:Central Gondar ZHD,confirmed
1100573,addisu primary clinic,amhara,ghxUX1vgJyT,addisu primary clinic,amhara,0.8445703387260437,addisu primary clinic woreda:Aneded region:amhara zone:East Gojjam Zone,addisu primary clinic region:amhara zone:Central Gondar ZHD,confirmed
1100573,addisu primary clinic,amhara,koCrBjPOe4p,addisu primary clinic,amhara,0.8445703387260437,addisu primary clinic woreda:Aneded region:amhara zone:East Gojjam Zone,addisu primary clinic region:amhara zone:Central Gondar ZHD,confirmed
1100573,addisu primary clinic,amhara,NclhJih8eBO,addis primary clinic,amhara,0.8312776684761047,addisu primary clinic woreda:Aneded region:amhara zone:East Gojjam Zone,addis primary clinic region:amhara zone:South Gondar ZHD,confirmed
1100573,addisu primary clinic,amhara,JbJlLxhmVAB,addisu primary clinic,amhara,0.8682273030281067,addisu primary clinic woreda:Aneded region:amhara zone:East Gojjam Zone,addisu primary clinic region:amhara zone:West Gojjam ZHD,confirmed
1100573,addisu primary clinic,amhara,Tbt92DxYbYS,addisu primary clinic,amhara,0.8682273030281067,addisu primary clinic woreda:Aneded region:amhara zone:East Gojjam Zone,addisu primary clinic region:amhara zone:West Gojjam ZHD,confirmed
1100598,abinet primary clinic,amhara,IxGC2Ihw5xW,avanti b_nile primary clinic,amhara,0.803246796131134,abinet primary clinic region:amhara zone:East Gojjam Zone,avanti b_nile primary clinic region:amhara zone:Bahirdar THO,confirmed
1100598,abinet primary clinic,amhara,NDZUn5lsXYT,abenet melestegna clinic,amhara,0.8596901297569275,abinet primary clinic region:amhara zone:East Gojjam Zone,abenet melestegna clinic region:amhara zone:East Gojjam ZHD,confirmed
1100614,woreda 9 health center commniuty pharmacy,addis ababa,DAv07lDykyB,woreda 01 health center,addis ababa,0.8094345331192017,woreda 9 health center commniuty pharmacy woreda:Woreda 9 region:addis ababa zone:Nifas Silk Lafto Sub City,woreda 01 health center region:addis ababa zone:Nifas Silk Lafto Sub City,confirmed
1100615,harme medium clinic,oromia,Cll8zrl2WPv,harme medium clinic,oromia,0.8062334656715393,harme medium clinic woreda:Gawo Kebe region:oromia zone:Kelem Wollega Zone,harme medium clinic region:oromia zone:North Shewa  ZHD,confirmed
1100620,kidus micheal drug store,south west ethiopia,xLJVS5qPJ7a,kidus micheal primary clinic,south west ethiopia,0.812477707862854,kidus micheal drug store woreda:Bita Woreda region:south west ethiopia zone:Kaffa Zone,kidus micheal primary clinic region:south west ethiopia zone:Kaffa ZHD,confirmed
1100622,kidus micheal medium clinic,south west ethiopia,xLJVS5qPJ7a,kidus micheal primary clinic,south west ethiopia,0.8385765552520752,kidus micheal medium clinic woreda:Bita Woreda region:south west ethiopia zone:Kaffa Zone,kidus micheal primary clinic region:south west ethiopia zone:Kaffa ZHD,confirmed
1100636,beteseb primary clinic,amhara,yCSZQTVsEjl,beteseb medium clinic,amhara,0.8279778361320496,beteseb primary clinic woreda:Zigem region:amhara zone:Awi Zone,beteseb medium clinic region:amhara zone:South Wollo ZHD,confirmed
1100671,docter amara pharmacy,amhara,PyByebeeC3d,docter getaneh speciality clinic,amhara,0.8451143503189087,docter amara pharmacy region:amhara zone:Gondar Town Administration,docter getaneh speciality clinic region:amhara zone:Gondar THO,confirmed
1100671,docter amara pharmacy,amhara,JQ3FgkhHCGI,docter yared speciality clinic,amhara,0.8388321995735168,docter amara pharmacy region:amhara zone:Gondar Town Administration,docter yared speciality clinic region:amhara zone:Gondar THO,confirmed
1100684,biftu medium clinic,oromia,X3HoN7ebMSs,biftu lalu primary clinic,oromia,0.8131420016288757,biftu medium clinic woreda:Batu Town region:oromia zone:Batu Town,biftu lalu primary clinic region:oromia zone:East Hararge ZHD,confirmed
1100684,biftu medium clinic,oromia,fsa4TuTeAAD,biftu medium clinic,oromia,0.8825786709785461,biftu medium clinic woreda:Batu Town region:oromia zone:Batu Town,biftu medium clinic region:oromia zone:West Arsi ZHD,confirmed
1100689,abera primary clinic,amhara,BzH49DnGWZg,abera primary clinic,amhara,0.8195005059242249,abera primary clinic woreda:Legambo region:amhara zone:South Wollo Zone,abera primary clinic region:amhara zone:Central Gondar ZHD,confirmed
1100753,aman medium clinic,oromia,dnYOKSAfXzk,aman medium clinic,oromia,0.8189658522605896,aman medium clinic woreda:Gida Ayana region:oromia zone:East Wollega Zone,aman medium clinic region:oromia zone:East Wellega ZHD,confirmed
1100781,amba medium clinic,addis ababa,YPEbdXoaLcM,amba medium clinic,addis ababa,0.8138519525527954,amba medium clinic woreda:Woreda 2 region:addis ababa zone:Yeka Sub City,amba medium clinic region:addis ababa zone:Nifas Silk Lafto Sub City,confirmed
1100788,solomon primary clinic,amhara,hKmwuQ3zSpn,solomon primary clinic,amhara,0.8408871293067932,solomon primary clinic woreda:Woreilu region:amhara zone:South Wollo Zone,solomon primary clinic region:amhara zone:South Gondar ZHD,confirmed
1100788,solomon primary clinic,amhara,PB4tu6ZcRW9,solomon mid clinic,amhara,0.8242012858390808,solomon primary clinic woreda:Woreilu region:amhara zone:South Wollo Zone,solomon mid clinic region:amhara zone:South Wollo ZHD,confirmed
1100790,seid primary clinic,amhara,Jue53wMk1nf,seid primary clinic,amhara,0.8011375665664673,seid primary clinic woreda:Woreilu region:amhara zone:South Wollo Zone,seid primary clinic region:amhara zone:Kombolcha THO,confirmed
1100790,seid primary clinic,amhara,Nd0XzEGLHRR,seid primary clinic,amhara,0.8514771461486816,seid primary clinic woreda:Woreilu region:amhara zone:South Wollo Zone,seid primary clinic region:amhara zone:North Wollo ZHD,confirmed
1100792,oda medium clinic,oromia,TLMVdACjZHZ,oda medium clinic,oromia,0.8046875596046448,oda medium clinic woreda:Bure region:oromia zone:Ilu Aba Bora Zone,oda medium clinic region:oromia zone:Horo Gudru Wellega  ZHD,confirmed
1100792,oda medium clinic,oromia,HQd6dFx5JfP,oda medium clinic,oromia,0.801209032535553,oda medium clinic woreda:Bure region:oromia zone:Ilu Aba Bora Zone,oda medium clinic region:oromia zone:North Shewa  ZHD,confirmed
1100792,oda medium clinic,oromia,oOJXOhLOhub,oda medium clinic,oromia,0.8026040196418762,oda medium clinic woreda:Bure region:oromia zone:Ilu Aba Bora Zone,oda medium clinic region:oromia zone:West Shewa  ZHD,confirmed
1100821,oromia medium clinic,oromia,kgIC1qSLbOp,oromia medium clinic,oromia,0.8427959084510803,oromia medium clinic woreda:Munesa region:oromia zone:Arsi zone,oromia medium clinic region:oromia zone:West Arsi ZHD,confirmed
