mfr_id,mfr_name,mfr_region,dhis2_id,dhis2_name,dhis2_region,linktransformer_score,text_a,text_b,match_type
MFR_000001,dessie clinic,Oromia,DHIS2_000001,dessie clinic,Oromia,0.9491562843322754,dessie clinic woreda:Bishoftu region:Oromia zone:Zone 3,dessie clinic woreda:Bishoftu region:Oromia zone:Zone 3,confirmed
MFR_000002,bole clinic,Amhara,DHIS2_000002,bole clinic,Amhara,0.9475122094154358,bole clinic woreda:Bahir Dar region:Amhara zone:Zone 4,bole clinic woreda:Bahir Dar region:Amhara zone:Zone 4,confirmed
MFR_000003,bahir dar hospital,SNNPR,DHIS2_000279,bahir dar general hospitalital,SNNPR,0.794314444065094,bahir dar hospital woreda:Hosaena region:SNNPR zone:Zone 3,bahir dar general hospitalital woreda:Hosaena region:SNNPR zone:Zone 2,confirmed
MFR_000003,bahir dar hospital,SNNPR,DHIS2_000465,bahir dar health center,SNNPR,0.7870655059814453,bahir dar hospital woreda:Hosaena region:SNNPR zone:Zone 3,bahir dar health center woreda:Hosaena region:SNNPR zone:Zone 2,confirmed
MFR_000004,bahir dar health post,Oromia,DHIS2_000183,bahir dar health center,Oromia,0.7483982443809509,bahir dar health post woreda:Dukem region:Oromia zone:Zone 5,bahir dar health center woreda:Adama region:Oromia zone:Zone 5,confirmed
MFR_000004,bahir dar health post,Oromia,DHIS2_000270,bahir dar health post,Oromia,0.8113199472427368,bahir dar health post woreda:Dukem region:Oromia zone:Zone 5,bahir dar health post woreda:Bishoftu region:Oromia zone:Zone 5,confirmed
MFR_000005,adama general hospital,Oromia,DHIS2_000017,adama general hospitalital,Oromia,0.782360851764679,adama general hospital woreda:Dire Dawa region:Oromia zone:Zone 1,adama general hospitalital woreda:Bishoftu region:Oromia zone:Zone 1,confirmed
MFR_000005,adama general hospital,Oromia,DHIS2_000005,adam general hospital,Oromia,0.9485512375831604,adama general hospital woreda:Dire Dawa region:Oromia zone:Zone 1,adam general hospital woreda:Dire Dawa region:Oromia zone:Zone 1,confirmed
MFR_000006,bole general hospital,Addis Ababa,DHIS2_000006,bole general hospital,Addis Ababa,0.9886166453361511,bole general hospital woreda:Kirkos region:Addis Ababa zone:Zone 1,bole general hospital woreda:Kirkos region:Addis Ababa zone:Zone 1,confirmed
MFR_000006,bole general hospital,Addis Ababa,DHIS2_000097,bole health center,Addis Ababa,0.8127939105033875,bole general hospital woreda:Kirkos region:Addis Ababa zone:Zone 1,bole health center woreda:Kirkos region:Addis Ababa zone:Zone 3,confirmed
MFR_000007,hawassa referral hospital,Amhara,DHIS2_000007,hawass referral hospital,Amhara,0.914792537689209,hawassa referral hospital woreda:Mekelle region:Amhara zone:Zone 2,hawass referral hospital woreda:Mekelle region:Amhara zone:Zone 2,confirmed
MFR_000008,dukem health post,Amhara,DHIS2_000008,dukem health post,Amhara,0.9441604018211365,dukem health post woreda:Dessie region:Amhara zone:Zone 4,dukem health post woreda:Dessie region:Amhara zone:Zone 4,confirmed
MFR_000008,dukem health post,Amhara,DHIS2_000128,dukem health center,Amhara,0.9149515628814697,dukem health post woreda:Dessie region:Amhara zone:Zone 4,dukem health center woreda:Dessie region:Amhara zone:Zone 4,confirmed
MFR_000009,kirkos health center,SNNPR,DHIS2_000047,kirkos general hospitalital,SNNPR,0.7749665379524231,kirkos health center woreda:Arba Minch region:SNNPR zone:Zone 4,kirkos general hospitalital woreda:Arba Minch region:SNNPR zone:Zone 2,confirmed
MFR_000009,kirkos health center,SNNPR,DHIS2_000230,kirkos health center,SNNPR,0.7478888034820557,kirkos health center woreda:Arba Minch region:SNNPR zone:Zone 4,kirkos health center woreda:Hawassa region:SNNPR zone:Zone 4,confirmed
MFR_000009,kirkos health center,SNNPR,DHIS2_000009,kirkos health center,SNNPR,0.9616343379020691,kirkos health center woreda:Arba Minch region:SNNPR zone:Zone 4,kirkos health center woreda:Arba Minch region:SNNPR zone:Zone 4,confirmed
MFR_000010,dessie health center,Addis Ababa,DHIS2_000010,dessie health center,Addis Ababa,0.9799810647964478,dessie health center woreda:Arada region:Addis Ababa zone:Zone 3,dessie health center woreda:Arada region:Addis Ababa zone:Zone 3,confirmed
MFR_000010,dessie health center,Addis Ababa,DHIS2_000106,dessie health post,Addis Ababa,0.9526468515396118,dessie health center woreda:Arada region:Addis Ababa zone:Zone 3,dessie health post woreda:Arada region:Addis Ababa zone:Zone 3,confirmed
MFR_000011,dire dawa health center,Addis Ababa,DHIS2_000011,dire dawa health center,Addis Ababa,0.9882037043571472,dire dawa health center woreda:Nifas Silk region:Addis Ababa zone:Zone 1,dire dawa health center woreda:Nifas Silk region:Addis Ababa zone:Zone 1,confirmed
MFR_000012,butajira hospital,Addis Ababa,DHIS2_000012,butajira hospitalital,Addis Ababa,0.97307288646698,butajira hospital woreda:Lideta region:Addis Ababa zone:Zone 3,butajira hospitalital woreda:Lideta region:Addis Ababa zone:Zone 3,confirmed
MFR_000012,butajira hospital,Addis Ababa,DHIS2_000194,butajira health center,Addis Ababa,0.8289066553115845,butajira hospital woreda:Lideta region:Addis Ababa zone:Zone 3,butajira health center woreda:Addis Ketema region:Addis Ababa zone:Zone 3,confirmed
MFR_000012,butajira hospital,Addis Ababa,DHIS2_000417,butajira general hospitalital,Addis Ababa,0.8079602718353271,butajira hospital woreda:Lideta region:Addis Ababa zone:Zone 3,butajira general hospitalital woreda:Lideta region:Addis Ababa zone:Zone 2,confirmed
MFR_000012,butajira hospital,Addis Ababa,DHIS2_000419,butajira health center,Addis Ababa,0.9580325484275818,butajira hospital woreda:Lideta region:Addis Ababa zone:Zone 3,butajira health center woreda:Lideta region:Addis Ababa zone:Zone 3,confirmed
MFR_000013,addis ababa hospital,Oromia,DHIS2_000317,addis ababa clinic,Oromia,0.7509818077087402,addis ababa hospital woreda:Modjo region:Oromia zone:Zone 1,addis ababa clinic woreda:Adama region:Oromia zone:Zone 1,confirmed
MFR_000013,addis ababa hospital,Oromia,DHIS2_000013,addis ababa hospitalital,Oromia,0.9607501029968262,addis ababa hospital woreda:Modjo region:Oromia zone:Zone 1,addis ababa hospitalital woreda:Modjo region:Oromia zone:Zone 1,confirmed
MFR_000014,dukem health post,Oromia,DHIS2_000448,dukem health post,Oromia,0.7593739628791809,dukem health post woreda:Dukem region:Oromia zone:Zone 4,dukem health post woreda:Dukem region:Oromia zone:Zone 3,confirmed
MFR_000015,modjo health post,Addis Ababa,DHIS2_000381,modj health post,Addis Ababa,0.7772390842437744,modjo health post woreda:Arada region:Addis Ababa zone:Zone 4,modj health post woreda:Kirkos region:Addis Ababa zone:Zone 4,confirmed
MFR_000015,modjo health post,Addis Ababa,DHIS2_000015,modjo health post,Addis Ababa,0.9763038754463196,modjo health post woreda:Arada region:Addis Ababa zone:Zone 4,modjo health post woreda:Arada region:Addis Ababa zone:Zone 4,confirmed
MFR_000016,gondar dispensary,SNNPR,DHIS2_000040,gondar referral hospital,SNNPR,0.7545649409294128,gondar dispensary woreda:Hawassa region:SNNPR zone:Zone 3,gondar referral hospital woreda:Butajira region:SNNPR zone:Zone 3,confirmed
MFR_000016,gondar dispensary,SNNPR,DHIS2_000027,gondar hospital,SNNPR,0.8680866956710815,gondar dispensary woreda:Hawassa region:SNNPR zone:Zone 3,gondar hospital woreda:Hawassa region:SNNPR zone:Zone 3,confirmed
MFR_000016,gondar dispensary,SNNPR,DHIS2_000405,gondar hospitalital,SNNPR,0.8100361824035645,gondar dispensary woreda:Hawassa region:SNNPR zone:Zone 3,gondar hospitalital woreda:Hosaena region:SNNPR zone:Zone 3,confirmed
MFR_000016,gondar dispensary,SNNPR,DHIS2_000259,gondar clinic,SNNPR,0.8785582184791565,gondar dispensary woreda:Hawassa region:SNNPR zone:Zone 3,gondar clinic woreda:Hawassa region:SNNPR zone:Zone 3,confirmed
MFR_000017,adama general hospital,Oromia,DHIS2_000017,adama general hospitalital,Oromia,0.9682168364524841,adama general hospital woreda:Bishoftu region:Oromia zone:Zone 1,adama general hospitalital woreda:Bishoftu region:Oromia zone:Zone 1,confirmed
MFR_000018,hosaena referral hospital,Addis Ababa,DHIS2_000018,hosaena referral hospitalital,Addis Ababa,0.9149234294891357,hosaena referral hospital woreda:Nifas Silk region:Addis Ababa zone:Zone 3,hosaena referral hospitalital woreda:Nifas Silk region:Addis Ababa zone:Zone 3,confirmed
MFR_000019,modjo referral hospital,Amhara,DHIS2_000019,modj referral hospitalital,Amhara,0.8924247026443481,modjo referral hospital woreda:Mekelle region:Amhara zone:Zone 1,modj referral hospitalital woreda:Mekelle region:Amhara zone:Zone 1,confirmed
MFR_000020,gondar general hospital,Amhara,DHIS2_000020,gondar general hospitalital,Amhara,0.9218401908874512,gondar general hospital woreda:Mekelle region:Amhara zone:Zone 3,gondar general hospitalital woreda:Mekelle region:Amhara zone:Zone 3,confirmed
MFR_000021,bahir dar referral hospital,SNNPR,DHIS2_000279,bahir dar general hospitalital,SNNPR,0.9028071165084839,bahir dar referral hospital woreda:Hosaena region:SNNPR zone:Zone 2,bahir dar general hospitalital woreda:Hosaena region:SNNPR zone:Zone 2,confirmed
MFR_000021,bahir dar referral hospital,SNNPR,DHIS2_000465,bahir dar health center,SNNPR,0.8691267371177673,bahir dar referral hospital woreda:Hosaena region:SNNPR zone:Zone 2,bahir dar health center woreda:Hosaena region:SNNPR zone:Zone 2,confirmed
MFR_000021,bahir dar referral hospital,SNNPR,DHIS2_000485,bahir dar general hospitalital,SNNPR,0.8688169121742249,bahir dar referral hospital woreda:Hosaena region:SNNPR zone:Zone 2,bahir dar general hospitalital woreda:Arba Minch region:SNNPR zone:Zone 2,confirmed
MFR_000022,nifas silk general hospital,Amhara,DHIS2_000064,nifas silk hospital,Amhara,0.763228714466095,nifas silk general hospital woreda:Dessie region:Amhara zone:Zone 5,nifas silk hospital woreda:Bahir Dar region:Amhara zone:Zone 5,confirmed
MFR_000023,modjo health center,SNNPR,DHIS2_000023,modjo health center,SNNPR,0.9459230303764343,modjo health center woreda:Hosaena region:SNNPR zone:Zone 3,modjo health center woreda:Hosaena region:SNNPR zone:Zone 3,confirmed
MFR_000024,dukem health post,Amhara,DHIS2_000024,dukem health post,Amhara,0.9483635425567627,dukem health post woreda:Gondar region:Amhara zone:Zone 1,dukem health post woreda:Gondar region:Amhara zone:Zone 1,confirmed
MFR_000025,hosaena health center,Amhara,DHIS2_000025,hosaena health center,Amhara,0.9392213225364685,hosaena health center woreda:Mekelle region:Amhara zone:Zone 2,hosaena health center woreda:Mekelle region:Amhara zone:Zone 2,confirmed
MFR_000026,dire dawa general hospital,Oromia,DHIS2_000026,dire dawa general hospitalital,Oromia,0.9564467668533325,dire dawa general hospital woreda:Dukem region:Oromia zone:Zone 4,dire dawa general hospitalital woreda:Dukem region:Oromia zone:Zone 4,confirmed
MFR_000027,gondar hospital,SNNPR,DHIS2_000040,gondar referral hospital,SNNPR,0.8406968712806702,gondar hospital woreda:Hawassa region:SNNPR zone:Zone 3,gondar referral hospital woreda:Butajira region:SNNPR zone:Zone 3,confirmed
MFR_000027,gondar hospital,SNNPR,DHIS2_000027,gondar hospital,SNNPR,0.9500149488449097,gondar hospital woreda:Hawassa region:SNNPR zone:Zone 3,gondar hospital woreda:Hawassa region:SNNPR zone:Zone 3,confirmed
MFR_000027,gondar hospital,SNNPR,DHIS2_000405,gondar hospitalital,SNNPR,0.8682520985603333,gondar hospital woreda:Hawassa region:SNNPR zone:Zone 3,gondar hospitalital woreda:Hosaena region:SNNPR zone:Zone 3,confirmed
MFR_000027,gondar hospital,SNNPR,DHIS2_000259,gondar clinic,SNNPR,0.9279991388320923,gondar hospital woreda:Hawassa region:SNNPR zone:Zone 3,gondar clinic woreda:Hawassa region:SNNPR zone:Zone 3,confirmed
MFR_000027,gondar hospital,SNNPR,DHIS2_000243,gondar general hospital,SNNPR,0.752009391784668,gondar hospital woreda:Hawassa region:SNNPR zone:Zone 3,gondar general hospital woreda:Hawassa region:SNNPR zone:Zone 5,confirmed
MFR_000028,nifas silk clinic,Amhara,DHIS2_000028,nifas silk clinic,Amhara,0.943683385848999,nifas silk clinic woreda:Mekelle region:Amhara zone:Zone 4,nifas silk clinic woreda:Mekelle region:Amhara zone:Zone 4,confirmed
MFR_000029,gondar health post,Amhara,DHIS2_000020,gondar general hospitalital,Amhara,0.749729573726654,gondar health post woreda:Mekelle region:Amhara zone:Zone 2,gondar general hospitalital woreda:Mekelle region:Amhara zone:Zone 3,confirmed
MFR_000029,gondar health post,Amhara,DHIS2_000029,gondar health post,Amhara,0.9270965456962585,gondar health post woreda:Mekelle region:Amhara zone:Zone 2,gondar health post woreda:Mekelle region:Amhara zone:Zone 2,confirmed
MFR_000030,nifas silk health post,SNNPR,DHIS2_000076,nifas silk health post,SNNPR,0.8338412642478943,nifas silk health post woreda:Hosaena region:SNNPR zone:Zone 1,nifas silk health post woreda:Hosaena region:SNNPR zone:Zone 3,confirmed
MFR_000030,nifas silk health post,SNNPR,DHIS2_000030,nifas silk health post,SNNPR,0.9445543885231018,nifas silk health post woreda:Hosaena region:SNNPR zone:Zone 1,nifas silk health post woreda:Hosaena region:SNNPR zone:Zone 1,confirmed
MFR_000031,butajira clinic,Addis Ababa,DHIS2_000031,butajir clinic,Addis Ababa,0.9243358969688416,butajira clinic woreda:Addis Ketema region:Addis Ababa zone:Zone 4,butajir clinic woreda:Addis Ketema region:Addis Ababa zone:Zone 4,confirmed
MFR_000031,butajira clinic,Addis Ababa,DHIS2_000194,butajira health center,Addis Ababa,0.7494484186172485,butajira clinic woreda:Addis Ketema region:Addis Ababa zone:Zone 4,butajira health center woreda:Addis Ketema region:Addis Ababa zone:Zone 3,confirmed
MFR_000031,butajira clinic,Addis Ababa,DHIS2_000141,butajira health center,Addis Ababa,0.8662735819816589,butajira clinic woreda:Addis Ketema region:Addis Ababa zone:Zone 4,butajira health center woreda:Nifas Silk region:Addis Ababa zone:Zone 4,confirmed
MFR_000031,butajira clinic,Addis Ababa,DHIS2_000143,butajir general hospital,Addis Ababa,0.7654712200164795,butajira clinic woreda:Addis Ketema region:Addis Ababa zone:Zone 4,butajir general hospital woreda:Nifas Silk region:Addis Ababa zone:Zone 4,confirmed
MFR_000031,butajira clinic,Addis Ababa,DHIS2_000202,butajira clinic,Addis Ababa,0.9071210026741028,butajira clinic woreda:Addis Ketema region:Addis Ababa zone:Zone 4,butajira clinic woreda:Kirkos region:Addis Ababa zone:Zone 4,confirmed
MFR_000032,dire dawa referral hospital,Oromia,DHIS2_000132,dire dawa hospitalital,Oromia,0.8002830743789673,dire dawa referral hospital woreda:Dire Dawa region:Oromia zone:Zone 1,dire dawa hospitalital woreda:Adama region:Oromia zone:Zone 3,confirmed
MFR_000032,dire dawa referral hospital,Oromia,DHIS2_000032,dir dawa referral hospitalital,Oromia,0.9286737442016602,dire dawa referral hospital woreda:Dire Dawa region:Oromia zone:Zone 1,dir dawa referral hospitalital woreda:Dire Dawa region:Oromia zone:Zone 1,confirmed
MFR_000034,kirkos referral hospital,Addis Ababa,DHIS2_000034,kirkos referral hospitalital,Addis Ababa,0.9583050012588501,kirkos referral hospital woreda:Lideta region:Addis Ababa zone:Zone 1,kirkos referral hospitalital woreda:Lideta region:Addis Ababa zone:Zone 1,confirmed
MFR_000034,kirkos referral hospital,Addis Ababa,DHIS2_000228,kirkos health post,Addis Ababa,0.8729889392852783,kirkos referral hospital woreda:Lideta region:Addis Ababa zone:Zone 1,kirkos health post woreda:Lideta region:Addis Ababa zone:Zone 1,confirmed
MFR_000036,adama referral hospital,Amhara,DHIS2_000036,adama referral hospital,Amhara,0.9405509829521179,adama referral hospital woreda:Dessie region:Amhara zone:Zone 2,adama referral hospital woreda:Dessie region:Amhara zone:Zone 2,confirmed
MFR_000037,hawassa health center,Oromia,DHIS2_000154,hawass health center,Oromia,0.9536157846450806,hawassa health center woreda:Dukem region:Oromia zone:Zone 5,hawass health center woreda:Dukem region:Oromia zone:Zone 5,confirmed
MFR_000037,hawassa health center,Oromia,DHIS2_000037,hawass health center,Oromia,0.9536157846450806,hawassa health center woreda:Dukem region:Oromia zone:Zone 5,hawass health center woreda:Dukem region:Oromia zone:Zone 5,confirmed
MFR_000038,dire dawa health center,Oromia,DHIS2_000079,dire dawa health center,Oromia,0.8705520033836365,dire dawa health center woreda:Dukem region:Oromia zone:Zone 1,dire dawa health center woreda:Dukem region:Oromia zone:Zone 4,confirmed
MFR_000038,dire dawa health center,Oromia,DHIS2_000305,dire dawa health center,Oromia,0.9076782464981079,dire dawa health center woreda:Dukem region:Oromia zone:Zone 1,dire dawa health center woreda:Dukem region:Oromia zone:Zone 2,confirmed
MFR_000038,dire dawa health center,Oromia,DHIS2_000026,dire dawa general hospitalital,Oromia,0.8384278416633606,dire dawa health center woreda:Dukem region:Oromia zone:Zone 1,dire dawa general hospitalital woreda:Dukem region:Oromia zone:Zone 4,confirmed
MFR_000038,dire dawa health center,Oromia,DHIS2_000038,dire dawa health center,Oromia,0.9874661564826965,dire dawa health center woreda:Dukem region:Oromia zone:Zone 1,dire dawa health center woreda:Dukem region:Oromia zone:Zone 1,confirmed
MFR_000039,butajira health post,Amhara,DHIS2_000039,butajira health post,Amhara,0.9307059049606323,butajira health post woreda:Bahir Dar region:Amhara zone:Zone 3,butajira health post woreda:Bahir Dar region:Amhara zone:Zone 3,confirmed
MFR_000040,gondar referral hospital,SNNPR,DHIS2_000040,gondar referral hospital,SNNPR,0.9240888953208923,gondar referral hospital woreda:Butajira region:SNNPR zone:Zone 3,gondar referral hospital woreda:Butajira region:SNNPR zone:Zone 3,confirmed
MFR_000040,gondar referral hospital,SNNPR,DHIS2_000027,gondar hospital,SNNPR,0.7739163637161255,gondar referral hospital woreda:Butajira region:SNNPR zone:Zone 3,gondar hospital woreda:Hawassa region:SNNPR zone:Zone 3,confirmed
MFR_000040,gondar referral hospital,SNNPR,DHIS2_000405,gondar hospitalital,SNNPR,0.7933213710784912,gondar referral hospital woreda:Butajira region:SNNPR zone:Zone 3,gondar hospitalital woreda:Hosaena region:SNNPR zone:Zone 3,confirmed
MFR_000040,gondar referral hospital,SNNPR,DHIS2_000259,gondar clinic,SNNPR,0.7565535306930542,gondar referral hospital woreda:Butajira region:SNNPR zone:Zone 3,gondar clinic woreda:Hawassa region:SNNPR zone:Zone 3,confirmed
MFR_000041,bahir dar hospital,Addis Ababa,DHIS2_000256,bahir dar health center,Addis Ababa,0.7497072219848633,bahir dar hospital woreda:Arada region:Addis Ababa zone:Zone 3,bahir dar health center woreda:Arada region:Addis Ababa zone:Zone 1,confirmed
MFR_000041,bahir dar hospital,Addis Ababa,DHIS2_000341,bahir dar hospital,Addis Ababa,0.7576208710670471,bahir dar hospital woreda:Arada region:Addis Ababa zone:Zone 3,bahir dar hospital woreda:Lideta region:Addis Ababa zone:Zone 4,confirmed
MFR_000041,bahir dar hospital,Addis Ababa,DHIS2_000447,bahir dar health center,Addis Ababa,0.8876459002494812,bahir dar hospital woreda:Arada region:Addis Ababa zone:Zone 3,bahir dar health center woreda:Lideta region:Addis Ababa zone:Zone 3,confirmed
MFR_000041,bahir dar hospital,Addis Ababa,DHIS2_000041,bahir dar hospitalital,Addis Ababa,0.9767777323722839,bahir dar hospital woreda:Arada region:Addis Ababa zone:Zone 3,bahir dar hospitalital woreda:Arada region:Addis Ababa zone:Zone 3,confirmed
MFR_000042,dessie health center,Amhara,DHIS2_000042,dessie health center,Amhara,0.9568365812301636,dessie health center woreda:Mekelle region:Amhara zone:Zone 3,dessie health center woreda:Mekelle region:Amhara zone:Zone 3,confirmed
MFR_000043,kirkos hospital,Oromia,DHIS2_000452,kirkos health center,Oromia,0.78652423620224,kirkos hospital woreda:Dukem region:Oromia zone:Zone 1,kirkos health center woreda:Dire Dawa region:Oromia zone:Zone 1,confirmed
MFR_000043,kirkos hospital,Oromia,DHIS2_000043,kirkos hospitalital,Oromia,0.9672877788543701,kirkos hospital woreda:Dukem region:Oromia zone:Zone 1,kirkos hospitalital woreda:Dukem region:Oromia zone:Zone 1,confirmed
MFR_000043,kirkos hospital,Oromia,DHIS2_000366,kirkos health center,Oromia,0.78652423620224,kirkos hospital woreda:Dukem region:Oromia zone:Zone 1,kirkos health center woreda:Dire Dawa region:Oromia zone:Zone 1,confirmed
MFR_000043,kirkos hospital,Oromia,DHIS2_000283,kirkos clinic,Oromia,0.8276663422584534,kirkos hospital woreda:Dukem region:Oromia zone:Zone 1,kirkos clinic woreda:Dukem region:Oromia zone:Zone 4,confirmed
MFR_000044,hawassa referral hospital,SNNPR,DHIS2_000044,hawassa referral hospital,SNNPR,0.9485657215118408,hawassa referral hospital woreda:Hawassa region:SNNPR zone:Zone 5,hawassa referral hospital woreda:Hawassa region:SNNPR zone:Zone 5,confirmed
MFR_000045,kirkos referral hospital,Amhara,DHIS2_000371,kirkos clinic,Amhara,0.7441771030426025,kirkos referral hospital woreda:Gondar region:Amhara zone:Zone 3,kirkos clinic woreda:Mekelle region:Amhara zone:Zone 3,confirmed
MFR_000045,kirkos referral hospital,Amhara,DHIS2_000469,kirkos clinic,Amhara,0.8633578419685364,kirkos referral hospital woreda:Gondar region:Amhara zone:Zone 3,kirkos clinic woreda:Gondar region:Amhara zone:Zone 3,confirmed
MFR_000046,dessie hospital,SNNPR,DHIS2_000046,dessi hospitalital,SNNPR,0.9296364784240723,dessie hospital woreda:Hawassa region:SNNPR zone:Zone 5,dessi hospitalital woreda:Hawassa region:SNNPR zone:Zone 5,confirmed
MFR_000046,dessie hospital,SNNPR,DHIS2_000165,dessie referral hospital,SNNPR,0.7465320825576782,dessie hospital woreda:Hawassa region:SNNPR zone:Zone 5,dessie referral hospital woreda:Hawassa region:SNNPR zone:Zone 3,confirmed
MFR_000047,kirkos general hospital,SNNPR,DHIS2_000047,kirkos general hospitalital,SNNPR,0.9386329650878906,kirkos general hospital woreda:Arba Minch region:SNNPR zone:Zone 2,kirkos general hospitalital woreda:Arba Minch region:SNNPR zone:Zone 2,confirmed
MFR_000047,kirkos general hospital,SNNPR,DHIS2_000009,kirkos health center,SNNPR,0.8028939962387085,kirkos general hospital woreda:Arba Minch region:SNNPR zone:Zone 2,kirkos health center woreda:Arba Minch region:SNNPR zone:Zone 4,confirmed
MFR_000048,hawassa health post,Addis Ababa,DHIS2_000281,hawassa health center,Addis Ababa,0.7991769909858704,hawassa health post woreda:Addis Ketema region:Addis Ababa zone:Zone 1,hawassa health center woreda:Addis Ketema region:Addis Ababa zone:Zone 3,confirmed
MFR_000048,hawassa health post,Addis Ababa,DHIS2_000196,hawassa health center,Addis Ababa,0.9262089133262634,hawassa health post woreda:Addis Ketema region:Addis Ababa zone:Zone 1,hawassa health center woreda:Addis Ketema region:Addis Ababa zone:Zone 1,confirmed
MFR_000048,hawassa health post,Addis Ababa,DHIS2_000048,hawassa health post,Addis Ababa,0.9710848927497864,hawassa health post woreda:Addis Ketema region:Addis Ababa zone:Zone 1,hawassa health post woreda:Addis Ketema region:Addis Ababa zone:Zone 1,confirmed
MFR_000049,butajira general hospital,Addis Ababa,DHIS2_000031,butajir clinic,Addis Ababa,0.8623416423797607,butajira general hospital woreda:Addis Ketema region:Addis Ababa zone:Zone 4,butajir clinic woreda:Addis Ketema region:Addis Ababa zone:Zone 4,confirmed
MFR_000049,butajira general hospital,Addis Ababa,DHIS2_000141,butajira health center,Addis Ababa,0.8506271243095398,butajira general hospital woreda:Addis Ketema region:Addis Ababa zone:Zone 4,butajira health center woreda:Nifas Silk region:Addis Ababa zone:Zone 4,confirmed
MFR_000049,butajira general hospital,Addis Ababa,DHIS2_000143,butajir general hospital,Addis Ababa,0.8501311540603638,butajira general hospital woreda:Addis Ketema region:Addis Ababa zone:Zone 4,butajir general hospital woreda:Nifas Silk region:Addis Ababa zone:Zone 4,confirmed
MFR_000049,butajira general hospital,Addis Ababa,DHIS2_000202,butajira clinic,Addis Ababa,0.8505794405937195,butajira general hospital woreda:Addis Ketema region:Addis Ababa zone:Zone 4,butajira clinic woreda:Kirkos region:Addis Ababa zone:Zone 4,confirmed
MFR_000050,addis ababa health center,Oromia,DHIS2_000313,addis ababa hospitalital,Oromia,0.8398489356040955,addis ababa health center woreda:Bishoftu region:Oromia zone:Zone 1,addis ababa hospitalital woreda:Bishoftu region:Oromia zone:Zone 2,confirmed
MFR_000050,addis ababa health center,Oromia,DHIS2_000013,addis ababa hospitalital,Oromia,0.7403254508972168,addis ababa health center woreda:Bishoftu region:Oromia zone:Zone 1,addis ababa hospitalital woreda:Modjo region:Oromia zone:Zone 1,confirmed
MFR_000052,dukem health center,SNNPR,DHIS2_000052,dukem health center,SNNPR,0.946104109287262,dukem health center woreda:Hosaena region:SNNPR zone:Zone 2,dukem health center woreda:Hosaena region:SNNPR zone:Zone 2,confirmed
MFR_000054,bole health center,Addis Ababa,DHIS2_000054,bole health center,Addis Ababa,0.9587856531143188,bole health center woreda:Nifas Silk region:Addis Ababa zone:Zone 4,bole health center woreda:Nifas Silk region:Addis Ababa zone:Zone 4,confirmed
MFR_000056,modjo health post,SNNPR,DHIS2_000056,modjo health post,SNNPR,0.9526234269142151,modjo health post woreda:Hawassa region:SNNPR zone:Zone 4,modjo health post woreda:Hawassa region:SNNPR zone:Zone 4,confirmed
MFR_000057,gondar health post,Oromia,DHIS2_000057,gondar health post,Oromia,0.9408912658691406,gondar health post woreda:Bishoftu region:Oromia zone:Zone 4,gondar health post woreda:Bishoftu region:Oromia zone:Zone 4,confirmed
MFR_000058,kirkos health post,Amhara,DHIS2_000282,kirkos clinic,Amhara,0.8604754209518433,kirkos health post woreda:Gondar region:Amhara zone:Zone 2,kirkos clinic woreda:Gondar region:Amhara zone:Zone 2,confirmed
MFR_000058,kirkos health post,Amhara,DHIS2_000438,kirkos health center,Amhara,0.7469537854194641,kirkos health post woreda:Gondar region:Amhara zone:Zone 2,kirkos health center woreda:Gondar region:Amhara zone:Zone 1,confirmed
MFR_000058,kirkos health post,Amhara,DHIS2_000469,kirkos clinic,Amhara,0.7402849793434143,kirkos health post woreda:Gondar region:Amhara zone:Zone 2,kirkos clinic woreda:Gondar region:Amhara zone:Zone 3,confirmed
MFR_000060,modjo health center,Addis Ababa,DHIS2_000060,modjo health center,Addis Ababa,0.9872124195098877,modjo health center woreda:Kirkos region:Addis Ababa zone:Zone 5,modjo health center woreda:Kirkos region:Addis Ababa zone:Zone 5,confirmed
MFR_000061,addis ababa general hospital,SNNPR,DHIS2_000085,addis ababa clinic,SNNPR,0.7788364887237549,addis ababa general hospital woreda:Arba Minch region:SNNPR zone:Zone 3,addis ababa clinic woreda:Arba Minch region:SNNPR zone:Zone 2,confirmed
MFR_000061,addis ababa general hospital,SNNPR,DHIS2_000061,addis ababa general hospital,SNNPR,0.954943835735321,addis ababa general hospital woreda:Arba Minch region:SNNPR zone:Zone 3,addis ababa general hospital woreda:Arba Minch region:SNNPR zone:Zone 3,confirmed
MFR_000061,addis ababa general hospital,SNNPR,DHIS2_000066,addis ababa hospitalital,SNNPR,0.8525480031967163,addis ababa general hospital woreda:Arba Minch region:SNNPR zone:Zone 3,addis ababa hospitalital woreda:Butajira region:SNNPR zone:Zone 3,confirmed
MFR_000062,hosaena health post,Amhara,DHIS2_000104,hosaena health post,Amhara,0.7868972420692444,hosaena health post woreda:Dessie region:Amhara zone:Zone 2,hosaena health post woreda:Dessie region:Amhara zone:Zone 4,confirmed
MFR_000062,hosaena health post,Amhara,DHIS2_000062,hosaen health post,Amhara,0.9113665223121643,hosaena health post woreda:Dessie region:Amhara zone:Zone 2,hosaen health post woreda:Dessie region:Amhara zone:Zone 2,confirmed
MFR_000063,hosaena health center,Oromia,DHIS2_000322,hosaena health post,Oromia,0.8113759756088257,hosaena health center woreda:Adama region:Oromia zone:Zone 1,hosaena health post woreda:Adama region:Oromia zone:Zone 4,confirmed
MFR_000063,hosaena health center,Oromia,DHIS2_000063,hosaena health center,Oromia,0.9736865758895874,hosaena health center woreda:Adama region:Oromia zone:Zone 1,hosaena health center woreda:Adama region:Oromia zone:Zone 1,confirmed
MFR_000064,nifas silk hospital,Amhara,DHIS2_000064,nifas silk hospital,Amhara,0.9481744766235352,nifas silk hospital woreda:Bahir Dar region:Amhara zone:Zone 5,nifas silk hospital woreda:Bahir Dar region:Amhara zone:Zone 5,confirmed
MFR_000066,addis ababa hospital,SNNPR,DHIS2_000061,addis ababa general hospital,SNNPR,0.8024579286575317,addis ababa hospital woreda:Butajira region:SNNPR zone:Zone 3,addis ababa general hospital woreda:Arba Minch region:SNNPR zone:Zone 3,confirmed
MFR_000066,addis ababa hospital,SNNPR,DHIS2_000066,addis ababa hospitalital,SNNPR,0.9164119958877563,addis ababa hospital woreda:Butajira region:SNNPR zone:Zone 3,addis ababa hospitalital woreda:Butajira region:SNNPR zone:Zone 3,confirmed
MFR_000066,addis ababa hospital,SNNPR,DHIS2_000296,addis ababa general hospitalital,SNNPR,0.7527511119842529,addis ababa hospital woreda:Butajira region:SNNPR zone:Zone 3,addis ababa general hospitalital woreda:Butajira region:SNNPR zone:Zone 4,confirmed
MFR_000067,butajira referral hospital,Amhara,DHIS2_000067,butajira referral hospitalital,Amhara,0.9408039450645447,butajira referral hospital woreda:Mekelle region:Amhara zone:Zone 4,butajira referral hospitalital woreda:Mekelle region:Amhara zone:Zone 4,confirmed
MFR_000068,bahir dar health center,Amhara,DHIS2_000424,bahir dar clinic,Amhara,0.9137576222419739,bahir dar health center woreda:Dessie region:Amhara zone:Zone 3,bahir dar clinic woreda:Dessie region:Amhara zone:Zone 3,confirmed
MFR_000068,bahir dar health center,Amhara,DHIS2_000223,bahir dar hospital,Amhara,0.7904909253120422,bahir dar health center woreda:Dessie region:Amhara zone:Zone 3,bahir dar hospital woreda:Dessie region:Amhara zone:Zone 2,confirmed
MFR_000068,bahir dar health center,Amhara,DHIS2_000391,bahir dar hospital,Amhara,0.7723544239997864,bahir dar health center woreda:Dessie region:Amhara zone:Zone 3,bahir dar hospital woreda:Bahir Dar region:Amhara zone:Zone 3,confirmed
MFR_000068,bahir dar health center,Amhara,DHIS2_000068,bahir dar health center,Amhara,0.9484279751777649,bahir dar health center woreda:Dessie region:Amhara zone:Zone 3,bahir dar health center woreda:Dessie region:Amhara zone:Zone 3,confirmed
MFR_000069,adama health center,Oromia,DHIS2_000069,adama health center,Oromia,0.9822561740875244,adama health center woreda:Adama region:Oromia zone:Zone 5,adama health center woreda:Adama region:Oromia zone:Zone 5,confirmed
MFR_000069,adama health center,Oromia,DHIS2_000102,adama health center,Oromia,0.745557427406311,adama health center woreda:Adama region:Oromia zone:Zone 5,adama health center woreda:Adama region:Oromia zone:Zone 3,confirmed
MFR_000070,nifas silk health center,Oromia,DHIS2_000070,nifas silk health center,Oromia,0.9526767134666443,nifas silk health center woreda:Dire Dawa region:Oromia zone:Zone 2,nifas silk health center woreda:Dire Dawa region:Oromia zone:Zone 2,confirmed
MFR_000071,dessie hospital,SNNPR,DHIS2_000071,dessi hospitalital,SNNPR,0.9313268661499023,dessie hospital woreda:Butajira region:SNNPR zone:Zone 1,dessi hospitalital woreda:Butajira region:SNNPR zone:Zone 1,confirmed
MFR_000072,adama referral hospital,Addis Ababa,DHIS2_000209,adama hospital,Addis Ababa,0.9002426266670227,adama referral hospital woreda:Kirkos region:Addis Ababa zone:Zone 3,adama hospital woreda:Kirkos region:Addis Ababa zone:Zone 3,confirmed
MFR_000073,hosaena referral hospital,Addis Ababa,DHIS2_000073,hosaena referral hospital,Addis Ababa,0.9660019278526306,hosaena referral hospital woreda:Arada region:Addis Ababa zone:Zone 5,hosaena referral hospital woreda:Arada region:Addis Ababa zone:Zone 5,confirmed
MFR_000074,kirkos health post,Addis Ababa,DHIS2_000074,kirkos health post,Addis Ababa,0.9560459852218628,kirkos health post woreda:Arada region:Addis Ababa zone:Zone 3,kirkos health post woreda:Arada region:Addis Ababa zone:Zone 3,confirmed
MFR_000074,kirkos health post,Addis Ababa,DHIS2_000077,kirkos health center,Addis Ababa,0.7595569491386414,kirkos health post woreda:Arada region:Addis Ababa zone:Zone 3,kirkos health center woreda:Arada region:Addis Ababa zone:Zone 2,confirmed
MFR_000075,gondar health center,Addis Ababa,DHIS2_000418,gondar hospitalital,Addis Ababa,0.761583685874939,gondar health center woreda:Addis Ketema region:Addis Ababa zone:Zone 2,gondar hospitalital woreda:Addis Ketema region:Addis Ababa zone:Zone 4,confirmed
MFR_000075,gondar health center,Addis Ababa,DHIS2_000075,gondar health center,Addis Ababa,0.9497370719909668,gondar health center woreda:Addis Ketema region:Addis Ababa zone:Zone 2,gondar health center woreda:Addis Ketema region:Addis Ababa zone:Zone 2,confirmed
MFR_000075,gondar health center,Addis Ababa,DHIS2_000235,gondar health center,Addis Ababa,0.8081733584403992,gondar health center woreda:Addis Ketema region:Addis Ababa zone:Zone 2,gondar health center woreda:Addis Ketema region:Addis Ababa zone:Zone 3,confirmed
MFR_000075,gondar health center,Addis Ababa,DHIS2_000203,gondar hospital,Addis Ababa,0.8514746427536011,gondar health center woreda:Addis Ketema region:Addis Ababa zone:Zone 2,gondar hospital woreda:Nifas Silk region:Addis Ababa zone:Zone 2,confirmed
MFR_000076,nifas silk health post,SNNPR,DHIS2_000076,nifas silk health post,SNNPR,0.9215099215507507,nifas silk health post woreda:Hosaena region:SNNPR zone:Zone 3,nifas silk health post woreda:Hosaena region:SNNPR zone:Zone 3,confirmed
MFR_000076,nifas silk health post,SNNPR,DHIS2_000113,nifas silk health center,SNNPR,0.8270019888877869,nifas silk health post woreda:Hosaena region:SNNPR zone:Zone 3,nifas silk health center woreda:Butajira region:SNNPR zone:Zone 3,confirmed
MFR_000077,kirkos health center,Addis Ababa,DHIS2_000074,kirkos health post,Addis Ababa,0.7992495894432068,kirkos health center woreda:Arada region:Addis Ababa zone:Zone 2,kirkos health post woreda:Arada region:Addis Ababa zone:Zone 3,confirmed
MFR_000077,kirkos health center,Addis Ababa,DHIS2_000077,kirkos health center,Addis Ababa,0.9676610827445984,kirkos health center woreda:Arada region:Addis Ababa zone:Zone 2,kirkos health center woreda:Arada region:Addis Ababa zone:Zone 2,confirmed
MFR_000078,hawassa health post,SNNPR,DHIS2_000078,hawass health post,SNNPR,0.923674464225769,hawassa health post woreda:Hosaena region:SNNPR zone:Zone 4,hawass health post woreda:Hosaena region:SNNPR zone:Zone 4,confirmed
MFR_000079,dire dawa health center,Oromia,DHIS2_000079,dire dawa health center,Oromia,0.9727796316146851,dire dawa health center woreda:Dukem region:Oromia zone:Zone 4,dire dawa health center woreda:Dukem region:Oromia zone:Zone 4,confirmed
MFR_000079,dire dawa health center,Oromia,DHIS2_000305,dire dawa health center,Oromia,0.8062766790390015,dire dawa health center woreda:Dukem region:Oromia zone:Zone 4,dire dawa health center woreda:Dukem region:Oromia zone:Zone 2,confirmed
MFR_000079,dire dawa health center,Oromia,DHIS2_000026,dire dawa general hospitalital,Oromia,0.9478979110717773,dire dawa health center woreda:Dukem region:Oromia zone:Zone 4,dire dawa general hospitalital woreda:Dukem region:Oromia zone:Zone 4,confirmed
MFR_000079,dire dawa health center,Oromia,DHIS2_000038,dire dawa health center,Oromia,0.7542703151702881,dire dawa health center woreda:Dukem region:Oromia zone:Zone 4,dire dawa health center woreda:Dukem region:Oromia zone:Zone 1,confirmed
MFR_000080,kirkos health center,SNNPR,DHIS2_000080,kirkos health center,SNNPR,0.9653910994529724,kirkos health center woreda:Hosaena region:SNNPR zone:Zone 1,kirkos health center woreda:Hosaena region:SNNPR zone:Zone 1,confirmed
MFR_000080,kirkos health center,SNNPR,DHIS2_000230,kirkos health center,SNNPR,0.8037499785423279,kirkos health center woreda:Hosaena region:SNNPR zone:Zone 1,kirkos health center woreda:Hawassa region:SNNPR zone:Zone 4,confirmed
MFR_000081,nifas silk clinic,Oromia,DHIS2_000181,nifas silk dispensary,Oromia,0.767453134059906,nifas silk clinic woreda:Modjo region:Oromia zone:Zone 3,nifas silk dispensary woreda:Modjo region:Oromia zone:Zone 2,confirmed
MFR_000082,dessie health post,Amhara,DHIS2_000082,dessie health post,Amhara,0.958622395992279,dessie health post woreda:Dessie region:Amhara zone:Zone 5,dessie health post woreda:Dessie region:Amhara zone:Zone 5,confirmed
MFR_000083,addis ababa hospital,Addis Ababa,DHIS2_000083,addis ababa hospitalital,Addis Ababa,0.9324749112129211,addis ababa hospital woreda:Lideta region:Addis Ababa zone:Zone 2,addis ababa hospitalital woreda:Lideta region:Addis Ababa zone:Zone 2,confirmed
MFR_000083,addis ababa hospital,Addis Ababa,DHIS2_000422,addis ababa health center,Addis Ababa,0.746463418006897,addis ababa hospital woreda:Lideta region:Addis Ababa zone:Zone 2,addis ababa health center woreda:Kirkos region:Addis Ababa zone:Zone 2,confirmed
MFR_000085,addis ababa clinic,SNNPR,DHIS2_000085,addis ababa clinic,SNNPR,0.9486284255981445,addis ababa clinic woreda:Arba Minch region:SNNPR zone:Zone 2,addis ababa clinic woreda:Arba Minch region:SNNPR zone:Zone 2,confirmed
MFR_000085,addis ababa clinic,SNNPR,DHIS2_000061,addis ababa general hospital,SNNPR,0.7897301316261292,addis ababa clinic woreda:Arba Minch region:SNNPR zone:Zone 2,addis ababa general hospital woreda:Arba Minch region:SNNPR zone:Zone 3,confirmed
MFR_000085,addis ababa clinic,SNNPR,DHIS2_000179,addis ababa dispensary,SNNPR,0.8079556822776794,addis ababa clinic woreda:Arba Minch region:SNNPR zone:Zone 2,addis ababa dispensary woreda:Hawassa region:SNNPR zone:Zone 2,confirmed
MFR_000085,addis ababa clinic,SNNPR,DHIS2_000129,addis ababa hospital,SNNPR,0.8153024911880493,addis ababa clinic woreda:Arba Minch region:SNNPR zone:Zone 2,addis ababa hospital woreda:Hosaena region:SNNPR zone:Zone 2,confirmed
MFR_000085,addis ababa clinic,SNNPR,DHIS2_000213,addis ababa health post,SNNPR,0.783337414264679,addis ababa clinic woreda:Arba Minch region:SNNPR zone:Zone 2,addis ababa health post woreda:Hosaena region:SNNPR zone:Zone 2,confirmed
MFR_000086,hawassa clinic,SNNPR,DHIS2_000086,hawass clinic,SNNPR,0.9250783324241638,hawassa clinic woreda:Arba Minch region:SNNPR zone:Zone 3,hawass clinic woreda:Arba Minch region:SNNPR zone:Zone 3,confirmed
MFR_000087,hawassa referral hospital,Amhara,DHIS2_000087,hawassa referral hospitalital,Amhara,0.9319770932197571,hawassa referral hospital woreda:Bahir Dar region:Amhara zone:Zone 5,hawassa referral hospitalital woreda:Bahir Dar region:Amhara zone:Zone 5,confirmed
MFR_000089,dire dawa dispensary,Amhara,DHIS2_000171,dire dawa dispensary,Amhara,0.9403243064880371,dire dawa dispensary woreda:Dessie region:Amhara zone:Zone 2,dire dawa dispensary woreda:Dessie region:Amhara zone:Zone 2,confirmed
MFR_000090,addis ababa health post,Amhara,DHIS2_000375,addis ababa clinic,Amhara,0.8536608219146729,addis ababa health post woreda:Mekelle region:Amhara zone:Zone 2,addis ababa clinic woreda:Mekelle region:Amhara zone:Zone 2,confirmed
MFR_000090,addis ababa health post,Amhara,DHIS2_000263,addis ababa hospital,Amhara,0.8417657613754272,addis ababa health post woreda:Mekelle region:Amhara zone:Zone 2,addis ababa hospital woreda:Mekelle region:Amhara zone:Zone 2,confirmed
MFR_000090,addis ababa health post,Amhara,DHIS2_000090,addis ababa health post,Amhara,0.927036702632904,addis ababa health post woreda:Mekelle region:Amhara zone:Zone 2,addis ababa health post woreda:Mekelle region:Amhara zone:Zone 2,confirmed
MFR_000091,dessie referral hospital,Amhara,DHIS2_000091,dessie referral hospitalital,Amhara,0.9368564486503601,dessie referral hospital woreda:Gondar region:Amhara zone:Zone 4,dessie referral hospitalital woreda:Gondar region:Amhara zone:Zone 4,confirmed
MFR_000092,hosaena health post,Oromia,DHIS2_000322,hosaena health post,Oromia,0.7846137285232544,hosaena health post woreda:Adama region:Oromia zone:Zone 2,hosaena health post woreda:Adama region:Oromia zone:Zone 4,confirmed
MFR_000093,nifas silk referral hospital,Amhara,DHIS2_000455,nifas silk dispensary,Amhara,0.8819758296012878,nifas silk referral hospital woreda:Gondar region:Amhara zone:Zone 1,nifas silk dispensary woreda:Gondar region:Amhara zone:Zone 1,confirmed
MFR_000093,nifas silk referral hospital,Amhara,DHIS2_000126,nifas silk clinic,Amhara,0.7487295866012573,nifas silk referral hospital woreda:Gondar region:Amhara zone:Zone 1,nifas silk clinic woreda:Dessie region:Amhara zone:Zone 1,confirmed
MFR_000094,butajira health post,Oromia,DHIS2_000094,butajira health post,Oromia,0.9519587159156799,butajira health post woreda:Modjo region:Oromia zone:Zone 4,butajira health post woreda:Modjo region:Oromia zone:Zone 4,confirmed
MFR_000095,bole health center,Amhara,DHIS2_000095,bole health center,Amhara,0.9655174016952515,bole health center woreda:Bahir Dar region:Amhara zone:Zone 5,bole health center woreda:Bahir Dar region:Amhara zone:Zone 5,confirmed
MFR_000096,dessie health post,Oromia,DHIS2_000096,dessi health post,Oromia,0.8877748847007751,dessie health post woreda:Bishoftu region:Oromia zone:Zone 2,dessi health post woreda:Bishoftu region:Oromia zone:Zone 2,confirmed
MFR_000097,bole health center,Addis Ababa,DHIS2_000272,bol health center,Addis Ababa,0.7474185824394226,bole health center woreda:Kirkos region:Addis Ababa zone:Zone 3,bol health center woreda:Kirkos region:Addis Ababa zone:Zone 4,confirmed
MFR_000097,bole health center,Addis Ababa,DHIS2_000097,bole health center,Addis Ababa,0.9678722023963928,bole health center woreda:Kirkos region:Addis Ababa zone:Zone 3,bole health center woreda:Kirkos region:Addis Ababa zone:Zone 3,confirmed
MFR_000098,kirkos health center,Oromia,DHIS2_000333,kirkos clinic,Oromia,0.7927009463310242,kirkos health center woreda:Adama region:Oromia zone:Zone 4,kirkos clinic woreda:Bishoftu region:Oromia zone:Zone 4,confirmed
MFR_000098,kirkos health center,Oromia,DHIS2_000463,kirkos health post,Oromia,0.7904011607170105,kirkos health center woreda:Adama region:Oromia zone:Zone 4,kirkos health post woreda:Modjo region:Oromia zone:Zone 4,confirmed
MFR_000098,kirkos health center,Oromia,DHIS2_000283,kirkos clinic,Oromia,0.7756649255752563,kirkos health center woreda:Adama region:Oromia zone:Zone 4,kirkos clinic woreda:Dukem region:Oromia zone:Zone 4,confirmed
MFR_000099,butajira referral hospital,Oromia,DHIS2_000099,butajira referral hospitalital,Oromia,0.9507656097412109,butajira referral hospital woreda:Adama region:Oromia zone:Zone 5,butajira referral hospitalital woreda:Adama region:Oromia zone:Zone 5,confirmed
MFR_000100,dire dawa hospital,Amhara,DHIS2_000267,dire dawa hospital,Amhara,0.8117304444313049,dire dawa hospital woreda:Dessie region:Amhara zone:Zone 4,dire dawa hospital woreda:Dessie region:Amhara zone:Zone 2,confirmed
MFR_000100,dire dawa hospital,Amhara,DHIS2_000164,dire dawa general hospitalital,Amhara,0.9709563255310059,dire dawa hospital woreda:Dessie region:Amhara zone:Zone 4,dire dawa general hospitalital woreda:Dessie region:Amhara zone:Zone 4,confirmed
MFR_000101,adama health center,Addis Ababa,DHIS2_000101,adama health center,Addis Ababa,0.9889405369758606,adama health center woreda:Kirkos region:Addis Ababa zone:Zone 1,adama health center woreda:Kirkos region:Addis Ababa zone:Zone 1,confirmed
MFR_000102,adama health center,Oromia,DHIS2_000069,adama health center,Oromia,0.7646888494491577,adama health center woreda:Adama region:Oromia zone:Zone 3,adama health center woreda:Adama region:Oromia zone:Zone 5,confirmed
MFR_000102,adama health center,Oromia,DHIS2_000102,adama health center,Oromia,0.951108992099762,adama health center woreda:Adama region:Oromia zone:Zone 3,adama health center woreda:Adama region:Oromia zone:Zone 3,confirmed
MFR_000102,adama health center,Oromia,DHIS2_000416,adama health post,Oromia,0.8874293565750122,adama health center woreda:Adama region:Oromia zone:Zone 3,adama health post woreda:Dukem region:Oromia zone:Zone 3,confirmed
MFR_000102,adama health center,Oromia,DHIS2_000198,adam health center,Oromia,0.8938366770744324,adama health center woreda:Adama region:Oromia zone:Zone 3,adam health center woreda:Dukem region:Oromia zone:Zone 3,confirmed
MFR_000104,hosaena health post,Amhara,DHIS2_000104,hosaena health post,Amhara,0.9392303824424744,hosaena health post woreda:Dessie region:Amhara zone:Zone 4,hosaena health post woreda:Dessie region:Amhara zone:Zone 4,confirmed
MFR_000104,hosaena health post,Amhara,DHIS2_000062,hosaen health post,Amhara,0.7411618828773499,hosaena health post woreda:Dessie region:Amhara zone:Zone 4,hosaen health post woreda:Dessie region:Amhara zone:Zone 2,confirmed
MFR_000105,kirkos health center,SNNPR,DHIS2_000230,kirkos health center,SNNPR,0.7475289106369019,kirkos health center woreda:Hosaena region:SNNPR zone:Zone 5,kirkos health center woreda:Hawassa region:SNNPR zone:Zone 4,confirmed
MFR_000106,dessie health post,Addis Ababa,DHIS2_000010,dessie health center,Addis Ababa,0.9364026784896851,dessie health post woreda:Arada region:Addis Ababa zone:Zone 3,dessie health center woreda:Arada region:Addis Ababa zone:Zone 3,confirmed
MFR_000106,dessie health post,Addis Ababa,DHIS2_000173,dessie hospital,Addis Ababa,0.7868645191192627,dessie health post woreda:Arada region:Addis Ababa zone:Zone 3,dessie hospital woreda:Bole region:Addis Ababa zone:Zone 3,confirmed
MFR_000106,dessie health post,Addis Ababa,DHIS2_000106,dessie health post,Addis Ababa,0.9713684320449829,dessie health post woreda:Arada region:Addis Ababa zone:Zone 3,dessie health post woreda:Arada region:Addis Ababa zone:Zone 3,confirmed
MFR_000107,kirkos health post,Oromia,DHIS2_000463,kirkos health post,Oromia,0.8024951219558716,kirkos health post woreda:Modjo region:Oromia zone:Zone 2,kirkos health post woreda:Modjo region:Oromia zone:Zone 4,confirmed
MFR_000107,kirkos health post,Oromia,DHIS2_000197,kirko hospitalital,Oromia,0.7447075247764587,kirkos health post woreda:Modjo region:Oromia zone:Zone 2,kirko hospitalital woreda:Dire Dawa region:Oromia zone:Zone 2,confirmed
MFR_000108,dukem clinic,Oromia,DHIS2_000108,dukem clinic,Oromia,0.9556655287742615,dukem clinic woreda:Bishoftu region:Oromia zone:Zone 4,dukem clinic woreda:Bishoftu region:Oromia zone:Zone 4,confirmed
MFR_000109,bole health post,Amhara,DHIS2_000109,bole health post,Amhara,0.9376115798950195,bole health post woreda:Mekelle region:Amhara zone:Zone 2,bole health post woreda:Mekelle region:Amhara zone:Zone 2,confirmed
MFR_000110,dessie clinic,SNNPR,DHIS2_000110,dessi clinic,SNNPR,0.8996503353118896,dessie clinic woreda:Butajira region:SNNPR zone:Zone 5,dessi clinic woreda:Butajira region:SNNPR zone:Zone 5,confirmed
MFR_000111,bole referral hospital,SNNPR,DHIS2_000111,bol referral hospitalital,SNNPR,0.8702011704444885,bole referral hospital woreda:Hosaena region:SNNPR zone:Zone 3,bol referral hospitalital woreda:Hosaena region:SNNPR zone:Zone 3,confirmed
MFR_000111,bole referral hospital,SNNPR,DHIS2_000306,bole hospital,SNNPR,0.8791264295578003,bole referral hospital woreda:Hosaena region:SNNPR zone:Zone 3,bole hospital woreda:Hosaena region:SNNPR zone:Zone 3,confirmed
MFR_000112,kirkos dispensary,Addis Ababa,DHIS2_000112,kirkos dispensary,Addis Ababa,0.9503417015075684,kirkos dispensary woreda:Bole region:Addis Ababa zone:Zone 4,kirkos dispensary woreda:Bole region:Addis Ababa zone:Zone 4,confirmed
MFR_000113,nifas silk health center,SNNPR,DHIS2_000076,nifas silk health post,SNNPR,0.7729763388633728,nifas silk health center woreda:Butajira region:SNNPR zone:Zone 3,nifas silk health post woreda:Hosaena region:SNNPR zone:Zone 3,confirmed
MFR_000113,nifas silk health center,SNNPR,DHIS2_000113,nifas silk health center,SNNPR,0.9287598133087158,nifas silk health center woreda:Butajira region:SNNPR zone:Zone 3,nifas silk health center woreda:Butajira region:SNNPR zone:Zone 3,confirmed
MFR_000113,nifas silk health center,SNNPR,DHIS2_000426,nifas silk dispensary,SNNPR,0.7403847575187683,nifas silk health center woreda:Butajira region:SNNPR zone:Zone 3,nifas silk dispensary woreda:Butajira region:SNNPR zone:Zone 2,confirmed
MFR_000114,dire dawa referral hospital,Amhara,DHIS2_000114,dire dawa referral hospital,Amhara,0.9647036790847778,dire dawa referral hospital woreda:Gondar region:Amhara zone:Zone 1,dire dawa referral hospital woreda:Gondar region:Amhara zone:Zone 1,confirmed
MFR_000115,nifas silk health center,Addis Ababa,DHIS2_000415,nifas silk clinic,Addis Ababa,0.926904022693634,nifas silk health center woreda:Nifas Silk region:Addis Ababa zone:Zone 4,nifas silk clinic woreda:Nifas Silk region:Addis Ababa zone:Zone 4,confirmed
MFR_000115,nifas silk health center,Addis Ababa,DHIS2_000115,nifas silk health center,Addis Ababa,0.9441250562667847,nifas silk health center woreda:Nifas Silk region:Addis Ababa zone:Zone 4,nifas silk health center woreda:Nifas Silk region:Addis Ababa zone:Zone 4,confirmed
MFR_000115,nifas silk health center,Addis Ababa,DHIS2_000470,nifas silk health center,Addis Ababa,0.7493473291397095,nifas silk health center woreda:Nifas Silk region:Addis Ababa zone:Zone 4,nifas silk health center woreda:Arada region:Addis Ababa zone:Zone 3,confirmed
MFR_000116,hosaena health center,Addis Ababa,DHIS2_000357,hosaena health center,Addis Ababa,0.8103351593017578,hosaena health center woreda:Bole region:Addis Ababa zone:Zone 3,hosaena health center woreda:Arada region:Addis Ababa zone:Zone 3,confirmed
MFR_000116,hosaena health center,Addis Ababa,DHIS2_000116,hosaena health center,Addis Ababa,0.9517030119895935,hosaena health center woreda:Bole region:Addis Ababa zone:Zone 3,hosaena health center woreda:Bole region:Addis Ababa zone:Zone 3,confirmed
MFR_000117,dessie health center,Amhara,DHIS2_000451,dessie health center,Amhara,0.8811997175216675,dessie health center woreda:Dessie region:Amhara zone:Zone 1,dessie health center woreda:Gondar region:Amhara zone:Zone 2,confirmed
MFR_000117,dessie health center,Amhara,DHIS2_000117,dessie health center,Amhara,0.9713190197944641,dessie health center woreda:Dessie region:Amhara zone:Zone 1,dessie health center woreda:Dessie region:Amhara zone:Zone 1,confirmed
MFR_000117,dessie health center,Amhara,DHIS2_000159,dessi health center,Amhara,0.7639563679695129,dessie health center woreda:Dessie region:Amhara zone:Zone 1,dessi health center woreda:Gondar region:Amhara zone:Zone 3,confirmed
MFR_000117,dessie health center,Amhara,DHIS2_000082,dessie health post,Amhara,0.805925726890564,dessie health center woreda:Dessie region:Amhara zone:Zone 1,dessie health post woreda:Dessie region:Amhara zone:Zone 5,confirmed
MFR_000117,dessie health center,Amhara,DHIS2_000285,dessie health center,Amhara,0.9553889036178589,dessie health center woreda:Dessie region:Amhara zone:Zone 1,dessie health center woreda:Bahir Dar region:Amhara zone:Zone 1,confirmed
MFR_000117,dessie health center,Amhara,DHIS2_000042,dessie health center,Amhara,0.8295714855194092,dessie health center woreda:Dessie region:Amhara zone:Zone 1,dessie health center woreda:Mekelle region:Amhara zone:Zone 3,confirmed
MFR_000117,dessie health center,Amhara,DHIS2_000227,dessie general hospital,Amhara,0.8084918260574341,dessie health center woreda:Dessie region:Amhara zone:Zone 1,dessie general hospital woreda:Dessie region:Amhara zone:Zone 4,confirmed
MFR_000117,dessie health center,Amhara,DHIS2_000489,dessie health post,Amhara,0.8329945206642151,dessie health center woreda:Dessie region:Amhara zone:Zone 1,dessie health post woreda:Bahir Dar region:Amhara zone:Zone 2,confirmed
MFR_000118,hawassa referral hospital,Oromia,DHIS2_000118,hawassa referral hospital,Oromia,0.9452078342437744,hawassa referral hospital woreda:Dukem region:Oromia zone:Zone 4,hawassa referral hospital woreda:Dukem region:Oromia zone:Zone 4,confirmed
MFR_000119,hosaena general hospital,Amhara,DHIS2_000480,hosaena clinic,Amhara,0.8994218707084656,hosaena general hospital woreda:Bahir Dar region:Amhara zone:Zone 2,hosaena clinic woreda:Bahir Dar region:Amhara zone:Zone 2,confirmed
MFR_000119,hosaena general hospital,Amhara,DHIS2_000119,hosaena general hospitalital,Amhara,0.9143626689910889,hosaena general hospital woreda:Bahir Dar region:Amhara zone:Zone 2,hosaena general hospitalital woreda:Bahir Dar region:Amhara zone:Zone 2,confirmed
MFR_000120,hawassa general hospital,Oromia,DHIS2_000145,hawassa general hospital,Oromia,0.7656452655792236,hawassa general hospital woreda:Bishoftu region:Oromia zone:Zone 3,hawassa general hospital woreda:Dukem region:Oromia zone:Zone 3,confirmed
MFR_000120,hawassa general hospital,Oromia,DHIS2_000120,hawassa general hospital,Oromia,0.9383475184440613,hawassa general hospital woreda:Bishoftu region:Oromia zone:Zone 3,hawassa general hospital woreda:Bishoftu region:Oromia zone:Zone 3,confirmed
MFR_000121,adama hospital,Addis Ababa,DHIS2_000121,adam hospitalital,Addis Ababa,0.9514423608779907,adama hospital woreda:Lideta region:Addis Ababa zone:Zone 2,adam hospitalital woreda:Lideta region:Addis Ababa zone:Zone 2,confirmed
MFR_000123,hosaena general hospital,Oromia,DHIS2_000123,hosaena general hospital,Oromia,0.9487055540084839,hosaena general hospital woreda:Dukem region:Oromia zone:Zone 4,hosaena general hospital woreda:Dukem region:Oromia zone:Zone 4,confirmed
MFR_000124,hawassa health center,Amhara,DHIS2_000325,hawassa health center,Amhara,0.8103412389755249,hawassa health center woreda:Dessie region:Amhara zone:Zone 2,hawassa health center woreda:Dessie region:Amhara zone:Zone 4,confirmed
MFR_000124,hawassa health center,Amhara,DHIS2_000124,hawass health center,Amhara,0.933979868888855,hawassa health center woreda:Dessie region:Amhara zone:Zone 2,hawass health center woreda:Dessie region:Amhara zone:Zone 2,confirmed
MFR_000125,bole hospital,Oromia,DHIS2_000125,bole hospital,Oromia,0.9707746505737305,bole hospital woreda:Bishoftu region:Oromia zone:Zone 4,bole hospital woreda:Bishoftu region:Oromia zone:Zone 4,confirmed
MFR_000126,nifas silk clinic,Amhara,DHIS2_000455,nifas silk dispensary,Amhara,0.7684104442596436,nifas silk clinic woreda:Dessie region:Amhara zone:Zone 1,nifas silk dispensary woreda:Gondar region:Amhara zone:Zone 1,confirmed
MFR_000126,nifas silk clinic,Amhara,DHIS2_000093,nifa silk referral hospital,Amhara,0.7594985961914062,nifas silk clinic woreda:Dessie region:Amhara zone:Zone 1,nifa silk referral hospital woreda:Gondar region:Amhara zone:Zone 1,confirmed
MFR_000126,nifas silk clinic,Amhara,DHIS2_000126,nifas silk clinic,Amhara,0.9550477862358093,nifas silk clinic woreda:Dessie region:Amhara zone:Zone 1,nifas silk clinic woreda:Dessie region:Amhara zone:Zone 1,confirmed
MFR_000127,gondar dispensary,Oromia,DHIS2_000337,gondar hospitalital,Oromia,0.759745180606842,gondar dispensary woreda:Adama region:Oromia zone:Zone 3,gondar hospitalital woreda:Dire Dawa region:Oromia zone:Zone 3,confirmed
MFR_000127,gondar dispensary,Oromia,DHIS2_000127,gondar dispensary,Oromia,0.9165313839912415,gondar dispensary woreda:Adama region:Oromia zone:Zone 3,gondar dispensary woreda:Adama region:Oromia zone:Zone 3,confirmed
MFR_000128,dukem health center,Amhara,DHIS2_000008,dukem health post,Amhara,0.9368835687637329,dukem health center woreda:Dessie region:Amhara zone:Zone 4,dukem health post woreda:Dessie region:Amhara zone:Zone 4,confirmed
MFR_000128,dukem health center,Amhara,DHIS2_000128,dukem health center,Amhara,0.956803023815155,dukem health center woreda:Dessie region:Amhara zone:Zone 4,dukem health center woreda:Dessie region:Amhara zone:Zone 4,confirmed
MFR_000129,addis ababa hospital,SNNPR,DHIS2_000085,addis ababa clinic,SNNPR,0.8535716533660889,addis ababa hospital woreda:Hosaena region:SNNPR zone:Zone 2,addis ababa clinic woreda:Arba Minch region:SNNPR zone:Zone 2,confirmed
MFR_000129,addis ababa hospital,SNNPR,DHIS2_000061,addis ababa general hospital,SNNPR,0.7570034265518188,addis ababa hospital woreda:Hosaena region:SNNPR zone:Zone 2,addis ababa general hospital woreda:Arba Minch region:SNNPR zone:Zone 3,confirmed
MFR_000129,addis ababa hospital,SNNPR,DHIS2_000066,addis ababa hospitalital,SNNPR,0.7575684785842896,addis ababa hospital woreda:Hosaena region:SNNPR zone:Zone 2,addis ababa hospitalital woreda:Butajira region:SNNPR zone:Zone 3,confirmed
MFR_000129,addis ababa hospital,SNNPR,DHIS2_000179,addis ababa dispensary,SNNPR,0.8759027719497681,addis ababa hospital woreda:Hosaena region:SNNPR zone:Zone 2,addis ababa dispensary woreda:Hawassa region:SNNPR zone:Zone 2,confirmed
MFR_000129,addis ababa hospital,SNNPR,DHIS2_000129,addis ababa hospital,SNNPR,0.9351143836975098,addis ababa hospital woreda:Hosaena region:SNNPR zone:Zone 2,addis ababa hospital woreda:Hosaena region:SNNPR zone:Zone 2,confirmed
MFR_000129,addis ababa hospital,SNNPR,DHIS2_000213,addis ababa health post,SNNPR,0.8925840258598328,addis ababa hospital woreda:Hosaena region:SNNPR zone:Zone 2,addis ababa health post woreda:Hosaena region:SNNPR zone:Zone 2,confirmed
MFR_000130,adama referral hospital,Addis Ababa,DHIS2_000130,adama referral hospitalital,Addis Ababa,0.9588419198989868,adama referral hospital woreda:Nifas Silk region:Addis Ababa zone:Zone 5,adama referral hospitalital woreda:Nifas Silk region:Addis Ababa zone:Zone 5,confirmed
MFR_000131,addis ababa hospital,SNNPR,DHIS2_000296,addis ababa general hospitalital,SNNPR,0.8540769219398499,addis ababa hospital woreda:Hawassa region:SNNPR zone:Zone 4,addis ababa general hospitalital woreda:Butajira region:SNNPR zone:Zone 4,confirmed
MFR_000132,dire dawa hospital,Oromia,DHIS2_000409,dire dawa health post,Oromia,0.893018364906311,dire dawa hospital woreda:Adama region:Oromia zone:Zone 3,dire dawa health post woreda:Adama region:Oromia zone:Zone 3,confirmed
MFR_000132,dire dawa hospital,Oromia,DHIS2_000132,dire dawa hospitalital,Oromia,0.9499366879463196,dire dawa hospital woreda:Adama region:Oromia zone:Zone 3,dire dawa hospitalital woreda:Adama region:Oromia zone:Zone 3,confirmed
MFR_000133,nifas silk health center,Oromia,DHIS2_000070,nifas silk health center,Oromia,0.7626504898071289,nifas silk health center woreda:Modjo region:Oromia zone:Zone 1,nifas silk health center woreda:Dire Dawa region:Oromia zone:Zone 2,confirmed
MFR_000133,nifas silk health center,Oromia,DHIS2_000181,nifas silk dispensary,Oromia,0.8383142948150635,nifas silk health center woreda:Modjo region:Oromia zone:Zone 1,nifas silk dispensary woreda:Modjo region:Oromia zone:Zone 2,confirmed
MFR_000133,nifas silk health center,Oromia,DHIS2_000380,nifas silk dispensary,Oromia,0.7685176730155945,nifas silk health center woreda:Modjo region:Oromia zone:Zone 1,nifas silk dispensary woreda:Bishoftu region:Oromia zone:Zone 1,confirmed
MFR_000134,bole health post,Amhara,DHIS2_000095,bole health center,Amhara,0.7834700345993042,bole health post woreda:Gondar region:Amhara zone:Zone 5,bole health center woreda:Bahir Dar region:Amhara zone:Zone 5,confirmed
MFR_000134,bole health post,Amhara,DHIS2_000134,bole health post,Amhara,0.9485635757446289,bole health post woreda:Gondar region:Amhara zone:Zone 5,bole health post woreda:Gondar region:Amhara zone:Zone 5,confirmed
MFR_000135,dukem health center,SNNPR,DHIS2_000365,dukem health center,SNNPR,0.7734161019325256,dukem health center woreda:Hawassa region:SNNPR zone:Zone 1,dukem health center woreda:Butajira region:SNNPR zone:Zone 5,confirmed
MFR_000135,dukem health center,SNNPR,DHIS2_000052,dukem health center,SNNPR,0.8105577826499939,dukem health center woreda:Hawassa region:SNNPR zone:Zone 1,dukem health center woreda:Hosaena region:SNNPR zone:Zone 2,confirmed
MFR_000136,adama general hospital,Oromia,DHIS2_000393,adama general hospital,Oromia,0.7423626184463501,adama general hospital woreda:Dukem region:Oromia zone:Zone 3,adama general hospital woreda:Adama region:Oromia zone:Zone 3,confirmed
MFR_000136,adama general hospital,Oromia,DHIS2_000136,adam general hospitalital,Oromia,0.9091352820396423,adama general hospital woreda:Dukem region:Oromia zone:Zone 3,adam general hospitalital woreda:Dukem region:Oromia zone:Zone 3,confirmed
MFR_000137,bahir dar health post,SNNPR,DHIS2_000279,bahir dar general hospitalital,SNNPR,0.823938250541687,bahir dar health post woreda:Hosaena region:SNNPR zone:Zone 1,bahir dar general hospitalital woreda:Hosaena region:SNNPR zone:Zone 2,confirmed
MFR_000137,bahir dar health post,SNNPR,DHIS2_000465,bahir dar health center,SNNPR,0.8544550538063049,bahir dar health post woreda:Hosaena region:SNNPR zone:Zone 1,bahir dar health center woreda:Hosaena region:SNNPR zone:Zone 2,confirmed
MFR_000137,bahir dar health post,SNNPR,DHIS2_000137,bahir dar health post,SNNPR,0.9576918482780457,bahir dar health post woreda:Hosaena region:SNNPR zone:Zone 1,bahir dar health post woreda:Hosaena region:SNNPR zone:Zone 1,confirmed
MFR_000137,bahir dar health post,SNNPR,DHIS2_000485,bahir dar general hospitalital,SNNPR,0.7427123188972473,bahir dar health post woreda:Hosaena region:SNNPR zone:Zone 1,bahir dar general hospitalital woreda:Arba Minch region:SNNPR zone:Zone 2,confirmed
MFR_000138,bahir dar clinic,Addis Ababa,DHIS2_000138,bahir dar clinic,Addis Ababa,0.9906147122383118,bahir dar clinic woreda:Bole region:Addis Ababa zone:Zone 5,bahir dar clinic woreda:Bole region:Addis Ababa zone:Zone 5,confirmed
MFR_000138,bahir dar clinic,Addis Ababa,DHIS2_000312,bahir dar health post,Addis Ababa,0.7985500693321228,bahir dar clinic woreda:Bole region:Addis Ababa zone:Zone 5,bahir dar health post woreda:Lideta region:Addis Ababa zone:Zone 5,confirmed
MFR_000139,butajira dispensary,Amhara,DHIS2_000289,butajira clinic,Amhara,0.7921209335327148,butajira dispensary woreda:Dessie region:Amhara zone:Zone 1,butajira clinic woreda:Dessie region:Amhara zone:Zone 3,confirmed
MFR_000139,butajira dispensary,Amhara,DHIS2_000139,butajir dispensary,Amhara,0.9168602824211121,butajira dispensary woreda:Dessie region:Amhara zone:Zone 1,butajir dispensary woreda:Dessie region:Amhara zone:Zone 1,confirmed
MFR_000139,butajira dispensary,Amhara,DHIS2_000217,butajira health post,Amhara,0.7571398615837097,butajira dispensary woreda:Dessie region:Amhara zone:Zone 1,butajira health post woreda:Dessie region:Amhara zone:Zone 3,confirmed
MFR_000140,dukem general hospital,SNNPR,DHIS2_000140,dukem general hospital,SNNPR,0.9493812322616577,dukem general hospital woreda:Butajira region:SNNPR zone:Zone 5,dukem general hospital woreda:Butajira region:SNNPR zone:Zone 5,confirmed
MFR_000140,dukem general hospital,SNNPR,DHIS2_000365,dukem health center,SNNPR,0.9109997153282166,dukem general hospital woreda:Butajira region:SNNPR zone:Zone 5,dukem health center woreda:Butajira region:SNNPR zone:Zone 5,confirmed
MFR_000141,butajira health center,Addis Ababa,DHIS2_000141,butajira health center,Addis Ababa,0.9735041260719299,butajira health center woreda:Nifas Silk region:Addis Ababa zone:Zone 4,butajira health center woreda:Nifas Silk region:Addis Ababa zone:Zone 4,confirmed
MFR_000141,butajira health center,Addis Ababa,DHIS2_000143,butajir general hospital,Addis Ababa,0.8589167594909668,butajira health center woreda:Nifas Silk region:Addis Ababa zone:Zone 4,butajir general hospital woreda:Nifas Silk region:Addis Ababa zone:Zone 4,confirmed
MFR_000142,modjo general hospital,Oromia,DHIS2_000456,modj hospitalital,Oromia,0.7456030249595642,modjo general hospital woreda:Dukem region:Oromia zone:Zone 2,modj hospitalital woreda:Modjo region:Oromia zone:Zone 2,confirmed
MFR_000142,modjo general hospital,Oromia,DHIS2_000142,modjo general hospital,Oromia,0.9533208608627319,modjo general hospital woreda:Dukem region:Oromia zone:Zone 2,modjo general hospital woreda:Dukem region:Oromia zone:Zone 2,confirmed
MFR_000143,butajira general hospital,Addis Ababa,DHIS2_000141,butajira health center,Addis Ababa,0.9171484112739563,butajira general hospital woreda:Nifas Silk region:Addis Ababa zone:Zone 4,butajira health center woreda:Nifas Silk region:Addis Ababa zone:Zone 4,confirmed
MFR_000143,butajira general hospital,Addis Ababa,DHIS2_000143,butajir general hospital,Addis Ababa,0.9128085374832153,butajira general hospital woreda:Nifas Silk region:Addis Ababa zone:Zone 4,butajir general hospital woreda:Nifas Silk region:Addis Ababa zone:Zone 4,confirmed
MFR_000144,dessie health center,SNNPR,DHIS2_000144,dessi health center,SNNPR,0.9008581042289734,dessie health center woreda:Hawassa region:SNNPR zone:Zone 2,dessi health center woreda:Hawassa region:SNNPR zone:Zone 2,confirmed
MFR_000144,dessie health center,SNNPR,DHIS2_000260,dessie health center,SNNPR,0.8427651524543762,dessie health center woreda:Hawassa region:SNNPR zone:Zone 2,dessie health center woreda:Arba Minch region:SNNPR zone:Zone 2,confirmed
MFR_000145,hawassa general hospital,Oromia,DHIS2_000145,hawassa general hospital,Oromia,0.9452782273292542,hawassa general hospital woreda:Dukem region:Oromia zone:Zone 3,hawassa general hospital woreda:Dukem region:Oromia zone:Zone 3,confirmed
MFR_000145,hawassa general hospital,Oromia,DHIS2_000120,hawassa general hospital,Oromia,0.7863115668296814,hawassa general hospital woreda:Dukem region:Oromia zone:Zone 3,hawassa general hospital woreda:Bishoftu region:Oromia zone:Zone 3,confirmed
MFR_000146,dessie health center,SNNPR,DHIS2_000146,dessi health center,SNNPR,0.8965660333633423,dessie health center woreda:Arba Minch region:SNNPR zone:Zone 4,dessi health center woreda:Arba Minch region:SNNPR zone:Zone 4,confirmed
MFR_000146,dessie health center,SNNPR,DHIS2_000260,dessie health center,SNNPR,0.8060863614082336,dessie health center woreda:Arba Minch region:SNNPR zone:Zone 4,dessie health center woreda:Arba Minch region:SNNPR zone:Zone 2,confirmed
MFR_000148,butajira health center,Addis Ababa,DHIS2_000148,butajir health center,Addis Ababa,0.9390884041786194,butajira health center woreda:Lideta region:Addis Ababa zone:Zone 5,butajir health center woreda:Lideta region:Addis Ababa zone:Zone 5,confirmed
MFR_000148,butajira health center,Addis Ababa,DHIS2_000419,butajira health center,Addis Ababa,0.7573049664497375,butajira health center woreda:Lideta region:Addis Ababa zone:Zone 5,butajira health center woreda:Lideta region:Addis Ababa zone:Zone 3,confirmed
MFR_000150,nifas silk general hospital,Oromia,DHIS2_000479,nifas silk referral hospital,Oromia,0.9212717413902283,nifas silk general hospital woreda:Bishoftu region:Oromia zone:Zone 2,nifas silk referral hospital woreda:Bishoftu region:Oromia zone:Zone 2,confirmed
MFR_000151,bole clinic,Oromia,DHIS2_000151,bole clinic,Oromia,0.9707470536231995,bole clinic woreda:Bishoftu region:Oromia zone:Zone 5,bole clinic woreda:Bishoftu region:Oromia zone:Zone 5,confirmed
MFR_000153,hosaena health center,SNNPR,DHIS2_000262,hosaena general hospitalital,SNNPR,0.7497796416282654,hosaena health center woreda:Butajira region:SNNPR zone:Zone 3,hosaena general hospitalital woreda:Butajira region:SNNPR zone:Zone 2,confirmed
MFR_000153,hosaena health center,SNNPR,DHIS2_000153,hosaena health center,SNNPR,0.9362030029296875,hosaena health center woreda:Butajira region:SNNPR zone:Zone 3,hosaena health center woreda:Butajira region:SNNPR zone:Zone 3,confirmed
MFR_000153,hosaena health center,SNNPR,DHIS2_000184,hosaena health post,SNNPR,0.911358118057251,hosaena health center woreda:Butajira region:SNNPR zone:Zone 3,hosaena health post woreda:Butajira region:SNNPR zone:Zone 3,confirmed
MFR_000153,hosaena health center,SNNPR,DHIS2_000403,hosaena general hospitalital,SNNPR,0.7477783560752869,hosaena health center woreda:Butajira region:SNNPR zone:Zone 3,hosaena general hospitalital woreda:Arba Minch region:SNNPR zone:Zone 3,confirmed
MFR_000153,hosaena health center,SNNPR,DHIS2_000420,hosaena health post,SNNPR,0.911358118057251,hosaena health center woreda:Butajira region:SNNPR zone:Zone 3,hosaena health post woreda:Butajira region:SNNPR zone:Zone 3,confirmed
MFR_000154,hawassa health center,Oromia,DHIS2_000154,hawass health center,Oromia,0.9536157846450806,hawassa health center woreda:Dukem region:Oromia zone:Zone 5,hawass health center woreda:Dukem region:Oromia zone:Zone 5,confirmed
MFR_000154,hawassa health center,Oromia,DHIS2_000037,hawass health center,Oromia,0.9536157846450806,hawassa health center woreda:Dukem region:Oromia zone:Zone 5,hawass health center woreda:Dukem region:Oromia zone:Zone 5,confirmed
MFR_000155,bole hospital,Addis Ababa,DHIS2_000155,bole hospital,Addis Ababa,0.9815506935119629,bole hospital woreda:Bole region:Addis Ababa zone:Zone 5,bole hospital woreda:Bole region:Addis Ababa zone:Zone 5,confirmed
MFR_000156,hawassa dispensary,Oromia,DHIS2_000156,hawass dispensary,Oromia,0.9152610898017883,hawassa dispensary woreda:Adama region:Oromia zone:Zone 4,hawass dispensary woreda:Adama region:Oromia zone:Zone 4,confirmed
MFR_000156,hawassa dispensary,Oromia,DHIS2_000208,hawass dispensary,Oromia,0.7446135878562927,hawassa dispensary woreda:Adama region:Oromia zone:Zone 4,hawass dispensary woreda:Dukem region:Oromia zone:Zone 4,confirmed
MFR_000157,modjo hospital,SNNPR,DHIS2_000437,modjo hospitalital,SNNPR,0.7411884665489197,modjo hospital woreda:Arba Minch region:SNNPR zone:Zone 5,modjo hospitalital woreda:Arba Minch region:SNNPR zone:Zone 2,confirmed
MFR_000157,modjo hospital,SNNPR,DHIS2_000157,modj hospital,SNNPR,0.917506992816925,modjo hospital woreda:Arba Minch region:SNNPR zone:Zone 5,modj hospital woreda:Arba Minch region:SNNPR zone:Zone 5,confirmed
MFR_000158,hawassa clinic,Addis Ababa,DHIS2_000158,hawassa clinic,Addis Ababa,0.964740514755249,hawassa clinic woreda:Bole region:Addis Ababa zone:Zone 3,hawassa clinic woreda:Bole region:Addis Ababa zone:Zone 3,confirmed
MFR_000158,hawassa clinic,Addis Ababa,DHIS2_000301,hawassa dispensary,Addis Ababa,0.7507437467575073,hawassa clinic woreda:Bole region:Addis Ababa zone:Zone 3,hawassa dispensary woreda:Nifas Silk region:Addis Ababa zone:Zone 3,confirmed
MFR_000159,dessie health center,Amhara,DHIS2_000451,dessie health center,Amhara,0.8179963827133179,dessie health center woreda:Gondar region:Amhara zone:Zone 3,dessie health center woreda:Gondar region:Amhara zone:Zone 2,confirmed
MFR_000159,dessie health center,Amhara,DHIS2_000159,dessi health center,Amhara,0.884669840335846,dessie health center woreda:Gondar region:Amhara zone:Zone 3,dessi health center woreda:Gondar region:Amhara zone:Zone 3,confirmed
MFR_000159,dessie health center,Amhara,DHIS2_000042,dessie health center,Amhara,0.8353686928749084,dessie health center woreda:Gondar region:Amhara zone:Zone 3,dessie health center woreda:Mekelle region:Amhara zone:Zone 3,confirmed
MFR_000160,dessie dispensary,Amhara,DHIS2_000160,dessi dispensary,Amhara,0.8935717940330505,dessie dispensary woreda:Bahir Dar region:Amhara zone:Zone 4,dessi dispensary woreda:Bahir Dar region:Amhara zone:Zone 4,confirmed
MFR_000162,hawassa health post,SNNPR,DHIS2_000254,hawassa health post,SNNPR,0.7784268856048584,hawassa health post woreda:Butajira region:SNNPR zone:Zone 2,hawassa health post woreda:Butajira region:SNNPR zone:Zone 1,confirmed
MFR_000162,hawassa health post,SNNPR,DHIS2_000201,hawass health center,SNNPR,0.8774426579475403,hawassa health post woreda:Butajira region:SNNPR zone:Zone 2,hawass health center woreda:Butajira region:SNNPR zone:Zone 2,confirmed
MFR_000162,hawassa health post,SNNPR,DHIS2_000162,hawassa health post,SNNPR,0.9253010749816895,hawassa health post woreda:Butajira region:SNNPR zone:Zone 2,hawassa health post woreda:Butajira region:SNNPR zone:Zone 2,confirmed
MFR_000164,dire dawa general hospital,Amhara,DHIS2_000267,dire dawa hospital,Amhara,0.7806329727172852,dire dawa general hospital woreda:Dessie region:Amhara zone:Zone 4,dire dawa hospital woreda:Dessie region:Amhara zone:Zone 2,confirmed
MFR_000164,dire dawa general hospital,Amhara,DHIS2_000164,dire dawa general hospitalital,Amhara,0.9473559856414795,dire dawa general hospital woreda:Dessie region:Amhara zone:Zone 4,dire dawa general hospitalital woreda:Dessie region:Amhara zone:Zone 4,confirmed
MFR_000165,dessie referral hospital,SNNPR,DHIS2_000165,dessie referral hospital,SNNPR,0.9424268007278442,dessie referral hospital woreda:Hawassa region:SNNPR zone:Zone 3,dessie referral hospital woreda:Hawassa region:SNNPR zone:Zone 3,confirmed
MFR_000166,addis ababa referral hospital,Amhara,DHIS2_000166,addis ababa referral hospital,Amhara,0.9314016103744507,addis ababa referral hospital woreda:Dessie region:Amhara zone:Zone 2,addis ababa referral hospital woreda:Dessie region:Amhara zone:Zone 2,confirmed
MFR_000167,dessie health post,Amhara,DHIS2_000451,dessie health center,Amhara,0.7774174809455872,dessie health post woreda:Gondar region:Amhara zone:Zone 3,dessie health center woreda:Gondar region:Amhara zone:Zone 2,confirmed
MFR_000167,dessie health post,Amhara,DHIS2_000159,dessi health center,Amhara,0.817403256893158,dessie health post woreda:Gondar region:Amhara zone:Zone 3,dessi health center woreda:Gondar region:Amhara zone:Zone 3,confirmed
MFR_000167,dessie health post,Amhara,DHIS2_000042,dessie health center,Amhara,0.7903600335121155,dessie health post woreda:Gondar region:Amhara zone:Zone 3,dessie health center woreda:Mekelle region:Amhara zone:Zone 3,confirmed
MFR_000168,dire dawa general hospital,SNNPR,DHIS2_000287,dire dawa general hospital,SNNPR,0.7548019289970398,dire dawa general hospital woreda:Butajira region:SNNPR zone:Zone 1,dire dawa general hospital woreda:Hosaena region:SNNPR zone:Zone 4,confirmed
MFR_000168,dire dawa general hospital,SNNPR,DHIS2_000168,dir dawa general hospitalital,SNNPR,0.9182530045509338,dire dawa general hospital woreda:Butajira region:SNNPR zone:Zone 1,dir dawa general hospitalital woreda:Butajira region:SNNPR zone:Zone 1,confirmed
MFR_000169,hosaena general hospital,Addis Ababa,DHIS2_000169,hosaena general hospitalital,Addis Ababa,0.9362794756889343,hosaena general hospital woreda:Bole region:Addis Ababa zone:Zone 4,hosaena general hospitalital woreda:Bole region:Addis Ababa zone:Zone 4,confirmed
MFR_000171,dire dawa dispensary,Amhara,DHIS2_000171,dire dawa dispensary,Amhara,0.9403243064880371,dire dawa dispensary woreda:Dessie region:Amhara zone:Zone 2,dire dawa dispensary woreda:Dessie region:Amhara zone:Zone 2,confirmed
MFR_000172,adama clinic,Oromia,DHIS2_000172,adam clinic,Oromia,0.9417989253997803,adama clinic woreda:Adama region:Oromia zone:Zone 4,adam clinic woreda:Adama region:Oromia zone:Zone 4,confirmed
MFR_000173,dessie hospital,Addis Ababa,DHIS2_000173,dessie hospital,Addis Ababa,0.9685056805610657,dessie hospital woreda:Bole region:Addis Ababa zone:Zone 3,dessie hospital woreda:Bole region:Addis Ababa zone:Zone 3,confirmed
MFR_000173,dessie hospital,Addis Ababa,DHIS2_000106,dessie health post,Addis Ababa,0.7643249034881592,dessie hospital woreda:Bole region:Addis Ababa zone:Zone 3,dessie health post woreda:Arada region:Addis Ababa zone:Zone 3,confirmed
MFR_000174,kirkos clinic,Amhara,DHIS2_000174,kirko clinic,Amhara,0.9447042346000671,kirkos clinic woreda:Mekelle region:Amhara zone:Zone 1,kirko clinic woreda:Mekelle region:Amhara zone:Zone 1,confirmed
MFR_000174,kirkos clinic,Amhara,DHIS2_000324,kirkos clinic,Amhara,0.76360023021698,kirkos clinic woreda:Mekelle region:Amhara zone:Zone 1,kirkos clinic woreda:Dessie region:Amhara zone:Zone 1,confirmed
MFR_000174,kirkos clinic,Amhara,DHIS2_000353,kirkos dispensary,Amhara,0.9277318716049194,kirkos clinic woreda:Mekelle region:Amhara zone:Zone 1,kirkos dispensary woreda:Mekelle region:Amhara zone:Zone 1,confirmed
MFR_000174,kirkos clinic,Amhara,DHIS2_000438,kirkos health center,Amhara,0.7420816421508789,kirkos clinic woreda:Mekelle region:Amhara zone:Zone 1,kirkos health center woreda:Gondar region:Amhara zone:Zone 1,confirmed
MFR_000174,kirkos clinic,Amhara,DHIS2_000371,kirkos clinic,Amhara,0.8337786197662354,kirkos clinic woreda:Mekelle region:Amhara zone:Zone 1,kirkos clinic woreda:Mekelle region:Amhara zone:Zone 3,confirmed
MFR_000176,butajira health center,SNNPR,DHIS2_000389,butajira clinic,SNNPR,0.7689498066902161,butajira health center woreda:Arba Minch region:SNNPR zone:Zone 3,butajira clinic woreda:Butajira region:SNNPR zone:Zone 3,confirmed
MFR_000176,butajira health center,SNNPR,DHIS2_000176,butajir health center,SNNPR,0.9087659120559692,butajira health center woreda:Arba Minch region:SNNPR zone:Zone 3,butajir health center woreda:Arba Minch region:SNNPR zone:Zone 3,confirmed
MFR_000176,butajira health center,SNNPR,DHIS2_000482,butajira clinic,SNNPR,0.9209644794464111,butajira health center woreda:Arba Minch region:SNNPR zone:Zone 3,butajira clinic woreda:Arba Minch region:SNNPR zone:Zone 3,confirmed
MFR_000177,bahir dar referral hospital,Addis Ababa,DHIS2_000138,bahir dar clinic,Addis Ababa,0.7846540808677673,bahir dar referral hospital woreda:Bole region:Addis Ababa zone:Zone 1,bahir dar clinic woreda:Bole region:Addis Ababa zone:Zone 5,confirmed
MFR_000177,bahir dar referral hospital,Addis Ababa,DHIS2_000177,bahir dar referral hospitalital,Addis Ababa,0.9742569327354431,bahir dar referral hospital woreda:Bole region:Addis Ababa zone:Zone 1,bahir dar referral hospitalital woreda:Bole region:Addis Ababa zone:Zone 1,confirmed
MFR_000177,bahir dar referral hospital,Addis Ababa,DHIS2_000256,bahir dar health center,Addis Ababa,0.7703638076782227,bahir dar referral hospital woreda:Bole region:Addis Ababa zone:Zone 1,bahir dar health center woreda:Arada region:Addis Ababa zone:Zone 1,confirmed
MFR_000178,gondar referral hospital,Amhara,DHIS2_000178,gondar referral hospitalital,Amhara,0.9223403334617615,gondar referral hospital woreda:Bahir Dar region:Amhara zone:Zone 2,gondar referral hospitalital woreda:Bahir Dar region:Amhara zone:Zone 2,confirmed
MFR_000179,addis ababa dispensary,SNNPR,DHIS2_000085,addis ababa clinic,SNNPR,0.7986273765563965,addis ababa dispensary woreda:Hawassa region:SNNPR zone:Zone 2,addis ababa clinic woreda:Arba Minch region:SNNPR zone:Zone 2,confirmed
MFR_000179,addis ababa dispensary,SNNPR,DHIS2_000179,addis ababa dispensary,SNNPR,0.9294279217720032,addis ababa dispensary woreda:Hawassa region:SNNPR zone:Zone 2,addis ababa dispensary woreda:Hawassa region:SNNPR zone:Zone 2,confirmed
MFR_000179,addis ababa dispensary,SNNPR,DHIS2_000129,addis ababa hospital,SNNPR,0.8246057629585266,addis ababa dispensary woreda:Hawassa region:SNNPR zone:Zone 2,addis ababa hospital woreda:Hosaena region:SNNPR zone:Zone 2,confirmed
MFR_000179,addis ababa dispensary,SNNPR,DHIS2_000213,addis ababa health post,SNNPR,0.8174927234649658,addis ababa dispensary woreda:Hawassa region:SNNPR zone:Zone 2,addis ababa health post woreda:Hosaena region:SNNPR zone:Zone 2,confirmed
MFR_000180,gondar health center,Oromia,DHIS2_000180,gondar health center,Oromia,0.9440733194351196,gondar health center woreda:Dukem region:Oromia zone:Zone 3,gondar health center woreda:Dukem region:Oromia zone:Zone 3,confirmed
MFR_000181,nifas silk dispensary,Oromia,DHIS2_000070,nifas silk health center,Oromia,0.7628681659698486,nifas silk dispensary woreda:Modjo region:Oromia zone:Zone 2,nifas silk health center woreda:Dire Dawa region:Oromia zone:Zone 2,confirmed
MFR_000181,nifas silk dispensary,Oromia,DHIS2_000181,nifas silk dispensary,Oromia,0.9383840560913086,nifas silk dispensary woreda:Modjo region:Oromia zone:Zone 2,nifas silk dispensary woreda:Modjo region:Oromia zone:Zone 2,confirmed
MFR_000181,nifas silk dispensary,Oromia,DHIS2_000479,nifas silk referral hospital,Oromia,0.7578055262565613,nifas silk dispensary woreda:Modjo region:Oromia zone:Zone 2,nifas silk referral hospital woreda:Bishoftu region:Oromia zone:Zone 2,confirmed
MFR_000182,bole general hospital,Amhara,DHIS2_000182,bole general hospital,Amhara,0.9474194645881653,bole general hospital woreda:Dessie region:Amhara zone:Zone 2,bole general hospital woreda:Dessie region:Amhara zone:Zone 2,confirmed
MFR_000183,bahir dar health center,Oromia,DHIS2_000183,bahir dar health center,Oromia,0.9881502389907837,bahir dar health center woreda:Adama region:Oromia zone:Zone 5,bahir dar health center woreda:Adama region:Oromia zone:Zone 5,confirmed
MFR_000183,bahir dar health center,Oromia,DHIS2_000270,bahir dar health post,Oromia,0.8362239599227905,bahir dar health center woreda:Adama region:Oromia zone:Zone 5,bahir dar health post woreda:Bishoftu region:Oromia zone:Zone 5,confirmed
MFR_000184,hosaena health post,SNNPR,DHIS2_000153,hosaena health center,SNNPR,0.8899238109588623,hosaena health post woreda:Butajira region:SNNPR zone:Zone 3,hosaena health center woreda:Butajira region:SNNPR zone:Zone 3,confirmed
MFR_000184,hosaena health post,SNNPR,DHIS2_000184,hosaena health post,SNNPR,0.9197215437889099,hosaena health post woreda:Butajira region:SNNPR zone:Zone 3,hosaena health post woreda:Butajira region:SNNPR zone:Zone 3,confirmed
MFR_000184,hosaena health post,SNNPR,DHIS2_000420,hosaena health post,SNNPR,0.9197215437889099,hosaena health post woreda:Butajira region:SNNPR zone:Zone 3,hosaena health post woreda:Butajira region:SNNPR zone:Zone 3,confirmed
MFR_000185,dire dawa referral hospital,SNNPR,DHIS2_000291,dire dawa referral hospitalital,SNNPR,0.7979207038879395,dire dawa referral hospital woreda:Hosaena region:SNNPR zone:Zone 2,dire dawa referral hospitalital woreda:Arba Minch region:SNNPR zone:Zone 3,confirmed
MFR_000185,dire dawa referral hospital,SNNPR,DHIS2_000185,dire dawa referral hospital,SNNPR,0.9513833522796631,dire dawa referral hospital woreda:Hosaena region:SNNPR zone:Zone 2,dire dawa referral hospital woreda:Hosaena region:SNNPR zone:Zone 2,confirmed
MFR_000186,dessie referral hospital,Oromia,DHIS2_000186,dessie referral hospitalital,Oromia,0.9578638672828674,dessie referral hospital woreda:Dire Dawa region:Oromia zone:Zone 5,dessie referral hospitalital woreda:Dire Dawa region:Oromia zone:Zone 5,confirmed
MFR_000187,butajira health post,SNNPR,DHIS2_000187,butajira health post,SNNPR,0.9380499720573425,butajira health post woreda:Hawassa region:SNNPR zone:Zone 4,butajira health post woreda:Hawassa region:SNNPR zone:Zone 4,confirmed
MFR_000188,adama health post,Addis Ababa,DHIS2_000392,adam health post,Addis Ababa,0.7856642007827759,adama health post woreda:Nifas Silk region:Addis Ababa zone:Zone 2,adam health post woreda:Nifas Silk region:Addis Ababa zone:Zone 3,confirmed
MFR_000189,dire dawa health post,Oromia,DHIS2_000079,dire dawa health center,Oromia,0.7621554136276245,dire dawa health post woreda:Dukem region:Oromia zone:Zone 5,dire dawa health center woreda:Dukem region:Oromia zone:Zone 4,confirmed
MFR_000191,nifas silk dispensary,Addis Ababa,DHIS2_000470,nifas silk health center,Addis Ababa,0.7793424129486084,nifas silk dispensary woreda:Arada region:Addis Ababa zone:Zone 1,nifas silk health center woreda:Arada region:Addis Ababa zone:Zone 3,confirmed
MFR_000191,nifas silk dispensary,Addis Ababa,DHIS2_000191,nifas silk dispensary,Addis Ababa,0.9750823378562927,nifas silk dispensary woreda:Arada region:Addis Ababa zone:Zone 1,nifas silk dispensary woreda:Arada region:Addis Ababa zone:Zone 1,confirmed
MFR_000194,butajira health center,Addis Ababa,DHIS2_000012,butajira hospitalital,Addis Ababa,0.8809052109718323,butajira health center woreda:Addis Ketema region:Addis Ababa zone:Zone 3,butajira hospitalital woreda:Lideta region:Addis Ababa zone:Zone 3,confirmed
MFR_000194,butajira health center,Addis Ababa,DHIS2_000194,butajira health center,Addis Ababa,0.9511843919754028,butajira health center woreda:Addis Ketema region:Addis Ababa zone:Zone 3,butajira health center woreda:Addis Ketema region:Addis Ababa zone:Zone 3,confirmed
MFR_000194,butajira health center,Addis Ababa,DHIS2_000141,butajira health center,Addis Ababa,0.7460384368896484,butajira health center woreda:Addis Ketema region:Addis Ababa zone:Zone 3,butajira health center woreda:Nifas Silk region:Addis Ababa zone:Zone 4,confirmed
MFR_000194,butajira health center,Addis Ababa,DHIS2_000419,butajira health center,Addis Ababa,0.9071137309074402,butajira health center woreda:Addis Ketema region:Addis Ababa zone:Zone 3,butajira health center woreda:Lideta region:Addis Ababa zone:Zone 3,confirmed
MFR_000195,bahir dar hospital,Oromia,DHIS2_000195,bahir dar hospital,Oromia,0.9799411296844482,bahir dar hospital woreda:Dire Dawa region:Oromia zone:Zone 4,bahir dar hospital woreda:Dire Dawa region:Oromia zone:Zone 4,confirmed
MFR_000195,bahir dar hospital,Oromia,DHIS2_000295,bahir dar hospital,Oromia,0.7703875303268433,bahir dar hospital woreda:Dire Dawa region:Oromia zone:Zone 4,bahir dar hospital woreda:Dire Dawa region:Oromia zone:Zone 1,confirmed
MFR_000196,hawassa health center,Addis Ababa,DHIS2_000281,hawassa health center,Addis Ababa,0.8511139750480652,hawassa health center woreda:Addis Ketema region:Addis Ababa zone:Zone 1,hawassa health center woreda:Addis Ketema region:Addis Ababa zone:Zone 3,confirmed
MFR_000196,hawassa health center,Addis Ababa,DHIS2_000248,hawassa health center,Addis Ababa,0.790097177028656,hawassa health center woreda:Addis Ketema region:Addis Ababa zone:Zone 1,hawassa health center woreda:Bole region:Addis Ababa zone:Zone 3,confirmed
MFR_000196,hawassa health center,Addis Ababa,DHIS2_000196,hawassa health center,Addis Ababa,0.9738379120826721,hawassa health center woreda:Addis Ketema region:Addis Ababa zone:Zone 1,hawassa health center woreda:Addis Ketema region:Addis Ababa zone:Zone 1,confirmed
MFR_000196,hawassa health center,Addis Ababa,DHIS2_000048,hawassa health post,Addis Ababa,0.9480806589126587,hawassa health center woreda:Addis Ketema region:Addis Ababa zone:Zone 1,hawassa health post woreda:Addis Ketema region:Addis Ababa zone:Zone 1,confirmed
MFR_000197,kirkos hospital,Oromia,DHIS2_000452,kirkos health center,Oromia,0.7936693429946899,kirkos hospital woreda:Dire Dawa region:Oromia zone:Zone 2,kirkos health center woreda:Dire Dawa region:Oromia zone:Zone 1,confirmed
MFR_000197,kirkos hospital,Oromia,DHIS2_000366,kirkos health center,Oromia,0.7936693429946899,kirkos hospital woreda:Dire Dawa region:Oromia zone:Zone 2,kirkos health center woreda:Dire Dawa region:Oromia zone:Zone 1,confirmed
MFR_000197,kirkos hospital,Oromia,DHIS2_000197,kirko hospitalital,Oromia,0.9511857032775879,kirkos hospital woreda:Dire Dawa region:Oromia zone:Zone 2,kirko hospitalital woreda:Dire Dawa region:Oromia zone:Zone 2,confirmed
MFR_000198,adama health center,Oromia,DHIS2_000102,adama health center,Oromia,0.746878981590271,adama health center woreda:Dukem region:Oromia zone:Zone 3,adama health center woreda:Adama region:Oromia zone:Zone 3,confirmed
MFR_000198,adama health center,Oromia,DHIS2_000416,adama health post,Oromia,0.9172388315200806,adama health center woreda:Dukem region:Oromia zone:Zone 3,adama health post woreda:Dukem region:Oromia zone:Zone 3,confirmed
MFR_000198,adama health center,Oromia,DHIS2_000198,adam health center,Oromia,0.9208741784095764,adama health center woreda:Dukem region:Oromia zone:Zone 3,adam health center woreda:Dukem region:Oromia zone:Zone 3,confirmed
MFR_000199,nifas silk health post,Oromia,DHIS2_000479,nifas silk referral hospital,Oromia,0.8975602984428406,nifas silk health post woreda:Bishoftu region:Oromia zone:Zone 2,nifas silk referral hospital woreda:Bishoftu region:Oromia zone:Zone 2,confirmed
MFR_000200,butajira health center,Amhara,DHIS2_000200,butajir health center,Amhara,0.916479766368866,butajira health center woreda:Gondar region:Amhara zone:Zone 5,butajir health center woreda:Gondar region:Amhara zone:Zone 5,confirmed
MFR_000200,butajira health center,Amhara,DHIS2_000251,butajir health center,Amhara,0.7451428174972534,butajira health center woreda:Gondar region:Amhara zone:Zone 5,butajir health center woreda:Gondar region:Amhara zone:Zone 4,confirmed
MFR_000200,butajira health center,Amhara,DHIS2_000311,butajira health center,Amhara,0.8472424149513245,butajira health center woreda:Gondar region:Amhara zone:Zone 5,butajira health center woreda:Mekelle region:Amhara zone:Zone 5,confirmed
MFR_000200,butajira health center,Amhara,DHIS2_000397,butajira health post,Amhara,0.9363918304443359,butajira health center woreda:Gondar region:Amhara zone:Zone 5,butajira health post woreda:Gondar region:Amhara zone:Zone 5,confirmed
MFR_000201,hawassa health center,SNNPR,DHIS2_000254,hawassa health post,SNNPR,0.7658476233482361,hawassa health center woreda:Butajira region:SNNPR zone:Zone 2,hawassa health post woreda:Butajira region:SNNPR zone:Zone 1,confirmed
MFR_000201,hawassa health center,SNNPR,DHIS2_000201,hawass health center,SNNPR,0.9263143539428711,hawassa health center woreda:Butajira region:SNNPR zone:Zone 2,hawass health center woreda:Butajira region:SNNPR zone:Zone 2,confirmed
MFR_000201,hawassa health center,SNNPR,DHIS2_000162,hawassa health post,SNNPR,0.9167725443840027,hawassa health center woreda:Butajira region:SNNPR zone:Zone 2,hawassa health post woreda:Butajira region:SNNPR zone:Zone 2,confirmed
MFR_000202,butajira clinic,Addis Ababa,DHIS2_000031,butajir clinic,Addis Ababa,0.7479540705680847,butajira clinic woreda:Kirkos region:Addis Ababa zone:Zone 4,butajir clinic woreda:Addis Ketema region:Addis Ababa zone:Zone 4,confirmed
MFR_000202,butajira clinic,Addis Ababa,DHIS2_000141,butajira health center,Addis Ababa,0.7417998313903809,butajira clinic woreda:Kirkos region:Addis Ababa zone:Zone 4,butajira health center woreda:Nifas Silk region:Addis Ababa zone:Zone 4,confirmed
MFR_000202,butajira clinic,Addis Ababa,DHIS2_000202,butajira clinic,Addis Ababa,0.9796116948127747,butajira clinic woreda:Kirkos region:Addis Ababa zone:Zone 4,butajira clinic woreda:Kirkos region:Addis Ababa zone:Zone 4,confirmed
MFR_000203,gondar hospital,Addis Ababa,DHIS2_000486,gondar health center,Addis Ababa,0.7756711840629578,gondar hospital woreda:Nifas Silk region:Addis Ababa zone:Zone 2,gondar health center woreda:Nifas Silk region:Addis Ababa zone:Zone 4,confirmed
MFR_000203,gondar hospital,Addis Ababa,DHIS2_000203,gondar hospital,Addis Ababa,0.9545997977256775,gondar hospital woreda:Nifas Silk region:Addis Ababa zone:Zone 2,gondar hospital woreda:Nifas Silk region:Addis Ababa zone:Zone 2,confirmed
MFR_000204,adama health center,Amhara,DHIS2_000204,adama health center,Amhara,0.9640238285064697,adama health center woreda:Dessie region:Amhara zone:Zone 1,adama health center woreda:Dessie region:Amhara zone:Zone 1,confirmed
MFR_000204,adama health center,Amhara,DHIS2_000477,adam health center,Amhara,0.8216565251350403,adama health center woreda:Dessie region:Amhara zone:Zone 1,adam health center woreda:Dessie region:Amhara zone:Zone 3,confirmed
MFR_000205,dessie referral hospital,Amhara,DHIS2_000205,dessie referral hospitalital,Amhara,0.9561129808425903,dessie referral hospital woreda:Dessie region:Amhara zone:Zone 5,dessie referral hospitalital woreda:Dessie region:Amhara zone:Zone 5,confirmed
MFR_000205,dessie referral hospital,Amhara,DHIS2_000091,dessie referral hospitalital,Amhara,0.7583433985710144,dessie referral hospital woreda:Dessie region:Amhara zone:Zone 5,dessie referral hospitalital woreda:Gondar region:Amhara zone:Zone 4,confirmed
MFR_000206,dessie health center,Oromia,DHIS2_000319,dessie health post,Oromia,0.953906774520874,dessie health center woreda:Modjo region:Oromia zone:Zone 1,dessie health post woreda:Modjo region:Oromia zone:Zone 1,confirmed
MFR_000207,dire dawa dispensary,Oromia,DHIS2_000207,dire dawa dispensary,Oromia,0.9549228549003601,dire dawa dispensary woreda:Dire Dawa region:Oromia zone:Zone 2,dire dawa dispensary woreda:Dire Dawa region:Oromia zone:Zone 2,confirmed
MFR_000208,hawassa dispensary,Oromia,DHIS2_000208,hawass dispensary,Oromia,0.9091091752052307,hawassa dispensary woreda:Dukem region:Oromia zone:Zone 4,hawass dispensary woreda:Dukem region:Oromia zone:Zone 4,confirmed
MFR_000209,adama hospital,Addis Ababa,DHIS2_000209,adama hospital,Addis Ababa,0.9556812644004822,adama hospital woreda:Kirkos region:Addis Ababa zone:Zone 3,adama hospital woreda:Kirkos region:Addis Ababa zone:Zone 3,confirmed
MFR_000210,hawassa hospital,SNNPR,DHIS2_000210,hawassa hospitalital,SNNPR,0.9460187554359436,hawassa hospital woreda:Hosaena region:SNNPR zone:Zone 4,hawassa hospitalital woreda:Hosaena region:SNNPR zone:Zone 4,confirmed
MFR_000211,modjo health post,Addis Ababa,DHIS2_000211,modjo health post,Addis Ababa,0.9615923762321472,modjo health post woreda:Addis Ketema region:Addis Ababa zone:Zone 2,modjo health post woreda:Addis Ketema region:Addis Ababa zone:Zone 2,confirmed
MFR_000211,modjo health post,Addis Ababa,DHIS2_000413,modjo health post,Addis Ababa,0.8935568928718567,modjo health post woreda:Addis Ketema region:Addis Ababa zone:Zone 2,modjo health post woreda:Nifas Silk region:Addis Ababa zone:Zone 2,confirmed
MFR_000211,modjo health post,Addis Ababa,DHIS2_000015,modjo health post,Addis Ababa,0.746703565120697,modjo health post woreda:Addis Ketema region:Addis Ababa zone:Zone 2,modjo health post woreda:Arada region:Addis Ababa zone:Zone 4,confirmed
MFR_000212,kirkos health post,Addis Ababa,DHIS2_000074,kirkos health post,Addis Ababa,0.7566841244697571,kirkos health post woreda:Addis Ketema region:Addis Ababa zone:Zone 2,kirkos health post woreda:Arada region:Addis Ababa zone:Zone 3,confirmed
MFR_000212,kirkos health post,Addis Ababa,DHIS2_000077,kirkos health center,Addis Ababa,0.8516830801963806,kirkos health post woreda:Addis Ketema region:Addis Ababa zone:Zone 2,kirkos health center woreda:Arada region:Addis Ababa zone:Zone 2,confirmed
MFR_000213,addis ababa health post,SNNPR,DHIS2_000085,addis ababa clinic,SNNPR,0.8172634243965149,addis ababa health post woreda:Hosaena region:SNNPR zone:Zone 2,addis ababa clinic woreda:Arba Minch region:SNNPR zone:Zone 2,confirmed
MFR_000213,addis ababa health post,SNNPR,DHIS2_000179,addis ababa dispensary,SNNPR,0.8326791524887085,addis ababa health post woreda:Hosaena region:SNNPR zone:Zone 2,addis ababa dispensary woreda:Hawassa region:SNNPR zone:Zone 2,confirmed
MFR_000213,addis ababa health post,SNNPR,DHIS2_000129,addis ababa hospital,SNNPR,0.854331374168396,addis ababa health post woreda:Hosaena region:SNNPR zone:Zone 2,addis ababa hospital woreda:Hosaena region:SNNPR zone:Zone 2,confirmed
MFR_000213,addis ababa health post,SNNPR,DHIS2_000213,addis ababa health post,SNNPR,0.9378795623779297,addis ababa health post woreda:Hosaena region:SNNPR zone:Zone 2,addis ababa health post woreda:Hosaena region:SNNPR zone:Zone 2,confirmed
MFR_000215,modjo general hospital,SNNPR,DHIS2_000437,modjo hospitalital,SNNPR,0.7894462943077087,modjo general hospital woreda:Butajira region:SNNPR zone:Zone 2,modjo hospitalital woreda:Arba Minch region:SNNPR zone:Zone 2,confirmed
MFR_000215,modjo general hospital,SNNPR,DHIS2_000297,modj general hospital,SNNPR,0.7627925872802734,modjo general hospital woreda:Butajira region:SNNPR zone:Zone 2,modj general hospital woreda:Butajira region:SNNPR zone:Zone 4,confirmed
MFR_000216,butajira dispensary,Oromia,DHIS2_000216,butajir dispensary,Oromia,0.8956120610237122,butajira dispensary woreda:Dukem region:Oromia zone:Zone 3,butajir dispensary woreda:Dukem region:Oromia zone:Zone 3,confirmed
MFR_000217,butajira health post,Amhara,DHIS2_000039,butajira health post,Amhara,0.768075168132782,butajira health post woreda:Dessie region:Amhara zone:Zone 3,butajira health post woreda:Bahir Dar region:Amhara zone:Zone 3,confirmed
MFR_000217,butajira health post,Amhara,DHIS2_000289,butajira clinic,Amhara,0.8441110849380493,butajira health post woreda:Dessie region:Amhara zone:Zone 3,butajira clinic woreda:Dessie region:Amhara zone:Zone 3,confirmed
MFR_000217,butajira health post,Amhara,DHIS2_000217,butajira health post,Amhara,0.9316167831420898,butajira health post woreda:Dessie region:Amhara zone:Zone 3,butajira health post woreda:Dessie region:Amhara zone:Zone 3,confirmed
MFR_000218,kirkos health center,Addis Ababa,DHIS2_000074,kirkos health post,Addis Ababa,0.7999325394630432,kirkos health center woreda:Kirkos region:Addis Ababa zone:Zone 1,kirkos health post woreda:Arada region:Addis Ababa zone:Zone 3,confirmed
MFR_000218,kirkos health center,Addis Ababa,DHIS2_000077,kirkos health center,Addis Ababa,0.8645091652870178,kirkos health center woreda:Kirkos region:Addis Ababa zone:Zone 1,kirkos health center woreda:Arada region:Addis Ababa zone:Zone 2,confirmed
MFR_000218,kirkos health center,Addis Ababa,DHIS2_000034,kirkos referral hospitalital,Addis Ababa,0.8450027704238892,kirkos health center woreda:Kirkos region:Addis Ababa zone:Zone 1,kirkos referral hospitalital woreda:Lideta region:Addis Ababa zone:Zone 1,confirmed
MFR_000218,kirkos health center,Addis Ababa,DHIS2_000228,kirkos health post,Addis Ababa,0.9108558893203735,kirkos health center woreda:Kirkos region:Addis Ababa zone:Zone 1,kirkos health post woreda:Lideta region:Addis Ababa zone:Zone 1,confirmed
MFR_000218,kirkos health center,Addis Ababa,DHIS2_000396,kirkos health center,Addis Ababa,0.7851952314376831,kirkos health center woreda:Kirkos region:Addis Ababa zone:Zone 1,kirkos health center woreda:Bole region:Addis Ababa zone:Zone 5,confirmed
MFR_000219,dire dawa general hospital,Amhara,DHIS2_000427,dire dawa dispensary,Amhara,0.8977871537208557,dire dawa general hospital woreda:Bahir Dar region:Amhara zone:Zone 5,dire dawa dispensary woreda:Bahir Dar region:Amhara zone:Zone 5,confirmed
MFR_000219,dire dawa general hospital,Amhara,DHIS2_000219,dire dawa general hospitalital,Amhara,0.9345260262489319,dire dawa general hospital woreda:Bahir Dar region:Amhara zone:Zone 5,dire dawa general hospitalital woreda:Bahir Dar region:Amhara zone:Zone 5,confirmed
MFR_000219,dire dawa general hospital,Amhara,DHIS2_000252,dir dawa general hospitalital,Amhara,0.7486650347709656,dire dawa general hospital woreda:Bahir Dar region:Amhara zone:Zone 5,dir dawa general hospitalital woreda:Gondar region:Amhara zone:Zone 5,confirmed
MFR_000220,hawassa health post,SNNPR,DHIS2_000078,hawass health post,SNNPR,0.7901467084884644,hawassa health post woreda:Hawassa region:SNNPR zone:Zone 1,hawass health post woreda:Hosaena region:SNNPR zone:Zone 4,confirmed
MFR_000220,hawassa health post,SNNPR,DHIS2_000254,hawassa health post,SNNPR,0.9286748170852661,hawassa health post woreda:Hawassa region:SNNPR zone:Zone 1,hawassa health post woreda:Butajira region:SNNPR zone:Zone 1,confirmed
MFR_000220,hawassa health post,SNNPR,DHIS2_000220,hawassa health post,SNNPR,0.9467396140098572,hawassa health post woreda:Hawassa region:SNNPR zone:Zone 1,hawassa health post woreda:Hawassa region:SNNPR zone:Zone 1,confirmed
MFR_000220,hawassa health post,SNNPR,DHIS2_000201,hawass health center,SNNPR,0.7664239406585693,hawassa health post woreda:Hawassa region:SNNPR zone:Zone 1,hawass health center woreda:Butajira region:SNNPR zone:Zone 2,confirmed
MFR_000220,hawassa health post,SNNPR,DHIS2_000162,hawassa health post,SNNPR,0.8463243246078491,hawassa health post woreda:Hawassa region:SNNPR zone:Zone 1,hawassa health post woreda:Butajira region:SNNPR zone:Zone 2,confirmed
MFR_000221,gondar health post,Oromia,DHIS2_000057,gondar health post,Oromia,0.9408912658691406,gondar health post woreda:Bishoftu region:Oromia zone:Zone 4,gondar health post woreda:Bishoftu region:Oromia zone:Zone 4,confirmed
MFR_000222,dire dawa dispensary,Addis Ababa,DHIS2_000222,dire dawa dispensary,Addis Ababa,0.9805558919906616,dire dawa dispensary woreda:Addis Ketema region:Addis Ababa zone:Zone 5,dire dawa dispensary woreda:Addis Ketema region:Addis Ababa zone:Zone 5,confirmed
MFR_000223,bahir dar hospital,Amhara,DHIS2_000424,bahir dar clinic,Amhara,0.8265713453292847,bahir dar hospital woreda:Dessie region:Amhara zone:Zone 2,bahir dar clinic woreda:Dessie region:Amhara zone:Zone 3,confirmed
MFR_000223,bahir dar hospital,Amhara,DHIS2_000223,bahir dar hospital,Amhara,0.9601575136184692,bahir dar hospital woreda:Dessie region:Amhara zone:Zone 2,bahir dar hospital woreda:Dessie region:Amhara zone:Zone 2,confirmed
MFR_000223,bahir dar hospital,Amhara,DHIS2_000068,bahir dar health center,Amhara,0.8212943077087402,bahir dar hospital woreda:Dessie region:Amhara zone:Zone 2,bahir dar health center woreda:Dessie region:Amhara zone:Zone 3,confirmed
MFR_000224,dessie health post,SNNPR,DHIS2_000146,dessi health center,SNNPR,0.7412271499633789,dessie health post woreda:Arba Minch region:SNNPR zone:Zone 1,dessi health center woreda:Arba Minch region:SNNPR zone:Zone 4,confirmed
MFR_000224,dessie health post,SNNPR,DHIS2_000224,dessie health post,SNNPR,0.9706709980964661,dessie health post woreda:Arba Minch region:SNNPR zone:Zone 1,dessie health post woreda:Arba Minch region:SNNPR zone:Zone 1,confirmed
MFR_000224,dessie health post,SNNPR,DHIS2_000260,dessie health center,SNNPR,0.869251549243927,dessie health post woreda:Arba Minch region:SNNPR zone:Zone 1,dessie health center woreda:Arba Minch region:SNNPR zone:Zone 2,confirmed
MFR_000225,gondar health post,SNNPR,DHIS2_000225,gondar health post,SNNPR,0.9343692660331726,gondar health post woreda:Butajira region:SNNPR zone:Zone 5,gondar health post woreda:Butajira region:SNNPR zone:Zone 5,confirmed
MFR_000226,hosaena dispensary,Oromia,DHIS2_000226,hosaen dispensary,Oromia,0.915433943271637,hosaena dispensary woreda:Adama region:Oromia zone:Zone 4,hosaen dispensary woreda:Adama region:Oromia zone:Zone 4,confirmed
MFR_000227,dessie general hospital,Amhara,DHIS2_000374,dessie dispensary,Amhara,0.8495954871177673,dessie general hospital woreda:Dessie region:Amhara zone:Zone 4,dessie dispensary woreda:Mekelle region:Amhara zone:Zone 4,confirmed
MFR_000227,dessie general hospital,Amhara,DHIS2_000227,dessie general hospital,Amhara,0.9530153870582581,dessie general hospital woreda:Dessie region:Amhara zone:Zone 4,dessie general hospital woreda:Dessie region:Amhara zone:Zone 4,confirmed
MFR_000228,kirkos health post,Addis Ababa,DHIS2_000034,kirkos referral hospitalital,Addis Ababa,0.9081441164016724,kirkos health post woreda:Lideta region:Addis Ababa zone:Zone 1,kirkos referral hospitalital woreda:Lideta region:Addis Ababa zone:Zone 1,confirmed
MFR_000228,kirkos health post,Addis Ababa,DHIS2_000228,kirkos health post,Addis Ababa,0.991550087928772,kirkos health post woreda:Lideta region:Addis Ababa zone:Zone 1,kirkos health post woreda:Lideta region:Addis Ababa zone:Zone 1,confirmed
MFR_000229,nifas silk health post,Amhara,DHIS2_000229,nifas silk health post,Amhara,0.9264014959335327,nifas silk health post woreda:Mekelle region:Amhara zone:Zone 2,nifas silk health post woreda:Mekelle region:Amhara zone:Zone 2,confirmed
MFR_000230,kirkos health center,SNNPR,DHIS2_000230,kirkos health center,SNNPR,0.9649155139923096,kirkos health center woreda:Hawassa region:SNNPR zone:Zone 4,kirkos health center woreda:Hawassa region:SNNPR zone:Zone 4,confirmed
MFR_000230,kirkos health center,SNNPR,DHIS2_000009,kirkos health center,SNNPR,0.8313471674919128,kirkos health center woreda:Hawassa region:SNNPR zone:Zone 4,kirkos health center woreda:Arba Minch region:SNNPR zone:Zone 4,confirmed
MFR_000231,bole health center,Oromia,DHIS2_000231,bol health center,Oromia,0.9150680899620056,bole health center woreda:Dukem region:Oromia zone:Zone 4,bol health center woreda:Dukem region:Oromia zone:Zone 4,confirmed
MFR_000232,bahir dar health center,Amhara,DHIS2_000424,bahir dar clinic,Amhara,0.7963722944259644,bahir dar health center woreda:Dessie region:Amhara zone:Zone 2,bahir dar clinic woreda:Dessie region:Amhara zone:Zone 3,confirmed
MFR_000232,bahir dar health center,Amhara,DHIS2_000223,bahir dar hospital,Amhara,0.9233577251434326,bahir dar health center woreda:Dessie region:Amhara zone:Zone 2,bahir dar hospital woreda:Dessie region:Amhara zone:Zone 2,confirmed
MFR_000232,bahir dar health center,Amhara,DHIS2_000068,bahir dar health center,Amhara,0.8247119188308716,bahir dar health center woreda:Dessie region:Amhara zone:Zone 2,bahir dar health center woreda:Dessie region:Amhara zone:Zone 3,confirmed
MFR_000233,dire dawa general hospital,SNNPR,DHIS2_000287,dire dawa general hospital,SNNPR,0.8045655488967896,dire dawa general hospital woreda:Hosaena region:SNNPR zone:Zone 3,dire dawa general hospital woreda:Hosaena region:SNNPR zone:Zone 4,confirmed
MFR_000233,dire dawa general hospital,SNNPR,DHIS2_000233,dir dawa general hospitalital,SNNPR,0.8970053791999817,dire dawa general hospital woreda:Hosaena region:SNNPR zone:Zone 3,dir dawa general hospitalital woreda:Hosaena region:SNNPR zone:Zone 3,confirmed
MFR_000234,gondar health post,Oromia,DHIS2_000234,gondar health post,Oromia,0.9535323977470398,gondar health post woreda:Dukem region:Oromia zone:Zone 5,gondar health post woreda:Dukem region:Oromia zone:Zone 5,confirmed
MFR_000235,gondar health center,Addis Ababa,DHIS2_000418,gondar hospitalital,Addis Ababa,0.7411022186279297,gondar health center woreda:Addis Ketema region:Addis Ababa zone:Zone 3,gondar hospitalital woreda:Addis Ketema region:Addis Ababa zone:Zone 4,confirmed
MFR_000235,gondar health center,Addis Ababa,DHIS2_000075,gondar health center,Addis Ababa,0.7845860123634338,gondar health center woreda:Addis Ketema region:Addis Ababa zone:Zone 3,gondar health center woreda:Addis Ketema region:Addis Ababa zone:Zone 2,confirmed
MFR_000235,gondar health center,Addis Ababa,DHIS2_000235,gondar health center,Addis Ababa,0.9353476166725159,gondar health center woreda:Addis Ketema region:Addis Ababa zone:Zone 3,gondar health center woreda:Addis Ketema region:Addis Ababa zone:Zone 3,confirmed
MFR_000236,adama hospital,Addis Ababa,DHIS2_000121,adam hospitalital,Addis Ababa,0.7714043855667114,adama hospital woreda:Lideta region:Addis Ababa zone:Zone 4,adam hospitalital woreda:Lideta region:Addis Ababa zone:Zone 2,confirmed
MFR_000237,bahir dar health post,Amhara,DHIS2_000237,bahir dar health post,Amhara,0.9494786858558655,bahir dar health post woreda:Mekelle region:Amhara zone:Zone 5,bahir dar health post woreda:Mekelle region:Amhara zone:Zone 5,confirmed
MFR_000238,bahir dar general hospital,SNNPR,DHIS2_000279,bahir dar general hospitalital,SNNPR,0.9281314015388489,bahir dar general hospital woreda:Hosaena region:SNNPR zone:Zone 2,bahir dar general hospitalital woreda:Hosaena region:SNNPR zone:Zone 2,confirmed
MFR_000238,bahir dar general hospital,SNNPR,DHIS2_000465,bahir dar health center,SNNPR,0.9098173379898071,bahir dar general hospital woreda:Hosaena region:SNNPR zone:Zone 2,bahir dar health center woreda:Hosaena region:SNNPR zone:Zone 2,confirmed
MFR_000238,bahir dar general hospital,SNNPR,DHIS2_000485,bahir dar general hospitalital,SNNPR,0.8810936212539673,bahir dar general hospital woreda:Hosaena region:SNNPR zone:Zone 2,bahir dar general hospitalital woreda:Arba Minch region:SNNPR zone:Zone 2,confirmed
MFR_000239,modjo health center,SNNPR,DHIS2_000023,modjo health center,SNNPR,0.8396862149238586,modjo health center woreda:Hosaena region:SNNPR zone:Zone 1,modjo health center woreda:Hosaena region:SNNPR zone:Zone 3,confirmed
MFR_000239,modjo health center,SNNPR,DHIS2_000056,modjo health post,SNNPR,0.7642560005187988,modjo health center woreda:Hosaena region:SNNPR zone:Zone 1,modjo health post woreda:Hawassa region:SNNPR zone:Zone 4,confirmed
MFR_000239,modjo health center,SNNPR,DHIS2_000239,modj health center,SNNPR,0.9121323227882385,modjo health center woreda:Hosaena region:SNNPR zone:Zone 1,modj health center woreda:Hosaena region:SNNPR zone:Zone 1,confirmed
MFR_000239,modjo health center,SNNPR,DHIS2_000433,modjo health center,SNNPR,0.9269217848777771,modjo health center woreda:Hosaena region:SNNPR zone:Zone 1,modjo health center woreda:Hawassa region:SNNPR zone:Zone 1,confirmed
MFR_000240,bahir dar health post,Addis Ababa,DHIS2_000138,bahir dar clinic,Addis Ababa,0.7422904372215271,bahir dar health post woreda:Bole region:Addis Ababa zone:Zone 4,bahir dar clinic woreda:Bole region:Addis Ababa zone:Zone 5,confirmed
MFR_000240,bahir dar health post,Addis Ababa,DHIS2_000290,bahir dar health center,Addis Ababa,0.8038554191589355,bahir dar health post woreda:Bole region:Addis Ababa zone:Zone 4,bahir dar health center woreda:Kirkos region:Addis Ababa zone:Zone 4,confirmed
MFR_000240,bahir dar health post,Addis Ababa,DHIS2_000341,bahir dar hospital,Addis Ababa,0.7668837308883667,bahir dar health post woreda:Bole region:Addis Ababa zone:Zone 4,bahir dar hospital woreda:Lideta region:Addis Ababa zone:Zone 4,confirmed
MFR_000241,kirkos general hospital,Amhara,DHIS2_000241,kirkos general hospital,Amhara,0.9423040747642517,kirkos general hospital woreda:Bahir Dar region:Amhara zone:Zone 2,kirkos general hospital woreda:Bahir Dar region:Amhara zone:Zone 2,confirmed
MFR_000242,gondar health post,Addis Ababa,DHIS2_000275,gondar referral hospital,Addis Ababa,0.7926555871963501,gondar health post woreda:Addis Ketema region:Addis Ababa zone:Zone 5,gondar referral hospital woreda:Lideta region:Addis Ababa zone:Zone 5,confirmed
MFR_000242,gondar health post,Addis Ababa,DHIS2_000402,gondar hospital,Addis Ababa,0.7881643772125244,gondar health post woreda:Addis Ketema region:Addis Ababa zone:Zone 5,gondar hospital woreda:Arada region:Addis Ababa zone:Zone 5,confirmed
MFR_000243,gondar general hospital,SNNPR,DHIS2_000225,gondar health post,SNNPR,0.8042981028556824,gondar general hospital woreda:Hawassa region:SNNPR zone:Zone 5,gondar health post woreda:Butajira region:SNNPR zone:Zone 5,confirmed
MFR_000243,gondar general hospital,SNNPR,DHIS2_000243,gondar general hospital,SNNPR,0.9439056515693665,gondar general hospital woreda:Hawassa region:SNNPR zone:Zone 5,gondar general hospital woreda:Hawassa region:SNNPR zone:Zone 5,confirmed
MFR_000245,dessie health post,SNNPR,DHIS2_000245,dessi health post,SNNPR,0.9007056951522827,dessie health post woreda:Hawassa region:SNNPR zone:Zone 5,dessi health post woreda:Hawassa region:SNNPR zone:Zone 5,confirmed
MFR_000246,gondar health post,Addis Ababa,DHIS2_000235,gondar health center,Addis Ababa,0.7458995580673218,gondar health post woreda:Kirkos region:Addis Ababa zone:Zone 3,gondar health center woreda:Addis Ketema region:Addis Ababa zone:Zone 3,confirmed
MFR_000247,dessie referral hospital,Addis Ababa,DHIS2_000247,dessie referral hospitalital,Addis Ababa,0.965428352355957,dessie referral hospital woreda:Addis Ketema region:Addis Ababa zone:Zone 1,dessie referral hospitalital woreda:Addis Ketema region:Addis Ababa zone:Zone 1,confirmed
MFR_000248,hawassa health center,Addis Ababa,DHIS2_000281,hawassa health center,Addis Ababa,0.8325001001358032,hawassa health center woreda:Bole region:Addis Ababa zone:Zone 3,hawassa health center woreda:Addis Ketema region:Addis Ababa zone:Zone 3,confirmed
MFR_000248,hawassa health center,Addis Ababa,DHIS2_000248,hawassa health center,Addis Ababa,0.9610081911087036,hawassa health center woreda:Bole region:Addis Ababa zone:Zone 3,hawassa health center woreda:Bole region:Addis Ababa zone:Zone 3,confirmed
MFR_000249,modjo referral hospital,SNNPR,DHIS2_000249,modjo referral hospitalital,SNNPR,0.9625248312950134,modjo referral hospital woreda:Arba Minch region:SNNPR zone:Zone 5,modjo referral hospitalital woreda:Arba Minch region:SNNPR zone:Zone 5,confirmed
MFR_000250,addis ababa general hospital,Addis Ababa,DHIS2_000372,addis ababa referral hospitalital,Addis Ababa,0.8244253396987915,addis ababa general hospital woreda:Addis Ketema region:Addis Ababa zone:Zone 5,addis ababa referral hospitalital woreda:Bole region:Addis Ababa zone:Zone 5,confirmed
MFR_000250,addis ababa general hospital,Addis Ababa,DHIS2_000250,addis ababa general hospitalital,Addis Ababa,0.9376857876777649,addis ababa general hospital woreda:Addis Ketema region:Addis Ababa zone:Zone 5,addis ababa general hospitalital woreda:Addis Ketema region:Addis Ababa zone:Zone 5,confirmed
MFR_000251,butajira health center,Amhara,DHIS2_000067,butajira referral hospitalital,Amhara,0.7964997887611389,butajira health center woreda:Gondar region:Amhara zone:Zone 4,butajira referral hospitalital woreda:Mekelle region:Amhara zone:Zone 4,confirmed
MFR_000251,butajira health center,Amhara,DHIS2_000200,butajir health center,Amhara,0.7594844102859497,butajira health center woreda:Gondar region:Amhara zone:Zone 4,butajir health center woreda:Gondar region:Amhara zone:Zone 5,confirmed
MFR_000251,butajira health center,Amhara,DHIS2_000251,butajir health center,Amhara,0.9120929837226868,butajira health center woreda:Gondar region:Amhara zone:Zone 4,butajir health center woreda:Gondar region:Amhara zone:Zone 4,confirmed
MFR_000251,butajira health center,Amhara,DHIS2_000397,butajira health post,Amhara,0.7769919037818909,butajira health center woreda:Gondar region:Amhara zone:Zone 4,butajira health post woreda:Gondar region:Amhara zone:Zone 5,confirmed
MFR_000252,dire dawa general hospital,Amhara,DHIS2_000427,dire dawa dispensary,Amhara,0.7747367024421692,dire dawa general hospital woreda:Gondar region:Amhara zone:Zone 5,dire dawa dispensary woreda:Bahir Dar region:Amhara zone:Zone 5,confirmed
MFR_000252,dire dawa general hospital,Amhara,DHIS2_000219,dire dawa general hospitalital,Amhara,0.8500513434410095,dire dawa general hospital woreda:Gondar region:Amhara zone:Zone 5,dire dawa general hospitalital woreda:Bahir Dar region:Amhara zone:Zone 5,confirmed
MFR_000252,dire dawa general hospital,Amhara,DHIS2_000252,dir dawa general hospitalital,Amhara,0.8987148404121399,dire dawa general hospital woreda:Gondar region:Amhara zone:Zone 5,dir dawa general hospitalital woreda:Gondar region:Amhara zone:Zone 5,confirmed
MFR_000253,butajira referral hospital,SNNPR,DHIS2_000482,butajira clinic,SNNPR,0.8089401125907898,butajira referral hospital woreda:Arba Minch region:SNNPR zone:Zone 1,butajira clinic woreda:Arba Minch region:SNNPR zone:Zone 3,confirmed
MFR_000254,hawassa health post,SNNPR,DHIS2_000254,hawassa health post,SNNPR,0.9420300722122192,hawassa health post woreda:Butajira region:SNNPR zone:Zone 1,hawassa health post woreda:Butajira region:SNNPR zone:Zone 1,confirmed
MFR_000254,hawassa health post,SNNPR,DHIS2_000220,hawassa health post,SNNPR,0.7870929837226868,hawassa health post woreda:Butajira region:SNNPR zone:Zone 1,hawassa health post woreda:Hawassa region:SNNPR zone:Zone 1,confirmed
MFR_000254,hawassa health post,SNNPR,DHIS2_000201,hawass health center,SNNPR,0.8144596815109253,hawassa health post woreda:Butajira region:SNNPR zone:Zone 1,hawass health center woreda:Butajira region:SNNPR zone:Zone 2,confirmed
MFR_000254,hawassa health post,SNNPR,DHIS2_000162,hawassa health post,SNNPR,0.8706995248794556,hawassa health post woreda:Butajira region:SNNPR zone:Zone 1,hawassa health post woreda:Butajira region:SNNPR zone:Zone 2,confirmed
MFR_000255,gondar health center,SNNPR,DHIS2_000040,gondar referral hospital,SNNPR,0.7843637466430664,gondar health center woreda:Butajira region:SNNPR zone:Zone 2,gondar referral hospital woreda:Butajira region:SNNPR zone:Zone 3,confirmed
MFR_000255,gondar health center,SNNPR,DHIS2_000255,gondar health center,SNNPR,0.9410771131515503,gondar health center woreda:Butajira region:SNNPR zone:Zone 2,gondar health center woreda:Butajira region:SNNPR zone:Zone 2,confirmed
MFR_000256,bahir dar health center,Addis Ababa,DHIS2_000177,bahir dar referral hospitalital,Addis Ababa,0.8458535671234131,bahir dar health center woreda:Arada region:Addis Ababa zone:Zone 1,bahir dar referral hospitalital woreda:Bole region:Addis Ababa zone:Zone 1,confirmed
MFR_000256,bahir dar health center,Addis Ababa,DHIS2_000256,bahir dar health center,Addis Ababa,1.0,bahir dar health center woreda:Arada region:Addis Ababa zone:Zone 1,bahir dar health center woreda:Arada region:Addis Ababa zone:Zone 1,confirmed
MFR_000256,bahir dar health center,Addis Ababa,DHIS2_000290,bahir dar health center,Addis Ababa,0.7851998209953308,bahir dar health center woreda:Arada region:Addis Ababa zone:Zone 1,bahir dar health center woreda:Kirkos region:Addis Ababa zone:Zone 4,confirmed
MFR_000256,bahir dar health center,Addis Ababa,DHIS2_000341,bahir dar hospital,Addis Ababa,0.7585164904594421,bahir dar health center woreda:Arada region:Addis Ababa zone:Zone 1,bahir dar hospital woreda:Lideta region:Addis Ababa zone:Zone 4,confirmed
MFR_000256,bahir dar health center,Addis Ababa,DHIS2_000312,bahir dar health post,Addis Ababa,0.7584255337715149,bahir dar health center woreda:Arada region:Addis Ababa zone:Zone 1,bahir dar health post woreda:Lideta region:Addis Ababa zone:Zone 5,confirmed
MFR_000256,bahir dar health center,Addis Ababa,DHIS2_000447,bahir dar health center,Addis Ababa,0.8033124804496765,bahir dar health center woreda:Arada region:Addis Ababa zone:Zone 1,bahir dar health center woreda:Lideta region:Addis Ababa zone:Zone 3,confirmed
MFR_000256,bahir dar health center,Addis Ababa,DHIS2_000041,bahir dar hospitalital,Addis Ababa,0.8316921591758728,bahir dar health center woreda:Arada region:Addis Ababa zone:Zone 1,bahir dar hospitalital woreda:Arada region:Addis Ababa zone:Zone 3,confirmed
MFR_000257,gondar dispensary,Amhara,DHIS2_000020,gondar general hospitalital,Amhara,0.8207204341888428,gondar dispensary woreda:Gondar region:Amhara zone:Zone 3,gondar general hospitalital woreda:Mekelle region:Amhara zone:Zone 3,confirmed
MFR_000258,dire dawa general hospital,Addis Ababa,DHIS2_000222,dire dawa dispensary,Addis Ababa,0.8741260170936584,dire dawa general hospital woreda:Arada region:Addis Ababa zone:Zone 5,dire dawa dispensary woreda:Addis Ketema region:Addis Ababa zone:Zone 5,confirmed
MFR_000259,gondar clinic,SNNPR,DHIS2_000040,gondar referral hospital,SNNPR,0.8172116279602051,gondar clinic woreda:Hawassa region:SNNPR zone:Zone 3,gondar referral hospital woreda:Butajira region:SNNPR zone:Zone 3,confirmed
MFR_000259,gondar clinic,SNNPR,DHIS2_000027,gondar hospital,SNNPR,0.9138802886009216,gondar clinic woreda:Hawassa region:SNNPR zone:Zone 3,gondar hospital woreda:Hawassa region:SNNPR zone:Zone 3,confirmed
MFR_000259,gondar clinic,SNNPR,DHIS2_000405,gondar hospitalital,SNNPR,0.8305036425590515,gondar clinic woreda:Hawassa region:SNNPR zone:Zone 3,gondar hospitalital woreda:Hosaena region:SNNPR zone:Zone 3,confirmed
MFR_000259,gondar clinic,SNNPR,DHIS2_000259,gondar clinic,SNNPR,0.940845251083374,gondar clinic woreda:Hawassa region:SNNPR zone:Zone 3,gondar clinic woreda:Hawassa region:SNNPR zone:Zone 3,confirmed
MFR_000260,dessie health center,SNNPR,DHIS2_000146,dessi health center,SNNPR,0.7689921855926514,dessie health center woreda:Arba Minch region:SNNPR zone:Zone 2,dessi health center woreda:Arba Minch region:SNNPR zone:Zone 4,confirmed
MFR_000260,dessie health center,SNNPR,DHIS2_000224,dessie health post,SNNPR,0.7920871376991272,dessie health center woreda:Arba Minch region:SNNPR zone:Zone 2,dessie health post woreda:Arba Minch region:SNNPR zone:Zone 1,confirmed
MFR_000260,dessie health center,SNNPR,DHIS2_000260,dessie health center,SNNPR,0.963891327381134,dessie health center woreda:Arba Minch region:SNNPR zone:Zone 2,dessie health center woreda:Arba Minch region:SNNPR zone:Zone 2,confirmed
MFR_000261,hosaena clinic,Oromia,DHIS2_000261,hosaena clinic,Oromia,0.9340476989746094,hosaena clinic woreda:Modjo region:Oromia zone:Zone 3,hosaena clinic woreda:Modjo region:Oromia zone:Zone 3,confirmed
MFR_000262,hosaena general hospital,SNNPR,DHIS2_000262,hosaena general hospitalital,SNNPR,0.9152849316596985,hosaena general hospital woreda:Butajira region:SNNPR zone:Zone 2,hosaena general hospitalital woreda:Butajira region:SNNPR zone:Zone 2,confirmed
MFR_000263,addis ababa hospital,Amhara,DHIS2_000375,addis ababa clinic,Amhara,0.9273777604103088,addis ababa hospital woreda:Mekelle region:Amhara zone:Zone 2,addis ababa clinic woreda:Mekelle region:Amhara zone:Zone 2,confirmed
MFR_000263,addis ababa hospital,Amhara,DHIS2_000263,addis ababa hospital,Amhara,0.9408740997314453,addis ababa hospital woreda:Mekelle region:Amhara zone:Zone 2,addis ababa hospital woreda:Mekelle region:Amhara zone:Zone 2,confirmed
MFR_000263,addis ababa hospital,Amhara,DHIS2_000166,addis ababa referral hospital,Amhara,0.7684131860733032,addis ababa hospital woreda:Mekelle region:Amhara zone:Zone 2,addis ababa referral hospital woreda:Dessie region:Amhara zone:Zone 2,confirmed
MFR_000263,addis ababa hospital,Amhara,DHIS2_000090,addis ababa health post,Amhara,0.8916598558425903,addis ababa hospital woreda:Mekelle region:Amhara zone:Zone 2,addis ababa health post woreda:Mekelle region:Amhara zone:Zone 2,confirmed
MFR_000264,dukem hospital,Oromia,DHIS2_000269,dukem general hospital,Oromia,0.7590224146842957,dukem hospital woreda:Adama region:Oromia zone:Zone 1,dukem general hospital woreda:Dire Dawa region:Oromia zone:Zone 2,confirmed
MFR_000266,bole health post,Addis Ababa,DHIS2_000155,bole hospital,Addis Ababa,0.8642521500587463,bole health post woreda:Bole region:Addis Ababa zone:Zone 5,bole hospital woreda:Bole region:Addis Ababa zone:Zone 5,confirmed
MFR_000266,bole health post,Addis Ababa,DHIS2_000266,bol health post,Addis Ababa,0.9437926411628723,bole health post woreda:Bole region:Addis Ababa zone:Zone 5,bol health post woreda:Bole region:Addis Ababa zone:Zone 5,confirmed
MFR_000267,dire dawa hospital,Amhara,DHIS2_000267,dire dawa hospital,Amhara,0.9643309116363525,dire dawa hospital woreda:Dessie region:Amhara zone:Zone 2,dire dawa hospital woreda:Dessie region:Amhara zone:Zone 2,confirmed
MFR_000267,dire dawa hospital,Amhara,DHIS2_000164,dire dawa general hospitalital,Amhara,0.820949137210846,dire dawa hospital woreda:Dessie region:Amhara zone:Zone 2,dire dawa general hospitalital woreda:Dessie region:Amhara zone:Zone 4,confirmed
MFR_000268,bahir dar dispensary,SNNPR,DHIS2_000268,bahir dar dispensary,SNNPR,0.9633277058601379,bahir dar dispensary woreda:Arba Minch region:SNNPR zone:Zone 5,bahir dar dispensary woreda:Arba Minch region:SNNPR zone:Zone 5,confirmed
MFR_000269,dukem general hospital,Oromia,DHIS2_000269,dukem general hospital,Oromia,0.9556786417961121,dukem general hospital woreda:Dire Dawa region:Oromia zone:Zone 2,dukem general hospital woreda:Dire Dawa region:Oromia zone:Zone 2,confirmed
MFR_000270,bahir dar health post,Oromia,DHIS2_000183,bahir dar health center,Oromia,0.772083044052124,bahir dar health post woreda:Bishoftu region:Oromia zone:Zone 5,bahir dar health center woreda:Adama region:Oromia zone:Zone 5,confirmed
MFR_000270,bahir dar health post,Oromia,DHIS2_000270,bahir dar health post,Oromia,0.968690812587738,bahir dar health post woreda:Bishoftu region:Oromia zone:Zone 5,bahir dar health post woreda:Bishoftu region:Oromia zone:Zone 5,confirmed
MFR_000271,kirkos health post,SNNPR,DHIS2_000080,kirkos health center,SNNPR,0.9286057949066162,kirkos health post woreda:Hosaena region:SNNPR zone:Zone 1,kirkos health center woreda:Hosaena region:SNNPR zone:Zone 1,confirmed
MFR_000271,kirkos health post,SNNPR,DHIS2_000230,kirkos health center,SNNPR,0.7638552188873291,kirkos health post woreda:Hosaena region:SNNPR zone:Zone 1,kirkos health center woreda:Hawassa region:SNNPR zone:Zone 4,confirmed
MFR_000272,bole health center,Addis Ababa,DHIS2_000272,bol health center,Addis Ababa,0.9186651706695557,bole health center woreda:Kirkos region:Addis Ababa zone:Zone 4,bol health center woreda:Kirkos region:Addis Ababa zone:Zone 4,confirmed
MFR_000272,bole health center,Addis Ababa,DHIS2_000401,bol health post,Addis Ababa,0.8884735703468323,bole health center woreda:Kirkos region:Addis Ababa zone:Zone 4,bol health post woreda:Kirkos region:Addis Ababa zone:Zone 4,confirmed
MFR_000272,bole health center,Addis Ababa,DHIS2_000097,bole health center,Addis Ababa,0.799731969833374,bole health center woreda:Kirkos region:Addis Ababa zone:Zone 4,bole health center woreda:Kirkos region:Addis Ababa zone:Zone 3,confirmed
MFR_000272,bole health center,Addis Ababa,DHIS2_000054,bole health center,Addis Ababa,0.7791220545768738,bole health center woreda:Kirkos region:Addis Ababa zone:Zone 4,bole health center woreda:Nifas Silk region:Addis Ababa zone:Zone 4,confirmed
MFR_000273,addis ababa referral hospital,Addis Ababa,DHIS2_000372,addis ababa referral hospitalital,Addis Ababa,0.7594667673110962,addis ababa referral hospital woreda:Bole region:Addis Ababa zone:Zone 4,addis ababa referral hospitalital woreda:Bole region:Addis Ababa zone:Zone 5,confirmed
MFR_000273,addis ababa referral hospital,Addis Ababa,DHIS2_000273,addis ababa referral hospital,Addis Ababa,0.949500322341919,addis ababa referral hospital woreda:Bole region:Addis Ababa zone:Zone 4,addis ababa referral hospital woreda:Bole region:Addis Ababa zone:Zone 4,confirmed
MFR_000275,gondar referral hospital,Addis Ababa,DHIS2_000275,gondar referral hospital,Addis Ababa,0.9654523134231567,gondar referral hospital woreda:Lideta region:Addis Ababa zone:Zone 5,gondar referral hospital woreda:Lideta region:Addis Ababa zone:Zone 5,confirmed
MFR_000275,gondar referral hospital,Addis Ababa,DHIS2_000402,gondar hospital,Addis Ababa,0.7961427569389343,gondar referral hospital woreda:Lideta region:Addis Ababa zone:Zone 5,gondar hospital woreda:Arada region:Addis Ababa zone:Zone 5,confirmed
MFR_000276,gondar health post,SNNPR,DHIS2_000225,gondar health post,SNNPR,0.9343691468238831,gondar health post woreda:Butajira region:SNNPR zone:Zone 5,gondar health post woreda:Butajira region:SNNPR zone:Zone 5,confirmed
MFR_000278,gondar dispensary,Addis Ababa,DHIS2_000278,gondar dispensary,Addis Ababa,0.9544097781181335,gondar dispensary woreda:Lideta region:Addis Ababa zone:Zone 4,gondar dispensary woreda:Lideta region:Addis Ababa zone:Zone 4,confirmed
MFR_000278,gondar dispensary,Addis Ababa,DHIS2_000418,gondar hospitalital,Addis Ababa,0.7944614291191101,gondar dispensary woreda:Lideta region:Addis Ababa zone:Zone 4,gondar hospitalital woreda:Addis Ketema region:Addis Ababa zone:Zone 4,confirmed
MFR_000279,bahir dar general hospital,SNNPR,DHIS2_000279,bahir dar general hospitalital,SNNPR,0.9281314015388489,bahir dar general hospital woreda:Hosaena region:SNNPR zone:Zone 2,bahir dar general hospitalital woreda:Hosaena region:SNNPR zone:Zone 2,confirmed
MFR_000279,bahir dar general hospital,SNNPR,DHIS2_000465,bahir dar health center,SNNPR,0.9098173379898071,bahir dar general hospital woreda:Hosaena region:SNNPR zone:Zone 2,bahir dar health center woreda:Hosaena region:SNNPR zone:Zone 2,confirmed
MFR_000279,bahir dar general hospital,SNNPR,DHIS2_000485,bahir dar general hospitalital,SNNPR,0.8810936212539673,bahir dar general hospital woreda:Hosaena region:SNNPR zone:Zone 2,bahir dar general hospitalital woreda:Arba Minch region:SNNPR zone:Zone 2,confirmed
MFR_000280,bahir dar dispensary,Addis Ababa,DHIS2_000341,bahir dar hospital,Addis Ababa,0.7433104515075684,bahir dar dispensary woreda:Lideta region:Addis Ababa zone:Zone 3,bahir dar hospital woreda:Lideta region:Addis Ababa zone:Zone 4,confirmed
MFR_000280,bahir dar dispensary,Addis Ababa,DHIS2_000447,bahir dar health center,Addis Ababa,0.9032609462738037,bahir dar dispensary woreda:Lideta region:Addis Ababa zone:Zone 3,bahir dar health center woreda:Lideta region:Addis Ababa zone:Zone 3,confirmed
MFR_000280,bahir dar dispensary,Addis Ababa,DHIS2_000041,bahir dar hospitalital,Addis Ababa,0.7931979298591614,bahir dar dispensary woreda:Lideta region:Addis Ababa zone:Zone 3,bahir dar hospitalital woreda:Arada region:Addis Ababa zone:Zone 3,confirmed
MFR_000281,hawassa health center,Addis Ababa,DHIS2_000281,hawassa health center,Addis Ababa,0.9493203163146973,hawassa health center woreda:Addis Ketema region:Addis Ababa zone:Zone 3,hawassa health center woreda:Addis Ketema region:Addis Ababa zone:Zone 3,confirmed
MFR_000281,hawassa health center,Addis Ababa,DHIS2_000248,hawassa health center,Addis Ababa,0.8958237171173096,hawassa health center woreda:Addis Ketema region:Addis Ababa zone:Zone 3,hawassa health center woreda:Bole region:Addis Ababa zone:Zone 3,confirmed
MFR_000281,hawassa health center,Addis Ababa,DHIS2_000196,hawassa health center,Addis Ababa,0.7517213821411133,hawassa health center woreda:Addis Ketema region:Addis Ababa zone:Zone 3,hawassa health center woreda:Addis Ketema region:Addis Ababa zone:Zone 1,confirmed
MFR_000282,kirkos clinic,Amhara,DHIS2_000282,kirkos clinic,Amhara,0.9319401383399963,kirkos clinic woreda:Gondar region:Amhara zone:Zone 2,kirkos clinic woreda:Gondar region:Amhara zone:Zone 2,confirmed
MFR_000282,kirkos clinic,Amhara,DHIS2_000438,kirkos health center,Amhara,0.7439893484115601,kirkos clinic woreda:Gondar region:Amhara zone:Zone 2,kirkos health center woreda:Gondar region:Amhara zone:Zone 1,confirmed
MFR_000282,kirkos clinic,Amhara,DHIS2_000241,kirkos general hospital,Amhara,0.7668358087539673,kirkos clinic woreda:Gondar region:Amhara zone:Zone 2,kirkos general hospital woreda:Bahir Dar region:Amhara zone:Zone 2,confirmed
MFR_000282,kirkos clinic,Amhara,DHIS2_000469,kirkos clinic,Amhara,0.8092603087425232,kirkos clinic woreda:Gondar region:Amhara zone:Zone 2,kirkos clinic woreda:Gondar region:Amhara zone:Zone 3,confirmed
MFR_000283,kirkos clinic,Oromia,DHIS2_000333,kirkos clinic,Oromia,0.8278898000717163,kirkos clinic woreda:Dukem region:Oromia zone:Zone 4,kirkos clinic woreda:Bishoftu region:Oromia zone:Zone 4,confirmed
MFR_000283,kirkos clinic,Oromia,DHIS2_000283,kirkos clinic,Oromia,0.956224799156189,kirkos clinic woreda:Dukem region:Oromia zone:Zone 4,kirkos clinic woreda:Dukem region:Oromia zone:Zone 4,confirmed
MFR_000284,addis ababa health center,Addis Ababa,DHIS2_000372,addis ababa referral hospitalital,Addis Ababa,0.7492826581001282,addis ababa health center woreda:Bole region:Addis Ababa zone:Zone 1,addis ababa referral hospitalital woreda:Bole region:Addis Ababa zone:Zone 5,confirmed
MFR_000284,addis ababa health center,Addis Ababa,DHIS2_000273,addis ababa referral hospital,Addis Ababa,0.7750518321990967,addis ababa health center woreda:Bole region:Addis Ababa zone:Zone 1,addis ababa referral hospital woreda:Bole region:Addis Ababa zone:Zone 4,confirmed
MFR_000284,addis ababa health center,Addis Ababa,DHIS2_000284,addis ababa health center,Addis Ababa,0.9684844017028809,addis ababa health center woreda:Bole region:Addis Ababa zone:Zone 1,addis ababa health center woreda:Bole region:Addis Ababa zone:Zone 1,confirmed
MFR_000285,dessie health center,Amhara,DHIS2_000285,dessie health center,Amhara,0.9766668677330017,dessie health center woreda:Bahir Dar region:Amhara zone:Zone 1,dessie health center woreda:Bahir Dar region:Amhara zone:Zone 1,confirmed
MFR_000285,dessie health center,Amhara,DHIS2_000489,dessie health post,Amhara,0.8686302900314331,dessie health center woreda:Bahir Dar region:Amhara zone:Zone 1,dessie health post woreda:Bahir Dar region:Amhara zone:Zone 2,confirmed
MFR_000286,gondar referral hospital,SNNPR,DHIS2_000040,gondar referral hospital,SNNPR,0.7819983959197998,gondar referral hospital woreda:Hosaena region:SNNPR zone:Zone 1,gondar referral hospital woreda:Butajira region:SNNPR zone:Zone 3,confirmed
MFR_000286,gondar referral hospital,SNNPR,DHIS2_000027,gondar hospital,SNNPR,0.7566068172454834,gondar referral hospital woreda:Hosaena region:SNNPR zone:Zone 1,gondar hospital woreda:Hawassa region:SNNPR zone:Zone 3,confirmed
MFR_000286,gondar referral hospital,SNNPR,DHIS2_000405,gondar hospitalital,SNNPR,0.8047393560409546,gondar referral hospital woreda:Hosaena region:SNNPR zone:Zone 1,gondar hospitalital woreda:Hosaena region:SNNPR zone:Zone 3,confirmed
MFR_000286,gondar referral hospital,SNNPR,DHIS2_000286,gonda referral hospitalital,SNNPR,0.9318742156028748,gondar referral hospital woreda:Hosaena region:SNNPR zone:Zone 1,gonda referral hospitalital woreda:Hosaena region:SNNPR zone:Zone 1,confirmed
MFR_000287,dire dawa general hospital,SNNPR,DHIS2_000287,dire dawa general hospital,SNNPR,0.9532284140586853,dire dawa general hospital woreda:Hosaena region:SNNPR zone:Zone 4,dire dawa general hospital woreda:Hosaena region:SNNPR zone:Zone 4,confirmed
MFR_000287,dire dawa general hospital,SNNPR,DHIS2_000233,dir dawa general hospitalital,SNNPR,0.7473839521408081,dire dawa general hospital woreda:Hosaena region:SNNPR zone:Zone 4,dir dawa general hospitalital woreda:Hosaena region:SNNPR zone:Zone 3,confirmed
MFR_000288,dire dawa health center,SNNPR,DHIS2_000288,dire dawa health center,SNNPR,0.9667734503746033,dire dawa health center woreda:Butajira region:SNNPR zone:Zone 4,dire dawa health center woreda:Butajira region:SNNPR zone:Zone 4,confirmed
MFR_000289,butajira clinic,Amhara,DHIS2_000289,butajira clinic,Amhara,0.9409446120262146,butajira clinic woreda:Dessie region:Amhara zone:Zone 3,butajira clinic woreda:Dessie region:Amhara zone:Zone 3,confirmed
MFR_000289,butajira clinic,Amhara,DHIS2_000217,butajira health post,Amhara,0.8620615005493164,butajira clinic woreda:Dessie region:Amhara zone:Zone 3,butajira health post woreda:Dessie region:Amhara zone:Zone 3,confirmed
MFR_000290,bahir dar health center,Addis Ababa,DHIS2_000290,bahir dar health center,Addis Ababa,0.9774535298347473,bahir dar health center woreda:Kirkos region:Addis Ababa zone:Zone 4,bahir dar health center woreda:Kirkos region:Addis Ababa zone:Zone 4,confirmed
MFR_000290,bahir dar health center,Addis Ababa,DHIS2_000341,bahir dar hospital,Addis Ababa,0.785271942615509,bahir dar health center woreda:Kirkos region:Addis Ababa zone:Zone 4,bahir dar hospital woreda:Lideta region:Addis Ababa zone:Zone 4,confirmed
MFR_000291,dire dawa referral hospital,SNNPR,DHIS2_000291,dire dawa referral hospitalital,SNNPR,0.9619180560112,dire dawa referral hospital woreda:Arba Minch region:SNNPR zone:Zone 3,dire dawa referral hospitalital woreda:Arba Minch region:SNNPR zone:Zone 3,confirmed
MFR_000292,modjo clinic,Addis Ababa,DHIS2_000292,modjo clinic,Addis Ababa,0.9785687923431396,modjo clinic woreda:Nifas Silk region:Addis Ababa zone:Zone 1,modjo clinic woreda:Nifas Silk region:Addis Ababa zone:Zone 1,confirmed
MFR_000293,gondar clinic,Addis Ababa,DHIS2_000075,gondar health center,Addis Ababa,0.76516193151474,gondar clinic woreda:Bole region:Addis Ababa zone:Zone 2,gondar health center woreda:Addis Ketema region:Addis Ababa zone:Zone 2,confirmed
MFR_000293,gondar clinic,Addis Ababa,DHIS2_000203,gondar hospital,Addis Ababa,0.7641420364379883,gondar clinic woreda:Bole region:Addis Ababa zone:Zone 2,gondar hospital woreda:Nifas Silk region:Addis Ababa zone:Zone 2,confirmed
MFR_000294,dessie health post,Amhara,DHIS2_000451,dessie health center,Amhara,0.752298891544342,dessie health post woreda:Gondar region:Amhara zone:Zone 4,dessie health center woreda:Gondar region:Amhara zone:Zone 2,confirmed
MFR_000295,bahir dar hospital,Oromia,DHIS2_000195,bahir dar hospital,Oromia,0.8870656490325928,bahir dar hospital woreda:Dire Dawa region:Oromia zone:Zone 1,bahir dar hospital woreda:Dire Dawa region:Oromia zone:Zone 4,confirmed
MFR_000295,bahir dar hospital,Oromia,DHIS2_000295,bahir dar hospital,Oromia,0.9967126250267029,bahir dar hospital woreda:Dire Dawa region:Oromia zone:Zone 1,bahir dar hospital woreda:Dire Dawa region:Oromia zone:Zone 1,confirmed
MFR_000296,addis ababa general hospital,SNNPR,DHIS2_000066,addis ababa hospitalital,SNNPR,0.7481884956359863,addis ababa general hospital woreda:Butajira region:SNNPR zone:Zone 4,addis ababa hospitalital woreda:Butajira region:SNNPR zone:Zone 3,confirmed
MFR_000296,addis ababa general hospital,SNNPR,DHIS2_000296,addis ababa general hospitalital,SNNPR,0.9327836632728577,addis ababa general hospital woreda:Butajira region:SNNPR zone:Zone 4,addis ababa general hospitalital woreda:Butajira region:SNNPR zone:Zone 4,confirmed
MFR_000297,modjo general hospital,SNNPR,DHIS2_000297,modj general hospital,SNNPR,0.9082140922546387,modjo general hospital woreda:Butajira region:SNNPR zone:Zone 4,modj general hospital woreda:Butajira region:SNNPR zone:Zone 4,confirmed
MFR_000298,gondar hospital,SNNPR,DHIS2_000040,gondar referral hospital,SNNPR,0.7446745038032532,gondar hospital woreda:Hosaena region:SNNPR zone:Zone 2,gondar referral hospital woreda:Butajira region:SNNPR zone:Zone 3,confirmed
MFR_000298,gondar hospital,SNNPR,DHIS2_000027,gondar hospital,SNNPR,0.7853312492370605,gondar hospital woreda:Hosaena region:SNNPR zone:Zone 2,gondar hospital woreda:Hawassa region:SNNPR zone:Zone 3,confirmed
MFR_000298,gondar hospital,SNNPR,DHIS2_000405,gondar hospitalital,SNNPR,0.819665253162384,gondar hospital woreda:Hosaena region:SNNPR zone:Zone 2,gondar hospitalital woreda:Hosaena region:SNNPR zone:Zone 3,confirmed
MFR_000298,gondar hospital,SNNPR,DHIS2_000259,gondar clinic,SNNPR,0.7544049620628357,gondar hospital woreda:Hosaena region:SNNPR zone:Zone 2,gondar clinic woreda:Hawassa region:SNNPR zone:Zone 3,confirmed
MFR_000298,gondar hospital,SNNPR,DHIS2_000286,gonda referral hospitalital,SNNPR,0.7452706098556519,gondar hospital woreda:Hosaena region:SNNPR zone:Zone 2,gonda referral hospitalital woreda:Hosaena region:SNNPR zone:Zone 1,confirmed
MFR_000298,gondar hospital,SNNPR,DHIS2_000255,gondar health center,SNNPR,0.859338104724884,gondar hospital woreda:Hosaena region:SNNPR zone:Zone 2,gondar health center woreda:Butajira region:SNNPR zone:Zone 2,confirmed
MFR_000299,bahir dar dispensary,Oromia,DHIS2_000270,bahir dar health post,Oromia,0.9076828360557556,bahir dar dispensary woreda:Bishoftu region:Oromia zone:Zone 5,bahir dar health post woreda:Bishoftu region:Oromia zone:Zone 5,confirmed
MFR_000301,hawassa dispensary,Addis Ababa,DHIS2_000301,hawassa dispensary,Addis Ababa,0.9316583871841431,hawassa dispensary woreda:Nifas Silk region:Addis Ababa zone:Zone 3,hawassa dispensary woreda:Nifas Silk region:Addis Ababa zone:Zone 3,confirmed
MFR_000302,dessie health center,Addis Ababa,DHIS2_000010,dessie health center,Addis Ababa,0.8172151446342468,dessie health center woreda:Addis Ketema region:Addis Ababa zone:Zone 1,dessie health center woreda:Arada region:Addis Ababa zone:Zone 3,confirmed
MFR_000302,dessie health center,Addis Ababa,DHIS2_000302,dessie health center,Addis Ababa,0.9910085797309875,dessie health center woreda:Addis Ketema region:Addis Ababa zone:Zone 1,dessie health center woreda:Addis Ketema region:Addis Ababa zone:Zone 1,confirmed
MFR_000302,dessie health center,Addis Ababa,DHIS2_000106,dessie health post,Addis Ababa,0.7723977565765381,dessie health center woreda:Addis Ketema region:Addis Ababa zone:Zone 1,dessie health post woreda:Arada region:Addis Ababa zone:Zone 3,confirmed
MFR_000303,hosaena health post,Amhara,DHIS2_000303,hosaena health post,Amhara,0.933804452419281,hosaena health post woreda:Gondar region:Amhara zone:Zone 5,hosaena health post woreda:Gondar region:Amhara zone:Zone 5,confirmed
MFR_000304,kirkos health post,Addis Ababa,DHIS2_000074,kirkos health post,Addis Ababa,0.7813835144042969,kirkos health post woreda:Arada region:Addis Ababa zone:Zone 4,kirkos health post woreda:Arada region:Addis Ababa zone:Zone 3,confirmed
MFR_000304,kirkos health post,Addis Ababa,DHIS2_000077,kirkos health center,Addis Ababa,0.7413416504859924,kirkos health post woreda:Arada region:Addis Ababa zone:Zone 4,kirkos health center woreda:Arada region:Addis Ababa zone:Zone 2,confirmed
MFR_000304,kirkos health post,Addis Ababa,DHIS2_000112,kirkos dispensary,Addis Ababa,0.7598636150360107,kirkos health post woreda:Arada region:Addis Ababa zone:Zone 4,kirkos dispensary woreda:Bole region:Addis Ababa zone:Zone 4,confirmed
MFR_000305,dire dawa health center,Oromia,DHIS2_000079,dire dawa health center,Oromia,0.8282082676887512,dire dawa health center woreda:Dukem region:Oromia zone:Zone 2,dire dawa health center woreda:Dukem region:Oromia zone:Zone 4,confirmed
MFR_000305,dire dawa health center,Oromia,DHIS2_000305,dire dawa health center,Oromia,0.9677325487136841,dire dawa health center woreda:Dukem region:Oromia zone:Zone 2,dire dawa health center woreda:Dukem region:Oromia zone:Zone 2,confirmed
MFR_000305,dire dawa health center,Oromia,DHIS2_000026,dire dawa general hospitalital,Oromia,0.8017060160636902,dire dawa health center woreda:Dukem region:Oromia zone:Zone 2,dire dawa general hospitalital woreda:Dukem region:Oromia zone:Zone 4,confirmed
MFR_000305,dire dawa health center,Oromia,DHIS2_000038,dire dawa health center,Oromia,0.8109094500541687,dire dawa health center woreda:Dukem region:Oromia zone:Zone 2,dire dawa health center woreda:Dukem region:Oromia zone:Zone 1,confirmed
MFR_000306,bole hospital,SNNPR,DHIS2_000306,bole hospital,SNNPR,0.9474925398826599,bole hospital woreda:Hosaena region:SNNPR zone:Zone 3,bole hospital woreda:Hosaena region:SNNPR zone:Zone 3,confirmed
MFR_000308,adama health post,SNNPR,DHIS2_000440,adama health center,SNNPR,0.7563130259513855,adama health post woreda:Butajira region:SNNPR zone:Zone 1,adama health center woreda:Hosaena region:SNNPR zone:Zone 1,confirmed
MFR_000308,adama health post,SNNPR,DHIS2_000308,adama health post,SNNPR,0.9551769495010376,adama health post woreda:Butajira region:SNNPR zone:Zone 1,adama health post woreda:Butajira region:SNNPR zone:Zone 1,confirmed
MFR_000309,gondar clinic,Oromia,DHIS2_000057,gondar health post,Oromia,0.7851629853248596,gondar clinic woreda:Bishoftu region:Oromia zone:Zone 1,gondar health post woreda:Bishoftu region:Oromia zone:Zone 4,confirmed
MFR_000310,adama hospital,Amhara,DHIS2_000310,adama hospital,Amhara,0.9522767663002014,adama hospital woreda:Mekelle region:Amhara zone:Zone 4,adama hospital woreda:Mekelle region:Amhara zone:Zone 4,confirmed
MFR_000311,butajira health center,Amhara,DHIS2_000067,butajira referral hospitalital,Amhara,0.7619386911392212,butajira health center woreda:Mekelle region:Amhara zone:Zone 5,butajira referral hospitalital woreda:Mekelle region:Amhara zone:Zone 4,confirmed
MFR_000311,butajira health center,Amhara,DHIS2_000200,butajir health center,Amhara,0.7599899172782898,butajira health center woreda:Mekelle region:Amhara zone:Zone 5,butajir health center woreda:Gondar region:Amhara zone:Zone 5,confirmed
MFR_000311,butajira health center,Amhara,DHIS2_000311,butajira health center,Amhara,0.9669315218925476,butajira health center woreda:Mekelle region:Amhara zone:Zone 5,butajira health center woreda:Mekelle region:Amhara zone:Zone 5,confirmed
MFR_000311,butajira health center,Amhara,DHIS2_000397,butajira health post,Amhara,0.78354811668396,butajira health center woreda:Mekelle region:Amhara zone:Zone 5,butajira health post woreda:Gondar region:Amhara zone:Zone 5,confirmed
MFR_000312,bahir dar health post,Addis Ababa,DHIS2_000138,bahir dar clinic,Addis Ababa,0.7759352326393127,bahir dar health post woreda:Lideta region:Addis Ababa zone:Zone 5,bahir dar clinic woreda:Bole region:Addis Ababa zone:Zone 5,confirmed
MFR_000312,bahir dar health post,Addis Ababa,DHIS2_000312,bahir dar health post,Addis Ababa,0.9838573336601257,bahir dar health post woreda:Lideta region:Addis Ababa zone:Zone 5,bahir dar health post woreda:Lideta region:Addis Ababa zone:Zone 5,confirmed
MFR_000313,addis ababa hospital,Oromia,DHIS2_000313,addis ababa hospitalital,Oromia,0.9328200817108154,addis ababa hospital woreda:Bishoftu region:Oromia zone:Zone 2,addis ababa hospitalital woreda:Bishoftu region:Oromia zone:Zone 2,confirmed
MFR_000314,hosaena clinic,Amhara,DHIS2_000378,hosaena dispensary,Amhara,0.7882667183876038,hosaena clinic woreda:Bahir Dar region:Amhara zone:Zone 1,hosaena dispensary woreda:Bahir Dar region:Amhara zone:Zone 5,confirmed
MFR_000314,hosaena clinic,Amhara,DHIS2_000480,hosaena clinic,Amhara,0.8745184540748596,hosaena clinic woreda:Bahir Dar region:Amhara zone:Zone 1,hosaena clinic woreda:Bahir Dar region:Amhara zone:Zone 2,confirmed
MFR_000314,hosaena clinic,Amhara,DHIS2_000119,hosaena general hospitalital,Amhara,0.8405607342720032,hosaena clinic woreda:Bahir Dar region:Amhara zone:Zone 1,hosaena general hospitalital woreda:Bahir Dar region:Amhara zone:Zone 2,confirmed
MFR_000315,dessie referral hospital,SNNPR,DHIS2_000315,dessie referral hospitalital,SNNPR,0.9703263640403748,dessie referral hospital woreda:Arba Minch region:SNNPR zone:Zone 5,dessie referral hospitalital woreda:Arba Minch region:SNNPR zone:Zone 5,confirmed
MFR_000316,hosaena health post,Amhara,DHIS2_000025,hosaena health center,Amhara,0.7703444957733154,hosaena health post woreda:Gondar region:Amhara zone:Zone 2,hosaena health center woreda:Mekelle region:Amhara zone:Zone 2,confirmed
MFR_000316,hosaena health post,Amhara,DHIS2_000303,hosaena health post,Amhara,0.7416334748268127,hosaena health post woreda:Gondar region:Amhara zone:Zone 2,hosaena health post woreda:Gondar region:Amhara zone:Zone 5,confirmed
MFR_000316,hosaena health post,Amhara,DHIS2_000062,hosaen health post,Amhara,0.753923237323761,hosaena health post woreda:Gondar region:Amhara zone:Zone 2,hosaen health post woreda:Dessie region:Amhara zone:Zone 2,confirmed
MFR_000317,addis ababa clinic,Oromia,DHIS2_000317,addis ababa clinic,Oromia,0.9551498293876648,addis ababa clinic woreda:Adama region:Oromia zone:Zone 1,addis ababa clinic woreda:Adama region:Oromia zone:Zone 1,confirmed
MFR_000317,addis ababa clinic,Oromia,DHIS2_000491,addis ababa general hospital,Oromia,0.8287328481674194,addis ababa clinic woreda:Adama region:Oromia zone:Zone 1,addis ababa general hospital woreda:Adama region:Oromia zone:Zone 2,confirmed
MFR_000317,addis ababa clinic,Oromia,DHIS2_000382,addis ababa health post,Oromia,0.8911982774734497,addis ababa clinic woreda:Adama region:Oromia zone:Zone 1,addis ababa health post woreda:Adama region:Oromia zone:Zone 1,confirmed
MFR_000317,addis ababa clinic,Oromia,DHIS2_000013,addis ababa hospitalital,Oromia,0.7682322263717651,addis ababa clinic woreda:Adama region:Oromia zone:Zone 1,addis ababa hospitalital woreda:Modjo region:Oromia zone:Zone 1,confirmed
MFR_000317,addis ababa clinic,Oromia,DHIS2_000050,addi ababa health center,Oromia,0.7739598155021667,addis ababa clinic woreda:Adama region:Oromia zone:Zone 1,addi ababa health center woreda:Bishoftu region:Oromia zone:Zone 1,confirmed
MFR_000318,dukem clinic,Amhara,DHIS2_000318,dukem clinic,Amhara,0.9568039774894714,dukem clinic woreda:Dessie region:Amhara zone:Zone 5,dukem clinic woreda:Dessie region:Amhara zone:Zone 5,confirmed
MFR_000319,dessie health post,Oromia,DHIS2_000319,dessie health post,Oromia,0.9657723903656006,dessie health post woreda:Modjo region:Oromia zone:Zone 1,dessie health post woreda:Modjo region:Oromia zone:Zone 1,confirmed
MFR_000320,bole health center,Amhara,DHIS2_000109,bole health post,Amhara,0.7720671892166138,bole health center woreda:Gondar region:Amhara zone:Zone 2,bole health post woreda:Mekelle region:Amhara zone:Zone 2,confirmed
MFR_000320,bole health center,Amhara,DHIS2_000182,bole general hospital,Amhara,0.760835587978363,bole health center woreda:Gondar region:Amhara zone:Zone 2,bole general hospital woreda:Dessie region:Amhara zone:Zone 2,confirmed
MFR_000321,adama dispensary,SNNPR,DHIS2_000321,adam dispensary,SNNPR,0.8989656567573547,adama dispensary woreda:Hosaena region:SNNPR zone:Zone 5,adam dispensary woreda:Hosaena region:SNNPR zone:Zone 5,confirmed
MFR_000322,hosaena health post,Oromia,DHIS2_000322,hosaena health post,Oromia,0.9439215064048767,hosaena health post woreda:Adama region:Oromia zone:Zone 4,hosaena health post woreda:Adama region:Oromia zone:Zone 4,confirmed
MFR_000323,butajira hospital,Amhara,DHIS2_000323,butajira hospital,Amhara,0.9627500176429749,butajira hospital woreda:Mekelle region:Amhara zone:Zone 2,butajira hospital woreda:Mekelle region:Amhara zone:Zone 2,confirmed
MFR_000323,butajira hospital,Amhara,DHIS2_000067,butajira referral hospitalital,Amhara,0.8002162575721741,butajira hospital woreda:Mekelle region:Amhara zone:Zone 2,butajira referral hospitalital woreda:Mekelle region:Amhara zone:Zone 4,confirmed
MFR_000323,butajira hospital,Amhara,DHIS2_000311,butajira health center,Amhara,0.7749804854393005,butajira hospital woreda:Mekelle region:Amhara zone:Zone 2,butajira health center woreda:Mekelle region:Amhara zone:Zone 5,confirmed
MFR_000323,butajira hospital,Amhara,DHIS2_000387,butajira dispensary,Amhara,0.9106651544570923,butajira hospital woreda:Mekelle region:Amhara zone:Zone 2,butajira dispensary woreda:Mekelle region:Amhara zone:Zone 2,confirmed
MFR_000324,kirkos clinic,Amhara,DHIS2_000174,kirko clinic,Amhara,0.7669333815574646,kirkos clinic woreda:Dessie region:Amhara zone:Zone 1,kirko clinic woreda:Mekelle region:Amhara zone:Zone 1,confirmed
MFR_000324,kirkos clinic,Amhara,DHIS2_000324,kirkos clinic,Amhara,0.9535114169120789,kirkos clinic woreda:Dessie region:Amhara zone:Zone 1,kirkos clinic woreda:Dessie region:Amhara zone:Zone 1,confirmed
MFR_000324,kirkos clinic,Amhara,DHIS2_000282,kirkos clinic,Amhara,0.7498401403427124,kirkos clinic woreda:Dessie region:Amhara zone:Zone 1,kirkos clinic woreda:Gondar region:Amhara zone:Zone 2,confirmed
MFR_000324,kirkos clinic,Amhara,DHIS2_000438,kirkos health center,Amhara,0.7718268036842346,kirkos clinic woreda:Dessie region:Amhara zone:Zone 1,kirkos health center woreda:Gondar region:Amhara zone:Zone 1,confirmed
MFR_000325,hawassa health center,Amhara,DHIS2_000325,hawassa health center,Amhara,0.9588304162025452,hawassa health center woreda:Dessie region:Amhara zone:Zone 4,hawassa health center woreda:Dessie region:Amhara zone:Zone 4,confirmed
MFR_000325,hawassa health center,Amhara,DHIS2_000124,hawass health center,Amhara,0.7754107713699341,hawassa health center woreda:Dessie region:Amhara zone:Zone 4,hawass health center woreda:Dessie region:Amhara zone:Zone 2,confirmed
MFR_000326,dukem health post,Addis Ababa,DHIS2_000394,dukem health center,Addis Ababa,0.8295767903327942,dukem health post woreda:Addis Ketema region:Addis Ababa zone:Zone 3,dukem health center woreda:Nifas Silk region:Addis Ababa zone:Zone 3,confirmed
MFR_000326,dukem health post,Addis Ababa,DHIS2_000326,dukem health post,Addis Ababa,0.9413005709648132,dukem health post woreda:Addis Ketema region:Addis Ababa zone:Zone 3,dukem health post woreda:Addis Ketema region:Addis Ababa zone:Zone 3,confirmed
MFR_000327,gondar health center,Addis Ababa,DHIS2_000486,gondar health center,Addis Ababa,0.770318865776062,gondar health center woreda:Kirkos region:Addis Ababa zone:Zone 4,gondar health center woreda:Nifas Silk region:Addis Ababa zone:Zone 4,confirmed
MFR_000327,gondar health center,Addis Ababa,DHIS2_000418,gondar hospitalital,Addis Ababa,0.7799160480499268,gondar health center woreda:Kirkos region:Addis Ababa zone:Zone 4,gondar hospitalital woreda:Addis Ketema region:Addis Ababa zone:Zone 4,confirmed
MFR_000328,hawassa referral hospital,Oromia,DHIS2_000328,hawass referral hospital,Oromia,0.9401934146881104,hawassa referral hospital woreda:Dire Dawa region:Oromia zone:Zone 1,hawass referral hospital woreda:Dire Dawa region:Oromia zone:Zone 1,confirmed
MFR_000329,modjo health center,Amhara,DHIS2_000334,modjo health center,Amhara,0.8413331508636475,modjo health center woreda:Gondar region:Amhara zone:Zone 1,modjo health center woreda:Gondar region:Amhara zone:Zone 4,confirmed
MFR_000330,nifas silk health center,Amhara,DHIS2_000330,nifas silk health center,Amhara,0.9371387958526611,nifas silk health center woreda:Bahir Dar region:Amhara zone:Zone 2,nifas silk health center woreda:Bahir Dar region:Amhara zone:Zone 2,confirmed
MFR_000333,kirkos clinic,Oromia,DHIS2_000333,kirkos clinic,Oromia,0.9563146829605103,kirkos clinic woreda:Bishoftu region:Oromia zone:Zone 4,kirkos clinic woreda:Bishoftu region:Oromia zone:Zone 4,confirmed
MFR_000333,kirkos clinic,Oromia,DHIS2_000283,kirkos clinic,Oromia,0.763734757900238,kirkos clinic woreda:Bishoftu region:Oromia zone:Zone 4,kirkos clinic woreda:Dukem region:Oromia zone:Zone 4,confirmed
MFR_000334,modjo health center,Amhara,DHIS2_000334,modjo health center,Amhara,0.9548712968826294,modjo health center woreda:Gondar region:Amhara zone:Zone 4,modjo health center woreda:Gondar region:Amhara zone:Zone 4,confirmed
MFR_000335,addis ababa health center,Addis Ababa,DHIS2_000335,addis ababa health center,Addis Ababa,0.9313661456108093,addis ababa health center woreda:Addis Ketema region:Addis Ababa zone:Zone 3,addis ababa health center woreda:Addis Ketema region:Addis Ababa zone:Zone 3,confirmed
MFR_000336,modjo referral hospital,Amhara,DHIS2_000336,modjo referral hospital,Amhara,0.9382628798484802,modjo referral hospital woreda:Dessie region:Amhara zone:Zone 3,modjo referral hospital woreda:Dessie region:Amhara zone:Zone 3,confirmed
MFR_000337,gondar hospital,Oromia,DHIS2_000337,gondar hospitalital,Oromia,0.957465410232544,gondar hospital woreda:Dire Dawa region:Oromia zone:Zone 3,gondar hospitalital woreda:Dire Dawa region:Oromia zone:Zone 3,confirmed
MFR_000338,hawassa dispensary,SNNPR,DHIS2_000338,hawass dispensary,SNNPR,0.933838427066803,hawassa dispensary woreda:Arba Minch region:SNNPR zone:Zone 1,hawass dispensary woreda:Arba Minch region:SNNPR zone:Zone 1,confirmed
MFR_000341,bahir dar hospital,Addis Ababa,DHIS2_000290,bahir dar health center,Addis Ababa,0.8314818143844604,bahir dar hospital woreda:Lideta region:Addis Ababa zone:Zone 4,bahir dar health center woreda:Kirkos region:Addis Ababa zone:Zone 4,confirmed
MFR_000341,bahir dar hospital,Addis Ababa,DHIS2_000341,bahir dar hospital,Addis Ababa,0.9940096735954285,bahir dar hospital woreda:Lideta region:Addis Ababa zone:Zone 4,bahir dar hospital woreda:Lideta region:Addis Ababa zone:Zone 4,confirmed
MFR_000341,bahir dar hospital,Addis Ababa,DHIS2_000312,bahir dar health post,Addis Ababa,0.7794524431228638,bahir dar hospital woreda:Lideta region:Addis Ababa zone:Zone 4,bahir dar health post woreda:Lideta region:Addis Ababa zone:Zone 5,confirmed
MFR_000341,bahir dar hospital,Addis Ababa,DHIS2_000447,bahir dar health center,Addis Ababa,0.7962129712104797,bahir dar hospital woreda:Lideta region:Addis Ababa zone:Zone 4,bahir dar health center woreda:Lideta region:Addis Ababa zone:Zone 3,confirmed
MFR_000342,dire dawa health center,Amhara,DHIS2_000342,dire dawa health center,Amhara,0.962203323841095,dire dawa health center woreda:Bahir Dar region:Amhara zone:Zone 4,dire dawa health center woreda:Bahir Dar region:Amhara zone:Zone 4,confirmed
MFR_000342,dire dawa health center,Amhara,DHIS2_000219,dire dawa general hospitalital,Amhara,0.7756069898605347,dire dawa health center woreda:Bahir Dar region:Amhara zone:Zone 4,dire dawa general hospitalital woreda:Bahir Dar region:Amhara zone:Zone 5,confirmed
MFR_000343,adama clinic,Amhara,DHIS2_000343,adam clinic,Amhara,0.9380302429199219,adama clinic woreda:Dessie region:Amhara zone:Zone 5,adam clinic woreda:Dessie region:Amhara zone:Zone 5,confirmed
MFR_000347,hosaena dispensary,SNNPR,DHIS2_000406,hosaena clinic,SNNPR,0.9054509401321411,hosaena dispensary woreda:Arba Minch region:SNNPR zone:Zone 3,hosaena clinic woreda:Arba Minch region:SNNPR zone:Zone 3,confirmed
MFR_000347,hosaena dispensary,SNNPR,DHIS2_000347,hosaen dispensary,SNNPR,0.9072352647781372,hosaena dispensary woreda:Arba Minch region:SNNPR zone:Zone 3,hosaen dispensary woreda:Arba Minch region:SNNPR zone:Zone 3,confirmed
MFR_000348,bole general hospital,Amhara,DHIS2_000348,bol general hospital,Amhara,0.9051729440689087,bole general hospital woreda:Gondar region:Amhara zone:Zone 5,bol general hospital woreda:Gondar region:Amhara zone:Zone 5,confirmed
MFR_000348,bole general hospital,Amhara,DHIS2_000095,bole health center,Amhara,0.7665371894836426,bole general hospital woreda:Gondar region:Amhara zone:Zone 5,bole health center woreda:Bahir Dar region:Amhara zone:Zone 5,confirmed
MFR_000349,addis ababa clinic,Addis Ababa,DHIS2_000372,addis ababa referral hospitalital,Addis Ababa,0.9063239097595215,addis ababa clinic woreda:Bole region:Addis Ababa zone:Zone 5,addis ababa referral hospitalital woreda:Bole region:Addis Ababa zone:Zone 5,confirmed
MFR_000350,nifas silk referral hospital,Oromia,DHIS2_000350,nifas silk referral hospital,Oromia,0.9477028846740723,nifas silk referral hospital woreda:Dukem region:Oromia zone:Zone 5,nifas silk referral hospital woreda:Dukem region:Oromia zone:Zone 5,confirmed
MFR_000351,butajira dispensary,Addis Ababa,DHIS2_000351,butajira dispensary,Addis Ababa,0.9421738386154175,butajira dispensary woreda:Nifas Silk region:Addis Ababa zone:Zone 2,butajira dispensary woreda:Nifas Silk region:Addis Ababa zone:Zone 2,confirmed
MFR_000352,gondar general hospital,Amhara,DHIS2_000466,gonda referral hospital,Amhara,0.8512165546417236,gondar general hospital woreda:Gondar region:Amhara zone:Zone 5,gonda referral hospital woreda:Bahir Dar region:Amhara zone:Zone 5,confirmed
MFR_000353,kirkos dispensary,Amhara,DHIS2_000174,kirko clinic,Amhara,0.8898235559463501,kirkos dispensary woreda:Mekelle region:Amhara zone:Zone 1,kirko clinic woreda:Mekelle region:Amhara zone:Zone 1,confirmed
MFR_000353,kirkos dispensary,Amhara,DHIS2_000353,kirkos dispensary,Amhara,0.936702311038971,kirkos dispensary woreda:Mekelle region:Amhara zone:Zone 1,kirkos dispensary woreda:Mekelle region:Amhara zone:Zone 1,confirmed
MFR_000353,kirkos dispensary,Amhara,DHIS2_000371,kirkos clinic,Amhara,0.781503438949585,kirkos dispensary woreda:Mekelle region:Amhara zone:Zone 1,kirkos clinic woreda:Mekelle region:Amhara zone:Zone 3,confirmed
MFR_000354,bole referral hospital,SNNPR,DHIS2_000354,bol referral hospital,SNNPR,0.8926377296447754,bole referral hospital woreda:Hosaena region:SNNPR zone:Zone 5,bol referral hospital woreda:Hosaena region:SNNPR zone:Zone 5,confirmed
MFR_000355,dire dawa referral hospital,Addis Ababa,DHIS2_000355,dir dawa referral hospital,Addis Ababa,0.9050527215003967,dire dawa referral hospital woreda:Arada region:Addis Ababa zone:Zone 4,dir dawa referral hospital woreda:Arada region:Addis Ababa zone:Zone 4,confirmed
MFR_000356,hawassa clinic,Amhara,DHIS2_000356,hawass clinic,Amhara,0.9192620515823364,hawassa clinic woreda:Dessie region:Amhara zone:Zone 3,hawass clinic woreda:Dessie region:Amhara zone:Zone 3,confirmed
MFR_000357,hosaena health center,Addis Ababa,DHIS2_000357,hosaena health center,Addis Ababa,0.9582421779632568,hosaena health center woreda:Arada region:Addis Ababa zone:Zone 3,hosaena health center woreda:Arada region:Addis Ababa zone:Zone 3,confirmed
MFR_000357,hosaena health center,Addis Ababa,DHIS2_000116,hosaena health center,Addis Ababa,0.8752153515815735,hosaena health center woreda:Arada region:Addis Ababa zone:Zone 3,hosaena health center woreda:Bole region:Addis Ababa zone:Zone 3,confirmed
MFR_000358,adama referral hospital,Oromia,DHIS2_000358,adama referral hospital,Oromia,0.9378780722618103,adama referral hospital woreda:Adama region:Oromia zone:Zone 2,adama referral hospital woreda:Adama region:Oromia zone:Zone 2,confirmed
MFR_000359,nifas silk health post,Amhara,DHIS2_000229,nifas silk health post,Amhara,0.7681922912597656,nifas silk health post woreda:Mekelle region:Amhara zone:Zone 4,nifas silk health post woreda:Mekelle region:Amhara zone:Zone 2,confirmed
MFR_000359,nifas silk health post,Amhara,DHIS2_000028,nifas silk clinic,Amhara,0.8878153562545776,nifas silk health post woreda:Mekelle region:Amhara zone:Zone 4,nifas silk clinic woreda:Mekelle region:Amhara zone:Zone 4,confirmed
MFR_000360,nifas silk health post,Amhara,DHIS2_000330,nifas silk health center,Amhara,0.7757440209388733,nifas silk health post woreda:Gondar region:Amhara zone:Zone 2,nifas silk health center woreda:Bahir Dar region:Amhara zone:Zone 2,confirmed
MFR_000360,nifas silk health post,Amhara,DHIS2_000229,nifas silk health post,Amhara,0.7888504862785339,nifas silk health post woreda:Gondar region:Amhara zone:Zone 2,nifas silk health post woreda:Mekelle region:Amhara zone:Zone 2,confirmed
MFR_000361,modjo dispensary,Amhara,DHIS2_000361,modj dispensary,Amhara,0.8858681917190552,modjo dispensary woreda:Dessie region:Amhara zone:Zone 2,modj dispensary woreda:Dessie region:Amhara zone:Zone 2,confirmed
MFR_000363,bahir dar dispensary,Amhara,DHIS2_000363,bahir dar dispensary,Amhara,0.9452465772628784,bahir dar dispensary woreda:Bahir Dar region:Amhara zone:Zone 4,bahir dar dispensary woreda:Bahir Dar region:Amhara zone:Zone 4,confirmed
MFR_000365,dukem health center,SNNPR,DHIS2_000140,dukem general hospital,SNNPR,0.9318784475326538,dukem health center woreda:Butajira region:SNNPR zone:Zone 5,dukem general hospital woreda:Butajira region:SNNPR zone:Zone 5,confirmed
MFR_000365,dukem health center,SNNPR,DHIS2_000365,dukem health center,SNNPR,0.9598090052604675,dukem health center woreda:Butajira region:SNNPR zone:Zone 5,dukem health center woreda:Butajira region:SNNPR zone:Zone 5,confirmed
MFR_000366,kirkos health center,Oromia,DHIS2_000452,kirkos health center,Oromia,0.9839037656784058,kirkos health center woreda:Dire Dawa region:Oromia zone:Zone 1,kirkos health center woreda:Dire Dawa region:Oromia zone:Zone 1,confirmed
MFR_000366,kirkos health center,Oromia,DHIS2_000366,kirkos health center,Oromia,0.9839037656784058,kirkos health center woreda:Dire Dawa region:Oromia zone:Zone 1,kirkos health center woreda:Dire Dawa region:Oromia zone:Zone 1,confirmed
MFR_000366,kirkos health center,Oromia,DHIS2_000197,kirko hospitalital,Oromia,0.8632977604866028,kirkos health center woreda:Dire Dawa region:Oromia zone:Zone 1,kirko hospitalital woreda:Dire Dawa region:Oromia zone:Zone 2,confirmed
MFR_000367,bole health post,Addis Ababa,DHIS2_000401,bol health post,Addis Ababa,0.7944678068161011,bole health post woreda:Arada region:Addis Ababa zone:Zone 4,bol health post woreda:Kirkos region:Addis Ababa zone:Zone 4,confirmed
MFR_000367,bole health post,Addis Ababa,DHIS2_000054,bole health center,Addis Ababa,0.8325421810150146,bole health post woreda:Arada region:Addis Ababa zone:Zone 4,bole health center woreda:Nifas Silk region:Addis Ababa zone:Zone 4,confirmed
MFR_000368,gondar health post,Oromia,DHIS2_000234,gondar health post,Oromia,0.9535323977470398,gondar health post woreda:Dukem region:Oromia zone:Zone 5,gondar health post woreda:Dukem region:Oromia zone:Zone 5,confirmed
MFR_000369,hawassa dispensary,Amhara,DHIS2_000369,hawassa dispensary,Amhara,0.931843638420105,hawassa dispensary woreda:Gondar region:Amhara zone:Zone 5,hawassa dispensary woreda:Gondar region:Amhara zone:Zone 5,confirmed
MFR_000370,hawassa dispensary,Addis Ababa,DHIS2_000370,hawassa dispensary,Addis Ababa,0.9629736542701721,hawassa dispensary woreda:Arada region:Addis Ababa zone:Zone 4,hawassa dispensary woreda:Arada region:Addis Ababa zone:Zone 4,confirmed
MFR_000371,kirkos clinic,Amhara,DHIS2_000371,kirkos clinic,Amhara,0.9297991991043091,kirkos clinic woreda:Mekelle region:Amhara zone:Zone 3,kirkos clinic woreda:Mekelle region:Amhara zone:Zone 3,confirmed
MFR_000371,kirkos clinic,Amhara,DHIS2_000469,kirkos clinic,Amhara,0.7791295051574707,kirkos clinic woreda:Mekelle region:Amhara zone:Zone 3,kirkos clinic woreda:Gondar region:Amhara zone:Zone 3,confirmed
MFR_000372,addis ababa referral hospital,Addis Ababa,DHIS2_000372,addis ababa referral hospitalital,Addis Ababa,0.9379996657371521,addis ababa referral hospital woreda:Bole region:Addis Ababa zone:Zone 5,addis ababa referral hospitalital woreda:Bole region:Addis Ababa zone:Zone 5,confirmed
MFR_000372,addis ababa referral hospital,Addis Ababa,DHIS2_000250,addis ababa general hospitalital,Addis Ababa,0.7516297698020935,addis ababa referral hospital woreda:Bole region:Addis Ababa zone:Zone 5,addis ababa general hospitalital woreda:Addis Ketema region:Addis Ababa zone:Zone 5,confirmed
MFR_000372,addis ababa referral hospital,Addis Ababa,DHIS2_000273,addis ababa referral hospital,Addis Ababa,0.7683643102645874,addis ababa referral hospital woreda:Bole region:Addis Ababa zone:Zone 5,addis ababa referral hospital woreda:Bole region:Addis Ababa zone:Zone 4,confirmed
MFR_000374,dessie dispensary,Amhara,DHIS2_000374,dessie dispensary,Amhara,0.9374603033065796,dessie dispensary woreda:Mekelle region:Amhara zone:Zone 4,dessie dispensary woreda:Mekelle region:Amhara zone:Zone 4,confirmed
MFR_000375,addis ababa clinic,Amhara,DHIS2_000375,addis ababa clinic,Amhara,0.9338819980621338,addis ababa clinic woreda:Mekelle region:Amhara zone:Zone 2,addis ababa clinic woreda:Mekelle region:Amhara zone:Zone 2,confirmed
MFR_000375,addis ababa clinic,Amhara,DHIS2_000263,addis ababa hospital,Amhara,0.9127361178398132,addis ababa clinic woreda:Mekelle region:Amhara zone:Zone 2,addis ababa hospital woreda:Mekelle region:Amhara zone:Zone 2,confirmed
MFR_000375,addis ababa clinic,Amhara,DHIS2_000090,addis ababa health post,Amhara,0.8733137845993042,addis ababa clinic woreda:Mekelle region:Amhara zone:Zone 2,addis ababa health post woreda:Mekelle region:Amhara zone:Zone 2,confirmed
MFR_000376,hawassa hospital,Oromia,DHIS2_000376,hawass hospitalital,Oromia,0.9415198564529419,hawassa hospital woreda:Adama region:Oromia zone:Zone 2,hawass hospitalital woreda:Adama region:Oromia zone:Zone 2,confirmed
MFR_000377,gondar hospital,Amhara,DHIS2_000466,gonda referral hospital,Amhara,0.8265672922134399,gondar hospital woreda:Bahir Dar region:Amhara zone:Zone 1,gonda referral hospital woreda:Bahir Dar region:Amhara zone:Zone 5,confirmed
MFR_000377,gondar hospital,Amhara,DHIS2_000178,gondar referral hospitalital,Amhara,0.8650946617126465,gondar hospital woreda:Bahir Dar region:Amhara zone:Zone 1,gondar referral hospitalital woreda:Bahir Dar region:Amhara zone:Zone 2,confirmed
MFR_000378,hosaena dispensary,Amhara,DHIS2_000378,hosaena dispensary,Amhara,0.9313235282897949,hosaena dispensary woreda:Bahir Dar region:Amhara zone:Zone 5,hosaena dispensary woreda:Bahir Dar region:Amhara zone:Zone 5,confirmed
MFR_000379,hawassa general hospital,Addis Ababa,DHIS2_000494,hawassa general hospital,Addis Ababa,0.7853788733482361,hawassa general hospital woreda:Kirkos region:Addis Ababa zone:Zone 5,hawassa general hospital woreda:Nifas Silk region:Addis Ababa zone:Zone 5,confirmed
MFR_000379,hawassa general hospital,Addis Ababa,DHIS2_000379,hawassa general hospitalital,Addis Ababa,0.9477023482322693,hawassa general hospital woreda:Kirkos region:Addis Ababa zone:Zone 5,hawassa general hospitalital woreda:Kirkos region:Addis Ababa zone:Zone 5,confirmed
MFR_000380,nifas silk dispensary,Oromia,DHIS2_000479,nifas silk referral hospital,Oromia,0.8391851782798767,nifas silk dispensary woreda:Bishoftu region:Oromia zone:Zone 1,nifas silk referral hospital woreda:Bishoftu region:Oromia zone:Zone 2,confirmed
MFR_000380,nifas silk dispensary,Oromia,DHIS2_000380,nifas silk dispensary,Oromia,0.961845338344574,nifas silk dispensary woreda:Bishoftu region:Oromia zone:Zone 1,nifas silk dispensary woreda:Bishoftu region:Oromia zone:Zone 1,confirmed
MFR_000381,modjo health post,Addis Ababa,DHIS2_000060,modjo health center,Addis Ababa,0.7701612114906311,modjo health post woreda:Kirkos region:Addis Ababa zone:Zone 4,modjo health center woreda:Kirkos region:Addis Ababa zone:Zone 5,confirmed
MFR_000381,modjo health post,Addis Ababa,DHIS2_000381,modj health post,Addis Ababa,0.8920015692710876,modjo health post woreda:Kirkos region:Addis Ababa zone:Zone 4,modj health post woreda:Kirkos region:Addis Ababa zone:Zone 4,confirmed
MFR_000381,modjo health post,Addis Ababa,DHIS2_000015,modjo health post,Addis Ababa,0.7728541493415833,modjo health post woreda:Kirkos region:Addis Ababa zone:Zone 4,modjo health post woreda:Arada region:Addis Ababa zone:Zone 4,confirmed
MFR_000382,addis ababa health post,Oromia,DHIS2_000317,addis ababa clinic,Oromia,0.8702287673950195,addis ababa health post woreda:Adama region:Oromia zone:Zone 1,addis ababa clinic woreda:Adama region:Oromia zone:Zone 1,confirmed
MFR_000382,addis ababa health post,Oromia,DHIS2_000491,addis ababa general hospital,Oromia,0.7612256407737732,addis ababa health post woreda:Adama region:Oromia zone:Zone 1,addis ababa general hospital woreda:Adama region:Oromia zone:Zone 2,confirmed
MFR_000382,addis ababa health post,Oromia,DHIS2_000382,addis ababa health post,Oromia,0.9590204358100891,addis ababa health post woreda:Adama region:Oromia zone:Zone 1,addis ababa health post woreda:Adama region:Oromia zone:Zone 1,confirmed
MFR_000382,addis ababa health post,Oromia,DHIS2_000013,addis ababa hospitalital,Oromia,0.760390043258667,addis ababa health post woreda:Adama region:Oromia zone:Zone 1,addis ababa hospitalital woreda:Modjo region:Oromia zone:Zone 1,confirmed
MFR_000383,addis ababa health center,SNNPR,DHIS2_000085,addis ababa clinic,SNNPR,0.7795611619949341,addis ababa health center woreda:Hosaena region:SNNPR zone:Zone 1,addis ababa clinic woreda:Arba Minch region:SNNPR zone:Zone 2,confirmed
MFR_000383,addis ababa health center,SNNPR,DHIS2_000061,addis ababa general hospital,SNNPR,0.7457199692726135,addis ababa health center woreda:Hosaena region:SNNPR zone:Zone 1,addis ababa general hospital woreda:Arba Minch region:SNNPR zone:Zone 3,confirmed
MFR_000383,addis ababa health center,SNNPR,DHIS2_000066,addis ababa hospitalital,SNNPR,0.7457721829414368,addis ababa health center woreda:Hosaena region:SNNPR zone:Zone 1,addis ababa hospitalital woreda:Butajira region:SNNPR zone:Zone 3,confirmed
MFR_000383,addis ababa health center,SNNPR,DHIS2_000179,addis ababa dispensary,SNNPR,0.78013676404953,addis ababa health center woreda:Hosaena region:SNNPR zone:Zone 1,addis ababa dispensary woreda:Hawassa region:SNNPR zone:Zone 2,confirmed
MFR_000383,addis ababa health center,SNNPR,DHIS2_000129,addis ababa hospital,SNNPR,0.8531838655471802,addis ababa health center woreda:Hosaena region:SNNPR zone:Zone 1,addis ababa hospital woreda:Hosaena region:SNNPR zone:Zone 2,confirmed
MFR_000383,addis ababa health center,SNNPR,DHIS2_000213,addis ababa health post,SNNPR,0.8525624871253967,addis ababa health center woreda:Hosaena region:SNNPR zone:Zone 1,addis ababa health post woreda:Hosaena region:SNNPR zone:Zone 2,confirmed
MFR_000384,hawassa hospital,SNNPR,DHIS2_000384,hawassa hospitalital,SNNPR,0.9447255730628967,hawassa hospital woreda:Butajira region:SNNPR zone:Zone 2,hawassa hospitalital woreda:Butajira region:SNNPR zone:Zone 2,confirmed
MFR_000384,hawassa hospital,SNNPR,DHIS2_000162,hawassa health post,SNNPR,0.8992275595664978,hawassa hospital woreda:Butajira region:SNNPR zone:Zone 2,hawassa health post woreda:Butajira region:SNNPR zone:Zone 2,confirmed
MFR_000385,dessie health post,SNNPR,DHIS2_000385,dessie health post,SNNPR,0.9573673009872437,dessie health post woreda:Hosaena region:SNNPR zone:Zone 4,dessie health post woreda:Hosaena region:SNNPR zone:Zone 4,confirmed
MFR_000387,butajira dispensary,Amhara,DHIS2_000323,butajira hospital,Amhara,0.8895581364631653,butajira dispensary woreda:Mekelle region:Amhara zone:Zone 2,butajira hospital woreda:Mekelle region:Amhara zone:Zone 2,confirmed
MFR_000387,butajira dispensary,Amhara,DHIS2_000387,butajira dispensary,Amhara,0.9427868127822876,butajira dispensary woreda:Mekelle region:Amhara zone:Zone 2,butajira dispensary woreda:Mekelle region:Amhara zone:Zone 2,confirmed
MFR_000388,bahir dar health post,SNNPR,DHIS2_000268,bahir dar dispensary,SNNPR,0.904994547367096,bahir dar health post woreda:Arba Minch region:SNNPR zone:Zone 5,bahir dar dispensary woreda:Arba Minch region:SNNPR zone:Zone 5,confirmed
MFR_000389,butajira clinic,SNNPR,DHIS2_000389,butajira clinic,SNNPR,0.9293645620346069,butajira clinic woreda:Butajira region:SNNPR zone:Zone 3,butajira clinic woreda:Butajira region:SNNPR zone:Zone 3,confirmed
MFR_000389,butajira clinic,SNNPR,DHIS2_000176,butajir health center,SNNPR,0.8513731360435486,butajira clinic woreda:Butajira region:SNNPR zone:Zone 3,butajir health center woreda:Arba Minch region:SNNPR zone:Zone 3,confirmed
MFR_000389,butajira clinic,SNNPR,DHIS2_000482,butajira clinic,SNNPR,0.9381609559059143,butajira clinic woreda:Butajira region:SNNPR zone:Zone 3,butajira clinic woreda:Arba Minch region:SNNPR zone:Zone 3,confirmed
MFR_000390,bole clinic,Addis Ababa,DHIS2_000390,bole clinic,Addis Ababa,0.9707525968551636,bole clinic woreda:Nifas Silk region:Addis Ababa zone:Zone 5,bole clinic woreda:Nifas Silk region:Addis Ababa zone:Zone 5,confirmed
MFR_000391,bahir dar hospital,Amhara,DHIS2_000363,bahir dar dispensary,Amhara,0.7444667816162109,bahir dar hospital woreda:Bahir Dar region:Amhara zone:Zone 3,bahir dar dispensary woreda:Bahir Dar region:Amhara zone:Zone 4,confirmed
MFR_000391,bahir dar hospital,Amhara,DHIS2_000424,bahir dar clinic,Amhara,0.8951289653778076,bahir dar hospital woreda:Bahir Dar region:Amhara zone:Zone 3,bahir dar clinic woreda:Dessie region:Amhara zone:Zone 3,confirmed
MFR_000391,bahir dar hospital,Amhara,DHIS2_000223,bahir dar hospital,Amhara,0.7890464663505554,bahir dar hospital woreda:Bahir Dar region:Amhara zone:Zone 3,bahir dar hospital woreda:Dessie region:Amhara zone:Zone 2,confirmed
MFR_000391,bahir dar hospital,Amhara,DHIS2_000391,bahir dar hospital,Amhara,0.9489783048629761,bahir dar hospital woreda:Bahir Dar region:Amhara zone:Zone 3,bahir dar hospital woreda:Bahir Dar region:Amhara zone:Zone 3,confirmed
MFR_000391,bahir dar hospital,Amhara,DHIS2_000068,bahir dar health center,Amhara,0.9020256400108337,bahir dar hospital woreda:Bahir Dar region:Amhara zone:Zone 3,bahir dar health center woreda:Dessie region:Amhara zone:Zone 3,confirmed
MFR_000392,adama health post,Addis Ababa,DHIS2_000392,adam health post,Addis Ababa,0.918931782245636,adama health post woreda:Nifas Silk region:Addis Ababa zone:Zone 3,adam health post woreda:Nifas Silk region:Addis Ababa zone:Zone 3,confirmed
MFR_000393,adama general hospital,Oromia,DHIS2_000393,adama general hospital,Oromia,0.9425046443939209,adama general hospital woreda:Adama region:Oromia zone:Zone 3,adama general hospital woreda:Adama region:Oromia zone:Zone 3,confirmed
MFR_000393,adama general hospital,Oromia,DHIS2_000136,adam general hospitalital,Oromia,0.8684659600257874,adama general hospital woreda:Adama region:Oromia zone:Zone 3,adam general hospitalital woreda:Dukem region:Oromia zone:Zone 3,confirmed
MFR_000394,dukem health center,Addis Ababa,DHIS2_000394,dukem health center,Addis Ababa,0.9417986273765564,dukem health center woreda:Nifas Silk region:Addis Ababa zone:Zone 3,dukem health center woreda:Nifas Silk region:Addis Ababa zone:Zone 3,confirmed
MFR_000395,hawassa health center,Amhara,DHIS2_000395,hawass health center,Amhara,0.9226409196853638,hawassa health center woreda:Bahir Dar region:Amhara zone:Zone 3,hawass health center woreda:Bahir Dar region:Amhara zone:Zone 3,confirmed
MFR_000396,kirkos health center,Addis Ababa,DHIS2_000396,kirkos health center,Addis Ababa,0.975577712059021,kirkos health center woreda:Bole region:Addis Ababa zone:Zone 5,kirkos health center woreda:Bole region:Addis Ababa zone:Zone 5,confirmed
MFR_000397,butajira health post,Amhara,DHIS2_000200,butajir health center,Amhara,0.8584249019622803,butajira health post woreda:Gondar region:Amhara zone:Zone 5,butajir health center woreda:Gondar region:Amhara zone:Zone 5,confirmed
MFR_000397,butajira health post,Amhara,DHIS2_000311,butajira health center,Amhara,0.7968083620071411,butajira health post woreda:Gondar region:Amhara zone:Zone 5,butajira health center woreda:Mekelle region:Amhara zone:Zone 5,confirmed
MFR_000397,butajira health post,Amhara,DHIS2_000397,butajira health post,Amhara,0.941694974899292,butajira health post woreda:Gondar region:Amhara zone:Zone 5,butajira health post woreda:Gondar region:Amhara zone:Zone 5,confirmed
MFR_000398,butajira hospital,Oromia,DHIS2_000398,butajir hospital,Oromia,0.9197073578834534,butajira hospital woreda:Dukem region:Oromia zone:Zone 2,butajir hospital woreda:Dukem region:Oromia zone:Zone 2,confirmed
MFR_000398,butajira hospital,Oromia,DHIS2_000216,butajir dispensary,Oromia,0.746393084526062,butajira hospital woreda:Dukem region:Oromia zone:Zone 2,butajir dispensary woreda:Dukem region:Oromia zone:Zone 3,confirmed
MFR_000399,dire dawa general hospital,Addis Ababa,DHIS2_000399,dire dawa general hospital,Addis Ababa,0.9755327701568604,dire dawa general hospital woreda:Bole region:Addis Ababa zone:Zone 2,dire dawa general hospital woreda:Bole region:Addis Ababa zone:Zone 2,confirmed
MFR_000400,addis ababa health post,Oromia,DHIS2_000400,addis ababa health post,Oromia,0.9438540935516357,addis ababa health post woreda:Dire Dawa region:Oromia zone:Zone 4,addis ababa health post woreda:Dire Dawa region:Oromia zone:Zone 4,confirmed
MFR_000401,bole health post,Addis Ababa,DHIS2_000272,bol health center,Addis Ababa,0.8592340350151062,bole health post woreda:Kirkos region:Addis Ababa zone:Zone 4,bol health center woreda:Kirkos region:Addis Ababa zone:Zone 4,confirmed
MFR_000401,bole health post,Addis Ababa,DHIS2_000401,bol health post,Addis Ababa,0.9043410420417786,bole health post woreda:Kirkos region:Addis Ababa zone:Zone 4,bol health post woreda:Kirkos region:Addis Ababa zone:Zone 4,confirmed
MFR_000401,bole health post,Addis Ababa,DHIS2_000097,bole health center,Addis Ababa,0.7571040987968445,bole health post woreda:Kirkos region:Addis Ababa zone:Zone 4,bole health center woreda:Kirkos region:Addis Ababa zone:Zone 3,confirmed
MFR_000402,gondar hospital,Addis Ababa,DHIS2_000275,gondar referral hospital,Addis Ababa,0.8892002701759338,gondar hospital woreda:Arada region:Addis Ababa zone:Zone 5,gondar referral hospital woreda:Lideta region:Addis Ababa zone:Zone 5,confirmed
MFR_000402,gondar hospital,Addis Ababa,DHIS2_000402,gondar hospital,Addis Ababa,0.9872575998306274,gondar hospital woreda:Arada region:Addis Ababa zone:Zone 5,gondar hospital woreda:Arada region:Addis Ababa zone:Zone 5,confirmed
MFR_000403,hosaena general hospital,SNNPR,DHIS2_000406,hosaena clinic,SNNPR,0.8966369032859802,hosaena general hospital woreda:Arba Minch region:SNNPR zone:Zone 3,hosaena clinic woreda:Arba Minch region:SNNPR zone:Zone 3,confirmed
MFR_000403,hosaena general hospital,SNNPR,DHIS2_000403,hosaena general hospitalital,SNNPR,0.9386239051818848,hosaena general hospital woreda:Arba Minch region:SNNPR zone:Zone 3,hosaena general hospitalital woreda:Arba Minch region:SNNPR zone:Zone 3,confirmed
MFR_000404,bahir dar referral hospital,Oromia,DHIS2_000270,bahir dar health post,Oromia,0.8625950217247009,bahir dar referral hospital woreda:Bishoftu region:Oromia zone:Zone 5,bahir dar health post woreda:Bishoftu region:Oromia zone:Zone 5,confirmed
MFR_000405,gondar hospital,SNNPR,DHIS2_000040,gondar referral hospital,SNNPR,0.8577825427055359,gondar hospital woreda:Hosaena region:SNNPR zone:Zone 3,gondar referral hospital woreda:Butajira region:SNNPR zone:Zone 3,confirmed
MFR_000405,gondar hospital,SNNPR,DHIS2_000027,gondar hospital,SNNPR,0.9036997556686401,gondar hospital woreda:Hosaena region:SNNPR zone:Zone 3,gondar hospital woreda:Hawassa region:SNNPR zone:Zone 3,confirmed
MFR_000405,gondar hospital,SNNPR,DHIS2_000405,gondar hospitalital,SNNPR,0.9363347291946411,gondar hospital woreda:Hosaena region:SNNPR zone:Zone 3,gondar hospitalital woreda:Hosaena region:SNNPR zone:Zone 3,confirmed
MFR_000405,gondar hospital,SNNPR,DHIS2_000259,gondar clinic,SNNPR,0.8771957755088806,gondar hospital woreda:Hosaena region:SNNPR zone:Zone 3,gondar clinic woreda:Hawassa region:SNNPR zone:Zone 3,confirmed
MFR_000406,hosaena clinic,SNNPR,DHIS2_000406,hosaena clinic,SNNPR,0.9404215812683105,hosaena clinic woreda:Arba Minch region:SNNPR zone:Zone 3,hosaena clinic woreda:Arba Minch region:SNNPR zone:Zone 3,confirmed
MFR_000406,hosaena clinic,SNNPR,DHIS2_000403,hosaena general hospitalital,SNNPR,0.8997808694839478,hosaena clinic woreda:Arba Minch region:SNNPR zone:Zone 3,hosaena general hospitalital woreda:Arba Minch region:SNNPR zone:Zone 3,confirmed
MFR_000407,dukem health center,Oromia,DHIS2_000269,dukem general hospital,Oromia,0.8899820446968079,dukem health center woreda:Dukem region:Oromia zone:Zone 2,dukem general hospital woreda:Dire Dawa region:Oromia zone:Zone 2,confirmed
MFR_000407,dukem health center,Oromia,DHIS2_000448,dukem health post,Oromia,0.7828402519226074,dukem health center woreda:Dukem region:Oromia zone:Zone 2,dukem health post woreda:Dukem region:Oromia zone:Zone 3,confirmed
MFR_000408,bole health post,Addis Ababa,DHIS2_000266,bol health post,Addis Ababa,0.7966312170028687,bole health post woreda:Bole region:Addis Ababa zone:Zone 1,bol health post woreda:Bole region:Addis Ababa zone:Zone 5,confirmed
MFR_000408,bole health post,Addis Ababa,DHIS2_000429,bol health post,Addis Ababa,0.9490163326263428,bole health post woreda:Bole region:Addis Ababa zone:Zone 1,bol health post woreda:Bole region:Addis Ababa zone:Zone 1,confirmed
MFR_000408,bole health post,Addis Ababa,DHIS2_000097,bole health center,Addis Ababa,0.7609776854515076,bole health post woreda:Bole region:Addis Ababa zone:Zone 1,bole health center woreda:Kirkos region:Addis Ababa zone:Zone 3,confirmed
MFR_000408,bole health post,Addis Ababa,DHIS2_000408,bole health post,Addis Ababa,0.9828316569328308,bole health post woreda:Bole region:Addis Ababa zone:Zone 1,bole health post woreda:Bole region:Addis Ababa zone:Zone 1,confirmed
MFR_000408,bole health post,Addis Ababa,DHIS2_000054,bole health center,Addis Ababa,0.7488177418708801,bole health post woreda:Bole region:Addis Ababa zone:Zone 1,bole health center woreda:Nifas Silk region:Addis Ababa zone:Zone 4,confirmed
MFR_000409,dire dawa health post,Oromia,DHIS2_000409,dire dawa health post,Oromia,0.9442247748374939,dire dawa health post woreda:Adama region:Oromia zone:Zone 3,dire dawa health post woreda:Adama region:Oromia zone:Zone 3,confirmed
MFR_000410,hosaena dispensary,Addis Ababa,DHIS2_000410,hosaen dispensary,Addis Ababa,0.9365465044975281,hosaena dispensary woreda:Kirkos region:Addis Ababa zone:Zone 5,hosaen dispensary woreda:Kirkos region:Addis Ababa zone:Zone 5,confirmed
MFR_000411,bole hospital,SNNPR,DHIS2_000411,bol hospital,SNNPR,0.9240133762359619,bole hospital woreda:Arba Minch region:SNNPR zone:Zone 5,bol hospital woreda:Arba Minch region:SNNPR zone:Zone 5,confirmed
MFR_000412,addis ababa health post,Amhara,DHIS2_000412,addis ababa health post,Amhara,0.9290768504142761,addis ababa health post woreda:Bahir Dar region:Amhara zone:Zone 4,addis ababa health post woreda:Bahir Dar region:Amhara zone:Zone 4,confirmed
MFR_000413,modjo health post,Addis Ababa,DHIS2_000413,modjo health post,Addis Ababa,0.955793559551239,modjo health post woreda:Nifas Silk region:Addis Ababa zone:Zone 2,modjo health post woreda:Nifas Silk region:Addis Ababa zone:Zone 2,confirmed
MFR_000415,nifas silk clinic,Addis Ababa,DHIS2_000415,nifas silk clinic,Addis Ababa,0.9611136317253113,nifas silk clinic woreda:Nifas Silk region:Addis Ababa zone:Zone 4,nifas silk clinic woreda:Nifas Silk region:Addis Ababa zone:Zone 4,confirmed
MFR_000415,nifas silk clinic,Addis Ababa,DHIS2_000115,nifas silk health center,Addis Ababa,0.9274579286575317,nifas silk clinic woreda:Nifas Silk region:Addis Ababa zone:Zone 4,nifas silk health center woreda:Nifas Silk region:Addis Ababa zone:Zone 4,confirmed
MFR_000416,adama health post,Oromia,DHIS2_000416,adama health post,Oromia,0.9247624278068542,adama health post woreda:Dukem region:Oromia zone:Zone 3,adama health post woreda:Dukem region:Oromia zone:Zone 3,confirmed
MFR_000416,adama health post,Oromia,DHIS2_000198,adam health center,Oromia,0.8771957755088806,adama health post woreda:Dukem region:Oromia zone:Zone 3,adam health center woreda:Dukem region:Oromia zone:Zone 3,confirmed
MFR_000417,butajira general hospital,Addis Ababa,DHIS2_000012,butajira hospitalital,Addis Ababa,0.8427634239196777,butajira general hospital woreda:Lideta region:Addis Ababa zone:Zone 2,butajira hospitalital woreda:Lideta region:Addis Ababa zone:Zone 3,confirmed
MFR_000417,butajira general hospital,Addis Ababa,DHIS2_000417,butajira general hospitalital,Addis Ababa,0.9541903734207153,butajira general hospital woreda:Lideta region:Addis Ababa zone:Zone 2,butajira general hospitalital woreda:Lideta region:Addis Ababa zone:Zone 2,confirmed
MFR_000417,butajira general hospital,Addis Ababa,DHIS2_000419,butajira health center,Addis Ababa,0.8078568577766418,butajira general hospital woreda:Lideta region:Addis Ababa zone:Zone 2,butajira health center woreda:Lideta region:Addis Ababa zone:Zone 3,confirmed
MFR_000417,butajira general hospital,Addis Ababa,DHIS2_000351,butajira dispensary,Addis Ababa,0.7542120814323425,butajira general hospital woreda:Lideta region:Addis Ababa zone:Zone 2,butajira dispensary woreda:Nifas Silk region:Addis Ababa zone:Zone 2,confirmed
MFR_000418,gondar hospital,Addis Ababa,DHIS2_000486,gondar health center,Addis Ababa,0.866671621799469,gondar hospital woreda:Addis Ketema region:Addis Ababa zone:Zone 4,gondar health center woreda:Nifas Silk region:Addis Ababa zone:Zone 4,confirmed
MFR_000418,gondar hospital,Addis Ababa,DHIS2_000278,gondar dispensary,Addis Ababa,0.8405694961547852,gondar hospital woreda:Addis Ketema region:Addis Ababa zone:Zone 4,gondar dispensary woreda:Lideta region:Addis Ababa zone:Zone 4,confirmed
MFR_000418,gondar hospital,Addis Ababa,DHIS2_000418,gondar hospitalital,Addis Ababa,0.9586557149887085,gondar hospital woreda:Addis Ketema region:Addis Ababa zone:Zone 4,gondar hospitalital woreda:Addis Ketema region:Addis Ababa zone:Zone 4,confirmed
MFR_000418,gondar hospital,Addis Ababa,DHIS2_000075,gondar health center,Addis Ababa,0.7525990009307861,gondar hospital woreda:Addis Ketema region:Addis Ababa zone:Zone 4,gondar health center woreda:Addis Ketema region:Addis Ababa zone:Zone 2,confirmed
MFR_000418,gondar hospital,Addis Ababa,DHIS2_000235,gondar health center,Addis Ababa,0.7609961032867432,gondar hospital woreda:Addis Ketema region:Addis Ababa zone:Zone 4,gondar health center woreda:Addis Ketema region:Addis Ababa zone:Zone 3,confirmed
MFR_000418,gondar hospital,Addis Ababa,DHIS2_000402,gondar hospital,Addis Ababa,0.751502275466919,gondar hospital woreda:Addis Ketema region:Addis Ababa zone:Zone 4,gondar hospital woreda:Arada region:Addis Ababa zone:Zone 5,confirmed
MFR_000419,butajira health center,Addis Ababa,DHIS2_000012,butajira hospitalital,Addis Ababa,0.9432294368743896,butajira health center woreda:Lideta region:Addis Ababa zone:Zone 3,butajira hospitalital woreda:Lideta region:Addis Ababa zone:Zone 3,confirmed
MFR_000419,butajira health center,Addis Ababa,DHIS2_000194,butajira health center,Addis Ababa,0.8616499900817871,butajira health center woreda:Lideta region:Addis Ababa zone:Zone 3,butajira health center woreda:Addis Ketema region:Addis Ababa zone:Zone 3,confirmed
MFR_000419,butajira health center,Addis Ababa,DHIS2_000417,butajira general hospitalital,Addis Ababa,0.7734572291374207,butajira health center woreda:Lideta region:Addis Ababa zone:Zone 3,butajira general hospitalital woreda:Lideta region:Addis Ababa zone:Zone 2,confirmed
MFR_000419,butajira health center,Addis Ababa,DHIS2_000419,butajira health center,Addis Ababa,0.97086101770401,butajira health center woreda:Lideta region:Addis Ababa zone:Zone 3,butajira health center woreda:Lideta region:Addis Ababa zone:Zone 3,confirmed
MFR_000420,hosaena health post,SNNPR,DHIS2_000153,hosaena health center,SNNPR,0.8899238109588623,hosaena health post woreda:Butajira region:SNNPR zone:Zone 3,hosaena health center woreda:Butajira region:SNNPR zone:Zone 3,confirmed
MFR_000420,hosaena health post,SNNPR,DHIS2_000184,hosaena health post,SNNPR,0.9197215437889099,hosaena health post woreda:Butajira region:SNNPR zone:Zone 3,hosaena health post woreda:Butajira region:SNNPR zone:Zone 3,confirmed
MFR_000420,hosaena health post,SNNPR,DHIS2_000420,hosaena health post,SNNPR,0.9197215437889099,hosaena health post woreda:Butajira region:SNNPR zone:Zone 3,hosaena health post woreda:Butajira region:SNNPR zone:Zone 3,confirmed
MFR_000421,dessie clinic,Addis Ababa,DHIS2_000421,dessi clinic,Addis Ababa,0.8811877965927124,dessie clinic woreda:Addis Ketema region:Addis Ababa zone:Zone 2,dessi clinic woreda:Addis Ketema region:Addis Ababa zone:Zone 2,confirmed
MFR_000422,addis ababa health center,Addis Ababa,DHIS2_000422,addis ababa health center,Addis Ababa,0.9480447769165039,addis ababa health center woreda:Kirkos region:Addis Ababa zone:Zone 2,addis ababa health center woreda:Kirkos region:Addis Ababa zone:Zone 2,confirmed
MFR_000423,addis ababa health center,Amhara,DHIS2_000423,addis ababa health center,Amhara,0.9501867294311523,addis ababa health center woreda:Bahir Dar region:Amhara zone:Zone 1,addis ababa health center woreda:Bahir Dar region:Amhara zone:Zone 1,confirmed
MFR_000423,addis ababa health center,Amhara,DHIS2_000412,addis ababa health post,Amhara,0.8061219453811646,addis ababa health center woreda:Bahir Dar region:Amhara zone:Zone 1,addis ababa health post woreda:Bahir Dar region:Amhara zone:Zone 4,confirmed
MFR_000424,bahir dar clinic,Amhara,DHIS2_000424,bahir dar clinic,Amhara,0.9444800615310669,bahir dar clinic woreda:Dessie region:Amhara zone:Zone 3,bahir dar clinic woreda:Dessie region:Amhara zone:Zone 3,confirmed
MFR_000424,bahir dar clinic,Amhara,DHIS2_000223,bahir dar hospital,Amhara,0.7982677221298218,bahir dar clinic woreda:Dessie region:Amhara zone:Zone 3,bahir dar hospital woreda:Dessie region:Amhara zone:Zone 2,confirmed
MFR_000424,bahir dar clinic,Amhara,DHIS2_000391,bahir dar hospital,Amhara,0.7715754508972168,bahir dar clinic woreda:Dessie region:Amhara zone:Zone 3,bahir dar hospital woreda:Bahir Dar region:Amhara zone:Zone 3,confirmed
MFR_000424,bahir dar clinic,Amhara,DHIS2_000068,bahir dar health center,Amhara,0.9209429621696472,bahir dar clinic woreda:Dessie region:Amhara zone:Zone 3,bahir dar health center woreda:Dessie region:Amhara zone:Zone 3,confirmed
MFR_000425,modjo dispensary,Oromia,DHIS2_000425,modjo dispensary,Oromia,0.9377884864807129,modjo dispensary woreda:Bishoftu region:Oromia zone:Zone 5,modjo dispensary woreda:Bishoftu region:Oromia zone:Zone 5,confirmed
MFR_000426,nifas silk dispensary,SNNPR,DHIS2_000113,nifas silk health center,SNNPR,0.7595974206924438,nifas silk dispensary woreda:Butajira region:SNNPR zone:Zone 2,nifas silk health center woreda:Butajira region:SNNPR zone:Zone 3,confirmed
MFR_000426,nifas silk dispensary,SNNPR,DHIS2_000426,nifas silk dispensary,SNNPR,0.9272308945655823,nifas silk dispensary woreda:Butajira region:SNNPR zone:Zone 2,nifas silk dispensary woreda:Butajira region:SNNPR zone:Zone 2,confirmed
MFR_000427,dire dawa dispensary,Amhara,DHIS2_000427,dire dawa dispensary,Amhara,0.9543549418449402,dire dawa dispensary woreda:Bahir Dar region:Amhara zone:Zone 5,dire dawa dispensary woreda:Bahir Dar region:Amhara zone:Zone 5,confirmed
MFR_000428,bole health center,Amhara,DHIS2_000095,bole health center,Amhara,0.8018019795417786,bole health center woreda:Dessie region:Amhara zone:Zone 5,bole health center woreda:Bahir Dar region:Amhara zone:Zone 5,confirmed
MFR_000428,bole health center,Amhara,DHIS2_000134,bole health post,Amhara,0.788707435131073,bole health center woreda:Dessie region:Amhara zone:Zone 5,bole health post woreda:Gondar region:Amhara zone:Zone 5,confirmed
MFR_000429,bole health post,Addis Ababa,DHIS2_000266,bol health post,Addis Ababa,0.7966310977935791,bole health post woreda:Bole region:Addis Ababa zone:Zone 1,bol health post woreda:Bole region:Addis Ababa zone:Zone 5,confirmed
MFR_000429,bole health post,Addis Ababa,DHIS2_000429,bol health post,Addis Ababa,0.9490163326263428,bole health post woreda:Bole region:Addis Ababa zone:Zone 1,bol health post woreda:Bole region:Addis Ababa zone:Zone 1,confirmed
MFR_000429,bole health post,Addis Ababa,DHIS2_000097,bole health center,Addis Ababa,0.7609776854515076,bole health post woreda:Bole region:Addis Ababa zone:Zone 1,bole health center woreda:Kirkos region:Addis Ababa zone:Zone 3,confirmed
MFR_000429,bole health post,Addis Ababa,DHIS2_000408,bole health post,Addis Ababa,0.9828317761421204,bole health post woreda:Bole region:Addis Ababa zone:Zone 1,bole health post woreda:Bole region:Addis Ababa zone:Zone 1,confirmed
MFR_000429,bole health post,Addis Ababa,DHIS2_000054,bole health center,Addis Ababa,0.7488177418708801,bole health post woreda:Bole region:Addis Ababa zone:Zone 1,bole health center woreda:Nifas Silk region:Addis Ababa zone:Zone 4,confirmed
MFR_000430,nifas silk health center,SNNPR,DHIS2_000113,nifas silk health center,SNNPR,0.7669987678527832,nifas silk health center woreda:Butajira region:SNNPR zone:Zone 4,nifas silk health center woreda:Butajira region:SNNPR zone:Zone 3,confirmed
MFR_000431,modjo health post,Oromia,DHIS2_000431,modjo health post,Oromia,0.9464227557182312,modjo health post woreda:Adama region:Oromia zone:Zone 2,modjo health post woreda:Adama region:Oromia zone:Zone 2,confirmed
MFR_000432,butajira general hospital,Amhara,DHIS2_000432,butajira general hospitalital,Amhara,0.9493322372436523,butajira general hospital woreda:Bahir Dar region:Amhara zone:Zone 1,butajira general hospitalital woreda:Bahir Dar region:Amhara zone:Zone 1,confirmed
MFR_000432,butajira general hospital,Amhara,DHIS2_000039,butajira health post,Amhara,0.790641725063324,butajira general hospital woreda:Bahir Dar region:Amhara zone:Zone 1,butajira health post woreda:Bahir Dar region:Amhara zone:Zone 3,confirmed
MFR_000433,modjo health center,SNNPR,DHIS2_000023,modjo health center,SNNPR,0.7834949493408203,modjo health center woreda:Hawassa region:SNNPR zone:Zone 1,modjo health center woreda:Hosaena region:SNNPR zone:Zone 3,confirmed
MFR_000433,modjo health center,SNNPR,DHIS2_000056,modjo health post,SNNPR,0.8241437077522278,modjo health center woreda:Hawassa region:SNNPR zone:Zone 1,modjo health post woreda:Hawassa region:SNNPR zone:Zone 4,confirmed
MFR_000433,modjo health center,SNNPR,DHIS2_000239,modj health center,SNNPR,0.7997956871986389,modjo health center woreda:Hawassa region:SNNPR zone:Zone 1,modj health center woreda:Hosaena region:SNNPR zone:Zone 1,confirmed
MFR_000433,modjo health center,SNNPR,DHIS2_000433,modjo health center,SNNPR,0.978016197681427,modjo health center woreda:Hawassa region:SNNPR zone:Zone 1,modjo health center woreda:Hawassa region:SNNPR zone:Zone 1,confirmed
MFR_000435,nifas silk health center,Oromia,DHIS2_000070,nifas silk health center,Oromia,0.7646528482437134,nifas silk health center woreda:Dukem region:Oromia zone:Zone 2,nifas silk health center woreda:Dire Dawa region:Oromia zone:Zone 2,confirmed
MFR_000435,nifas silk health center,Oromia,DHIS2_000479,nifas silk referral hospital,Oromia,0.7424088716506958,nifas silk health center woreda:Dukem region:Oromia zone:Zone 2,nifas silk referral hospital woreda:Bishoftu region:Oromia zone:Zone 2,confirmed
MFR_000435,nifas silk health center,Oromia,DHIS2_000435,nifas silk health center,Oromia,0.9417902827262878,nifas silk health center woreda:Dukem region:Oromia zone:Zone 2,nifas silk health center woreda:Dukem region:Oromia zone:Zone 2,confirmed
MFR_000437,modjo hospital,SNNPR,DHIS2_000437,modjo hospitalital,SNNPR,0.9596195220947266,modjo hospital woreda:Arba Minch region:SNNPR zone:Zone 2,modjo hospitalital woreda:Arba Minch region:SNNPR zone:Zone 2,confirmed
MFR_000438,kirkos health center,Amhara,DHIS2_000174,kirko clinic,Amhara,0.7524904608726501,kirkos health center woreda:Gondar region:Amhara zone:Zone 1,kirko clinic woreda:Mekelle region:Amhara zone:Zone 1,confirmed
MFR_000438,kirkos health center,Amhara,DHIS2_000324,kirkos clinic,Amhara,0.7720385193824768,kirkos health center woreda:Gondar region:Amhara zone:Zone 1,kirkos clinic woreda:Dessie region:Amhara zone:Zone 1,confirmed
MFR_000438,kirkos health center,Amhara,DHIS2_000353,kirkos dispensary,Amhara,0.7433200478553772,kirkos health center woreda:Gondar region:Amhara zone:Zone 1,kirkos dispensary woreda:Mekelle region:Amhara zone:Zone 1,confirmed
MFR_000438,kirkos health center,Amhara,DHIS2_000282,kirkos clinic,Amhara,0.8515863418579102,kirkos health center woreda:Gondar region:Amhara zone:Zone 1,kirkos clinic woreda:Gondar region:Amhara zone:Zone 2,confirmed
MFR_000438,kirkos health center,Amhara,DHIS2_000438,kirkos health center,Amhara,0.9572219252586365,kirkos health center woreda:Gondar region:Amhara zone:Zone 1,kirkos health center woreda:Gondar region:Amhara zone:Zone 1,confirmed
MFR_000438,kirkos health center,Amhara,DHIS2_000469,kirkos clinic,Amhara,0.8146631121635437,kirkos health center woreda:Gondar region:Amhara zone:Zone 1,kirkos clinic woreda:Gondar region:Amhara zone:Zone 3,confirmed
MFR_000439,hosaena referral hospital,Amhara,DHIS2_000439,hosaen referral hospitalital,Amhara,0.9083420038223267,hosaena referral hospital woreda:Dessie region:Amhara zone:Zone 3,hosaen referral hospitalital woreda:Dessie region:Amhara zone:Zone 3,confirmed
MFR_000440,adama health center,SNNPR,DHIS2_000492,adam health center,SNNPR,0.767641007900238,adama health center woreda:Hosaena region:SNNPR zone:Zone 1,adam health center woreda:Hawassa region:SNNPR zone:Zone 5,confirmed
MFR_000440,adama health center,SNNPR,DHIS2_000440,adama health center,SNNPR,0.9646603465080261,adama health center woreda:Hosaena region:SNNPR zone:Zone 1,adama health center woreda:Hosaena region:SNNPR zone:Zone 1,confirmed
MFR_000440,adama health center,SNNPR,DHIS2_000308,adama health post,SNNPR,0.856688916683197,adama health center woreda:Hosaena region:SNNPR zone:Zone 1,adama health post woreda:Butajira region:SNNPR zone:Zone 1,confirmed
MFR_000441,hawassa general hospital,Amhara,DHIS2_000441,hawassa general hospital,Amhara,0.9441847205162048,hawassa general hospital woreda:Bahir Dar region:Amhara zone:Zone 4,hawassa general hospital woreda:Bahir Dar region:Amhara zone:Zone 4,confirmed
MFR_000442,bahir dar clinic,Addis Ababa,DHIS2_000138,bahir dar clinic,Addis Ababa,0.7500011920928955,bahir dar clinic woreda:Addis Ketema region:Addis Ababa zone:Zone 2,bahir dar clinic woreda:Bole region:Addis Ababa zone:Zone 5,confirmed
MFR_000442,bahir dar clinic,Addis Ababa,DHIS2_000341,bahir dar hospital,Addis Ababa,0.7459539771080017,bahir dar clinic woreda:Addis Ketema region:Addis Ababa zone:Zone 2,bahir dar hospital woreda:Lideta region:Addis Ababa zone:Zone 4,confirmed
MFR_000442,bahir dar clinic,Addis Ababa,DHIS2_000447,bahir dar health center,Addis Ababa,0.755909264087677,bahir dar clinic woreda:Addis Ketema region:Addis Ababa zone:Zone 2,bahir dar health center woreda:Lideta region:Addis Ababa zone:Zone 3,confirmed
MFR_000442,bahir dar clinic,Addis Ababa,DHIS2_000041,bahir dar hospitalital,Addis Ababa,0.7680152058601379,bahir dar clinic woreda:Addis Ketema region:Addis Ababa zone:Zone 2,bahir dar hospitalital woreda:Arada region:Addis Ababa zone:Zone 3,confirmed
MFR_000443,hosaena hospital,Addis Ababa,DHIS2_000443,hosaena hospitalital,Addis Ababa,0.9791797995567322,hosaena hospital woreda:Lideta region:Addis Ababa zone:Zone 1,hosaena hospitalital woreda:Lideta region:Addis Ababa zone:Zone 1,confirmed
MFR_000444,adama referral hospital,Addis Ababa,DHIS2_000130,adama referral hospitalital,Addis Ababa,0.8883793354034424,adama referral hospital woreda:Arada region:Addis Ababa zone:Zone 5,adama referral hospitalital woreda:Nifas Silk region:Addis Ababa zone:Zone 5,confirmed
MFR_000445,bahir dar general hospital,Oromia,DHIS2_000183,bahir dar health center,Oromia,0.8154581189155579,bahir dar general hospital woreda:Adama region:Oromia zone:Zone 1,bahir dar health center woreda:Adama region:Oromia zone:Zone 5,confirmed
MFR_000445,bahir dar general hospital,Oromia,DHIS2_000295,bahir dar hospital,Oromia,0.8322287201881409,bahir dar general hospital woreda:Adama region:Oromia zone:Zone 1,bahir dar hospital woreda:Dire Dawa region:Oromia zone:Zone 1,confirmed
MFR_000447,bahir dar health center,Addis Ababa,DHIS2_000341,bahir dar hospital,Addis Ababa,0.7864557504653931,bahir dar health center woreda:Lideta region:Addis Ababa zone:Zone 3,bahir dar hospital woreda:Lideta region:Addis Ababa zone:Zone 4,confirmed
MFR_000447,bahir dar health center,Addis Ababa,DHIS2_000312,bahir dar health post,Addis Ababa,0.7537282109260559,bahir dar health center woreda:Lideta region:Addis Ababa zone:Zone 3,bahir dar health post woreda:Lideta region:Addis Ababa zone:Zone 5,confirmed
MFR_000447,bahir dar health center,Addis Ababa,DHIS2_000447,bahir dar health center,Addis Ababa,0.9713584184646606,bahir dar health center woreda:Lideta region:Addis Ababa zone:Zone 3,bahir dar health center woreda:Lideta region:Addis Ababa zone:Zone 3,confirmed
MFR_000447,bahir dar health center,Addis Ababa,DHIS2_000041,bahir dar hospitalital,Addis Ababa,0.8143879175186157,bahir dar health center woreda:Lideta region:Addis Ababa zone:Zone 3,bahir dar hospitalital woreda:Arada region:Addis Ababa zone:Zone 3,confirmed
MFR_000448,dukem health post,Oromia,DHIS2_000448,dukem health post,Oromia,0.9201450943946838,dukem health post woreda:Dukem region:Oromia zone:Zone 3,dukem health post woreda:Dukem region:Oromia zone:Zone 3,confirmed
MFR_000449,butajira clinic,Oromia,DHIS2_000449,butajira clinic,Oromia,0.9353448748588562,butajira clinic woreda:Bishoftu region:Oromia zone:Zone 3,butajira clinic woreda:Bishoftu region:Oromia zone:Zone 3,confirmed
MFR_000450,dukem health center,Amhara,DHIS2_000024,dukem health post,Amhara,0.7487637400627136,dukem health center woreda:Gondar region:Amhara zone:Zone 2,dukem health post woreda:Gondar region:Amhara zone:Zone 1,confirmed
MFR_000451,dessie health center,Amhara,DHIS2_000451,dessie health center,Amhara,0.9545356631278992,dessie health center woreda:Gondar region:Amhara zone:Zone 2,dessie health center woreda:Gondar region:Amhara zone:Zone 2,confirmed
MFR_000451,dessie health center,Amhara,DHIS2_000159,dessi health center,Amhara,0.7545545101165771,dessie health center woreda:Gondar region:Amhara zone:Zone 2,dessi health center woreda:Gondar region:Amhara zone:Zone 3,confirmed
MFR_000451,dessie health center,Amhara,DHIS2_000489,dessie health post,Amhara,0.7831789255142212,dessie health center woreda:Gondar region:Amhara zone:Zone 2,dessie health post woreda:Bahir Dar region:Amhara zone:Zone 2,confirmed
MFR_000452,kirkos health center,Oromia,DHIS2_000452,kirkos health center,Oromia,0.9839038848876953,kirkos health center woreda:Dire Dawa region:Oromia zone:Zone 1,kirkos health center woreda:Dire Dawa region:Oromia zone:Zone 1,confirmed
MFR_000452,kirkos health center,Oromia,DHIS2_000366,kirkos health center,Oromia,0.9839037656784058,kirkos health center woreda:Dire Dawa region:Oromia zone:Zone 1,kirkos health center woreda:Dire Dawa region:Oromia zone:Zone 1,confirmed
MFR_000452,kirkos health center,Oromia,DHIS2_000197,kirko hospitalital,Oromia,0.8632977604866028,kirkos health center woreda:Dire Dawa region:Oromia zone:Zone 1,kirko hospitalital woreda:Dire Dawa region:Oromia zone:Zone 2,confirmed
MFR_000453,modjo dispensary,SNNPR,DHIS2_000453,modjo dispensary,SNNPR,0.9227994084358215,modjo dispensary woreda:Hawassa region:SNNPR zone:Zone 3,modjo dispensary woreda:Hawassa region:SNNPR zone:Zone 3,confirmed
MFR_000454,adama referral hospital,Amhara,DHIS2_000454,adam referral hospitalital,Amhara,0.9292050004005432,adama referral hospital woreda:Mekelle region:Amhara zone:Zone 1,adam referral hospitalital woreda:Mekelle region:Amhara zone:Zone 1,confirmed
MFR_000454,adama referral hospital,Amhara,DHIS2_000310,adama hospital,Amhara,0.7926232218742371,adama referral hospital woreda:Mekelle region:Amhara zone:Zone 1,adama hospital woreda:Mekelle region:Amhara zone:Zone 4,confirmed
MFR_000455,nifas silk dispensary,Amhara,DHIS2_000455,nifas silk dispensary,Amhara,0.9418742060661316,nifas silk dispensary woreda:Gondar region:Amhara zone:Zone 1,nifas silk dispensary woreda:Gondar region:Amhara zone:Zone 1,confirmed
MFR_000455,nifas silk dispensary,Amhara,DHIS2_000126,nifas silk clinic,Amhara,0.7609606385231018,nifas silk dispensary woreda:Gondar region:Amhara zone:Zone 1,nifas silk clinic woreda:Dessie region:Amhara zone:Zone 1,confirmed
MFR_000456,modjo hospital,Oromia,DHIS2_000456,modj hospitalital,Oromia,0.9365224242210388,modjo hospital woreda:Modjo region:Oromia zone:Zone 2,modj hospitalital woreda:Modjo region:Oromia zone:Zone 2,confirmed
MFR_000456,modjo hospital,Oromia,DHIS2_000142,modjo general hospital,Oromia,0.9483759999275208,modjo hospital woreda:Modjo region:Oromia zone:Zone 2,modjo general hospital woreda:Dukem region:Oromia zone:Zone 2,confirmed
MFR_000456,modjo hospital,Oromia,DHIS2_000431,modjo health post,Oromia,0.871436357498169,modjo hospital woreda:Modjo region:Oromia zone:Zone 2,modjo health post woreda:Adama region:Oromia zone:Zone 2,confirmed
MFR_000458,dessie referral hospital,SNNPR,DHIS2_000315,dessie referral hospitalital,SNNPR,0.8362948894500732,dessie referral hospital woreda:Hawassa region:SNNPR zone:Zone 5,dessie referral hospitalital woreda:Arba Minch region:SNNPR zone:Zone 5,confirmed
MFR_000458,dessie referral hospital,SNNPR,DHIS2_000165,dessie referral hospital,SNNPR,0.7485759854316711,dessie referral hospital woreda:Hawassa region:SNNPR zone:Zone 5,dessie referral hospital woreda:Hawassa region:SNNPR zone:Zone 3,confirmed
MFR_000458,dessie referral hospital,SNNPR,DHIS2_000458,dessi referral hospital,SNNPR,0.8822497725486755,dessie referral hospital woreda:Hawassa region:SNNPR zone:Zone 5,dessi referral hospital woreda:Hawassa region:SNNPR zone:Zone 5,confirmed
MFR_000459,nifas silk clinic,Oromia,DHIS2_000181,nifas silk dispensary,Oromia,0.767453134059906,nifas silk clinic woreda:Modjo region:Oromia zone:Zone 3,nifas silk dispensary woreda:Modjo region:Oromia zone:Zone 2,confirmed
MFR_000461,bole clinic,Addis Ababa,DHIS2_000461,bole clinic,Addis Ababa,0.9610339403152466,bole clinic woreda:Bole region:Addis Ababa zone:Zone 2,bole clinic woreda:Bole region:Addis Ababa zone:Zone 2,confirmed
MFR_000461,bole clinic,Addis Ababa,DHIS2_000390,bole clinic,Addis Ababa,0.7464814186096191,bole clinic woreda:Bole region:Addis Ababa zone:Zone 2,bole clinic woreda:Nifas Silk region:Addis Ababa zone:Zone 5,confirmed
MFR_000462,dire dawa general hospital,Oromia,DHIS2_000462,dir dawa general hospitalital,Oromia,0.9360239505767822,dire dawa general hospital woreda:Dire Dawa region:Oromia zone:Zone 1,dir dawa general hospitalital woreda:Dire Dawa region:Oromia zone:Zone 1,confirmed
MFR_000462,dire dawa general hospital,Oromia,DHIS2_000132,dire dawa hospitalital,Oromia,0.8267332315444946,dire dawa general hospital woreda:Dire Dawa region:Oromia zone:Zone 1,dire dawa hospitalital woreda:Adama region:Oromia zone:Zone 3,confirmed
MFR_000462,dire dawa general hospital,Oromia,DHIS2_000026,dire dawa general hospitalital,Oromia,0.825327455997467,dire dawa general hospital woreda:Dire Dawa region:Oromia zone:Zone 1,dire dawa general hospitalital woreda:Dukem region:Oromia zone:Zone 4,confirmed
MFR_000462,dire dawa general hospital,Oromia,DHIS2_000207,dire dawa dispensary,Oromia,0.8298597931861877,dire dawa general hospital woreda:Dire Dawa region:Oromia zone:Zone 1,dire dawa dispensary woreda:Dire Dawa region:Oromia zone:Zone 2,confirmed
MFR_000463,kirkos health post,Oromia,DHIS2_000463,kirkos health post,Oromia,0.9533756971359253,kirkos health post woreda:Modjo region:Oromia zone:Zone 4,kirkos health post woreda:Modjo region:Oromia zone:Zone 4,confirmed
MFR_000464,modjo referral hospital,Addis Ababa,DHIS2_000464,modj referral hospital,Addis Ababa,0.9088817834854126,modjo referral hospital woreda:Arada region:Addis Ababa zone:Zone 3,modj referral hospital woreda:Arada region:Addis Ababa zone:Zone 3,confirmed
MFR_000465,bahir dar health center,SNNPR,DHIS2_000279,bahir dar general hospitalital,SNNPR,0.9102464914321899,bahir dar health center woreda:Hosaena region:SNNPR zone:Zone 2,bahir dar general hospitalital woreda:Hosaena region:SNNPR zone:Zone 2,confirmed
MFR_000465,bahir dar health center,SNNPR,DHIS2_000465,bahir dar health center,SNNPR,0.9505791068077087,bahir dar health center woreda:Hosaena region:SNNPR zone:Zone 2,bahir dar health center woreda:Hosaena region:SNNPR zone:Zone 2,confirmed
MFR_000465,bahir dar health center,SNNPR,DHIS2_000137,bahir dar health post,SNNPR,0.7758636474609375,bahir dar health center woreda:Hosaena region:SNNPR zone:Zone 2,bahir dar health post woreda:Hosaena region:SNNPR zone:Zone 1,confirmed
MFR_000465,bahir dar health center,SNNPR,DHIS2_000485,bahir dar general hospitalital,SNNPR,0.8424990773200989,bahir dar health center woreda:Hosaena region:SNNPR zone:Zone 2,bahir dar general hospitalital woreda:Arba Minch region:SNNPR zone:Zone 2,confirmed
MFR_000466,gondar referral hospital,Amhara,DHIS2_000466,gonda referral hospital,Amhara,0.9199309349060059,gondar referral hospital woreda:Bahir Dar region:Amhara zone:Zone 5,gonda referral hospital woreda:Bahir Dar region:Amhara zone:Zone 5,confirmed
MFR_000467,bahir dar hospital,SNNPR,DHIS2_000279,bahir dar general hospitalital,SNNPR,0.8877457976341248,bahir dar hospital woreda:Hawassa region:SNNPR zone:Zone 2,bahir dar general hospitalital woreda:Hosaena region:SNNPR zone:Zone 2,confirmed
MFR_000467,bahir dar hospital,SNNPR,DHIS2_000465,bahir dar health center,SNNPR,0.8836233019828796,bahir dar hospital woreda:Hawassa region:SNNPR zone:Zone 2,bahir dar health center woreda:Hosaena region:SNNPR zone:Zone 2,confirmed
MFR_000467,bahir dar hospital,SNNPR,DHIS2_000485,bahir dar general hospitalital,SNNPR,0.8425891995429993,bahir dar hospital woreda:Hawassa region:SNNPR zone:Zone 2,bahir dar general hospitalital woreda:Arba Minch region:SNNPR zone:Zone 2,confirmed
MFR_000468,hosaena general hospital,Addis Ababa,DHIS2_000468,hosaen general hospital,Addis Ababa,0.9340858459472656,hosaena general hospital woreda:Addis Ketema region:Addis Ababa zone:Zone 5,hosaen general hospital woreda:Addis Ketema region:Addis Ababa zone:Zone 5,confirmed
MFR_000469,kirkos clinic,Amhara,DHIS2_000282,kirkos clinic,Amhara,0.8001397848129272,kirkos clinic woreda:Gondar region:Amhara zone:Zone 3,kirkos clinic woreda:Gondar region:Amhara zone:Zone 2,confirmed
MFR_000469,kirkos clinic,Amhara,DHIS2_000371,kirkos clinic,Amhara,0.803858757019043,kirkos clinic woreda:Gondar region:Amhara zone:Zone 3,kirkos clinic woreda:Mekelle region:Amhara zone:Zone 3,confirmed
MFR_000469,kirkos clinic,Amhara,DHIS2_000469,kirkos clinic,Amhara,0.9246113300323486,kirkos clinic woreda:Gondar region:Amhara zone:Zone 3,kirkos clinic woreda:Gondar region:Amhara zone:Zone 3,confirmed
MFR_000470,nifas silk health center,Addis Ababa,DHIS2_000470,nifas silk health center,Addis Ababa,0.9550058245658875,nifas silk health center woreda:Arada region:Addis Ababa zone:Zone 3,nifas silk health center woreda:Arada region:Addis Ababa zone:Zone 3,confirmed
MFR_000471,dessie health post,Addis Ababa,DHIS2_000471,dessi health post,Addis Ababa,0.8766019940376282,dessie health post woreda:Nifas Silk region:Addis Ababa zone:Zone 5,dessi health post woreda:Nifas Silk region:Addis Ababa zone:Zone 5,confirmed
MFR_000472,modjo hospital,Oromia,DHIS2_000472,modj hospital,Oromia,0.9199872612953186,modjo hospital woreda:Bishoftu region:Oromia zone:Zone 5,modj hospital woreda:Bishoftu region:Oromia zone:Zone 5,confirmed
MFR_000473,gondar clinic,SNNPR,DHIS2_000040,gondar referral hospital,SNNPR,0.8316672444343567,gondar clinic woreda:Hosaena region:SNNPR zone:Zone 3,gondar referral hospital woreda:Butajira region:SNNPR zone:Zone 3,confirmed
MFR_000473,gondar clinic,SNNPR,DHIS2_000027,gondar hospital,SNNPR,0.8693801164627075,gondar clinic woreda:Hosaena region:SNNPR zone:Zone 3,gondar hospital woreda:Hawassa region:SNNPR zone:Zone 3,confirmed
MFR_000473,gondar clinic,SNNPR,DHIS2_000405,gondar hospitalital,SNNPR,0.9003913998603821,gondar clinic woreda:Hosaena region:SNNPR zone:Zone 3,gondar hospitalital woreda:Hosaena region:SNNPR zone:Zone 3,confirmed
MFR_000473,gondar clinic,SNNPR,DHIS2_000259,gondar clinic,SNNPR,0.8947348594665527,gondar clinic woreda:Hosaena region:SNNPR zone:Zone 3,gondar clinic woreda:Hawassa region:SNNPR zone:Zone 3,confirmed
MFR_000475,dessie dispensary,SNNPR,DHIS2_000475,dessie dispensary,SNNPR,0.9365986585617065,dessie dispensary woreda:Hosaena region:SNNPR zone:Zone 2,dessie dispensary woreda:Hosaena region:SNNPR zone:Zone 2,confirmed
MFR_000476,modjo hospital,Amhara,DHIS2_000476,modjo hospital,Amhara,0.9622591137886047,modjo hospital woreda:Bahir Dar region:Amhara zone:Zone 1,modjo hospital woreda:Bahir Dar region:Amhara zone:Zone 1,confirmed
MFR_000476,modjo hospital,Amhara,DHIS2_000483,modjo clinic,Amhara,0.9442146420478821,modjo hospital woreda:Bahir Dar region:Amhara zone:Zone 1,modjo clinic woreda:Bahir Dar region:Amhara zone:Zone 1,confirmed
MFR_000477,adama health center,Amhara,DHIS2_000204,adama health center,Amhara,0.7470733523368835,adama health center woreda:Dessie region:Amhara zone:Zone 3,adama health center woreda:Dessie region:Amhara zone:Zone 1,confirmed
MFR_000477,adama health center,Amhara,DHIS2_000477,adam health center,Amhara,0.9227399826049805,adama health center woreda:Dessie region:Amhara zone:Zone 3,adam health center woreda:Dessie region:Amhara zone:Zone 3,confirmed
MFR_000478,hosaena dispensary,Amhara,DHIS2_000378,hosaena dispensary,Amhara,0.7508906126022339,hosaena dispensary woreda:Bahir Dar region:Amhara zone:Zone 4,hosaena dispensary woreda:Bahir Dar region:Amhara zone:Zone 5,confirmed
MFR_000478,hosaena dispensary,Amhara,DHIS2_000478,hosaen dispensary,Amhara,0.9051840305328369,hosaena dispensary woreda:Bahir Dar region:Amhara zone:Zone 4,hosaen dispensary woreda:Bahir Dar region:Amhara zone:Zone 4,confirmed
MFR_000479,nifas silk referral hospital,Oromia,DHIS2_000479,nifas silk referral hospital,Oromia,0.9439687132835388,nifas silk referral hospital woreda:Bishoftu region:Oromia zone:Zone 2,nifas silk referral hospital woreda:Bishoftu region:Oromia zone:Zone 2,confirmed
MFR_000480,hosaena clinic,Amhara,DHIS2_000480,hosaena clinic,Amhara,0.9371339678764343,hosaena clinic woreda:Bahir Dar region:Amhara zone:Zone 2,hosaena clinic woreda:Bahir Dar region:Amhara zone:Zone 2,confirmed
MFR_000480,hosaena clinic,Amhara,DHIS2_000119,hosaena general hospitalital,Amhara,0.9005464911460876,hosaena clinic woreda:Bahir Dar region:Amhara zone:Zone 2,hosaena general hospitalital woreda:Bahir Dar region:Amhara zone:Zone 2,confirmed
MFR_000482,butajira clinic,SNNPR,DHIS2_000389,butajira clinic,SNNPR,0.77419114112854,butajira clinic woreda:Arba Minch region:SNNPR zone:Zone 3,butajira clinic woreda:Butajira region:SNNPR zone:Zone 3,confirmed
MFR_000482,butajira clinic,SNNPR,DHIS2_000176,butajir health center,SNNPR,0.8525210618972778,butajira clinic woreda:Arba Minch region:SNNPR zone:Zone 3,butajir health center woreda:Arba Minch region:SNNPR zone:Zone 3,confirmed
MFR_000482,butajira clinic,SNNPR,DHIS2_000482,butajira clinic,SNNPR,0.946263313293457,butajira clinic woreda:Arba Minch region:SNNPR zone:Zone 3,butajira clinic woreda:Arba Minch region:SNNPR zone:Zone 3,confirmed
MFR_000483,modjo clinic,Amhara,DHIS2_000476,modjo hospital,Amhara,0.9243842363357544,modjo clinic woreda:Bahir Dar region:Amhara zone:Zone 1,modjo hospital woreda:Bahir Dar region:Amhara zone:Zone 1,confirmed
MFR_000483,modjo clinic,Amhara,DHIS2_000483,modjo clinic,Amhara,0.954323410987854,modjo clinic woreda:Bahir Dar region:Amhara zone:Zone 1,modjo clinic woreda:Bahir Dar region:Amhara zone:Zone 1,confirmed
MFR_000484,kirkos health center,Oromia,DHIS2_000333,kirkos clinic,Oromia,0.7721928358078003,kirkos health center woreda:Bishoftu region:Oromia zone:Zone 5,kirkos clinic woreda:Bishoftu region:Oromia zone:Zone 4,confirmed
MFR_000485,bahir dar general hospital,SNNPR,DHIS2_000279,bahir dar general hospitalital,SNNPR,0.8082917332649231,bahir dar general hospital woreda:Arba Minch region:SNNPR zone:Zone 2,bahir dar general hospitalital woreda:Hosaena region:SNNPR zone:Zone 2,confirmed
MFR_000485,bahir dar general hospital,SNNPR,DHIS2_000465,bahir dar health center,SNNPR,0.7694056630134583,bahir dar general hospital woreda:Arba Minch region:SNNPR zone:Zone 2,bahir dar health center woreda:Hosaena region:SNNPR zone:Zone 2,confirmed
MFR_000485,bahir dar general hospital,SNNPR,DHIS2_000485,bahir dar general hospitalital,SNNPR,0.9511399865150452,bahir dar general hospital woreda:Arba Minch region:SNNPR zone:Zone 2,bahir dar general hospitalital woreda:Arba Minch region:SNNPR zone:Zone 2,confirmed
MFR_000486,gondar health center,Addis Ababa,DHIS2_000486,gondar health center,Addis Ababa,0.9587897062301636,gondar health center woreda:Nifas Silk region:Addis Ababa zone:Zone 4,gondar health center woreda:Nifas Silk region:Addis Ababa zone:Zone 4,confirmed
MFR_000486,gondar health center,Addis Ababa,DHIS2_000203,gondar hospital,Addis Ababa,0.7550477385520935,gondar health center woreda:Nifas Silk region:Addis Ababa zone:Zone 4,gondar hospital woreda:Nifas Silk region:Addis Ababa zone:Zone 2,confirmed
MFR_000488,gondar clinic,Amhara,DHIS2_000488,gondar clinic,Amhara,0.9365964531898499,gondar clinic woreda:Gondar region:Amhara zone:Zone 4,gondar clinic woreda:Gondar region:Amhara zone:Zone 4,confirmed
MFR_000489,dessie health post,Amhara,DHIS2_000285,dessie health center,Amhara,0.7673789262771606,dessie health post woreda:Bahir Dar region:Amhara zone:Zone 2,dessie health center woreda:Bahir Dar region:Amhara zone:Zone 1,confirmed
MFR_000489,dessie health post,Amhara,DHIS2_000489,dessie health post,Amhara,0.9482786655426025,dessie health post woreda:Bahir Dar region:Amhara zone:Zone 2,dessie health post woreda:Bahir Dar region:Amhara zone:Zone 2,confirmed
MFR_000490,bahir dar hospital,Oromia,DHIS2_000490,bahir dar hospital,Oromia,0.965833306312561,bahir dar hospital woreda:Modjo region:Oromia zone:Zone 3,bahir dar hospital woreda:Modjo region:Oromia zone:Zone 3,confirmed
MFR_000491,addis ababa general hospital,Oromia,DHIS2_000317,addis ababa clinic,Oromia,0.7418504357337952,addis ababa general hospital woreda:Adama region:Oromia zone:Zone 2,addis ababa clinic woreda:Adama region:Oromia zone:Zone 1,confirmed
MFR_000491,addis ababa general hospital,Oromia,DHIS2_000491,addis ababa general hospital,Oromia,0.9387999773025513,addis ababa general hospital woreda:Adama region:Oromia zone:Zone 2,addis ababa general hospital woreda:Adama region:Oromia zone:Zone 2,confirmed
MFR_000491,addis ababa general hospital,Oromia,DHIS2_000313,addis ababa hospitalital,Oromia,0.8173261284828186,addis ababa general hospital woreda:Adama region:Oromia zone:Zone 2,addis ababa hospitalital woreda:Bishoftu region:Oromia zone:Zone 2,confirmed
MFR_000492,adama health center,SNNPR,DHIS2_000492,adam health center,SNNPR,0.9543997645378113,adama health center woreda:Hawassa region:SNNPR zone:Zone 5,adam health center woreda:Hawassa region:SNNPR zone:Zone 5,confirmed
MFR_000493,butajira health post,Amhara,DHIS2_000039,butajira health post,Amhara,0.9307059049606323,butajira health post woreda:Bahir Dar region:Amhara zone:Zone 3,butajira health post woreda:Bahir Dar region:Amhara zone:Zone 3,confirmed
MFR_000494,hawassa general hospital,Addis Ababa,DHIS2_000494,hawassa general hospital,Addis Ababa,0.9683746695518494,hawassa general hospital woreda:Nifas Silk region:Addis Ababa zone:Zone 5,hawassa general hospital woreda:Nifas Silk region:Addis Ababa zone:Zone 5,confirmed
MFR_000495,kirkos referral hospital,Addis Ababa,DHIS2_000112,kirkos dispensary,Addis Ababa,0.8706170916557312,kirkos referral hospital woreda:Bole region:Addis Ababa zone:Zone 4,kirkos dispensary woreda:Bole region:Addis Ababa zone:Zone 4,confirmed
MFR_000496,dessie referral hospital,Amhara,DHIS2_000496,dessi referral hospital,Amhara,0.8839821219444275,dessie referral hospital woreda:Bahir Dar region:Amhara zone:Zone 4,dessi referral hospital woreda:Bahir Dar region:Amhara zone:Zone 4,confirmed
MFR_000498,dire dawa health post,SNNPR,DHIS2_000498,dir dawa health post,SNNPR,0.9069004058837891,dire dawa health post woreda:Arba Minch region:SNNPR zone:Zone 5,dir dawa health post woreda:Arba Minch region:SNNPR zone:Zone 5,confirmed
MFR_000499,bole dispensary,Addis Ababa,DHIS2_000499,bole dispensary,Addis Ababa,0.9536546468734741,bole dispensary woreda:Lideta region:Addis Ababa zone:Zone 4,bole dispensary woreda:Lideta region:Addis Ababa zone:Zone 4,confirmed
MFR_000500,hawassa health center,Addis Ababa,DHIS2_000196,hawassa health center,Addis Ababa,0.8218086361885071,hawassa health center woreda:Kirkos region:Addis Ababa zone:Zone 1,hawassa health center woreda:Addis Ketema region:Addis Ababa zone:Zone 1,confirmed
MFR_000500,hawassa health center,Addis Ababa,DHIS2_000379,hawassa general hospitalital,Addis Ababa,0.7871822714805603,hawassa health center woreda:Kirkos region:Addis Ababa zone:Zone 1,hawassa general hospitalital woreda:Kirkos region:Addis Ababa zone:Zone 5,confirmed
MFR_000500,hawassa health center,Addis Ababa,DHIS2_000048,hawassa health post,Addis Ababa,0.7934912443161011,hawassa health center woreda:Kirkos region:Addis Ababa zone:Zone 1,hawassa health post woreda:Addis Ketema region:Addis Ababa zone:Zone 1,confirmed
