,,name_exact,name_levenshtein,name_jaro_winkler,name_cosine,region_exact,woreda_exact,feature_sum,feature_mean
0,46,1,1.0,1.0,1.0,1,1,6.0,1.7142857142857142
1,420,1,1.0,1.0,1.0,1,1,6.0,1.7142857142857142
2,89,0,1.0,1.0,1.0,1,1,5.0,1.4285714285714286
2,114,0,0.0,1.0,1.0,1,1,4.0,1.1428571428571428
2,304,0,0.0,1.0,1.0,1,1,4.0,1.1428571428571428
2,342,0,1.0,1.0,1.0,1,0,4.0,1.1428571428571428
2,366,0,1.0,1.0,1.0,1,0,4.0,1.1428571428571428
3,11,0,0.0,1.0,1.0,1,0,3.0,0.8571428571428571
3,51,0,1.0,1.0,1.0,1,0,4.0,1.1428571428571428
3,172,0,0.0,1.0,1.0,1,0,3.0,0.8571428571428571
3,291,0,0.0,1.0,1.0,1,0,3.0,0.8571428571428571
3,408,1,1.0,1.0,1.0,1,0,5.0,1.4285714285714286
4,153,0,1.0,1.0,1.0,1,0,4.0,1.1428571428571428
4,257,1,1.0,1.0,1.0,1,0,5.0,1.4285714285714286
4,352,0,1.0,1.0,1.0,1,1,5.0,1.4285714285714286
4,359,0,0.0,1.0,0.0,1,0,2.0,0.5714285714285714
4,379,0,1.0,1.0,1.0,1,0,4.0,1.1428571428571428
5,150,1,1.0,1.0,1.0,1,1,6.0,1.7142857142857142
5,263,0,0.0,1.0,0.0,1,1,3.0,0.8571428571428571
5,346,0,0.0,1.0,0.0,1,0,2.0,0.5714285714285714
5,418,0,0.0,1.0,0.0,1,0,2.0,0.5714285714285714
6,96,0,1.0,1.0,1.0,1,0,4.0,1.1428571428571428
6,233,0,1.0,1.0,1.0,1,1,5.0,1.4285714285714286
7,146,1,1.0,1.0,1.0,1,0,5.0,1.4285714285714286
7,167,1,1.0,1.0,1.0,1,1,6.0,1.7142857142857142
7,314,0,1.0,1.0,1.0,1,1,5.0,1.4285714285714286
8,64,1,1.0,1.0,1.0,1,0,5.0,1.4285714285714286
8,67,0,0.0,1.0,0.0,1,1,3.0,0.8571428571428571
8,107,1,1.0,1.0,1.0,1,0,5.0,1.4285714285714286
8,382,1,1.0,1.0,1.0,1,1,6.0,1.7142857142857142
9,10,1,1.0,1.0,1.0,1,1,6.0,1.7142857142857142
9,106,1,1.0,1.0,1.0,1,0,5.0,1.4285714285714286
9,132,0,1.0,1.0,1.0,1,0,4.0,1.1428571428571428
9,417,0,1.0,1.0,1.0,1,1,5.0,1.4285714285714286
10,243,1,1.0,1.0,1.0,1,1,6.0,1.7142857142857142
11,17,0,0.0,1.0,0.0,1,0,2.0,0.5714285714285714
11,47,0,1.0,1.0,1.0,1,1,5.0,1.4285714285714286
11,54,0,0.0,1.0,0.0,1,0,2.0,0.5714285714285714
11,134,0,0.0,1.0,0.0,1,0,2.0,0.5714285714285714
11,255,0,0.0,1.0,1.0,1,1,4.0,1.1428571428571428
11,258,0,0.0,1.0,0.0,1,1,3.0,0.8571428571428571
11,282,0,0.0,1.0,0.0,1,1,3.0,0.8571428571428571
11,335,0,1.0,1.0,1.0,1,0,4.0,1.1428571428571428
11,407,0,1.0,1.0,0.0,1,0,3.0,0.8571428571428571
11,409,0,0.0,1.0,0.0,1,0,2.0,0.5714285714285714
12,18,0,1.0,1.0,1.0,1,0,4.0,1.1428571428571428
12,20,0,1.0,1.0,1.0,1,0,4.0,1.1428571428571428
12,88,0,1.0,1.0,1.0,1,0,4.0,1.1428571428571428
12,90,0,0.0,1.0,1.0,1,0,3.0,0.8571428571428571
12,216,0,0.0,1.0,1.0,1,0,3.0,0.8571428571428571
12,331,0,1.0,1.0,1.0,1,1,5.0,1.4285714285714286
13,259,1,1.0,1.0,1.0,1,1,6.0,1.7142857142857142
14,188,1,1.0,1.0,1.0,1,0,5.0,1.4285714285714286
14,229,0,1.0,1.0,1.0,1,0,4.0,1.1428571428571428
14,244,0,1.0,1.0,1.0,1,0,4.0,1.1428571428571428
14,351,1,1.0,1.0,1.0,1,0,5.0,1.4285714285714286
14,387,1,1.0,1.0,1.0,1,1,6.0,1.7142857142857142
15,65,0,0.0,1.0,0.0,1,0,2.0,0.5714285714285714
15,166,0,0.0,1.0,0.0,1,1,3.0,0.8571428571428571
15,182,0,0.0,1.0,0.0,1,0,2.0,0.5714285714285714
15,306,0,0.0,1.0,0.0,1,1,3.0,0.8571428571428571
15,311,0,0.0,1.0,0.0,1,0,2.0,0.5714285714285714
15,315,0,0.0,1.0,0.0,1,0,2.0,0.5714285714285714
15,327,0,0.0,1.0,0.0,1,1,3.0,0.8571428571428571
15,350,0,0.0,1.0,0.0,1,0,2.0,0.5714285714285714
16,153,0,1.0,1.0,1.0,1,1,5.0,1.4285714285714286
16,257,1,1.0,1.0,1.0,1,0,5.0,1.4285714285714286
16,352,0,1.0,1.0,1.0,1,0,4.0,1.1428571428571428
16,359,0,0.0,1.0,0.0,1,0,2.0,0.5714285714285714
16,379,0,1.0,1.0,1.0,1,0,4.0,1.1428571428571428
17,50,1,1.0,1.0,1.0,1,0,5.0,1.4285714285714286
17,138,0,1.0,1.0,1.0,1,1,5.0,1.4285714285714286
17,266,0,0.0,1.0,1.0,1,0,3.0,0.8571428571428571
18,57,0,1.0,1.0,1.0,1,1,5.0,1.4285714285714286
18,112,1,1.0,1.0,1.0,1,0,5.0,1.4285714285714286
19,79,0,1.0,1.0,1.0,1,0,4.0,1.1428571428571428
19,102,0,1.0,1.0,1.0,1,1,5.0,1.4285714285714286
19,239,0,1.0,1.0,1.0,1,0,4.0,1.1428571428571428
19,298,0,0.0,1.0,0.0,1,0,2.0,0.5714285714285714
19,333,0,0.0,1.0,0.0,1,1,3.0,0.8571428571428571
20,89,0,1.0,1.0,1.0,1,1,5.0,1.4285714285714286
20,114,0,0.0,1.0,0.0,1,1,3.0,0.8571428571428571
20,304,0,0.0,1.0,0.0,1,1,3.0,0.8571428571428571
20,342,0,1.0,1.0,1.0,1,0,4.0,1.1428571428571428
20,366,0,0.0,1.0,0.0,1,0,2.0,0.5714285714285714
21,39,0,1.0,1.0,1.0,1,0,4.0,1.1428571428571428
21,129,0,0.0,1.0,0.0,1,0,2.0,0.5714285714285714
21,184,0,0.0,1.0,0.0,1,0,2.0,0.5714285714285714
21,206,0,0.0,1.0,0.0,1,0,2.0,0.5714285714285714
21,279,0,0.0,1.0,0.0,1,1,3.0,0.8571428571428571
21,370,0,0.0,1.0,0.0,1,0,2.0,0.5714285714285714
22,49,1,1.0,1.0,1.0,1,1,6.0,1.7142857142857142
22,55,0,1.0,1.0,1.0,1,0,4.0,1.1428571428571428
22,68,0,1.0,1.0,1.0,1,1,5.0,1.4285714285714286
22,297,1,1.0,1.0,1.0,1,0,5.0,1.4285714285714286
23,146,1,1.0,1.0,1.0,1,1,6.0,1.7142857142857142
23,167,1,1.0,1.0,1.0,1,0,5.0,1.4285714285714286
23,314,0,1.0,1.0,1.0,1,0,4.0,1.1428571428571428
24,137,1,1.0,1.0,1.0,1,1,6.0,1.7142857142857142
24,173,0,0.0,1.0,0.0,1,0,2.0,0.5714285714285714
24,245,0,1.0,1.0,1.0,1,0,4.0,1.1428571428571428
24,280,0,1.0,1.0,1.0,1,0,4.0,1.1428571428571428
24,363,0,1.0,1.0,1.0,1,0,4.0,1.1428571428571428
25,25,0,1.0,1.0,1.0,1,0,4.0,1.1428571428571428
25,52,0,0.0,1.0,1.0,1,0,3.0,0.8571428571428571
25,113,0,1.0,1.0,1.0,1,1,5.0,1.4285714285714286
25,348,0,0.0,1.0,0.0,1,0,2.0,0.5714285714285714
26,65,0,1.0,1.0,1.0,1,0,4.0,1.1428571428571428
26,166,1,1.0,1.0,1.0,1,1,6.0,1.7142857142857142
26,182,0,1.0,1.0,1.0,1,0,4.0,1.1428571428571428
26,306,0,0.0,1.0,0.0,1,1,3.0,0.8571428571428571
26,311,0,0.0,1.0,0.0,1,0,2.0,0.5714285714285714
26,315,0,0.0,1.0,1.0,1,0,3.0,0.8571428571428571
26,327,0,1.0,1.0,1.0,1,1,5.0,1.4285714285714286
26,350,0,0.0,1.0,0.0,1,0,2.0,0.5714285714285714
27,39,0,1.0,1.0,0.0,1,0,3.0,0.8571428571428571
27,129,0,0.0,1.0,0.0,1,0,2.0,0.5714285714285714
27,184,0,0.0,1.0,0.0,1,0,2.0,0.5714285714285714
27,197,0,0.0,1.0,0.0,1,0,2.0,0.5714285714285714
27,206,0,0.0,1.0,0.0,1,1,3.0,0.8571428571428571
27,279,1,1.0,1.0,1.0,1,0,5.0,1.4285714285714286
27,370,1,1.0,1.0,1.0,1,1,6.0,1.7142857142857142
28,79,0,0.0,1.0,0.0,1,0,2.0,0.5714285714285714
28,102,0,0.0,1.0,0.0,1,1,3.0,0.8571428571428571
28,239,0,0.0,1.0,0.0,1,0,2.0,0.5714285714285714
28,298,0,0.0,1.0,0.0,1,0,2.0,0.5714285714285714
28,333,1,1.0,1.0,1.0,1,1,6.0,1.7142857142857142
29,97,1,1.0,1.0,1.0,1,1,6.0,1.7142857142857142
29,163,1,1.0,1.0,1.0,1,1,6.0,1.7142857142857142
29,294,0,1.0,1.0,1.0,1,0,4.0,1.1428571428571428
29,376,0,0.0,1.0,0.0,1,0,2.0,0.5714285714285714
30,17,0,1.0,1.0,1.0,1,1,5.0,1.4285714285714286
30,47,0,0.0,1.0,0.0,1,0,2.0,0.5714285714285714
30,54,0,0.0,1.0,0.0,1,1,3.0,0.8571428571428571
30,134,0,0.0,1.0,0.0,1,0,2.0,0.5714285714285714
30,255,0,0.0,1.0,0.0,1,0,2.0,0.5714285714285714
30,258,0,0.0,1.0,0.0,1,0,2.0,0.5714285714285714
30,282,0,0.0,1.0,0.0,1,0,2.0,0.5714285714285714
30,335,0,0.0,1.0,0.0,1,0,2.0,0.5714285714285714
30,407,0,0.0,1.0,0.0,1,0,2.0,0.5714285714285714
30,409,1,1.0,1.0,1.0,1,0,5.0,1.4285714285714286
31,52,0,0.0,1.0,1.0,1,0,3.0,0.8571428571428571
31,130,0,1.0,1.0,1.0,1,1,5.0,1.4285714285714286
32,33,0,0.0,1.0,0.0,1,0,2.0,0.5714285714285714
32,62,0,0.0,1.0,0.0,1,0,2.0,0.5714285714285714
32,70,0,0.0,1.0,0.0,1,0,2.0,0.5714285714285714
32,115,0,0.0,1.0,0.0,1,0,2.0,0.5714285714285714
32,164,0,1.0,1.0,1.0,1,0,4.0,1.1428571428571428
32,318,0,0.0,1.0,0.0,1,0,2.0,0.5714285714285714
32,341,0,0.0,1.0,0.0,1,1,3.0,0.8571428571428571
32,391,0,0.0,1.0,0.0,1,0,2.0,0.5714285714285714
33,1,0,0.0,1.0,0.0,1,0,2.0,0.5714285714285714
33,24,0,0.0,1.0,0.0,1,0,2.0,0.5714285714285714
33,44,0,1.0,1.0,1.0,1,1,5.0,1.4285714285714286
33,125,0,0.0,1.0,0.0,1,1,3.0,0.8571428571428571
33,230,0,0.0,1.0,0.0,1,0,2.0,0.5714285714285714
33,277,0,0.0,1.0,0.0,1,0,2.0,0.5714285714285714
34,110,0,0.0,1.0,1.0,1,0,3.0,0.8571428571428571
34,121,0,0.0,1.0,0.0,1,0,2.0,0.5714285714285714
34,214,1,1.0,1.0,1.0,1,0,5.0,1.4285714285714286
34,286,1,1.0,1.0,1.0,1,0,5.0,1.4285714285714286
34,293,0,0.0,1.0,1.0,1,0,3.0,0.8571428571428571
34,302,0,1.0,1.0,1.0,1,0,4.0,1.1428571428571428
34,369,1,1.0,1.0,1.0,1,0,5.0,1.4285714285714286
34,389,0,0.0,1.0,0.0,1,0,2.0,0.5714285714285714
35,168,0,1.0,1.0,1.0,1,0,4.0,1.1428571428571428
35,332,1,1.0,1.0,1.0,1,1,6.0,1.7142857142857142
35,415,0,1.0,1.0,1.0,1,0,4.0,1.1428571428571428
36,123,0,1.0,1.0,1.0,1,1,5.0,1.4285714285714286
36,222,0,1.0,1.0,1.0,1,1,5.0,1.4285714285714286
37,19,0,1.0,1.0,1.0,1,0,4.0,1.1428571428571428
37,59,1,1.0,1.0,1.0,1,1,6.0,1.7142857142857142
37,75,1,1.0,1.0,1.0,1,1,6.0,1.7142857142857142
37,113,0,0.0,1.0,0.0,1,1,3.0,0.8571428571428571
37,170,1,1.0,1.0,1.0,1,1,6.0,1.7142857142857142
38,94,0,0.0,1.0,0.0,1,1,3.0,0.8571428571428571
38,103,0,0.0,1.0,1.0,1,0,3.0,0.8571428571428571
38,140,0,0.0,1.0,0.0,1,0,2.0,0.5714285714285714
38,205,0,1.0,1.0,1.0,1,0,4.0,1.1428571428571428
38,210,0,1.0,1.0,1.0,1,0,4.0,1.1428571428571428
38,212,0,1.0,1.0,1.0,1,0,4.0,1.1428571428571428
38,247,1,1.0,1.0,1.0,1,1,6.0,1.7142857142857142
38,276,0,0.0,1.0,0.0,1,0,2.0,0.5714285714285714
38,292,1,1.0,1.0,1.0,1,0,5.0,1.4285714285714286
38,374,0,0.0,1.0,0.0,1,0,2.0,0.5714285714285714
38,377,0,0.0,1.0,0.0,1,0,2.0,0.5714285714285714
38,393,1,1.0,1.0,1.0,1,0,5.0,1.4285714285714286
39,65,1,1.0,1.0,1.0,1,1,6.0,1.7142857142857142
39,166,0,1.0,1.0,1.0,1,0,4.0,1.1428571428571428
39,182,0,0.0,1.0,1.0,1,0,3.0,0.8571428571428571
39,306,0,0.0,1.0,0.0,1,0,2.0,0.5714285714285714
39,311,0,0.0,1.0,0.0,1,1,3.0,0.8571428571428571
39,315,0,1.0,1.0,1.0,1,0,4.0,1.1428571428571428
39,327,0,1.0,1.0,1.0,1,0,4.0,1.1428571428571428
39,350,0,0.0,1.0,0.0,1,1,3.0,0.8571428571428571
40,110,0,1.0,1.0,1.0,1,0,4.0,1.1428571428571428
40,121,0,0.0,1.0,1.0,1,0,3.0,0.8571428571428571
40,214,0,0.0,1.0,1.0,1,1,4.0,1.1428571428571428
40,286,0,0.0,1.0,1.0,1,0,3.0,0.8571428571428571
40,293,1,1.0,1.0,1.0,1,0,5.0,1.4285714285714286
40,302,0,0.0,1.0,1.0,1,0,3.0,0.8571428571428571
40,369,0,0.0,1.0,1.0,1,0,3.0,0.8571428571428571
40,389,0,1.0,1.0,1.0,1,1,5.0,1.4285714285714286
41,9,1,1.0,1.0,1.0,1,0,5.0,1.4285714285714286
41,151,1,1.0,1.0,1.0,1,0,5.0,1.4285714285714286
41,237,0,1.0,1.0,1.0,1,0,4.0,1.1428571428571428
41,242,0,1.0,1.0,1.0,1,0,4.0,1.1428571428571428
41,246,0,1.0,1.0,1.0,1,0,4.0,1.1428571428571428
41,278,1,1.0,1.0,1.0,1,0,5.0,1.4285714285714286
41,345,1,1.0,1.0,1.0,1,1,6.0,1.7142857142857142
41,356,0,0.0,1.0,0.0,1,0,2.0,0.5714285714285714
41,404,0,1.0,1.0,1.0,1,0,4.0,1.1428571428571428
42,66,0,0.0,1.0,0.0,1,0,2.0,0.5714285714285714
42,104,0,0.0,1.0,0.0,1,0,2.0,0.5714285714285714
42,119,0,1.0,1.0,1.0,1,1,5.0,1.4285714285714286
42,154,0,0.0,1.0,1.0,1,0,3.0,0.8571428571428571
42,186,0,0.0,1.0,0.0,1,0,2.0,0.5714285714285714
42,223,0,1.0,1.0,1.0,1,0,4.0,1.1428571428571428
42,349,0,0.0,1.0,0.0,1,1,3.0,0.8571428571428571
43,38,0,0.0,1.0,1.0,1,0,3.0,0.8571428571428571
43,329,0,0.0,1.0,1.0,1,0,3.0,0.8571428571428571
43,411,1,1.0,1.0,1.0,1,1,6.0,1.7142857142857142
44,33,0,0.0,1.0,0.0,1,0,2.0,0.5714285714285714
44,62,0,0.0,1.0,0.0,1,0,2.0,0.5714285714285714
44,70,0,0.0,1.0,0.0,1,0,2.0,0.5714285714285714
44,115,0,0.0,1.0,0.0,1,1,3.0,0.8571428571428571
44,164,0,0.0,1.0,0.0,1,1,3.0,0.8571428571428571
44,318,0,0.0,1.0,0.0,1,0,2.0,0.5714285714285714
44,341,0,1.0,1.0,1.0,1,0,4.0,1.1428571428571428
44,391,0,0.0,1.0,0.0,1,1,3.0,0.8571428571428571
45,37,0,1.0,1.0,1.0,1,0,4.0,1.1428571428571428
45,40,0,0.0,1.0,0.0,1,0,2.0,0.5714285714285714
45,152,0,1.0,1.0,1.0,1,1,5.0,1.4285714285714286
45,281,0,0.0,1.0,0.0,1,0,2.0,0.5714285714285714
45,303,0,1.0,1.0,1.0,1,1,5.0,1.4285714285714286
46,64,0,0.0,1.0,0.0,1,0,2.0,0.5714285714285714
46,67,0,1.0,1.0,1.0,1,1,5.0,1.4285714285714286
46,107,0,0.0,1.0,0.0,1,0,2.0,0.5714285714285714
46,382,0,0.0,1.0,0.0,1,1,3.0,0.8571428571428571
47,22,0,1.0,1.0,1.0,1,1,5.0,1.4285714285714286
47,116,0,1.0,1.0,1.0,1,0,4.0,1.1428571428571428
47,181,0,1.0,1.0,1.0,1,1,5.0,1.4285714285714286
47,364,1,1.0,1.0,1.0,1,1,6.0,1.7142857142857142
48,17,0,0.0,1.0,0.0,1,1,3.0,0.8571428571428571
48,47,0,0.0,1.0,1.0,1,0,3.0,0.8571428571428571
48,54,0,0.0,1.0,0.0,1,1,3.0,0.8571428571428571
48,134,0,0.0,1.0,0.0,1,0,2.0,0.5714285714285714
48,255,0,1.0,1.0,1.0,1,0,4.0,1.1428571428571428
48,258,0,0.0,1.0,0.0,1,0,2.0,0.5714285714285714
48,282,0,0.0,1.0,0.0,1,0,2.0,0.5714285714285714
48,335,0,1.0,1.0,1.0,1,0,4.0,1.1428571428571428
48,407,0,0.0,1.0,0.0,1,0,2.0,0.5714285714285714
48,409,0,0.0,1.0,0.0,1,0,2.0,0.5714285714285714
49,18,0,0.0,1.0,1.0,1,0,3.0,0.8571428571428571
49,20,0,1.0,1.0,1.0,1,0,4.0,1.1428571428571428
49,88,0,0.0,1.0,1.0,1,1,4.0,1.1428571428571428
49,90,0,1.0,1.0,1.0,1,0,4.0,1.1428571428571428
49,216,0,1.0,1.0,1.0,1,0,4.0,1.1428571428571428
49,331,0,0.0,1.0,1.0,1,0,3.0,0.8571428571428571
50,35,1,1.0,1.0,1.0,1,0,5.0,1.4285714285714286
51,224,0,0.0,1.0,0.0,1,0,2.0,0.5714285714285714
51,225,1,1.0,1.0,1.0,1,0,5.0,1.4285714285714286
51,340,1,1.0,1.0,1.0,1,1,6.0,1.7142857142857142
52,41,1,1.0,1.0,1.0,1,0,5.0,1.4285714285714286
52,313,0,0.0,1.0,0.0,1,0,2.0,0.5714285714285714
52,354,0,0.0,1.0,0.0,1,0,2.0,0.5714285714285714
52,360,0,0.0,1.0,0.0,1,0,2.0,0.5714285714285714
52,362,0,0.0,1.0,0.0,1,0,2.0,0.5714285714285714
53,133,0,1.0,1.0,1.0,1,0,4.0,1.1428571428571428
53,139,0,1.0,1.0,0.0,1,0,3.0,0.8571428571428571
53,150,0,0.0,1.0,0.0,1,0,2.0,0.5714285714285714
53,162,0,1.0,1.0,0.0,1,0,3.0,0.8571428571428571
53,192,0,1.0,1.0,0.0,1,0,3.0,0.8571428571428571
53,263,1,1.0,1.0,1.0,1,0,5.0,1.4285714285714286
53,268,0,1.0,1.0,1.0,1,0,4.0,1.1428571428571428
53,418,1,1.0,1.0,1.0,1,1,6.0,1.7142857142857142
54,217,0,1.0,1.0,1.0,1,0,4.0,1.1428571428571428
54,269,0,0.0,1.0,0.0,1,0,2.0,0.5714285714285714
54,373,0,0.0,1.0,0.0,1,0,2.0,0.5714285714285714
55,49,0,1.0,1.0,1.0,1,0,4.0,1.1428571428571428
55,55,1,1.0,1.0,1.0,1,1,6.0,1.7142857142857142
55,68,0,1.0,1.0,0.0,1,0,3.0,0.8571428571428571
55,297,0,1.0,1.0,1.0,1,1,5.0,1.4285714285714286
56,31,0,0.0,1.0,0.0,1,0,2.0,0.5714285714285714
56,105,1,1.0,1.0,1.0,1,1,6.0,1.7142857142857142
56,128,0,0.0,1.0,0.0,1,0,2.0,0.5714285714285714
56,295,0,1.0,1.0,1.0,1,0,4.0,1.1428571428571428
56,301,1,1.0,1.0,1.0,1,0,5.0,1.4285714285714286
57,33,0,0.0,1.0,0.0,1,0,2.0,0.5714285714285714
57,62,0,0.0,1.0,0.0,1,0,2.0,0.5714285714285714
57,70,0,0.0,1.0,0.0,1,0,2.0,0.5714285714285714
57,115,0,0.0,1.0,0.0,1,1,3.0,0.8571428571428571
57,164,0,1.0,1.0,1.0,1,1,5.0,1.4285714285714286
57,318,0,0.0,1.0,0.0,1,0,2.0,0.5714285714285714
57,341,0,0.0,1.0,0.0,1,0,2.0,0.5714285714285714
57,391,0,0.0,1.0,0.0,1,1,3.0,0.8571428571428571
58,185,0,0.0,1.0,0.0,1,0,2.0,0.5714285714285714
58,396,0,1.0,1.0,1.0,1,0,4.0,1.1428571428571428
59,188,0,1.0,1.0,1.0,1,0,4.0,1.1428571428571428
59,229,1,1.0,1.0,1.0,1,1,6.0,1.7142857142857142
59,244,0,1.0,1.0,0.0,1,1,4.0,1.1428571428571428
59,351,0,1.0,1.0,1.0,1,0,4.0,1.1428571428571428
59,387,0,1.0,1.0,1.0,1,0,4.0,1.1428571428571428
60,13,0,0.0,1.0,0.0,1,1,3.0,0.8571428571428571
60,159,1,1.0,1.0,1.0,1,1,6.0,1.7142857142857142
60,324,0,1.0,1.0,1.0,1,0,4.0,1.1428571428571428
60,344,0,0.0,1.0,1.0,1,0,3.0,0.8571428571428571
60,380,0,1.0,1.0,1.0,1,0,4.0,1.1428571428571428
60,400,0,1.0,1.0,1.0,1,0,4.0,1.1428571428571428
60,401,0,1.0,1.0,1.0,1,0,4.0,1.1428571428571428
61,137,0,1.0,1.0,1.0,1,0,4.0,1.1428571428571428
61,245,1,1.0,1.0,1.0,1,1,6.0,1.7142857142857142
61,280,1,1.0,1.0,1.0,1,0,5.0,1.4285714285714286
61,363,0,1.0,1.0,1.0,1,1,5.0,1.4285714285714286
62,84,0,1.0,1.0,1.0,1,1,5.0,1.4285714285714286
62,378,1,1.0,1.0,1.0,1,1,6.0,1.7142857142857142
63,39,1,1.0,1.0,1.0,1,1,6.0,1.7142857142857142
63,129,0,0.0,1.0,0.0,1,1,3.0,0.8571428571428571
63,184,0,1.0,1.0,0.0,1,0,3.0,0.8571428571428571
63,206,0,0.0,1.0,1.0,1,0,3.0,0.8571428571428571
63,279,0,1.0,1.0,0.0,1,0,3.0,0.8571428571428571
63,370,0,1.0,1.0,0.0,1,0,3.0,0.8571428571428571
64,110,0,1.0,1.0,1.0,1,0,4.0,1.1428571428571428
64,121,0,0.0,1.0,1.0,1,0,3.0,0.8571428571428571
64,214,0,0.0,1.0,1.0,1,0,3.0,0.8571428571428571
64,286,0,0.0,1.0,1.0,1,0,3.0,0.8571428571428571
64,293,1,1.0,1.0,1.0,1,0,5.0,1.4285714285714286
64,302,0,0.0,1.0,1.0,1,0,3.0,0.8571428571428571
64,369,0,0.0,1.0,1.0,1,0,3.0,0.8571428571428571
64,389,0,1.0,1.0,1.0,1,0,4.0,1.1428571428571428
65,13,0,1.0,1.0,1.0,1,0,4.0,1.1428571428571428
65,159,0,1.0,1.0,1.0,1,0,4.0,1.1428571428571428
65,324,0,1.0,1.0,1.0,1,1,5.0,1.4285714285714286
65,344,0,1.0,1.0,1.0,1,0,4.0,1.1428571428571428
65,380,1,1.0,1.0,1.0,1,0,5.0,1.4285714285714286
65,400,0,0.0,1.0,1.0,1,0,3.0,0.8571428571428571
65,401,0,1.0,1.0,1.0,1,1,5.0,1.4285714285714286
66,94,0,1.0,1.0,1.0,1,0,4.0,1.1428571428571428
66,103,0,1.0,1.0,1.0,1,1,5.0,1.4285714285714286
66,140,0,1.0,1.0,1.0,1,1,5.0,1.4285714285714286
66,205,0,0.0,1.0,0.0,1,0,2.0,0.5714285714285714
66,210,0,0.0,1.0,0.0,1,0,2.0,0.5714285714285714
66,212,0,0.0,1.0,0.0,1,1,3.0,0.8571428571428571
66,247,0,0.0,1.0,0.0,1,0,2.0,0.5714285714285714
66,276,0,0.0,1.0,0.0,1,1,3.0,0.8571428571428571
66,292,0,0.0,1.0,0.0,1,0,2.0,0.5714285714285714
66,374,0,0.0,1.0,0.0,1,0,2.0,0.5714285714285714
66,377,0,0.0,1.0,0.0,1,0,2.0,0.5714285714285714
66,393,0,0.0,1.0,0.0,1,0,2.0,0.5714285714285714
67,92,0,0.0,1.0,0.0,1,0,2.0,0.5714285714285714
67,111,0,0.0,1.0,1.0,1,1,4.0,1.1428571428571428
67,147,0,0.0,1.0,1.0,1,1,4.0,1.1428571428571428
67,180,0,0.0,1.0,1.0,1,0,3.0,0.8571428571428571
67,187,1,1.0,1.0,1.0,1,1,6.0,1.7142857142857142
67,398,0,1.0,1.0,1.0,1,0,4.0,1.1428571428571428
68,8,1,1.0,1.0,1.0,1,1,6.0,1.7142857142857142
68,28,1,1.0,1.0,1.0,1,1,6.0,1.7142857142857142
68,48,0,1.0,1.0,1.0,1,0,4.0,1.1428571428571428
68,153,0,0.0,1.0,0.0,1,0,2.0,0.5714285714285714
68,305,0,1.0,1.0,1.0,1,0,4.0,1.1428571428571428
69,77,1,1.0,1.0,1.0,1,1,6.0,1.7142857142857142
69,86,0,0.0,1.0,0.0,1,0,2.0,0.5714285714285714
69,208,0,0.0,1.0,0.0,1,0,2.0,0.5714285714285714
69,310,0,0.0,1.0,0.0,1,0,2.0,0.5714285714285714
69,390,0,0.0,1.0,0.0,1,0,2.0,0.5714285714285714
69,395,1,1.0,1.0,1.0,1,0,5.0,1.4285714285714286
70,37,0,1.0,1.0,1.0,1,1,5.0,1.4285714285714286
70,40,0,0.0,1.0,0.0,1,0,2.0,0.5714285714285714
70,152,0,1.0,1.0,1.0,1,0,4.0,1.1428571428571428
70,281,0,0.0,1.0,0.0,1,0,2.0,0.5714285714285714
70,303,0,1.0,1.0,1.0,1,0,4.0,1.1428571428571428
71,141,0,1.0,1.0,1.0,1,1,5.0,1.4285714285714286
71,284,0,1.0,1.0,1.0,1,0,4.0,1.1428571428571428
72,50,1,1.0,1.0,1.0,1,1,6.0,1.7142857142857142
72,138,0,1.0,1.0,1.0,1,0,4.0,1.1428571428571428
72,266,0,0.0,1.0,1.0,1,0,3.0,0.8571428571428571
73,1,1,1.0,1.0,1.0,1,1,6.0,1.7142857142857142
73,24,0,1.0,1.0,1.0,1,1,5.0,1.4285714285714286
73,44,0,0.0,1.0,0.0,1,0,2.0,0.5714285714285714
73,125,1,1.0,1.0,1.0,1,0,5.0,1.4285714285714286
73,230,0,0.0,1.0,0.0,1,0,2.0,0.5714285714285714
73,277,0,1.0,1.0,1.0,1,0,4.0,1.1428571428571428
74,42,1,1.0,1.0,1.0,1,0,5.0,1.4285714285714286
74,72,0,0.0,1.0,0.0,1,0,2.0,0.5714285714285714
74,126,0,0.0,1.0,0.0,1,1,3.0,0.8571428571428571
74,207,1,1.0,1.0,1.0,1,1,6.0,1.7142857142857142
74,219,1,1.0,1.0,1.0,1,1,6.0,1.7142857142857142
74,221,0,0.0,1.0,0.0,1,0,2.0,0.5714285714285714
74,271,0,0.0,1.0,0.0,1,0,2.0,0.5714285714285714
74,413,0,0.0,1.0,0.0,1,0,2.0,0.5714285714285714
75,97,1,1.0,1.0,1.0,1,1,6.0,1.7142857142857142
75,163,1,1.0,1.0,1.0,1,1,6.0,1.7142857142857142
75,294,0,1.0,1.0,1.0,1,0,4.0,1.1428571428571428
75,376,0,0.0,1.0,0.0,1,0,2.0,0.5714285714285714
76,1,0,1.0,1.0,1.0,1,1,5.0,1.4285714285714286
76,24,1,1.0,1.0,1.0,1,1,6.0,1.7142857142857142
76,44,0,0.0,1.0,0.0,1,0,2.0,0.5714285714285714
76,125,0,1.0,1.0,1.0,1,0,4.0,1.1428571428571428
76,230,0,0.0,1.0,0.0,1,0,2.0,0.5714285714285714
76,277,1,1.0,1.0,1.0,1,0,5.0,1.4285714285714286
77,45,0,1.0,1.0,1.0,1,1,5.0,1.4285714285714286
77,144,1,1.0,1.0,1.0,1,0,5.0,1.4285714285714286
77,283,1,1.0,1.0,1.0,1,0,5.0,1.4285714285714286
77,368,0,1.0,1.0,1.0,1,0,4.0,1.1428571428571428
77,410,1,1.0,1.0,1.0,1,0,5.0,1.4285714285714286
78,19,0,1.0,1.0,1.0,1,0,4.0,1.1428571428571428
78,59,1,1.0,1.0,1.0,1,1,6.0,1.7142857142857142
78,75,1,1.0,1.0,1.0,1,1,6.0,1.7142857142857142
78,113,0,0.0,1.0,0.0,1,1,3.0,0.8571428571428571
78,170,1,1.0,1.0,1.0,1,1,6.0,1.7142857142857142
79,64,1,1.0,1.0,1.0,1,1,6.0,1.7142857142857142
79,67,0,0.0,1.0,0.0,1,0,2.0,0.5714285714285714
79,107,1,1.0,1.0,1.0,1,0,5.0,1.4285714285714286
79,382,1,1.0,1.0,1.0,1,0,5.0,1.4285714285714286
80,77,0,0.0,1.0,0.0,1,0,2.0,0.5714285714285714
80,86,0,0.0,1.0,0.0,1,1,3.0,0.8571428571428571
80,208,0,0.0,1.0,0.0,1,0,2.0,0.5714285714285714
80,310,0,0.0,1.0,0.0,1,0,2.0,0.5714285714285714
80,390,0,0.0,1.0,0.0,1,0,2.0,0.5714285714285714
80,395,0,0.0,1.0,0.0,1,0,2.0,0.5714285714285714
81,9,0,1.0,1.0,1.0,1,0,4.0,1.1428571428571428
81,151,0,1.0,1.0,1.0,1,1,5.0,1.4285714285714286
81,237,0,1.0,1.0,1.0,1,0,4.0,1.1428571428571428
81,242,0,0.0,1.0,0.0,1,0,2.0,0.5714285714285714
81,246,1,1.0,1.0,1.0,1,1,6.0,1.7142857142857142
81,278,0,1.0,1.0,1.0,1,0,4.0,1.1428571428571428
81,345,0,1.0,1.0,1.0,1,0,4.0,1.1428571428571428
81,404,1,1.0,1.0,1.0,1,0,5.0,1.4285714285714286
82,14,0,1.0,1.0,1.0,1,0,4.0,1.1428571428571428
82,29,0,0.0,1.0,1.0,1,0,3.0,0.8571428571428571
82,81,0,1.0,1.0,1.0,1,1,5.0,1.4285714285714286
82,100,0,1.0,1.0,1.0,1,0,4.0,1.1428571428571428
82,193,0,1.0,1.0,1.0,1,0,4.0,1.1428571428571428
82,325,0,0.0,1.0,1.0,1,0,3.0,0.8571428571428571
82,347,0,0.0,1.0,1.0,1,0,3.0,0.8571428571428571
83,76,0,0.0,1.0,0.0,1,0,2.0,0.5714285714285714
83,317,0,0.0,1.0,0.0,1,0,2.0,0.5714285714285714
84,13,1,1.0,1.0,1.0,1,1,6.0,1.7142857142857142
84,159,0,0.0,1.0,0.0,1,1,3.0,0.8571428571428571
84,220,0,0.0,1.0,1.0,1,0,3.0,0.8571428571428571
84,324,0,0.0,1.0,1.0,1,0,3.0,0.8571428571428571
84,344,0,0.0,1.0,1.0,1,0,3.0,0.8571428571428571
84,380,0,1.0,1.0,1.0,1,0,4.0,1.1428571428571428
84,400,0,0.0,1.0,1.0,1,0,3.0,0.8571428571428571
84,401,0,0.0,1.0,0.0,1,0,2.0,0.5714285714285714
85,326,0,1.0,1.0,1.0,1,1,5.0,1.4285714285714286
86,96,0,1.0,1.0,1.0,1,1,5.0,1.4285714285714286
86,233,0,1.0,1.0,1.0,1,0,4.0,1.1428571428571428
87,18,0,0.0,1.0,0.0,1,1,3.0,0.8571428571428571
87,20,1,1.0,1.0,1.0,1,1,6.0,1.7142857142857142
87,88,0,1.0,1.0,1.0,1,0,4.0,1.1428571428571428
87,90,0,1.0,1.0,1.0,1,1,5.0,1.4285714285714286
87,216,0,1.0,1.0,1.0,1,0,4.0,1.1428571428571428
87,331,0,1.0,1.0,1.0,1,0,4.0,1.1428571428571428
88,149,1,1.0,1.0,1.0,1,0,5.0,1.4285714285714286
88,334,1,1.0,1.0,1.0,1,1,6.0,1.7142857142857142
89,2,0,0.0,1.0,1.0,1,1,4.0,1.1428571428571428
89,61,0,0.0,1.0,1.0,1,1,4.0,1.1428571428571428
89,203,0,0.0,1.0,1.0,1,0,3.0,0.8571428571428571
89,231,1,1.0,1.0,1.0,1,1,6.0,1.7142857142857142
89,300,0,1.0,1.0,1.0,1,0,4.0,1.1428571428571428
89,316,1,1.0,1.0,1.0,1,0,5.0,1.4285714285714286
90,16,0,1.0,1.0,1.0,1,0,4.0,1.1428571428571428
90,58,0,1.0,1.0,1.0,1,0,4.0,1.1428571428571428
90,85,0,1.0,1.0,1.0,1,1,5.0,1.4285714285714286
91,84,1,1.0,1.0,1.0,1,1,6.0,1.7142857142857142
91,378,0,1.0,1.0,1.0,1,1,5.0,1.4285714285714286
92,39,0,1.0,1.0,1.0,1,0,4.0,1.1428571428571428
92,129,0,0.0,1.0,0.0,1,0,2.0,0.5714285714285714
92,184,0,0.0,1.0,0.0,1,1,3.0,0.8571428571428571
92,206,0,0.0,1.0,0.0,1,0,2.0,0.5714285714285714
92,279,0,0.0,1.0,0.0,1,0,2.0,0.5714285714285714
92,370,0,0.0,1.0,0.0,1,0,2.0,0.5714285714285714
93,41,1,1.0,1.0,1.0,1,1,6.0,1.7142857142857142
93,313,0,0.0,1.0,0.0,1,0,2.0,0.5714285714285714
93,354,0,0.0,1.0,0.0,1,0,2.0,0.5714285714285714
93,360,0,0.0,1.0,0.0,1,0,2.0,0.5714285714285714
93,362,0,0.0,1.0,0.0,1,0,2.0,0.5714285714285714
94,143,1,1.0,1.0,1.0,1,1,6.0,1.7142857142857142
94,169,0,1.0,1.0,1.0,1,0,4.0,1.1428571428571428
94,177,0,0.0,1.0,0.0,1,0,2.0,0.5714285714285714
94,320,0,1.0,1.0,1.0,1,0,4.0,1.1428571428571428
95,12,0,0.0,1.0,0.0,1,0,2.0,0.5714285714285714
95,136,0,1.0,1.0,1.0,1,0,4.0,1.1428571428571428
95,161,1,1.0,1.0,1.0,1,0,5.0,1.4285714285714286
95,339,0,1.0,1.0,1.0,1,1,5.0,1.4285714285714286
96,133,0,1.0,1.0,1.0,1,1,5.0,1.4285714285714286
96,139,0,1.0,1.0,0.0,1,0,3.0,0.8571428571428571
96,150,0,0.0,1.0,0.0,1,1,3.0,0.8571428571428571
96,162,0,1.0,1.0,0.0,1,0,3.0,0.8571428571428571
96,192,0,1.0,1.0,0.0,1,1,4.0,1.1428571428571428
96,263,1,1.0,1.0,1.0,1,1,6.0,1.7142857142857142
96,268,0,1.0,1.0,1.0,1,0,4.0,1.1428571428571428
96,418,1,1.0,1.0,1.0,1,0,5.0,1.4285714285714286
97,66,1,1.0,1.0,1.0,1,0,5.0,1.4285714285714286
97,104,0,0.0,1.0,0.0,1,0,2.0,0.5714285714285714
97,119,0,0.0,1.0,0.0,1,0,2.0,0.5714285714285714
97,154,0,1.0,1.0,1.0,1,0,4.0,1.1428571428571428
97,186,1,1.0,1.0,1.0,1,0,5.0,1.4285714285714286
97,223,0,0.0,1.0,0.0,1,0,2.0,0.5714285714285714
97,349,0,0.0,1.0,0.0,1,0,2.0,0.5714285714285714
98,41,0,0.0,1.0,0.0,1,0,2.0,0.5714285714285714
98,313,0,1.0,1.0,1.0,1,0,4.0,1.1428571428571428
98,354,0,0.0,1.0,0.0,1,0,2.0,0.5714285714285714
98,360,0,1.0,1.0,1.0,1,1,5.0,1.4285714285714286
98,362,0,0.0,1.0,0.0,1,0,2.0,0.5714285714285714
99,145,1,1.0,1.0,1.0,1,1,6.0,1.7142857142857142
99,157,0,1.0,1.0,1.0,1,0,4.0,1.1428571428571428
99,204,0,1.0,1.0,1.0,1,1,5.0,1.4285714285714286
99,403,0,0.0,1.0,1.0,1,0,3.0,0.8571428571428571
100,69,0,1.0,1.0,0.0,1,0,3.0,0.8571428571428571
100,355,1,1.0,1.0,1.0,1,1,6.0,1.7142857142857142
101,8,1,1.0,1.0,1.0,1,1,6.0,1.7142857142857142
101,28,1,1.0,1.0,1.0,1,1,6.0,1.7142857142857142
101,48,0,1.0,1.0,1.0,1,0,4.0,1.1428571428571428
101,153,0,0.0,1.0,0.0,1,0,2.0,0.5714285714285714
101,305,0,1.0,1.0,1.0,1,0,4.0,1.1428571428571428
102,84,1,1.0,1.0,1.0,1,0,5.0,1.4285714285714286
102,378,0,1.0,1.0,1.0,1,0,4.0,1.1428571428571428
103,137,0,1.0,1.0,1.0,1,0,4.0,1.1428571428571428
103,245,1,1.0,1.0,1.0,1,1,6.0,1.7142857142857142
103,280,1,1.0,1.0,1.0,1,0,5.0,1.4285714285714286
103,363,0,1.0,1.0,1.0,1,1,5.0,1.4285714285714286
104,64,1,1.0,1.0,1.0,1,1,6.0,1.7142857142857142
104,67,0,0.0,1.0,0.0,1,0,2.0,0.5714285714285714
104,107,1,1.0,1.0,1.0,1,0,5.0,1.4285714285714286
104,382,1,1.0,1.0,1.0,1,0,5.0,1.4285714285714286
105,10,0,1.0,1.0,1.0,1,1,5.0,1.4285714285714286
105,83,0,0.0,1.0,0.0,1,0,2.0,0.5714285714285714
105,106,0,1.0,1.0,1.0,1,0,4.0,1.1428571428571428
105,132,0,1.0,1.0,1.0,1,0,4.0,1.1428571428571428
105,417,1,1.0,1.0,1.0,1,1,6.0,1.7142857142857142
106,66,0,1.0,1.0,1.0,1,0,4.0,1.1428571428571428
106,104,0,0.0,1.0,0.0,1,0,2.0,0.5714285714285714
106,119,0,0.0,1.0,0.0,1,0,2.0,0.5714285714285714
106,154,1,1.0,1.0,1.0,1,1,6.0,1.7142857142857142
106,186,0,1.0,1.0,1.0,1,0,4.0,1.1428571428571428
106,223,0,0.0,1.0,0.0,1,0,2.0,0.5714285714285714
106,349,0,0.0,1.0,0.0,1,0,2.0,0.5714285714285714
107,76,0,0.0,1.0,0.0,1,0,2.0,0.5714285714285714
107,136,0,0.0,1.0,0.0,1,0,2.0,0.5714285714285714
107,317,1,1.0,1.0,1.0,1,1,6.0,1.7142857142857142
108,143,0,1.0,1.0,1.0,1,0,4.0,1.1428571428571428
108,169,1,1.0,1.0,1.0,1,1,6.0,1.7142857142857142
108,320,1,1.0,1.0,1.0,1,0,5.0,1.4285714285714286
109,194,0,1.0,1.0,1.0,1,1,5.0,1.4285714285714286
109,252,0,0.0,1.0,0.0,1,0,2.0,0.5714285714285714
109,402,0,0.0,1.0,0.0,1,0,2.0,0.5714285714285714
110,160,0,1.0,1.0,1.0,1,1,5.0,1.4285714285714286
110,218,0,1.0,1.0,1.0,1,1,5.0,1.4285714285714286
110,273,0,0.0,1.0,1.0,1,1,4.0,1.1428571428571428
111,1,0,0.0,1.0,0.0,1,0,2.0,0.5714285714285714
111,24,0,0.0,1.0,0.0,1,0,2.0,0.5714285714285714
111,44,0,0.0,1.0,0.0,1,0,2.0,0.5714285714285714
111,125,0,0.0,1.0,0.0,1,0,2.0,0.5714285714285714
111,230,1,1.0,1.0,1.0,1,1,6.0,1.7142857142857142
111,277,0,0.0,1.0,0.0,1,1,3.0,0.8571428571428571
112,97,0,1.0,1.0,1.0,1,0,4.0,1.1428571428571428
112,163,0,1.0,1.0,1.0,1,0,4.0,1.1428571428571428
112,294,1,1.0,1.0,1.0,1,1,6.0,1.7142857142857142
112,376,0,0.0,1.0,0.0,1,1,3.0,0.8571428571428571
113,131,1,1.0,1.0,1.0,1,1,6.0,1.7142857142857142
114,87,0,0.0,1.0,0.0,1,1,3.0,0.8571428571428571
114,174,1,1.0,1.0,1.0,1,1,6.0,1.7142857142857142
114,250,1,1.0,1.0,1.0,1,0,5.0,1.4285714285714286
114,414,0,0.0,1.0,0.0,1,0,2.0,0.5714285714285714
115,23,1,1.0,1.0,1.0,1,0,5.0,1.4285714285714286
115,189,0,0.0,1.0,0.0,1,1,3.0,0.8571428571428571
115,308,1,1.0,1.0,1.0,1,1,6.0,1.7142857142857142
116,9,1,1.0,1.0,1.0,1,0,5.0,1.4285714285714286
116,151,1,1.0,1.0,1.0,1,1,6.0,1.7142857142857142
116,237,0,1.0,1.0,1.0,1,0,4.0,1.1428571428571428
116,242,0,1.0,1.0,1.0,1,0,4.0,1.1428571428571428
116,246,0,1.0,1.0,1.0,1,1,5.0,1.4285714285714286
116,278,1,1.0,1.0,1.0,1,0,5.0,1.4285714285714286
116,345,1,1.0,1.0,1.0,1,0,5.0,1.4285714285714286
116,356,0,0.0,1.0,0.0,1,1,3.0,0.8571428571428571
116,404,0,1.0,1.0,1.0,1,0,4.0,1.1428571428571428
117,118,1,1.0,1.0,1.0,1,1,6.0,1.7142857142857142
117,367,0,1.0,1.0,1.0,1,0,4.0,1.1428571428571428
118,6,0,0.0,1.0,0.0,1,1,3.0,0.8571428571428571
118,142,0,0.0,1.0,0.0,1,1,3.0,0.8571428571428571
118,173,0,1.0,1.0,1.0,1,1,5.0,1.4285714285714286
119,178,1,1.0,1.0,1.0,1,0,5.0,1.4285714285714286
119,211,1,1.0,1.0,1.0,1,1,6.0,1.7142857142857142
120,141,1,1.0,1.0,1.0,1,0,5.0,1.4285714285714286
120,309,0,1.0,1.0,1.0,1,1,5.0,1.4285714285714286
121,79,0,0.0,1.0,0.0,1,0,2.0,0.5714285714285714
121,102,0,0.0,1.0,0.0,1,1,3.0,0.8571428571428571
121,239,0,0.0,1.0,0.0,1,0,2.0,0.5714285714285714
121,298,1,1.0,1.0,1.0,1,0,5.0,1.4285714285714286
121,333,0,0.0,1.0,0.0,1,1,3.0,0.8571428571428571
122,269,1,1.0,1.0,1.0,1,1,6.0,1.7142857142857142
122,373,0,0.0,1.0,0.0,1,0,2.0,0.5714285714285714
123,5,0,1.0,1.0,1.0,1,0,4.0,1.1428571428571428
123,93,1,1.0,1.0,1.0,1,1,6.0,1.7142857142857142
123,261,0,1.0,1.0,1.0,1,1,5.0,1.4285714285714286
124,7,1,1.0,1.0,1.0,1,1,6.0,1.7142857142857142
125,39,0,1.0,1.0,0.0,1,0,3.0,0.8571428571428571
125,129,0,0.0,1.0,0.0,1,0,2.0,0.5714285714285714
125,184,0,0.0,1.0,0.0,1,0,2.0,0.5714285714285714
125,197,0,0.0,1.0,0.0,1,0,2.0,0.5714285714285714
125,206,0,0.0,1.0,0.0,1,0,2.0,0.5714285714285714
125,279,1,1.0,1.0,1.0,1,1,6.0,1.7142857142857142
125,370,1,1.0,1.0,1.0,1,0,5.0,1.4285714285714286
126,31,0,0.0,1.0,0.0,1,0,2.0,0.5714285714285714
126,105,0,0.0,1.0,0.0,1,0,2.0,0.5714285714285714
126,128,1,1.0,1.0,1.0,1,1,6.0,1.7142857142857142
126,295,0,0.0,1.0,0.0,1,0,2.0,0.5714285714285714
126,301,0,0.0,1.0,0.0,1,0,2.0,0.5714285714285714
127,146,0,1.0,1.0,1.0,1,0,4.0,1.1428571428571428
127,167,0,1.0,1.0,1.0,1,1,5.0,1.4285714285714286
127,314,1,1.0,1.0,1.0,1,1,6.0,1.7142857142857142
128,13,0,1.0,1.0,1.0,1,0,4.0,1.1428571428571428
128,159,0,1.0,1.0,1.0,1,0,4.0,1.1428571428571428
128,324,0,1.0,1.0,1.0,1,0,4.0,1.1428571428571428
128,344,0,1.0,1.0,1.0,1,0,4.0,1.1428571428571428
128,380,1,1.0,1.0,1.0,1,1,6.0,1.7142857142857142
128,400,0,0.0,1.0,1.0,1,1,4.0,1.1428571428571428
128,401,0,1.0,1.0,1.0,1,0,4.0,1.1428571428571428
129,141,0,1.0,1.0,1.0,1,0,4.0,1.1428571428571428
129,284,0,1.0,1.0,1.0,1,1,5.0,1.4285714285714286
130,13,0,1.0,1.0,1.0,1,0,4.0,1.1428571428571428
130,159,0,1.0,1.0,1.0,1,0,4.0,1.1428571428571428
130,324,0,1.0,1.0,1.0,1,0,4.0,1.1428571428571428
130,344,0,1.0,1.0,1.0,1,1,5.0,1.4285714285714286
130,380,1,1.0,1.0,1.0,1,0,5.0,1.4285714285714286
130,400,0,0.0,1.0,1.0,1,0,3.0,0.8571428571428571
130,401,0,1.0,1.0,1.0,1,0,4.0,1.1428571428571428
131,19,0,0.0,1.0,1.0,1,1,4.0,1.1428571428571428
131,25,0,0.0,1.0,1.0,1,0,3.0,0.8571428571428571
131,52,0,1.0,1.0,1.0,1,1,5.0,1.4285714285714286
131,113,0,1.0,1.0,1.0,1,0,4.0,1.1428571428571428
132,77,1,1.0,1.0,1.0,1,0,5.0,1.4285714285714286
132,86,0,0.0,1.0,0.0,1,1,3.0,0.8571428571428571
132,208,0,0.0,1.0,0.0,1,0,2.0,0.5714285714285714
132,310,0,0.0,1.0,0.0,1,0,2.0,0.5714285714285714
132,390,0,0.0,1.0,0.0,1,0,2.0,0.5714285714285714
132,395,1,1.0,1.0,1.0,1,0,5.0,1.4285714285714286
133,143,0,1.0,1.0,1.0,1,0,4.0,1.1428571428571428
133,169,1,1.0,1.0,1.0,1,0,5.0,1.4285714285714286
133,320,1,1.0,1.0,1.0,1,1,6.0,1.7142857142857142
134,224,0,0.0,1.0,0.0,1,0,2.0,0.5714285714285714
134,225,1,1.0,1.0,1.0,1,0,5.0,1.4285714285714286
134,340,1,1.0,1.0,1.0,1,0,5.0,1.4285714285714286
135,153,0,1.0,1.0,1.0,1,0,4.0,1.1428571428571428
135,257,1,1.0,1.0,1.0,1,0,5.0,1.4285714285714286
135,352,0,1.0,1.0,1.0,1,0,4.0,1.1428571428571428
135,359,0,0.0,1.0,0.0,1,0,2.0,0.5714285714285714
135,379,0,1.0,1.0,1.0,1,1,5.0,1.4285714285714286
136,89,0,0.0,1.0,0.0,1,1,3.0,0.8571428571428571
136,114,0,1.0,1.0,1.0,1,1,5.0,1.4285714285714286
136,304,1,1.0,1.0,1.0,1,1,6.0,1.7142857142857142
136,342,0,0.0,1.0,0.0,1,0,2.0,0.5714285714285714
136,366,0,0.0,1.0,0.0,1,0,2.0,0.5714285714285714
137,110,1,1.0,1.0,1.0,1,1,6.0,1.7142857142857142
137,121,0,0.0,1.0,0.0,1,1,3.0,0.8571428571428571
137,214,0,0.0,1.0,1.0,1,0,3.0,0.8571428571428571
137,286,0,0.0,1.0,1.0,1,0,3.0,0.8571428571428571
137,293,0,1.0,1.0,1.0,1,0,4.0,1.1428571428571428
137,302,0,0.0,1.0,0.0,1,0,2.0,0.5714285714285714
137,369,0,0.0,1.0,1.0,1,0,3.0,0.8571428571428571
137,389,0,0.0,1.0,0.0,1,0,2.0,0.5714285714285714
138,94,0,0.0,1.0,0.0,1,0,2.0,0.5714285714285714
138,103,0,1.0,1.0,0.0,1,0,3.0,0.8571428571428571
138,140,0,0.0,1.0,0.0,1,0,2.0,0.5714285714285714
138,205,0,0.0,1.0,0.0,1,0,2.0,0.5714285714285714
138,210,0,0.0,1.0,0.0,1,0,2.0,0.5714285714285714
138,212,0,0.0,1.0,0.0,1,0,2.0,0.5714285714285714
138,247,0,0.0,1.0,0.0,1,0,2.0,0.5714285714285714
138,276,1,1.0,1.0,1.0,1,0,5.0,1.4285714285714286
138,292,0,0.0,1.0,0.0,1,0,2.0,0.5714285714285714
138,374,0,0.0,1.0,0.0,1,1,3.0,0.8571428571428571
138,377,0,1.0,1.0,1.0,1,1,5.0,1.4285714285714286
138,393,0,0.0,1.0,0.0,1,1,3.0,0.8571428571428571
139,224,1,1.0,1.0,1.0,1,1,6.0,1.7142857142857142
139,225,0,0.0,1.0,0.0,1,1,3.0,0.8571428571428571
139,340,0,0.0,1.0,0.0,1,0,2.0,0.5714285714285714
140,17,0,0.0,1.0,0.0,1,0,2.0,0.5714285714285714
140,47,0,0.0,1.0,0.0,1,0,2.0,0.5714285714285714
140,54,1,1.0,1.0,1.0,1,0,5.0,1.4285714285714286
140,134,1,1.0,1.0,1.0,1,1,6.0,1.7142857142857142
140,255,0,0.0,1.0,0.0,1,0,2.0,0.5714285714285714
140,258,0,1.0,1.0,1.0,1,0,4.0,1.1428571428571428
140,282,1,1.0,1.0,1.0,1,0,5.0,1.4285714285714286
140,335,0,0.0,1.0,0.0,1,1,3.0,0.8571428571428571
140,407,0,0.0,1.0,0.0,1,1,3.0,0.8571428571428571
140,409,0,0.0,1.0,0.0,1,0,2.0,0.5714285714285714
141,78,0,0.0,1.0,1.0,1,0,3.0,0.8571428571428571
141,165,0,0.0,1.0,1.0,1,0,3.0,0.8571428571428571
141,185,1,1.0,1.0,1.0,1,1,6.0,1.7142857142857142
141,371,0,0.0,1.0,0.0,1,0,2.0,0.5714285714285714
142,17,0,0.0,1.0,0.0,1,0,2.0,0.5714285714285714
142,47,0,0.0,1.0,1.0,1,0,3.0,0.8571428571428571
142,54,0,0.0,1.0,0.0,1,0,2.0,0.5714285714285714
142,134,0,0.0,1.0,0.0,1,1,3.0,0.8571428571428571
142,255,0,1.0,1.0,1.0,1,0,4.0,1.1428571428571428
142,258,0,0.0,1.0,0.0,1,0,2.0,0.5714285714285714
142,282,0,0.0,1.0,0.0,1,0,2.0,0.5714285714285714
142,335,0,1.0,1.0,1.0,1,1,5.0,1.4285714285714286
142,407,0,0.0,1.0,0.0,1,1,3.0,0.8571428571428571
142,409,0,0.0,1.0,0.0,1,0,2.0,0.5714285714285714
143,40,0,1.0,1.0,1.0,1,0,4.0,1.1428571428571428
143,196,0,1.0,1.0,1.0,1,0,4.0,1.1428571428571428
143,226,0,1.0,1.0,1.0,1,1,5.0,1.4285714285714286
143,264,0,1.0,1.0,1.0,1,1,5.0,1.4285714285714286
143,281,0,1.0,1.0,1.0,1,0,4.0,1.1428571428571428
143,405,0,0.0,1.0,0.0,1,0,2.0,0.5714285714285714
143,416,1,1.0,1.0,1.0,1,0,5.0,1.4285714285714286
144,178,1,1.0,1.0,1.0,1,1,6.0,1.7142857142857142
144,211,1,1.0,1.0,1.0,1,0,5.0,1.4285714285714286
145,40,0,1.0,1.0,1.0,1,0,4.0,1.1428571428571428
145,196,0,1.0,1.0,1.0,1,1,5.0,1.4285714285714286
145,226,0,1.0,1.0,1.0,1,0,4.0,1.1428571428571428
145,264,0,1.0,1.0,1.0,1,0,4.0,1.1428571428571428
145,281,0,1.0,1.0,1.0,1,1,5.0,1.4285714285714286
145,405,0,0.0,1.0,0.0,1,1,3.0,0.8571428571428571
145,416,1,1.0,1.0,1.0,1,1,6.0,1.7142857142857142
146,42,0,0.0,1.0,0.0,1,0,2.0,0.5714285714285714
146,72,1,1.0,1.0,1.0,1,0,5.0,1.4285714285714286
146,126,0,0.0,1.0,0.0,1,0,2.0,0.5714285714285714
146,207,0,0.0,1.0,0.0,1,0,2.0,0.5714285714285714
146,219,0,0.0,1.0,0.0,1,0,2.0,0.5714285714285714
146,221,0,0.0,1.0,0.0,1,0,2.0,0.5714285714285714
146,271,0,0.0,1.0,0.0,1,0,2.0,0.5714285714285714
146,413,0,0.0,1.0,0.0,1,0,2.0,0.5714285714285714
147,17,0,0.0,1.0,0.0,1,0,2.0,0.5714285714285714
147,47,0,0.0,1.0,0.0,1,1,3.0,0.8571428571428571
147,54,1,1.0,1.0,1.0,1,0,5.0,1.4285714285714286
147,134,1,1.0,1.0,1.0,1,0,5.0,1.4285714285714286
147,255,0,0.0,1.0,0.0,1,1,3.0,0.8571428571428571
147,258,0,1.0,1.0,1.0,1,1,5.0,1.4285714285714286
147,282,1,1.0,1.0,1.0,1,1,6.0,1.7142857142857142
147,335,0,0.0,1.0,0.0,1,0,2.0,0.5714285714285714
147,407,0,0.0,1.0,0.0,1,0,2.0,0.5714285714285714
147,409,0,0.0,1.0,0.0,1,0,2.0,0.5714285714285714
148,18,0,0.0,1.0,1.0,1,1,4.0,1.1428571428571428
148,20,0,0.0,1.0,1.0,1,1,4.0,1.1428571428571428
148,88,0,0.0,1.0,1.0,1,0,3.0,0.8571428571428571
148,90,0,0.0,1.0,1.0,1,1,4.0,1.1428571428571428
148,216,0,0.0,1.0,1.0,1,0,3.0,0.8571428571428571
148,331,0,0.0,1.0,1.0,1,0,3.0,0.8571428571428571
149,77,0,0.0,1.0,0.0,1,0,2.0,0.5714285714285714
149,86,0,0.0,1.0,0.0,1,0,2.0,0.5714285714285714
149,208,0,1.0,1.0,1.0,1,1,5.0,1.4285714285714286
149,310,0,1.0,1.0,1.0,1,0,4.0,1.1428571428571428
149,390,0,0.0,1.0,0.0,1,1,3.0,0.8571428571428571
149,395,0,0.0,1.0,0.0,1,0,2.0,0.5714285714285714
150,238,1,1.0,1.0,1.0,1,1,6.0,1.7142857142857142
151,397,0,1.0,1.0,1.0,1,0,4.0,1.1428571428571428
152,148,0,0.0,1.0,0.0,1,1,3.0,0.8571428571428571
152,198,1,1.0,1.0,1.0,1,1,6.0,1.7142857142857142
152,270,0,1.0,1.0,1.0,1,1,5.0,1.4285714285714286
152,312,0,0.0,1.0,0.0,1,0,2.0,0.5714285714285714
152,424,0,1.0,1.0,1.0,1,1,5.0,1.4285714285714286
153,123,0,1.0,1.0,1.0,1,1,5.0,1.4285714285714286
153,222,0,1.0,1.0,1.0,1,1,5.0,1.4285714285714286
154,80,1,1.0,1.0,1.0,1,1,6.0,1.7142857142857142
154,268,0,0.0,1.0,0.0,1,1,3.0,0.8571428571428571
155,3,0,1.0,1.0,1.0,1,1,5.0,1.4285714285714286
155,178,0,0.0,1.0,0.0,1,0,2.0,0.5714285714285714
155,211,0,0.0,1.0,0.0,1,0,2.0,0.5714285714285714
155,399,0,1.0,1.0,1.0,1,0,4.0,1.1428571428571428
156,55,0,0.0,1.0,0.0,1,0,2.0,0.5714285714285714
156,232,0,1.0,1.0,1.0,1,1,5.0,1.4285714285714286
156,251,0,1.0,1.0,1.0,1,0,4.0,1.1428571428571428
156,388,0,1.0,1.0,1.0,1,1,5.0,1.4285714285714286
157,171,1,1.0,1.0,1.0,1,1,6.0,1.7142857142857142
157,179,0,0.0,1.0,0.0,1,0,2.0,0.5714285714285714
157,386,0,0.0,1.0,0.0,1,0,2.0,0.5714285714285714
158,9,1,1.0,1.0,1.0,1,1,6.0,1.7142857142857142
158,151,1,1.0,1.0,1.0,1,0,5.0,1.4285714285714286
158,237,0,1.0,1.0,1.0,1,1,5.0,1.4285714285714286
158,242,0,1.0,1.0,1.0,1,1,5.0,1.4285714285714286
158,246,0,1.0,1.0,1.0,1,0,4.0,1.1428571428571428
158,278,1,1.0,1.0,1.0,1,0,5.0,1.4285714285714286
158,345,1,1.0,1.0,1.0,1,0,5.0,1.4285714285714286
158,356,0,0.0,1.0,0.0,1,0,2.0,0.5714285714285714
158,404,0,1.0,1.0,1.0,1,0,4.0,1.1428571428571428
159,176,1,1.0,1.0,1.0,1,0,5.0,1.4285714285714286
159,330,0,1.0,1.0,1.0,1,1,5.0,1.4285714285714286
159,356,0,0.0,1.0,0.0,1,0,2.0,0.5714285714285714
161,45,0,1.0,1.0,1.0,1,0,4.0,1.1428571428571428
161,144,1,1.0,1.0,1.0,1,1,6.0,1.7142857142857142
161,283,1,1.0,1.0,1.0,1,0,5.0,1.4285714285714286
161,368,0,1.0,1.0,1.0,1,1,5.0,1.4285714285714286
161,410,1,1.0,1.0,1.0,1,1,6.0,1.7142857142857142
162,13,0,0.0,1.0,1.0,1,0,3.0,0.8571428571428571
162,159,0,0.0,1.0,1.0,1,0,3.0,0.8571428571428571
162,324,0,0.0,1.0,1.0,1,1,4.0,1.1428571428571428
162,344,1,1.0,1.0,1.0,1,0,5.0,1.4285714285714286
162,380,0,1.0,1.0,1.0,1,0,4.0,1.1428571428571428
162,400,0,0.0,1.0,1.0,1,0,3.0,0.8571428571428571
162,401,0,0.0,1.0,0.0,1,1,3.0,0.8571428571428571
163,145,0,1.0,1.0,1.0,1,1,5.0,1.4285714285714286
163,149,0,0.0,1.0,0.0,1,0,2.0,0.5714285714285714
163,157,0,1.0,1.0,1.0,1,0,4.0,1.1428571428571428
163,204,0,1.0,1.0,1.0,1,1,5.0,1.4285714285714286
163,334,0,0.0,1.0,0.0,1,1,3.0,0.8571428571428571
163,403,0,1.0,1.0,1.0,1,0,4.0,1.1428571428571428
164,248,0,1.0,1.0,1.0,1,0,4.0,1.1428571428571428
164,303,1,1.0,1.0,1.0,1,1,6.0,1.7142857142857142
164,402,0,1.0,1.0,1.0,1,1,5.0,1.4285714285714286
165,2,0,0.0,1.0,0.0,1,0,2.0,0.5714285714285714
165,61,0,1.0,1.0,1.0,1,0,4.0,1.1428571428571428
165,203,1,1.0,1.0,1.0,1,1,6.0,1.7142857142857142
165,231,0,0.0,1.0,1.0,1,0,3.0,0.8571428571428571
165,300,0,0.0,1.0,1.0,1,0,3.0,0.8571428571428571
165,316,0,0.0,1.0,1.0,1,0,3.0,0.8571428571428571
166,9,0,1.0,1.0,1.0,1,1,5.0,1.4285714285714286
166,151,0,1.0,1.0,1.0,1,0,4.0,1.1428571428571428
166,237,0,1.0,1.0,1.0,1,1,5.0,1.4285714285714286
166,242,0,0.0,1.0,0.0,1,1,3.0,0.8571428571428571
166,246,1,1.0,1.0,1.0,1,0,5.0,1.4285714285714286
166,278,0,1.0,1.0,1.0,1,0,4.0,1.1428571428571428
166,345,0,1.0,1.0,1.0,1,0,4.0,1.1428571428571428
166,404,1,1.0,1.0,1.0,1,0,5.0,1.4285714285714286
167,228,1,1.0,1.0,1.0,1,0,5.0,1.4285714285714286
167,249,0,1.0,1.0,1.0,1,1,5.0,1.4285714285714286
167,307,0,1.0,1.0,1.0,1,0,4.0,1.1428571428571428
168,189,0,1.0,1.0,1.0,1,1,5.0,1.4285714285714286
168,200,0,1.0,1.0,1.0,1,0,4.0,1.1428571428571428
168,266,0,0.0,1.0,1.0,1,0,3.0,0.8571428571428571
169,19,0,1.0,1.0,1.0,1,0,4.0,1.1428571428571428
169,59,1,1.0,1.0,1.0,1,0,5.0,1.4285714285714286
169,75,1,1.0,1.0,1.0,1,0,5.0,1.4285714285714286
169,113,0,0.0,1.0,0.0,1,0,2.0,0.5714285714285714
169,170,1,1.0,1.0,1.0,1,0,5.0,1.4285714285714286
170,149,1,1.0,1.0,1.0,1,0,5.0,1.4285714285714286
170,334,1,1.0,1.0,1.0,1,1,6.0,1.7142857142857142
171,153,0,0.0,1.0,0.0,1,0,2.0,0.5714285714285714
171,257,0,0.0,1.0,0.0,1,1,3.0,0.8571428571428571
171,352,0,0.0,1.0,0.0,1,0,2.0,0.5714285714285714
171,359,0,1.0,1.0,1.0,1,1,5.0,1.4285714285714286
171,379,0,0.0,1.0,0.0,1,0,2.0,0.5714285714285714
172,83,1,1.0,1.0,1.0,1,1,6.0,1.7142857142857142
172,417,0,0.0,1.0,0.0,1,0,2.0,0.5714285714285714
173,33,0,1.0,1.0,1.0,1,1,5.0,1.4285714285714286
173,62,1,1.0,1.0,1.0,1,0,5.0,1.4285714285714286
173,70,0,0.0,1.0,0.0,1,1,3.0,0.8571428571428571
173,115,1,1.0,1.0,1.0,1,0,5.0,1.4285714285714286
173,164,0,0.0,1.0,0.0,1,0,2.0,0.5714285714285714
173,318,1,1.0,1.0,1.0,1,1,6.0,1.7142857142857142
173,341,0,0.0,1.0,0.0,1,0,2.0,0.5714285714285714
173,391,1,1.0,1.0,1.0,1,0,5.0,1.4285714285714286
174,177,0,0.0,1.0,0.0,1,0,2.0,0.5714285714285714
174,420,0,0.0,1.0,0.0,1,0,2.0,0.5714285714285714
175,15,0,0.0,1.0,0.0,1,0,2.0,0.5714285714285714
175,175,0,1.0,1.0,1.0,1,1,5.0,1.4285714285714286
175,299,0,0.0,1.0,0.0,1,1,3.0,0.8571428571428571
175,328,0,1.0,1.0,1.0,1,0,4.0,1.1428571428571428
176,110,0,0.0,1.0,0.0,1,1,3.0,0.8571428571428571
176,121,0,1.0,1.0,1.0,1,1,5.0,1.4285714285714286
176,214,0,0.0,1.0,0.0,1,0,2.0,0.5714285714285714
176,286,0,0.0,1.0,0.0,1,0,2.0,0.5714285714285714
176,293,0,1.0,1.0,1.0,1,0,4.0,1.1428571428571428
176,302,0,0.0,1.0,0.0,1,0,2.0,0.5714285714285714
176,369,0,0.0,1.0,0.0,1,0,2.0,0.5714285714285714
176,389,0,0.0,1.0,1.0,1,0,3.0,0.8571428571428571
177,79,0,1.0,1.0,1.0,1,1,5.0,1.4285714285714286
177,102,0,1.0,1.0,1.0,1,0,4.0,1.1428571428571428
177,239,0,1.0,1.0,1.0,1,1,5.0,1.4285714285714286
177,298,0,0.0,1.0,0.0,1,0,2.0,0.5714285714285714
177,333,0,0.0,1.0,0.0,1,0,2.0,0.5714285714285714
178,13,0,0.0,1.0,1.0,1,0,3.0,0.8571428571428571
178,159,0,0.0,1.0,1.0,1,0,3.0,0.8571428571428571
178,324,0,0.0,1.0,1.0,1,0,3.0,0.8571428571428571
178,344,1,1.0,1.0,1.0,1,1,6.0,1.7142857142857142
178,380,0,1.0,1.0,1.0,1,0,4.0,1.1428571428571428
178,400,0,0.0,1.0,1.0,1,0,3.0,0.8571428571428571
178,401,0,0.0,1.0,0.0,1,0,2.0,0.5714285714285714
179,31,0,0.0,1.0,0.0,1,0,2.0,0.5714285714285714
179,105,0,1.0,1.0,1.0,1,0,4.0,1.1428571428571428
179,128,0,0.0,1.0,0.0,1,0,2.0,0.5714285714285714
179,295,1,1.0,1.0,1.0,1,1,6.0,1.7142857142857142
179,301,0,1.0,1.0,1.0,1,1,5.0,1.4285714285714286
180,77,0,0.0,1.0,0.0,1,0,2.0,0.5714285714285714
180,86,1,1.0,1.0,1.0,1,1,6.0,1.7142857142857142
180,208,0,0.0,1.0,0.0,1,0,2.0,0.5714285714285714
180,310,0,0.0,1.0,0.0,1,0,2.0,0.5714285714285714
180,390,1,1.0,1.0,1.0,1,0,5.0,1.4285714285714286
180,395,0,0.0,1.0,0.0,1,0,2.0,0.5714285714285714
181,95,0,1.0,1.0,1.0,1,0,4.0,1.1428571428571428
181,143,0,0.0,1.0,0.0,1,0,2.0,0.5714285714285714
181,177,1,1.0,1.0,1.0,1,1,6.0,1.7142857142857142
182,11,0,0.0,1.0,1.0,1,0,3.0,0.8571428571428571
182,51,1,1.0,1.0,1.0,1,1,6.0,1.7142857142857142
182,172,0,0.0,1.0,1.0,1,0,3.0,0.8571428571428571
182,291,0,0.0,1.0,1.0,1,0,3.0,0.8571428571428571
182,408,0,1.0,1.0,1.0,1,0,4.0,1.1428571428571428
183,198,0,1.0,1.0,1.0,1,1,5.0,1.4285714285714286
183,270,1,1.0,1.0,1.0,1,1,6.0,1.7142857142857142
183,424,1,1.0,1.0,1.0,1,1,6.0,1.7142857142857142
184,73,0,1.0,1.0,1.0,1,0,4.0,1.1428571428571428
184,241,1,1.0,1.0,1.0,1,1,6.0,1.7142857142857142
185,43,0,1.0,1.0,1.0,1,1,5.0,1.4285714285714286
186,15,0,0.0,1.0,0.0,1,0,2.0,0.5714285714285714
186,175,0,1.0,1.0,1.0,1,0,4.0,1.1428571428571428
186,299,0,0.0,1.0,0.0,1,0,2.0,0.5714285714285714
186,328,1,1.0,1.0,1.0,1,1,6.0,1.7142857142857142
187,69,0,1.0,1.0,1.0,1,1,5.0,1.4285714285714286
187,141,0,0.0,1.0,0.0,1,0,2.0,0.5714285714285714
187,355,0,1.0,1.0,1.0,1,0,4.0,1.1428571428571428
188,19,1,1.0,1.0,1.0,1,0,5.0,1.4285714285714286
188,59,0,1.0,1.0,1.0,1,1,5.0,1.4285714285714286
188,75,0,1.0,1.0,1.0,1,1,5.0,1.4285714285714286
188,170,0,1.0,1.0,1.0,1,1,5.0,1.4285714285714286
190,87,0,0.0,1.0,0.0,1,0,2.0,0.5714285714285714
190,174,0,0.0,1.0,0.0,1,0,2.0,0.5714285714285714
190,250,0,0.0,1.0,0.0,1,1,3.0,0.8571428571428571
190,414,1,1.0,1.0,1.0,1,1,6.0,1.7142857142857142
191,185,0,0.0,1.0,0.0,1,0,2.0,0.5714285714285714
191,371,1,1.0,1.0,1.0,1,0,5.0,1.4285714285714286
192,259,1,1.0,1.0,1.0,1,0,5.0,1.4285714285714286
193,17,0,0.0,1.0,0.0,1,1,3.0,0.8571428571428571
193,47,0,0.0,1.0,0.0,1,0,2.0,0.5714285714285714
193,54,1,1.0,1.0,1.0,1,1,6.0,1.7142857142857142
193,134,1,1.0,1.0,1.0,1,0,5.0,1.4285714285714286
193,255,0,0.0,1.0,0.0,1,0,2.0,0.5714285714285714
193,258,0,1.0,1.0,1.0,1,0,4.0,1.1428571428571428
193,282,1,1.0,1.0,1.0,1,0,5.0,1.4285714285714286
193,335,0,0.0,1.0,0.0,1,0,2.0,0.5714285714285714
193,407,0,0.0,1.0,0.0,1,0,2.0,0.5714285714285714
193,409,0,0.0,1.0,0.0,1,0,2.0,0.5714285714285714
194,11,1,1.0,1.0,1.0,1,1,6.0,1.7142857142857142
194,51,0,0.0,1.0,1.0,1,0,3.0,0.8571428571428571
194,172,1,1.0,1.0,1.0,1,0,5.0,1.4285714285714286
194,291,1,1.0,1.0,1.0,1,1,6.0,1.7142857142857142
194,408,0,0.0,1.0,1.0,1,0,3.0,0.8571428571428571
195,22,1,1.0,1.0,1.0,1,1,6.0,1.7142857142857142
195,116,1,1.0,1.0,1.0,1,0,5.0,1.4285714285714286
195,181,1,1.0,1.0,1.0,1,1,6.0,1.7142857142857142
195,343,0,0.0,1.0,0.0,1,0,2.0,0.5714285714285714
195,364,0,1.0,1.0,1.0,1,1,5.0,1.4285714285714286
196,66,0,0.0,1.0,0.0,1,1,3.0,0.8571428571428571
196,104,0,0.0,1.0,0.0,1,0,2.0,0.5714285714285714
196,119,0,1.0,1.0,1.0,1,0,4.0,1.1428571428571428
196,154,0,0.0,1.0,1.0,1,0,3.0,0.8571428571428571
196,186,0,0.0,1.0,0.0,1,1,3.0,0.8571428571428571
196,223,0,1.0,1.0,1.0,1,1,5.0,1.4285714285714286
196,349,0,0.0,1.0,0.0,1,0,2.0,0.5714285714285714
197,8,1,1.0,1.0,1.0,1,0,5.0,1.4285714285714286
197,28,1,1.0,1.0,1.0,1,0,5.0,1.4285714285714286
197,48,0,1.0,1.0,1.0,1,1,5.0,1.4285714285714286
197,153,0,0.0,1.0,0.0,1,0,2.0,0.5714285714285714
197,305,0,1.0,1.0,1.0,1,1,5.0,1.4285714285714286
198,77,0,1.0,1.0,1.0,1,0,4.0,1.1428571428571428
198,86,0,0.0,1.0,0.0,1,0,2.0,0.5714285714285714
198,208,0,0.0,1.0,0.0,1,1,3.0,0.8571428571428571
198,310,0,0.0,1.0,0.0,1,0,2.0,0.5714285714285714
198,390,0,0.0,1.0,0.0,1,1,3.0,0.8571428571428571
198,395,0,1.0,1.0,1.0,1,0,4.0,1.1428571428571428
199,94,0,0.0,1.0,0.0,1,0,2.0,0.5714285714285714
199,103,0,0.0,1.0,0.0,1,0,2.0,0.5714285714285714
199,140,0,0.0,1.0,0.0,1,0,2.0,0.5714285714285714
199,205,0,1.0,1.0,1.0,1,1,5.0,1.4285714285714286
199,210,0,1.0,1.0,1.0,1,1,5.0,1.4285714285714286
199,212,1,1.0,1.0,1.0,1,0,5.0,1.4285714285714286
199,247,0,1.0,1.0,1.0,1,0,4.0,1.1428571428571428
199,276,0,0.0,1.0,0.0,1,0,2.0,0.5714285714285714
199,292,0,1.0,1.0,1.0,1,1,5.0,1.4285714285714286
199,374,0,0.0,1.0,0.0,1,0,2.0,0.5714285714285714
199,377,0,0.0,1.0,0.0,1,0,2.0,0.5714285714285714
199,393,0,1.0,1.0,1.0,1,0,4.0,1.1428571428571428
200,45,0,1.0,1.0,1.0,1,0,4.0,1.1428571428571428
200,144,0,1.0,1.0,1.0,1,1,5.0,1.4285714285714286
200,283,0,1.0,1.0,1.0,1,0,4.0,1.1428571428571428
200,368,0,1.0,1.0,1.0,1,1,5.0,1.4285714285714286
200,410,0,1.0,1.0,1.0,1,1,5.0,1.4285714285714286
201,17,0,1.0,1.0,1.0,1,0,4.0,1.1428571428571428
201,47,0,0.0,1.0,0.0,1,0,2.0,0.5714285714285714
201,54,0,0.0,1.0,0.0,1,0,2.0,0.5714285714285714
201,134,0,0.0,1.0,0.0,1,0,2.0,0.5714285714285714
201,255,0,0.0,1.0,0.0,1,0,2.0,0.5714285714285714
201,258,0,0.0,1.0,0.0,1,0,2.0,0.5714285714285714
201,282,0,0.0,1.0,0.0,1,0,2.0,0.5714285714285714
201,335,0,0.0,1.0,0.0,1,0,2.0,0.5714285714285714
201,407,0,0.0,1.0,0.0,1,0,2.0,0.5714285714285714
201,409,1,1.0,1.0,1.0,1,1,6.0,1.7142857142857142
202,42,0,0.0,1.0,0.0,1,1,3.0,0.8571428571428571
202,72,0,0.0,1.0,0.0,1,0,2.0,0.5714285714285714
202,126,0,1.0,1.0,1.0,1,0,4.0,1.1428571428571428
202,207,0,0.0,1.0,0.0,1,0,2.0,0.5714285714285714
202,219,0,0.0,1.0,0.0,1,0,2.0,0.5714285714285714
202,221,0,1.0,1.0,1.0,1,0,4.0,1.1428571428571428
202,271,1,1.0,1.0,1.0,1,1,6.0,1.7142857142857142
202,413,1,1.0,1.0,1.0,1,0,5.0,1.4285714285714286
203,127,1,1.0,1.0,1.0,1,1,6.0,1.7142857142857142
203,381,0,1.0,1.0,1.0,1,1,5.0,1.4285714285714286
204,16,0,1.0,1.0,1.0,1,0,4.0,1.1428571428571428
204,58,0,1.0,1.0,1.0,1,1,5.0,1.4285714285714286
204,85,0,1.0,1.0,1.0,1,0,4.0,1.1428571428571428
205,12,0,1.0,1.0,1.0,1,0,4.0,1.1428571428571428
205,136,0,0.0,1.0,0.0,1,1,3.0,0.8571428571428571
205,161,0,1.0,1.0,1.0,1,1,5.0,1.4285714285714286
205,339,0,1.0,1.0,1.0,1,0,4.0,1.1428571428571428
206,130,0,0.0,1.0,0.0,1,1,3.0,0.8571428571428571
206,348,1,1.0,1.0,1.0,1,1,6.0,1.7142857142857142
207,3,0,1.0,1.0,1.0,1,0,4.0,1.1428571428571428
207,178,0,0.0,1.0,0.0,1,1,3.0,0.8571428571428571
207,211,0,0.0,1.0,0.0,1,0,2.0,0.5714285714285714
207,399,0,1.0,1.0,1.0,1,1,5.0,1.4285714285714286
208,141,1,1.0,1.0,1.0,1,1,6.0,1.7142857142857142
208,309,0,1.0,1.0,1.0,1,0,4.0,1.1428571428571428
209,38,0,1.0,1.0,1.0,1,1,5.0,1.4285714285714286
209,144,0,0.0,1.0,1.0,1,0,3.0,0.8571428571428571
209,283,0,0.0,1.0,1.0,1,0,3.0,0.8571428571428571
209,329,0,1.0,1.0,1.0,1,0,4.0,1.1428571428571428
209,410,0,0.0,1.0,1.0,1,0,3.0,0.8571428571428571
210,188,1,1.0,1.0,1.0,1,1,6.0,1.7142857142857142
210,229,0,1.0,1.0,1.0,1,0,4.0,1.1428571428571428
210,244,0,1.0,1.0,1.0,1,0,4.0,1.1428571428571428
210,351,1,1.0,1.0,1.0,1,0,5.0,1.4285714285714286
210,387,1,1.0,1.0,1.0,1,0,5.0,1.4285714285714286
211,1,1,1.0,1.0,1.0,1,0,5.0,1.4285714285714286
211,24,0,1.0,1.0,1.0,1,0,4.0,1.1428571428571428
211,44,0,0.0,1.0,0.0,1,0,2.0,0.5714285714285714
211,125,1,1.0,1.0,1.0,1,0,5.0,1.4285714285714286
211,230,0,0.0,1.0,0.0,1,0,2.0,0.5714285714285714
211,277,0,1.0,1.0,1.0,1,0,4.0,1.1428571428571428
212,13,0,0.0,1.0,1.0,1,0,3.0,0.8571428571428571
212,159,0,1.0,1.0,1.0,1,0,4.0,1.1428571428571428
212,324,0,0.0,1.0,1.0,1,0,3.0,0.8571428571428571
212,344,0,0.0,1.0,1.0,1,0,3.0,0.8571428571428571
212,380,0,0.0,1.0,1.0,1,1,4.0,1.1428571428571428
212,400,1,1.0,1.0,1.0,1,1,6.0,1.7142857142857142
212,401,0,0.0,1.0,0.0,1,0,2.0,0.5714285714285714
214,49,0,0.0,1.0,0.0,1,0,2.0,0.5714285714285714
214,232,0,0.0,1.0,1.0,1,0,3.0,0.8571428571428571
214,251,0,1.0,1.0,1.0,1,1,5.0,1.4285714285714286
214,297,0,0.0,1.0,0.0,1,0,2.0,0.5714285714285714
214,321,0,0.0,1.0,0.0,1,0,2.0,0.5714285714285714
214,388,0,0.0,1.0,1.0,1,0,3.0,0.8571428571428571
215,41,0,0.0,1.0,0.0,1,0,2.0,0.5714285714285714
215,313,0,0.0,1.0,0.0,1,1,3.0,0.8571428571428571
215,354,0,0.0,1.0,0.0,1,0,2.0,0.5714285714285714
215,360,0,0.0,1.0,0.0,1,0,2.0,0.5714285714285714
215,362,0,1.0,1.0,1.0,1,1,5.0,1.4285714285714286
216,94,0,0.0,1.0,0.0,1,0,2.0,0.5714285714285714
216,103,0,0.0,1.0,1.0,1,0,3.0,0.8571428571428571
216,140,0,0.0,1.0,0.0,1,0,2.0,0.5714285714285714
216,205,0,1.0,1.0,1.0,1,0,4.0,1.1428571428571428
216,210,0,1.0,1.0,1.0,1,0,4.0,1.1428571428571428
216,212,0,1.0,1.0,1.0,1,0,4.0,1.1428571428571428
216,247,1,1.0,1.0,1.0,1,0,5.0,1.4285714285714286
216,276,0,0.0,1.0,0.0,1,0,2.0,0.5714285714285714
216,292,1,1.0,1.0,1.0,1,0,5.0,1.4285714285714286
216,374,0,0.0,1.0,0.0,1,1,3.0,0.8571428571428571
216,377,0,0.0,1.0,0.0,1,1,3.0,0.8571428571428571
216,393,1,1.0,1.0,1.0,1,1,6.0,1.7142857142857142
217,1,0,1.0,1.0,1.0,1,0,4.0,1.1428571428571428
217,24,1,1.0,1.0,1.0,1,0,5.0,1.4285714285714286
217,44,0,0.0,1.0,0.0,1,0,2.0,0.5714285714285714
217,125,0,1.0,1.0,1.0,1,0,4.0,1.1428571428571428
217,230,0,0.0,1.0,0.0,1,0,2.0,0.5714285714285714
217,277,1,1.0,1.0,1.0,1,0,5.0,1.4285714285714286
218,145,0,1.0,1.0,1.0,1,0,4.0,1.1428571428571428
218,149,0,0.0,1.0,0.0,1,1,3.0,0.8571428571428571
218,157,0,1.0,1.0,1.0,1,1,5.0,1.4285714285714286
218,204,0,1.0,1.0,1.0,1,0,4.0,1.1428571428571428
218,334,0,0.0,1.0,0.0,1,0,2.0,0.5714285714285714
218,403,0,1.0,1.0,1.0,1,0,4.0,1.1428571428571428
219,45,0,1.0,1.0,1.0,1,0,4.0,1.1428571428571428
219,144,1,1.0,1.0,1.0,1,0,5.0,1.4285714285714286
219,283,1,1.0,1.0,1.0,1,1,6.0,1.7142857142857142
219,368,0,1.0,1.0,1.0,1,0,4.0,1.1428571428571428
219,410,1,1.0,1.0,1.0,1,0,5.0,1.4285714285714286
220,31,0,0.0,1.0,0.0,1,0,2.0,0.5714285714285714
220,105,1,1.0,1.0,1.0,1,1,6.0,1.7142857142857142
220,128,0,0.0,1.0,0.0,1,0,2.0,0.5714285714285714
220,295,0,1.0,1.0,1.0,1,0,4.0,1.1428571428571428
220,301,1,1.0,1.0,1.0,1,0,5.0,1.4285714285714286
221,336,0,0.0,1.0,0.0,1,0,2.0,0.5714285714285714
221,338,1,1.0,1.0,1.0,1,1,6.0,1.7142857142857142
222,92,0,1.0,1.0,1.0,1,0,4.0,1.1428571428571428
222,111,0,1.0,1.0,1.0,1,1,5.0,1.4285714285714286
222,147,1,1.0,1.0,1.0,1,1,6.0,1.7142857142857142
222,180,1,1.0,1.0,1.0,1,0,5.0,1.4285714285714286
222,187,0,0.0,1.0,1.0,1,1,4.0,1.1428571428571428
222,398,0,0.0,1.0,1.0,1,0,3.0,0.8571428571428571
223,40,1,1.0,1.0,1.0,1,0,5.0,1.4285714285714286
223,196,0,1.0,1.0,1.0,1,1,5.0,1.4285714285714286
223,226,0,1.0,1.0,1.0,1,0,4.0,1.1428571428571428
223,264,0,1.0,1.0,1.0,1,0,4.0,1.1428571428571428
223,281,1,1.0,1.0,1.0,1,1,6.0,1.7142857142857142
223,405,0,1.0,1.0,1.0,1,1,5.0,1.4285714285714286
223,416,0,1.0,1.0,1.0,1,1,5.0,1.4285714285714286
224,65,0,0.0,1.0,0.0,1,1,3.0,0.8571428571428571
224,166,0,0.0,1.0,0.0,1,0,2.0,0.5714285714285714
224,182,0,0.0,1.0,0.0,1,0,2.0,0.5714285714285714
224,306,0,0.0,1.0,0.0,1,0,2.0,0.5714285714285714
224,311,1,1.0,1.0,1.0,1,1,6.0,1.7142857142857142
224,315,0,0.0,1.0,0.0,1,0,2.0,0.5714285714285714
224,327,0,0.0,1.0,0.0,1,0,2.0,0.5714285714285714
224,350,0,1.0,1.0,1.0,1,1,5.0,1.4285714285714286
225,217,0,1.0,1.0,1.0,1,1,5.0,1.4285714285714286
225,269,0,0.0,1.0,0.0,1,0,2.0,0.5714285714285714
225,373,0,0.0,1.0,0.0,1,0,2.0,0.5714285714285714
226,9,0,0.0,1.0,0.0,1,0,2.0,0.5714285714285714
226,151,0,0.0,1.0,0.0,1,1,3.0,0.8571428571428571
226,176,0,0.0,1.0,0.0,1,0,2.0,0.5714285714285714
226,278,0,0.0,1.0,0.0,1,0,2.0,0.5714285714285714
226,345,0,0.0,1.0,0.0,1,0,2.0,0.5714285714285714
226,356,1,1.0,1.0,1.0,1,1,6.0,1.7142857142857142
227,1,1,1.0,1.0,1.0,1,0,5.0,1.4285714285714286
227,24,0,1.0,1.0,1.0,1,0,4.0,1.1428571428571428
227,44,0,0.0,1.0,0.0,1,1,3.0,0.8571428571428571
227,125,1,1.0,1.0,1.0,1,1,6.0,1.7142857142857142
227,230,0,0.0,1.0,0.0,1,0,2.0,0.5714285714285714
227,277,0,1.0,1.0,1.0,1,0,4.0,1.1428571428571428
228,39,0,0.0,1.0,1.0,1,0,3.0,0.8571428571428571
228,129,0,1.0,1.0,1.0,1,0,4.0,1.1428571428571428
228,184,0,0.0,1.0,0.0,1,0,2.0,0.5714285714285714
228,206,1,1.0,1.0,1.0,1,1,6.0,1.7142857142857142
228,279,0,0.0,1.0,0.0,1,0,2.0,0.5714285714285714
228,370,0,0.0,1.0,0.0,1,1,3.0,0.8571428571428571
229,64,1,1.0,1.0,1.0,1,0,5.0,1.4285714285714286
229,67,0,0.0,1.0,0.0,1,0,2.0,0.5714285714285714
229,107,1,1.0,1.0,1.0,1,1,6.0,1.7142857142857142
229,382,1,1.0,1.0,1.0,1,0,5.0,1.4285714285714286
230,372,0,1.0,1.0,1.0,1,1,5.0,1.4285714285714286
231,92,0,0.0,1.0,0.0,1,0,2.0,0.5714285714285714
231,111,0,0.0,1.0,1.0,1,1,4.0,1.1428571428571428
231,147,0,0.0,1.0,1.0,1,1,4.0,1.1428571428571428
231,180,0,0.0,1.0,1.0,1,0,3.0,0.8571428571428571
231,187,1,1.0,1.0,1.0,1,1,6.0,1.7142857142857142
231,398,0,1.0,1.0,1.0,1,0,4.0,1.1428571428571428
232,228,1,1.0,1.0,1.0,1,1,6.0,1.7142857142857142
232,249,0,1.0,1.0,1.0,1,0,4.0,1.1428571428571428
232,307,0,1.0,1.0,1.0,1,1,5.0,1.4285714285714286
233,31,0,0.0,1.0,0.0,1,0,2.0,0.5714285714285714
233,105,1,1.0,1.0,1.0,1,0,5.0,1.4285714285714286
233,128,0,0.0,1.0,0.0,1,0,2.0,0.5714285714285714
233,295,0,1.0,1.0,1.0,1,1,5.0,1.4285714285714286
233,301,1,1.0,1.0,1.0,1,1,6.0,1.7142857142857142
234,42,1,1.0,1.0,1.0,1,0,5.0,1.4285714285714286
234,72,0,0.0,1.0,0.0,1,0,2.0,0.5714285714285714
234,126,0,0.0,1.0,0.0,1,1,3.0,0.8571428571428571
234,207,1,1.0,1.0,1.0,1,1,6.0,1.7142857142857142
234,219,1,1.0,1.0,1.0,1,1,6.0,1.7142857142857142
234,221,0,0.0,1.0,0.0,1,0,2.0,0.5714285714285714
234,271,0,0.0,1.0,0.0,1,0,2.0,0.5714285714285714
234,413,0,0.0,1.0,0.0,1,0,2.0,0.5714285714285714
235,141,1,1.0,1.0,1.0,1,0,5.0,1.4285714285714286
235,309,0,1.0,1.0,1.0,1,1,5.0,1.4285714285714286
236,92,0,0.0,1.0,0.0,1,0,2.0,0.5714285714285714
236,111,0,0.0,1.0,0.0,1,0,2.0,0.5714285714285714
236,147,0,0.0,1.0,1.0,1,0,3.0,0.8571428571428571
236,180,0,0.0,1.0,1.0,1,0,3.0,0.8571428571428571
236,187,0,1.0,1.0,1.0,1,0,4.0,1.1428571428571428
236,398,1,1.0,1.0,1.0,1,1,6.0,1.7142857142857142
237,89,0,1.0,1.0,1.0,1,1,5.0,1.4285714285714286
237,114,0,0.0,1.0,1.0,1,1,4.0,1.1428571428571428
237,304,0,0.0,1.0,0.0,1,1,3.0,0.8571428571428571
237,342,0,1.0,1.0,1.0,1,0,4.0,1.1428571428571428
237,366,0,0.0,1.0,0.0,1,0,2.0,0.5714285714285714
238,49,1,1.0,1.0,1.0,1,1,6.0,1.7142857142857142
238,55,0,1.0,1.0,1.0,1,0,4.0,1.1428571428571428
238,68,0,1.0,1.0,1.0,1,1,5.0,1.4285714285714286
238,297,1,1.0,1.0,1.0,1,0,5.0,1.4285714285714286
239,110,0,0.0,1.0,0.0,1,1,3.0,0.8571428571428571
239,121,0,0.0,1.0,0.0,1,1,3.0,0.8571428571428571
239,214,0,1.0,1.0,1.0,1,0,4.0,1.1428571428571428
239,286,0,1.0,1.0,1.0,1,0,4.0,1.1428571428571428
239,293,0,0.0,1.0,1.0,1,0,3.0,0.8571428571428571
239,302,1,1.0,1.0,1.0,1,0,5.0,1.4285714285714286
239,369,0,1.0,1.0,1.0,1,0,4.0,1.1428571428571428
239,389,0,0.0,1.0,0.0,1,0,2.0,0.5714285714285714
240,33,0,0.0,1.0,0.0,1,0,2.0,0.5714285714285714
240,62,0,0.0,1.0,0.0,1,0,2.0,0.5714285714285714
240,70,0,0.0,1.0,0.0,1,0,2.0,0.5714285714285714
240,115,0,0.0,1.0,0.0,1,0,2.0,0.5714285714285714
240,164,0,0.0,1.0,0.0,1,0,2.0,0.5714285714285714
240,318,0,0.0,1.0,0.0,1,0,2.0,0.5714285714285714
240,341,1,1.0,1.0,1.0,1,1,6.0,1.7142857142857142
240,391,0,0.0,1.0,0.0,1,0,2.0,0.5714285714285714
241,42,0,1.0,1.0,1.0,1,0,4.0,1.1428571428571428
241,72,0,0.0,1.0,0.0,1,0,2.0,0.5714285714285714
241,126,0,0.0,1.0,0.0,1,1,3.0,0.8571428571428571
241,207,0,1.0,1.0,1.0,1,1,5.0,1.4285714285714286
241,219,0,1.0,1.0,1.0,1,1,5.0,1.4285714285714286
241,221,0,0.0,1.0,0.0,1,0,2.0,0.5714285714285714
241,271,0,0.0,1.0,0.0,1,0,2.0,0.5714285714285714
241,413,0,0.0,1.0,0.0,1,0,2.0,0.5714285714285714
242,65,0,1.0,1.0,1.0,1,0,4.0,1.1428571428571428
242,166,0,1.0,1.0,1.0,1,1,5.0,1.4285714285714286
242,182,0,0.0,1.0,1.0,1,0,3.0,0.8571428571428571
242,306,0,0.0,1.0,0.0,1,1,3.0,0.8571428571428571
242,311,0,0.0,1.0,0.0,1,0,2.0,0.5714285714285714
242,315,0,1.0,1.0,1.0,1,0,4.0,1.1428571428571428
242,327,1,1.0,1.0,1.0,1,1,6.0,1.7142857142857142
242,350,0,0.0,1.0,0.0,1,0,2.0,0.5714285714285714
243,41,0,0.0,1.0,0.0,1,0,2.0,0.5714285714285714
243,313,0,1.0,1.0,1.0,1,1,5.0,1.4285714285714286
243,354,0,0.0,1.0,0.0,1,0,2.0,0.5714285714285714
243,360,0,1.0,1.0,1.0,1,0,4.0,1.1428571428571428
243,362,0,0.0,1.0,0.0,1,1,3.0,0.8571428571428571
244,40,1,1.0,1.0,1.0,1,0,5.0,1.4285714285714286
244,196,0,1.0,1.0,1.0,1,0,4.0,1.1428571428571428
244,226,0,1.0,1.0,1.0,1,1,5.0,1.4285714285714286
244,264,0,1.0,1.0,1.0,1,1,5.0,1.4285714285714286
244,281,1,1.0,1.0,1.0,1,0,5.0,1.4285714285714286
244,405,0,1.0,1.0,1.0,1,0,4.0,1.1428571428571428
244,416,0,1.0,1.0,1.0,1,0,4.0,1.1428571428571428
245,42,0,1.0,1.0,1.0,1,0,4.0,1.1428571428571428
245,72,0,0.0,1.0,0.0,1,0,2.0,0.5714285714285714
245,126,0,0.0,1.0,0.0,1,0,2.0,0.5714285714285714
245,207,0,1.0,1.0,1.0,1,0,4.0,1.1428571428571428
245,219,0,1.0,1.0,1.0,1,0,4.0,1.1428571428571428
245,221,0,0.0,1.0,0.0,1,0,2.0,0.5714285714285714
245,271,0,0.0,1.0,0.0,1,0,2.0,0.5714285714285714
245,413,0,0.0,1.0,0.0,1,0,2.0,0.5714285714285714
246,83,0,1.0,1.0,1.0,1,0,4.0,1.1428571428571428
246,272,0,1.0,1.0,1.0,1,1,5.0,1.4285714285714286
247,22,1,1.0,1.0,1.0,1,0,5.0,1.4285714285714286
247,116,1,1.0,1.0,1.0,1,1,6.0,1.7142857142857142
247,181,1,1.0,1.0,1.0,1,0,5.0,1.4285714285714286
247,343,0,0.0,1.0,0.0,1,0,2.0,0.5714285714285714
247,364,0,1.0,1.0,1.0,1,0,4.0,1.1428571428571428
248,195,0,1.0,1.0,1.0,1,1,5.0,1.4285714285714286
248,232,0,0.0,1.0,1.0,1,1,4.0,1.1428571428571428
249,14,0,1.0,1.0,1.0,1,0,4.0,1.1428571428571428
249,29,0,1.0,1.0,1.0,1,1,5.0,1.4285714285714286
249,81,0,1.0,1.0,1.0,1,0,4.0,1.1428571428571428
249,100,0,1.0,1.0,1.0,1,1,5.0,1.4285714285714286
249,193,0,1.0,1.0,1.0,1,0,4.0,1.1428571428571428
249,325,0,1.0,1.0,1.0,1,0,4.0,1.1428571428571428
249,347,0,1.0,1.0,1.0,1,0,4.0,1.1428571428571428
250,94,0,0.0,1.0,0.0,1,0,2.0,0.5714285714285714
250,103,0,0.0,1.0,0.0,1,0,2.0,0.5714285714285714
250,140,0,0.0,1.0,0.0,1,0,2.0,0.5714285714285714
250,205,0,1.0,1.0,1.0,1,1,5.0,1.4285714285714286
250,210,0,1.0,1.0,1.0,1,1,5.0,1.4285714285714286
250,212,1,1.0,1.0,1.0,1,0,5.0,1.4285714285714286
250,247,0,1.0,1.0,1.0,1,0,4.0,1.1428571428571428
250,276,0,0.0,1.0,0.0,1,0,2.0,0.5714285714285714
250,292,0,1.0,1.0,1.0,1,1,5.0,1.4285714285714286
250,374,0,0.0,1.0,0.0,1,0,2.0,0.5714285714285714
250,377,0,0.0,1.0,0.0,1,0,2.0,0.5714285714285714
250,393,0,1.0,1.0,1.0,1,0,4.0,1.1428571428571428
251,145,0,1.0,1.0,1.0,1,0,4.0,1.1428571428571428
251,149,0,0.0,1.0,0.0,1,0,2.0,0.5714285714285714
251,157,0,1.0,1.0,1.0,1,0,4.0,1.1428571428571428
251,204,0,1.0,1.0,1.0,1,0,4.0,1.1428571428571428
251,334,0,0.0,1.0,0.0,1,0,2.0,0.5714285714285714
251,403,0,1.0,1.0,1.0,1,1,5.0,1.4285714285714286
252,15,0,0.0,1.0,0.0,1,0,2.0,0.5714285714285714
252,175,0,0.0,1.0,0.0,1,1,3.0,0.8571428571428571
252,299,0,0.0,1.0,0.0,1,1,3.0,0.8571428571428571
252,328,0,0.0,1.0,0.0,1,0,2.0,0.5714285714285714
253,45,0,1.0,1.0,1.0,1,0,4.0,1.1428571428571428
253,144,1,1.0,1.0,1.0,1,1,6.0,1.7142857142857142
253,283,1,1.0,1.0,1.0,1,0,5.0,1.4285714285714286
253,368,0,1.0,1.0,1.0,1,1,5.0,1.4285714285714286
253,410,1,1.0,1.0,1.0,1,1,6.0,1.7142857142857142
254,65,0,0.0,1.0,0.0,1,1,3.0,0.8571428571428571
254,166,0,0.0,1.0,0.0,1,0,2.0,0.5714285714285714
254,182,0,0.0,1.0,0.0,1,0,2.0,0.5714285714285714
254,306,0,0.0,1.0,0.0,1,0,2.0,0.5714285714285714
254,311,0,1.0,1.0,1.0,1,1,5.0,1.4285714285714286
254,315,0,0.0,1.0,0.0,1,0,2.0,0.5714285714285714
254,327,0,0.0,1.0,0.0,1,0,2.0,0.5714285714285714
254,350,1,1.0,1.0,1.0,1,1,6.0,1.7142857142857142
255,110,0,0.0,1.0,1.0,1,0,3.0,0.8571428571428571
255,121,0,0.0,1.0,0.0,1,0,2.0,0.5714285714285714
255,214,1,1.0,1.0,1.0,1,1,6.0,1.7142857142857142
255,286,1,1.0,1.0,1.0,1,0,5.0,1.4285714285714286
255,293,0,0.0,1.0,1.0,1,0,3.0,0.8571428571428571
255,302,0,1.0,1.0,1.0,1,0,4.0,1.1428571428571428
255,369,1,1.0,1.0,1.0,1,0,5.0,1.4285714285714286
255,389,0,0.0,1.0,0.0,1,1,3.0,0.8571428571428571
256,79,0,0.0,1.0,0.0,1,0,2.0,0.5714285714285714
256,102,0,0.0,1.0,0.0,1,0,2.0,0.5714285714285714
256,239,0,0.0,1.0,0.0,1,0,2.0,0.5714285714285714
256,298,0,0.0,1.0,0.0,1,1,3.0,0.8571428571428571
256,333,0,0.0,1.0,0.0,1,0,2.0,0.5714285714285714
257,336,1,1.0,1.0,1.0,1,0,5.0,1.4285714285714286
257,338,0,0.0,1.0,0.0,1,0,2.0,0.5714285714285714
258,65,0,0.0,1.0,0.0,1,0,2.0,0.5714285714285714
258,166,0,0.0,1.0,0.0,1,1,3.0,0.8571428571428571
258,182,0,0.0,1.0,0.0,1,0,2.0,0.5714285714285714
258,306,1,1.0,1.0,1.0,1,1,6.0,1.7142857142857142
258,311,0,0.0,1.0,0.0,1,0,2.0,0.5714285714285714
258,315,0,0.0,1.0,0.0,1,0,2.0,0.5714285714285714
258,327,0,0.0,1.0,0.0,1,1,3.0,0.8571428571428571
258,350,0,0.0,1.0,0.0,1,0,2.0,0.5714285714285714
259,40,0,1.0,1.0,1.0,1,0,4.0,1.1428571428571428
259,196,0,1.0,1.0,1.0,1,1,5.0,1.4285714285714286
259,226,0,1.0,1.0,1.0,1,0,4.0,1.1428571428571428
259,264,0,1.0,1.0,1.0,1,0,4.0,1.1428571428571428
259,281,0,1.0,1.0,1.0,1,1,5.0,1.4285714285714286
259,405,0,0.0,1.0,0.0,1,1,3.0,0.8571428571428571
259,416,1,1.0,1.0,1.0,1,1,6.0,1.7142857142857142
260,269,0,0.0,1.0,0.0,1,0,2.0,0.5714285714285714
260,373,1,1.0,1.0,1.0,1,1,6.0,1.7142857142857142
261,148,0,1.0,1.0,1.0,1,1,5.0,1.4285714285714286
261,158,0,0.0,1.0,0.0,1,0,2.0,0.5714285714285714
261,312,0,1.0,1.0,1.0,1,0,4.0,1.1428571428571428
262,2,0,1.0,1.0,1.0,1,1,5.0,1.4285714285714286
262,61,1,1.0,1.0,1.0,1,1,6.0,1.7142857142857142
262,203,0,1.0,1.0,1.0,1,0,4.0,1.1428571428571428
262,231,0,0.0,1.0,1.0,1,1,4.0,1.1428571428571428
262,300,0,0.0,1.0,1.0,1,0,3.0,0.8571428571428571
262,316,0,0.0,1.0,1.0,1,0,3.0,0.8571428571428571
263,76,0,1.0,1.0,1.0,1,0,4.0,1.1428571428571428
263,259,0,0.0,1.0,0.0,1,0,2.0,0.5714285714285714
263,317,0,0.0,1.0,0.0,1,0,2.0,0.5714285714285714
264,17,0,0.0,0.0,0.0,1,1,2.0,0.5714285714285714
264,80,0,0.0,1.0,1.0,1,0,3.0,0.8571428571428571
265,80,0,0.0,1.0,0.0,1,1,3.0,0.8571428571428571
265,133,0,1.0,1.0,0.0,1,0,3.0,0.8571428571428571
265,139,0,1.0,1.0,1.0,1,1,5.0,1.4285714285714286
265,162,0,1.0,1.0,1.0,1,1,5.0,1.4285714285714286
265,192,0,1.0,1.0,1.0,1,0,4.0,1.1428571428571428
265,263,0,1.0,1.0,1.0,1,0,4.0,1.1428571428571428
265,268,1,1.0,1.0,1.0,1,1,6.0,1.7142857142857142
265,418,0,1.0,1.0,1.0,1,0,4.0,1.1428571428571428
266,145,1,1.0,1.0,1.0,1,1,6.0,1.7142857142857142
266,157,0,1.0,1.0,1.0,1,0,4.0,1.1428571428571428
266,204,0,1.0,1.0,1.0,1,1,5.0,1.4285714285714286
266,403,0,0.0,1.0,1.0,1,0,3.0,0.8571428571428571
267,89,0,0.0,1.0,0.0,1,0,2.0,0.5714285714285714
267,114,0,0.0,1.0,0.0,1,0,2.0,0.5714285714285714
267,304,0,0.0,1.0,0.0,1,0,2.0,0.5714285714285714
267,342,0,0.0,1.0,0.0,1,1,3.0,0.8571428571428571
267,366,1,1.0,1.0,1.0,1,1,6.0,1.7142857142857142
268,76,1,1.0,1.0,1.0,1,1,6.0,1.7142857142857142
268,317,0,0.0,1.0,0.0,1,0,2.0,0.5714285714285714
269,11,0,0.0,1.0,1.0,1,0,3.0,0.8571428571428571
269,51,0,1.0,1.0,1.0,1,0,4.0,1.1428571428571428
269,172,0,0.0,1.0,1.0,1,0,3.0,0.8571428571428571
269,291,0,0.0,1.0,1.0,1,0,3.0,0.8571428571428571
269,408,1,1.0,1.0,1.0,1,1,6.0,1.7142857142857142
270,64,0,1.0,1.0,1.0,1,1,5.0,1.4285714285714286
270,67,0,0.0,1.0,0.0,1,0,2.0,0.5714285714285714
270,107,0,1.0,1.0,1.0,1,0,4.0,1.1428571428571428
270,382,0,1.0,1.0,1.0,1,0,4.0,1.1428571428571428
271,133,0,1.0,1.0,1.0,1,1,5.0,1.4285714285714286
271,139,0,1.0,1.0,0.0,1,0,3.0,0.8571428571428571
271,150,0,0.0,1.0,0.0,1,1,3.0,0.8571428571428571
271,162,0,1.0,1.0,0.0,1,0,3.0,0.8571428571428571
271,192,0,1.0,1.0,0.0,1,1,4.0,1.1428571428571428
271,263,1,1.0,1.0,1.0,1,1,6.0,1.7142857142857142
271,268,0,1.0,1.0,1.0,1,0,4.0,1.1428571428571428
271,418,1,1.0,1.0,1.0,1,0,5.0,1.4285714285714286
272,14,0,1.0,1.0,1.0,1,1,5.0,1.4285714285714286
272,29,0,0.0,1.0,1.0,1,0,3.0,0.8571428571428571
272,81,0,1.0,1.0,1.0,1,0,4.0,1.1428571428571428
272,100,0,1.0,1.0,1.0,1,0,4.0,1.1428571428571428
272,193,1,1.0,1.0,1.0,1,1,6.0,1.7142857142857142
272,325,0,0.0,1.0,1.0,1,1,4.0,1.1428571428571428
272,347,0,0.0,1.0,1.0,1,0,3.0,0.8571428571428571
273,76,0,1.0,1.0,1.0,1,0,4.0,1.1428571428571428
273,259,0,0.0,1.0,0.0,1,0,2.0,0.5714285714285714
273,317,0,0.0,1.0,0.0,1,0,2.0,0.5714285714285714
274,42,0,0.0,1.0,0.0,1,0,2.0,0.5714285714285714
274,72,0,0.0,1.0,0.0,1,1,3.0,0.8571428571428571
274,126,0,0.0,1.0,1.0,1,0,3.0,0.8571428571428571
274,207,0,0.0,1.0,0.0,1,0,2.0,0.5714285714285714
274,219,0,0.0,1.0,0.0,1,0,2.0,0.5714285714285714
274,221,1,1.0,1.0,1.0,1,1,6.0,1.7142857142857142
274,271,0,1.0,1.0,1.0,1,0,4.0,1.1428571428571428
274,413,0,1.0,1.0,1.0,1,0,4.0,1.1428571428571428
275,65,0,0.0,1.0,0.0,1,1,3.0,0.8571428571428571
275,166,0,0.0,1.0,0.0,1,0,2.0,0.5714285714285714
275,182,0,0.0,1.0,0.0,1,0,2.0,0.5714285714285714
275,306,0,0.0,1.0,0.0,1,0,2.0,0.5714285714285714
275,311,1,1.0,1.0,1.0,1,1,6.0,1.7142857142857142
275,315,0,0.0,1.0,0.0,1,0,2.0,0.5714285714285714
275,327,0,0.0,1.0,0.0,1,0,2.0,0.5714285714285714
275,350,0,1.0,1.0,1.0,1,1,5.0,1.4285714285714286
276,65,0,1.0,1.0,1.0,1,0,4.0,1.1428571428571428
276,166,0,1.0,1.0,1.0,1,0,4.0,1.1428571428571428
276,182,0,0.0,1.0,1.0,1,0,3.0,0.8571428571428571
276,306,0,0.0,1.0,0.0,1,0,2.0,0.5714285714285714
276,311,0,0.0,1.0,0.0,1,0,2.0,0.5714285714285714
276,315,0,1.0,1.0,1.0,1,0,4.0,1.1428571428571428
276,327,1,1.0,1.0,1.0,1,0,5.0,1.4285714285714286
276,350,0,0.0,1.0,0.0,1,0,2.0,0.5714285714285714
277,42,0,0.0,1.0,0.0,1,0,2.0,0.5714285714285714
277,72,1,1.0,1.0,1.0,1,1,6.0,1.7142857142857142
277,126,0,0.0,1.0,0.0,1,0,2.0,0.5714285714285714
277,207,0,0.0,1.0,0.0,1,0,2.0,0.5714285714285714
277,219,0,0.0,1.0,0.0,1,0,2.0,0.5714285714285714
277,221,0,0.0,1.0,0.0,1,1,3.0,0.8571428571428571
277,271,0,0.0,1.0,0.0,1,0,2.0,0.5714285714285714
277,413,0,0.0,1.0,0.0,1,0,2.0,0.5714285714285714
278,89,0,1.0,1.0,1.0,1,1,5.0,1.4285714285714286
278,114,0,0.0,1.0,1.0,1,1,4.0,1.1428571428571428
278,304,0,0.0,1.0,0.0,1,1,3.0,0.8571428571428571
278,342,0,1.0,1.0,1.0,1,0,4.0,1.1428571428571428
278,366,0,0.0,1.0,0.0,1,0,2.0,0.5714285714285714
279,110,0,0.0,1.0,1.0,1,0,3.0,0.8571428571428571
279,121,0,0.0,1.0,0.0,1,0,2.0,0.5714285714285714
279,214,0,0.0,1.0,0.0,1,0,2.0,0.5714285714285714
279,286,0,0.0,1.0,0.0,1,0,2.0,0.5714285714285714
279,293,0,1.0,1.0,1.0,1,1,5.0,1.4285714285714286
279,302,0,0.0,1.0,0.0,1,1,3.0,0.8571428571428571
279,369,0,0.0,1.0,0.0,1,1,3.0,0.8571428571428571
279,389,0,0.0,1.0,0.0,1,0,2.0,0.5714285714285714
280,22,1,1.0,1.0,1.0,1,1,6.0,1.7142857142857142
280,116,1,1.0,1.0,1.0,1,0,5.0,1.4285714285714286
280,181,1,1.0,1.0,1.0,1,1,6.0,1.7142857142857142
280,343,0,0.0,1.0,0.0,1,0,2.0,0.5714285714285714
280,364,0,1.0,1.0,1.0,1,1,5.0,1.4285714285714286
281,33,0,1.0,1.0,1.0,1,0,4.0,1.1428571428571428
281,62,1,1.0,1.0,1.0,1,0,5.0,1.4285714285714286
281,70,0,0.0,1.0,0.0,1,0,2.0,0.5714285714285714
281,115,1,1.0,1.0,1.0,1,1,6.0,1.7142857142857142
281,164,0,0.0,1.0,0.0,1,1,3.0,0.8571428571428571
281,318,1,1.0,1.0,1.0,1,0,5.0,1.4285714285714286
281,341,0,0.0,1.0,0.0,1,0,2.0,0.5714285714285714
281,391,1,1.0,1.0,1.0,1,1,6.0,1.7142857142857142
282,66,0,0.0,1.0,0.0,1,0,2.0,0.5714285714285714
282,104,1,1.0,1.0,1.0,1,0,5.0,1.4285714285714286
282,119,0,0.0,1.0,0.0,1,1,3.0,0.8571428571428571
282,154,0,0.0,1.0,0.0,1,0,2.0,0.5714285714285714
282,186,0,0.0,1.0,0.0,1,0,2.0,0.5714285714285714
282,223,0,0.0,1.0,0.0,1,0,2.0,0.5714285714285714
282,349,1,1.0,1.0,1.0,1,1,6.0,1.7142857142857142
283,14,0,0.0,1.0,0.0,1,1,3.0,0.8571428571428571
283,29,1,1.0,1.0,1.0,1,0,5.0,1.4285714285714286
283,81,0,0.0,1.0,1.0,1,0,3.0,0.8571428571428571
283,100,0,0.0,1.0,0.0,1,0,2.0,0.5714285714285714
283,193,0,0.0,1.0,1.0,1,1,4.0,1.1428571428571428
283,325,1,1.0,1.0,1.0,1,1,6.0,1.7142857142857142
283,347,1,1.0,1.0,1.0,1,0,5.0,1.4285714285714286
284,9,1,1.0,1.0,1.0,1,0,5.0,1.4285714285714286
284,151,1,1.0,1.0,1.0,1,0,5.0,1.4285714285714286
284,237,0,1.0,1.0,1.0,1,0,4.0,1.1428571428571428
284,242,0,1.0,1.0,1.0,1,0,4.0,1.1428571428571428
284,246,0,1.0,1.0,1.0,1,0,4.0,1.1428571428571428
284,278,1,1.0,1.0,1.0,1,1,6.0,1.7142857142857142
284,345,1,1.0,1.0,1.0,1,0,5.0,1.4285714285714286
284,356,0,0.0,1.0,0.0,1,0,2.0,0.5714285714285714
284,404,0,1.0,1.0,1.0,1,1,5.0,1.4285714285714286
285,65,1,1.0,1.0,1.0,1,0,5.0,1.4285714285714286
285,166,0,1.0,1.0,1.0,1,0,4.0,1.1428571428571428
285,182,0,0.0,1.0,1.0,1,1,4.0,1.1428571428571428
285,306,0,0.0,1.0,0.0,1,0,2.0,0.5714285714285714
285,311,0,0.0,1.0,0.0,1,0,2.0,0.5714285714285714
285,315,0,1.0,1.0,1.0,1,1,5.0,1.4285714285714286
285,327,0,1.0,1.0,1.0,1,0,4.0,1.1428571428571428
285,350,0,0.0,1.0,0.0,1,0,2.0,0.5714285714285714
286,228,1,1.0,1.0,1.0,1,1,6.0,1.7142857142857142
286,249,0,1.0,1.0,1.0,1,0,4.0,1.1428571428571428
286,307,0,1.0,1.0,1.0,1,1,5.0,1.4285714285714286
287,26,0,1.0,1.0,1.0,1,0,4.0,1.1428571428571428
287,260,1,1.0,1.0,1.0,1,1,6.0,1.7142857142857142
288,94,0,0.0,1.0,0.0,1,0,2.0,0.5714285714285714
288,103,0,0.0,1.0,0.0,1,0,2.0,0.5714285714285714
288,140,0,0.0,1.0,0.0,1,0,2.0,0.5714285714285714
288,205,0,0.0,1.0,0.0,1,0,2.0,0.5714285714285714
288,210,0,0.0,1.0,0.0,1,0,2.0,0.5714285714285714
288,212,0,0.0,1.0,0.0,1,0,2.0,0.5714285714285714
288,247,0,0.0,1.0,0.0,1,0,2.0,0.5714285714285714
288,276,0,0.0,1.0,0.0,1,0,2.0,0.5714285714285714
288,292,0,0.0,1.0,0.0,1,0,2.0,0.5714285714285714
288,374,1,1.0,1.0,1.0,1,1,6.0,1.7142857142857142
288,377,0,0.0,1.0,0.0,1,1,3.0,0.8571428571428571
288,393,0,0.0,1.0,0.0,1,1,3.0,0.8571428571428571
289,110,0,0.0,1.0,1.0,1,0,3.0,0.8571428571428571
289,121,0,0.0,1.0,0.0,1,0,2.0,0.5714285714285714
289,214,1,1.0,1.0,1.0,1,0,5.0,1.4285714285714286
289,286,1,1.0,1.0,1.0,1,1,6.0,1.7142857142857142
289,293,0,0.0,1.0,1.0,1,0,3.0,0.8571428571428571
289,302,0,1.0,1.0,1.0,1,0,4.0,1.1428571428571428
289,369,1,1.0,1.0,1.0,1,0,5.0,1.4285714285714286
289,389,0,0.0,1.0,0.0,1,0,2.0,0.5714285714285714
290,73,0,1.0,1.0,1.0,1,1,5.0,1.4285714285714286
290,241,1,1.0,1.0,1.0,1,0,5.0,1.4285714285714286
291,289,1,1.0,1.0,1.0,1,1,6.0,1.7142857142857142
292,42,0,0.0,1.0,0.0,1,0,2.0,0.5714285714285714
292,72,0,0.0,1.0,0.0,1,0,2.0,0.5714285714285714
292,126,0,0.0,1.0,0.0,1,0,2.0,0.5714285714285714
292,207,0,0.0,1.0,0.0,1,0,2.0,0.5714285714285714
292,219,0,0.0,1.0,0.0,1,0,2.0,0.5714285714285714
292,221,0,0.0,1.0,0.0,1,0,2.0,0.5714285714285714
292,271,0,0.0,1.0,0.0,1,0,2.0,0.5714285714285714
292,413,0,0.0,1.0,0.0,1,0,2.0,0.5714285714285714
293,9,0,1.0,1.0,1.0,1,1,5.0,1.4285714285714286
293,151,0,1.0,1.0,1.0,1,0,4.0,1.1428571428571428
293,237,0,1.0,1.0,1.0,1,1,5.0,1.4285714285714286
293,242,0,0.0,1.0,0.0,1,1,3.0,0.8571428571428571
293,246,1,1.0,1.0,1.0,1,0,5.0,1.4285714285714286
293,278,0,1.0,1.0,1.0,1,0,4.0,1.1428571428571428
293,345,0,1.0,1.0,1.0,1,0,4.0,1.1428571428571428
293,404,1,1.0,1.0,1.0,1,0,5.0,1.4285714285714286
294,11,1,1.0,1.0,1.0,1,1,6.0,1.7142857142857142
294,51,0,0.0,1.0,1.0,1,0,3.0,0.8571428571428571
294,172,1,1.0,1.0,1.0,1,0,5.0,1.4285714285714286
294,291,1,1.0,1.0,1.0,1,1,6.0,1.7142857142857142
294,408,0,0.0,1.0,1.0,1,0,3.0,0.8571428571428571
295,13,0,0.0,1.0,0.0,1,0,2.0,0.5714285714285714
295,159,1,1.0,1.0,1.0,1,0,5.0,1.4285714285714286
295,324,0,1.0,1.0,1.0,1,1,5.0,1.4285714285714286
295,344,0,0.0,1.0,1.0,1,0,3.0,0.8571428571428571
295,380,0,1.0,1.0,1.0,1,0,4.0,1.1428571428571428
295,400,0,1.0,1.0,1.0,1,0,4.0,1.1428571428571428
295,401,0,1.0,1.0,1.0,1,1,5.0,1.4285714285714286
296,49,0,0.0,1.0,0.0,1,0,2.0,0.5714285714285714
296,232,0,0.0,1.0,1.0,1,0,3.0,0.8571428571428571
296,251,0,1.0,1.0,1.0,1,1,5.0,1.4285714285714286
296,297,0,0.0,1.0,0.0,1,0,2.0,0.5714285714285714
296,321,0,0.0,1.0,0.0,1,0,2.0,0.5714285714285714
296,388,0,0.0,1.0,1.0,1,0,3.0,0.8571428571428571
297,65,0,1.0,1.0,1.0,1,0,4.0,1.1428571428571428
297,166,1,1.0,1.0,1.0,1,0,5.0,1.4285714285714286
297,182,0,1.0,1.0,1.0,1,1,5.0,1.4285714285714286
297,306,0,0.0,1.0,0.0,1,0,2.0,0.5714285714285714
297,311,0,0.0,1.0,0.0,1,0,2.0,0.5714285714285714
297,315,0,0.0,1.0,1.0,1,1,4.0,1.1428571428571428
297,327,0,1.0,1.0,1.0,1,0,4.0,1.1428571428571428
297,350,0,0.0,1.0,0.0,1,0,2.0,0.5714285714285714
298,11,0,1.0,1.0,1.0,1,0,4.0,1.1428571428571428
298,51,0,0.0,1.0,0.0,1,0,2.0,0.5714285714285714
298,172,0,1.0,1.0,1.0,1,0,4.0,1.1428571428571428
298,291,0,1.0,1.0,1.0,1,0,4.0,1.1428571428571428
298,408,0,0.0,1.0,0.0,1,1,3.0,0.8571428571428571
299,89,0,1.0,1.0,1.0,1,0,4.0,1.1428571428571428
299,114,0,0.0,1.0,1.0,1,0,3.0,0.8571428571428571
299,304,0,0.0,1.0,1.0,1,0,3.0,0.8571428571428571
299,342,0,1.0,1.0,1.0,1,0,4.0,1.1428571428571428
299,366,0,1.0,1.0,1.0,1,0,4.0,1.1428571428571428
300,171,0,0.0,1.0,0.0,1,0,2.0,0.5714285714285714
300,179,1,1.0,1.0,1.0,1,0,5.0,1.4285714285714286
300,190,0,0.0,1.0,0.0,1,1,3.0,0.8571428571428571
300,386,1,1.0,1.0,1.0,1,1,6.0,1.7142857142857142
301,10,1,1.0,1.0,1.0,1,0,5.0,1.4285714285714286
301,106,1,1.0,1.0,1.0,1,1,6.0,1.7142857142857142
301,132,0,1.0,1.0,1.0,1,0,4.0,1.1428571428571428
301,417,0,1.0,1.0,1.0,1,0,4.0,1.1428571428571428
302,137,0,1.0,1.0,1.0,1,0,4.0,1.1428571428571428
302,245,1,1.0,1.0,1.0,1,0,5.0,1.4285714285714286
302,280,1,1.0,1.0,1.0,1,1,6.0,1.7142857142857142
302,363,0,1.0,1.0,1.0,1,0,4.0,1.1428571428571428
303,1,1,1.0,1.0,1.0,1,1,6.0,1.7142857142857142
303,24,0,1.0,1.0,1.0,1,1,5.0,1.4285714285714286
303,44,0,0.0,1.0,0.0,1,0,2.0,0.5714285714285714
303,125,1,1.0,1.0,1.0,1,0,5.0,1.4285714285714286
303,230,0,0.0,1.0,0.0,1,0,2.0,0.5714285714285714
303,277,0,1.0,1.0,1.0,1,0,4.0,1.1428571428571428
304,19,0,1.0,1.0,1.0,1,0,4.0,1.1428571428571428
304,59,1,1.0,1.0,1.0,1,1,6.0,1.7142857142857142
304,75,1,1.0,1.0,1.0,1,1,6.0,1.7142857142857142
304,113,0,0.0,1.0,0.0,1,1,3.0,0.8571428571428571
304,170,1,1.0,1.0,1.0,1,1,6.0,1.7142857142857142
305,53,0,1.0,1.0,1.0,1,0,4.0,1.1428571428571428
305,273,1,1.0,1.0,1.0,1,1,6.0,1.7142857142857142
306,361,0,0.0,0.0,0.0,1,0,1.0,0.2857142857142857
307,21,0,1.0,1.0,0.0,1,0,3.0,0.8571428571428571
307,227,0,1.0,1.0,1.0,1,0,4.0,1.1428571428571428
307,296,1,1.0,1.0,1.0,1,1,6.0,1.7142857142857142
308,31,0,0.0,1.0,0.0,1,0,2.0,0.5714285714285714
308,105,0,0.0,1.0,0.0,1,1,3.0,0.8571428571428571
308,128,0,0.0,1.0,0.0,1,0,2.0,0.5714285714285714
308,295,0,0.0,1.0,0.0,1,0,2.0,0.5714285714285714
308,301,0,0.0,1.0,0.0,1,0,2.0,0.5714285714285714
309,332,0,1.0,1.0,1.0,1,0,4.0,1.1428571428571428
309,337,0,0.0,1.0,0.0,1,0,2.0,0.5714285714285714
309,415,1,1.0,1.0,1.0,1,1,6.0,1.7142857142857142
310,94,0,0.0,1.0,0.0,1,0,2.0,0.5714285714285714
310,103,0,0.0,1.0,0.0,1,1,3.0,0.8571428571428571
310,140,0,0.0,1.0,0.0,1,1,3.0,0.8571428571428571
310,205,0,1.0,1.0,1.0,1,0,4.0,1.1428571428571428
310,210,0,1.0,1.0,1.0,1,0,4.0,1.1428571428571428
310,212,1,1.0,1.0,1.0,1,1,6.0,1.7142857142857142
310,247,0,1.0,1.0,1.0,1,0,4.0,1.1428571428571428
310,276,0,0.0,1.0,0.0,1,1,3.0,0.8571428571428571
310,292,0,1.0,1.0,1.0,1,0,4.0,1.1428571428571428
310,374,0,0.0,1.0,0.0,1,0,2.0,0.5714285714285714
310,377,0,0.0,1.0,0.0,1,0,2.0,0.5714285714285714
310,393,0,1.0,1.0,1.0,1,0,4.0,1.1428571428571428
311,110,0,0.0,1.0,0.0,1,0,2.0,0.5714285714285714
311,121,0,0.0,1.0,0.0,1,0,2.0,0.5714285714285714
311,214,0,1.0,1.0,1.0,1,0,4.0,1.1428571428571428
311,286,0,1.0,1.0,1.0,1,0,4.0,1.1428571428571428
311,293,0,0.0,1.0,1.0,1,1,4.0,1.1428571428571428
311,302,1,1.0,1.0,1.0,1,1,6.0,1.7142857142857142
311,369,0,1.0,1.0,1.0,1,1,5.0,1.4285714285714286
311,389,0,0.0,1.0,0.0,1,0,2.0,0.5714285714285714
312,18,0,1.0,1.0,1.0,1,0,4.0,1.1428571428571428
312,20,0,1.0,1.0,1.0,1,0,4.0,1.1428571428571428
312,88,0,1.0,1.0,1.0,1,1,5.0,1.4285714285714286
312,90,0,0.0,1.0,1.0,1,0,3.0,0.8571428571428571
312,216,0,0.0,1.0,1.0,1,0,3.0,0.8571428571428571
312,331,0,1.0,1.0,1.0,1,0,4.0,1.1428571428571428
313,6,0,0.0,1.0,0.0,1,1,3.0,0.8571428571428571
313,98,0,0.0,1.0,0.0,1,0,2.0,0.5714285714285714
313,142,1,1.0,1.0,1.0,1,1,6.0,1.7142857142857142
313,173,0,0.0,1.0,0.0,1,1,3.0,0.8571428571428571
314,248,0,1.0,1.0,1.0,1,1,5.0,1.4285714285714286
314,303,1,1.0,1.0,1.0,1,0,5.0,1.4285714285714286
314,402,0,1.0,1.0,1.0,1,0,4.0,1.1428571428571428
315,137,0,1.0,1.0,1.0,1,0,4.0,1.1428571428571428
315,245,1,1.0,1.0,1.0,1,0,5.0,1.4285714285714286
315,280,1,1.0,1.0,1.0,1,1,6.0,1.7142857142857142
315,363,0,1.0,1.0,1.0,1,0,4.0,1.1428571428571428
316,18,1,1.0,1.0,1.0,1,1,6.0,1.7142857142857142
316,20,0,0.0,1.0,0.0,1,1,3.0,0.8571428571428571
316,88,0,0.0,1.0,1.0,1,0,3.0,0.8571428571428571
316,90,0,0.0,1.0,1.0,1,1,4.0,1.1428571428571428
316,216,0,0.0,1.0,1.0,1,0,3.0,0.8571428571428571
316,331,0,0.0,1.0,1.0,1,0,3.0,0.8571428571428571
316,423,0,0.0,1.0,1.0,1,0,3.0,0.8571428571428571
317,74,1,1.0,1.0,1.0,1,1,6.0,1.7142857142857142
318,12,0,0.0,1.0,0.0,1,0,2.0,0.5714285714285714
318,136,0,1.0,1.0,1.0,1,1,5.0,1.4285714285714286
318,161,1,1.0,1.0,1.0,1,1,6.0,1.7142857142857142
318,339,0,1.0,1.0,1.0,1,0,4.0,1.1428571428571428
319,143,1,1.0,1.0,1.0,1,0,5.0,1.4285714285714286
319,169,0,1.0,1.0,1.0,1,0,4.0,1.1428571428571428
319,177,0,0.0,1.0,0.0,1,0,2.0,0.5714285714285714
319,320,0,1.0,1.0,1.0,1,1,5.0,1.4285714285714286
320,122,0,1.0,1.0,1.0,1,1,5.0,1.4285714285714286
321,84,1,1.0,1.0,1.0,1,1,6.0,1.7142857142857142
321,378,0,1.0,1.0,1.0,1,1,5.0,1.4285714285714286
322,94,0,0.0,1.0,1.0,1,0,3.0,0.8571428571428571
322,103,1,1.0,1.0,1.0,1,1,6.0,1.7142857142857142
322,140,0,0.0,1.0,1.0,1,1,4.0,1.1428571428571428
322,205,0,0.0,1.0,0.0,1,0,2.0,0.5714285714285714
322,210,0,0.0,1.0,0.0,1,0,2.0,0.5714285714285714
322,212,0,0.0,1.0,0.0,1,1,3.0,0.8571428571428571
322,247,0,0.0,1.0,1.0,1,0,3.0,0.8571428571428571
322,276,0,1.0,1.0,0.0,1,1,4.0,1.1428571428571428
322,292,0,0.0,1.0,1.0,1,0,3.0,0.8571428571428571
322,374,0,0.0,1.0,0.0,1,0,2.0,0.5714285714285714
322,377,0,0.0,1.0,0.0,1,0,2.0,0.5714285714285714
322,393,0,0.0,1.0,1.0,1,0,3.0,0.8571428571428571
323,33,0,1.0,1.0,1.0,1,0,4.0,1.1428571428571428
323,62,1,1.0,1.0,1.0,1,1,6.0,1.7142857142857142
323,70,0,0.0,1.0,0.0,1,0,2.0,0.5714285714285714
323,115,1,1.0,1.0,1.0,1,0,5.0,1.4285714285714286
323,164,0,0.0,1.0,0.0,1,0,2.0,0.5714285714285714
323,318,1,1.0,1.0,1.0,1,0,5.0,1.4285714285714286
323,341,0,0.0,1.0,0.0,1,0,2.0,0.5714285714285714
323,391,1,1.0,1.0,1.0,1,0,5.0,1.4285714285714286
324,5,0,1.0,1.0,1.0,1,0,4.0,1.1428571428571428
324,93,1,1.0,1.0,1.0,1,1,6.0,1.7142857142857142
324,261,0,1.0,1.0,1.0,1,1,5.0,1.4285714285714286
325,240,0,1.0,1.0,1.0,1,0,4.0,1.1428571428571428
325,319,1,1.0,1.0,1.0,1,1,6.0,1.7142857142857142
326,42,1,1.0,1.0,1.0,1,0,5.0,1.4285714285714286
326,72,0,0.0,1.0,0.0,1,0,2.0,0.5714285714285714
326,126,0,0.0,1.0,0.0,1,0,2.0,0.5714285714285714
326,207,1,1.0,1.0,1.0,1,0,5.0,1.4285714285714286
326,219,1,1.0,1.0,1.0,1,0,5.0,1.4285714285714286
326,221,0,0.0,1.0,0.0,1,0,2.0,0.5714285714285714
326,271,0,0.0,1.0,0.0,1,0,2.0,0.5714285714285714
326,413,0,0.0,1.0,0.0,1,0,2.0,0.5714285714285714
327,118,1,1.0,1.0,1.0,1,0,5.0,1.4285714285714286
327,367,0,1.0,1.0,1.0,1,1,5.0,1.4285714285714286
328,35,1,1.0,1.0,1.0,1,1,6.0,1.7142857142857142
329,39,0,0.0,1.0,0.0,1,1,3.0,0.8571428571428571
329,129,1,1.0,1.0,1.0,1,1,6.0,1.7142857142857142
329,184,0,0.0,1.0,0.0,1,0,2.0,0.5714285714285714
329,206,0,1.0,1.0,1.0,1,0,4.0,1.1428571428571428
329,279,0,0.0,1.0,0.0,1,0,2.0,0.5714285714285714
329,370,0,0.0,1.0,0.0,1,0,2.0,0.5714285714285714
330,5,0,1.0,1.0,1.0,1,0,4.0,1.1428571428571428
330,93,0,1.0,1.0,1.0,1,0,4.0,1.1428571428571428
330,261,0,1.0,1.0,1.0,1,0,4.0,1.1428571428571428
331,77,0,1.0,1.0,1.0,1,0,4.0,1.1428571428571428
331,86,0,0.0,1.0,0.0,1,0,2.0,0.5714285714285714
331,208,0,0.0,1.0,0.0,1,0,2.0,0.5714285714285714
331,310,0,0.0,1.0,0.0,1,0,2.0,0.5714285714285714
331,390,0,0.0,1.0,0.0,1,0,2.0,0.5714285714285714
331,395,0,1.0,1.0,1.0,1,0,4.0,1.1428571428571428
332,66,0,0.0,1.0,0.0,1,0,2.0,0.5714285714285714
332,104,1,1.0,1.0,1.0,1,1,6.0,1.7142857142857142
332,119,0,0.0,1.0,0.0,1,0,2.0,0.5714285714285714
332,154,0,0.0,1.0,0.0,1,0,2.0,0.5714285714285714
332,186,0,0.0,1.0,0.0,1,0,2.0,0.5714285714285714
332,223,0,0.0,1.0,0.0,1,0,2.0,0.5714285714285714
332,349,1,1.0,1.0,1.0,1,0,5.0,1.4285714285714286
333,35,1,1.0,1.0,1.0,1,1,6.0,1.7142857142857142
334,14,0,0.0,1.0,0.0,1,0,2.0,0.5714285714285714
334,29,1,1.0,1.0,1.0,1,1,6.0,1.7142857142857142
334,81,0,0.0,1.0,1.0,1,0,3.0,0.8571428571428571
334,100,0,0.0,1.0,0.0,1,1,3.0,0.8571428571428571
334,193,0,0.0,1.0,1.0,1,0,3.0,0.8571428571428571
334,325,1,1.0,1.0,1.0,1,0,5.0,1.4285714285714286
334,347,1,1.0,1.0,1.0,1,0,5.0,1.4285714285714286
335,57,0,1.0,1.0,1.0,1,0,4.0,1.1428571428571428
335,112,1,1.0,1.0,1.0,1,1,6.0,1.7142857142857142
336,31,0,1.0,1.0,1.0,1,1,5.0,1.4285714285714286
336,105,0,0.0,1.0,0.0,1,0,2.0,0.5714285714285714
336,128,0,0.0,1.0,0.0,1,0,2.0,0.5714285714285714
336,295,0,0.0,1.0,0.0,1,0,2.0,0.5714285714285714
336,301,0,0.0,1.0,0.0,1,0,2.0,0.5714285714285714
337,397,0,1.0,1.0,1.0,1,1,5.0,1.4285714285714286
338,39,0,0.0,1.0,1.0,1,0,3.0,0.8571428571428571
338,129,0,1.0,1.0,1.0,1,0,4.0,1.1428571428571428
338,184,0,0.0,1.0,0.0,1,0,2.0,0.5714285714285714
338,206,1,1.0,1.0,1.0,1,1,6.0,1.7142857142857142
338,279,0,0.0,1.0,0.0,1,0,2.0,0.5714285714285714
338,370,0,0.0,1.0,0.0,1,1,3.0,0.8571428571428571
339,23,0,1.0,1.0,1.0,1,0,4.0,1.1428571428571428
339,308,0,1.0,1.0,1.0,1,0,4.0,1.1428571428571428
340,110,0,1.0,1.0,1.0,1,0,4.0,1.1428571428571428
340,121,0,0.0,1.0,1.0,1,0,3.0,0.8571428571428571
340,214,0,0.0,1.0,1.0,1,0,3.0,0.8571428571428571
340,286,0,0.0,1.0,1.0,1,0,3.0,0.8571428571428571
340,293,1,1.0,1.0,1.0,1,1,6.0,1.7142857142857142
340,302,0,0.0,1.0,1.0,1,1,4.0,1.1428571428571428
340,369,0,0.0,1.0,1.0,1,1,4.0,1.1428571428571428
340,389,0,1.0,1.0,1.0,1,0,4.0,1.1428571428571428
341,71,1,1.0,1.0,1.0,1,1,6.0,1.7142857142857142
341,157,0,0.0,1.0,0.0,1,1,3.0,0.8571428571428571
341,204,0,0.0,1.0,0.0,1,0,2.0,0.5714285714285714
342,168,0,0.0,1.0,0.0,1,0,2.0,0.5714285714285714
342,337,0,1.0,1.0,1.0,1,1,5.0,1.4285714285714286
342,415,0,0.0,1.0,0.0,1,0,2.0,0.5714285714285714
343,87,0,0.0,1.0,0.0,1,0,2.0,0.5714285714285714
343,174,0,1.0,1.0,1.0,1,0,4.0,1.1428571428571428
343,250,0,1.0,1.0,1.0,1,0,4.0,1.1428571428571428
343,414,0,0.0,1.0,0.0,1,0,2.0,0.5714285714285714
344,33,0,0.0,1.0,0.0,1,0,2.0,0.5714285714285714
344,62,0,0.0,1.0,0.0,1,1,3.0,0.8571428571428571
344,70,0,0.0,1.0,0.0,1,0,2.0,0.5714285714285714
344,115,0,0.0,1.0,0.0,1,0,2.0,0.5714285714285714
344,164,0,0.0,1.0,0.0,1,0,2.0,0.5714285714285714
344,318,0,0.0,1.0,0.0,1,0,2.0,0.5714285714285714
344,341,0,1.0,1.0,1.0,1,0,4.0,1.1428571428571428
344,391,0,0.0,1.0,0.0,1,0,2.0,0.5714285714285714
345,243,0,1.0,1.0,1.0,1,1,5.0,1.4285714285714286
346,158,0,0.0,1.0,0.0,1,1,3.0,0.8571428571428571
346,235,0,1.0,1.0,1.0,1,1,5.0,1.4285714285714286
347,95,0,1.0,1.0,1.0,1,1,5.0,1.4285714285714286
347,143,0,0.0,1.0,0.0,1,0,2.0,0.5714285714285714
347,177,1,1.0,1.0,1.0,1,0,5.0,1.4285714285714286
348,14,0,0.0,1.0,0.0,1,1,3.0,0.8571428571428571
348,29,0,0.0,1.0,1.0,1,0,3.0,0.8571428571428571
348,81,0,0.0,1.0,1.0,1,0,3.0,0.8571428571428571
348,100,0,0.0,1.0,0.0,1,0,2.0,0.5714285714285714
348,193,0,0.0,1.0,0.0,1,1,3.0,0.8571428571428571
348,325,0,0.0,1.0,1.0,1,1,4.0,1.1428571428571428
348,347,0,0.0,1.0,1.0,1,0,3.0,0.8571428571428571
349,77,0,0.0,1.0,0.0,1,0,2.0,0.5714285714285714
349,86,0,0.0,1.0,0.0,1,0,2.0,0.5714285714285714
349,208,1,1.0,1.0,1.0,1,0,5.0,1.4285714285714286
349,310,1,1.0,1.0,1.0,1,1,6.0,1.7142857142857142
349,390,0,0.0,1.0,0.0,1,0,2.0,0.5714285714285714
349,395,0,0.0,1.0,0.0,1,1,3.0,0.8571428571428571
349,425,0,0.0,0.0,0.0,1,0,1.0,0.2857142857142857
350,17,0,0.0,1.0,0.0,1,0,2.0,0.5714285714285714
350,47,0,0.0,1.0,0.0,1,0,2.0,0.5714285714285714
350,54,0,0.0,1.0,0.0,1,0,2.0,0.5714285714285714
350,134,0,0.0,1.0,0.0,1,1,3.0,0.8571428571428571
350,255,0,0.0,1.0,0.0,1,0,2.0,0.5714285714285714
350,258,0,0.0,1.0,0.0,1,0,2.0,0.5714285714285714
350,282,0,0.0,1.0,0.0,1,0,2.0,0.5714285714285714
350,335,0,0.0,1.0,0.0,1,1,3.0,0.8571428571428571
350,407,1,1.0,1.0,1.0,1,1,6.0,1.7142857142857142
350,409,0,0.0,1.0,0.0,1,0,2.0,0.5714285714285714
351,79,0,1.0,1.0,1.0,1,0,4.0,1.1428571428571428
351,102,0,1.0,1.0,1.0,1,0,4.0,1.1428571428571428
351,239,0,1.0,1.0,1.0,1,0,4.0,1.1428571428571428
351,298,0,0.0,1.0,0.0,1,1,3.0,0.8571428571428571
351,333,0,0.0,1.0,0.0,1,0,2.0,0.5714285714285714
352,33,0,0.0,1.0,0.0,1,1,3.0,0.8571428571428571
352,62,0,0.0,1.0,0.0,1,0,2.0,0.5714285714285714
352,70,1,1.0,1.0,1.0,1,1,6.0,1.7142857142857142
352,115,0,0.0,1.0,0.0,1,0,2.0,0.5714285714285714
352,164,0,0.0,1.0,0.0,1,0,2.0,0.5714285714285714
352,318,0,0.0,1.0,0.0,1,1,3.0,0.8571428571428571
352,341,0,0.0,1.0,0.0,1,0,2.0,0.5714285714285714
352,391,0,0.0,1.0,0.0,1,0,2.0,0.5714285714285714
353,160,0,1.0,1.0,1.0,1,1,5.0,1.4285714285714286
353,218,0,1.0,1.0,1.0,1,1,5.0,1.4285714285714286
353,273,0,0.0,1.0,1.0,1,1,4.0,1.1428571428571428
354,215,0,1.0,1.0,1.0,1,1,5.0,1.4285714285714286
355,233,0,0.0,1.0,0.0,1,0,2.0,0.5714285714285714
355,262,0,0.0,1.0,0.0,1,0,2.0,0.5714285714285714
355,290,0,1.0,1.0,1.0,1,1,5.0,1.4285714285714286
356,23,1,1.0,1.0,1.0,1,1,6.0,1.7142857142857142
356,189,0,0.0,1.0,0.0,1,0,2.0,0.5714285714285714
356,308,1,1.0,1.0,1.0,1,0,5.0,1.4285714285714286
357,155,1,1.0,1.0,1.0,1,1,6.0,1.7142857142857142
358,39,0,0.0,1.0,1.0,1,0,3.0,0.8571428571428571
358,129,0,1.0,1.0,1.0,1,0,4.0,1.1428571428571428
358,184,0,0.0,1.0,0.0,1,0,2.0,0.5714285714285714
358,206,1,1.0,1.0,1.0,1,1,6.0,1.7142857142857142
358,279,0,0.0,1.0,0.0,1,0,2.0,0.5714285714285714
358,370,0,0.0,1.0,0.0,1,1,3.0,0.8571428571428571
359,39,0,0.0,1.0,1.0,1,0,3.0,0.8571428571428571
359,129,0,1.0,1.0,1.0,1,0,4.0,1.1428571428571428
359,184,0,0.0,1.0,0.0,1,1,3.0,0.8571428571428571
359,206,1,1.0,1.0,1.0,1,0,5.0,1.4285714285714286
359,279,0,0.0,1.0,0.0,1,0,2.0,0.5714285714285714
359,370,0,0.0,1.0,0.0,1,0,2.0,0.5714285714285714
360,234,0,1.0,1.0,1.0,1,1,5.0,1.4285714285714286
360,422,0,0.0,1.0,0.0,1,0,2.0,0.5714285714285714
361,97,0,0.0,1.0,0.0,1,1,3.0,0.8571428571428571
361,163,0,0.0,1.0,0.0,1,1,3.0,0.8571428571428571
361,294,0,0.0,1.0,0.0,1,0,2.0,0.5714285714285714
361,376,0,0.0,1.0,0.0,1,0,2.0,0.5714285714285714
362,92,1,1.0,1.0,1.0,1,1,6.0,1.7142857142857142
362,111,0,0.0,1.0,1.0,1,0,3.0,0.8571428571428571
362,147,0,1.0,1.0,1.0,1,0,4.0,1.1428571428571428
362,180,0,1.0,1.0,1.0,1,1,5.0,1.4285714285714286
362,187,0,0.0,1.0,0.0,1,0,2.0,0.5714285714285714
362,398,0,0.0,1.0,0.0,1,0,2.0,0.5714285714285714
363,12,0,0.0,1.0,0.0,1,0,2.0,0.5714285714285714
363,136,0,1.0,1.0,1.0,1,1,5.0,1.4285714285714286
363,161,1,1.0,1.0,1.0,1,1,6.0,1.7142857142857142
363,339,0,1.0,1.0,1.0,1,0,4.0,1.1428571428571428
364,224,0,0.0,1.0,0.0,1,1,3.0,0.8571428571428571
364,225,1,1.0,1.0,1.0,1,1,6.0,1.7142857142857142
364,340,1,1.0,1.0,1.0,1,0,5.0,1.4285714285714286
365,66,1,1.0,1.0,1.0,1,1,6.0,1.7142857142857142
365,104,0,0.0,1.0,0.0,1,0,2.0,0.5714285714285714
365,119,0,0.0,1.0,0.0,1,0,2.0,0.5714285714285714
365,154,0,1.0,1.0,1.0,1,0,4.0,1.1428571428571428
365,186,1,1.0,1.0,1.0,1,1,6.0,1.7142857142857142
365,223,0,0.0,1.0,0.0,1,1,3.0,0.8571428571428571
365,349,0,0.0,1.0,0.0,1,0,2.0,0.5714285714285714
366,80,0,0.0,1.0,0.0,1,0,2.0,0.5714285714285714
366,133,0,1.0,1.0,0.0,1,0,3.0,0.8571428571428571
366,139,0,1.0,1.0,1.0,1,0,4.0,1.1428571428571428
366,162,0,1.0,1.0,1.0,1,0,4.0,1.1428571428571428
366,192,0,1.0,1.0,1.0,1,0,4.0,1.1428571428571428
366,263,0,1.0,1.0,1.0,1,0,4.0,1.1428571428571428
366,268,1,1.0,1.0,1.0,1,0,5.0,1.4285714285714286
366,418,0,1.0,1.0,1.0,1,0,4.0,1.1428571428571428
367,31,0,0.0,1.0,0.0,1,0,2.0,0.5714285714285714
367,105,1,1.0,1.0,1.0,1,0,5.0,1.4285714285714286
367,128,0,0.0,1.0,0.0,1,0,2.0,0.5714285714285714
367,295,0,1.0,1.0,1.0,1,1,5.0,1.4285714285714286
367,301,1,1.0,1.0,1.0,1,1,6.0,1.7142857142857142
368,32,0,0.0,1.0,0.0,1,0,2.0,0.5714285714285714
368,262,1,1.0,1.0,1.0,1,1,6.0,1.7142857142857142
369,171,0,0.0,1.0,0.0,1,0,2.0,0.5714285714285714
369,179,1,1.0,1.0,1.0,1,1,6.0,1.7142857142857142
369,190,0,0.0,1.0,0.0,1,0,2.0,0.5714285714285714
369,386,1,1.0,1.0,1.0,1,0,5.0,1.4285714285714286
370,33,0,1.0,1.0,1.0,1,1,5.0,1.4285714285714286
370,62,1,1.0,1.0,1.0,1,0,5.0,1.4285714285714286
370,70,0,0.0,1.0,0.0,1,1,3.0,0.8571428571428571
370,115,1,1.0,1.0,1.0,1,0,5.0,1.4285714285714286
370,164,0,0.0,1.0,0.0,1,0,2.0,0.5714285714285714
370,318,1,1.0,1.0,1.0,1,1,6.0,1.7142857142857142
370,341,0,0.0,1.0,0.0,1,0,2.0,0.5714285714285714
370,391,1,1.0,1.0,1.0,1,0,5.0,1.4285714285714286
371,14,0,1.0,1.0,1.0,1,1,5.0,1.4285714285714286
371,29,0,0.0,1.0,1.0,1,0,3.0,0.8571428571428571
371,81,0,1.0,1.0,1.0,1,0,4.0,1.1428571428571428
371,100,0,1.0,1.0,1.0,1,0,4.0,1.1428571428571428
371,193,1,1.0,1.0,1.0,1,1,6.0,1.7142857142857142
371,325,0,0.0,1.0,1.0,1,1,4.0,1.1428571428571428
371,347,0,0.0,1.0,1.0,1,0,3.0,0.8571428571428571
372,38,0,0.0,1.0,1.0,1,0,3.0,0.8571428571428571
372,329,0,0.0,1.0,1.0,1,0,3.0,0.8571428571428571
372,411,1,1.0,1.0,1.0,1,0,5.0,1.4285714285714286
373,176,1,1.0,1.0,1.0,1,1,6.0,1.7142857142857142
373,330,0,1.0,1.0,1.0,1,0,4.0,1.1428571428571428
373,356,0,0.0,1.0,0.0,1,0,2.0,0.5714285714285714
374,2,1,1.0,1.0,1.0,1,1,6.0,1.7142857142857142
374,61,0,1.0,1.0,1.0,1,1,5.0,1.4285714285714286
374,203,0,0.0,1.0,0.0,1,0,2.0,0.5714285714285714
374,231,0,0.0,1.0,1.0,1,1,4.0,1.1428571428571428
374,300,0,0.0,1.0,1.0,1,0,3.0,0.8571428571428571
374,316,0,0.0,1.0,1.0,1,0,3.0,0.8571428571428571
375,191,0,1.0,1.0,1.0,1,1,5.0,1.4285714285714286
376,79,0,1.0,1.0,1.0,1,1,5.0,1.4285714285714286
376,102,0,0.0,1.0,1.0,1,0,3.0,0.8571428571428571
376,239,0,0.0,1.0,1.0,1,1,4.0,1.1428571428571428
376,298,0,0.0,1.0,0.0,1,0,2.0,0.5714285714285714
376,333,0,0.0,1.0,0.0,1,0,2.0,0.5714285714285714
377,6,1,1.0,1.0,1.0,1,1,6.0,1.7142857142857142
377,82,0,1.0,1.0,1.0,1,1,5.0,1.4285714285714286
377,142,0,0.0,1.0,0.0,1,1,3.0,0.8571428571428571
378,179,0,0.0,1.0,0.0,1,0,2.0,0.5714285714285714
378,190,1,1.0,1.0,1.0,1,0,5.0,1.4285714285714286
378,343,0,1.0,1.0,1.0,1,1,5.0,1.4285714285714286
378,386,0,0.0,1.0,0.0,1,0,2.0,0.5714285714285714
379,77,0,0.0,1.0,0.0,1,0,2.0,0.5714285714285714
379,86,1,1.0,1.0,1.0,1,0,5.0,1.4285714285714286
379,208,0,0.0,1.0,0.0,1,1,3.0,0.8571428571428571
379,310,0,0.0,1.0,0.0,1,0,2.0,0.5714285714285714
379,390,1,1.0,1.0,1.0,1,1,6.0,1.7142857142857142
379,395,0,0.0,1.0,0.0,1,0,2.0,0.5714285714285714
380,188,1,1.0,1.0,1.0,1,0,5.0,1.4285714285714286
380,229,0,1.0,1.0,1.0,1,1,5.0,1.4285714285714286
380,244,0,1.0,1.0,1.0,1,1,5.0,1.4285714285714286
380,351,1,1.0,1.0,1.0,1,0,5.0,1.4285714285714286
380,387,1,1.0,1.0,1.0,1,0,5.0,1.4285714285714286
381,18,0,0.0,1.0,1.0,1,1,4.0,1.1428571428571428
381,20,0,1.0,1.0,1.0,1,1,5.0,1.4285714285714286
381,88,0,0.0,1.0,1.0,1,0,3.0,0.8571428571428571
381,90,1,1.0,1.0,1.0,1,1,6.0,1.7142857142857142
381,216,1,1.0,1.0,1.0,1,0,5.0,1.4285714285714286
381,331,0,0.0,1.0,1.0,1,0,3.0,0.8571428571428571
382,13,0,0.0,1.0,1.0,1,0,3.0,0.8571428571428571
382,159,0,1.0,1.0,1.0,1,0,4.0,1.1428571428571428
382,324,0,0.0,1.0,1.0,1,0,3.0,0.8571428571428571
382,344,0,0.0,1.0,1.0,1,0,3.0,0.8571428571428571
382,380,0,0.0,1.0,1.0,1,1,4.0,1.1428571428571428
382,400,0,1.0,1.0,1.0,1,1,5.0,1.4285714285714286
382,401,0,0.0,1.0,0.0,1,0,2.0,0.5714285714285714
383,38,0,1.0,1.0,1.0,1,0,4.0,1.1428571428571428
383,144,0,0.0,1.0,1.0,1,1,4.0,1.1428571428571428
383,283,0,0.0,1.0,1.0,1,0,3.0,0.8571428571428571
383,329,0,1.0,1.0,1.0,1,1,5.0,1.4285714285714286
383,410,0,0.0,1.0,1.0,1,1,4.0,1.1428571428571428
384,40,1,1.0,1.0,1.0,1,1,6.0,1.7142857142857142
384,196,0,1.0,1.0,1.0,1,0,4.0,1.1428571428571428
384,226,0,1.0,1.0,1.0,1,0,4.0,1.1428571428571428
384,264,0,1.0,1.0,1.0,1,0,4.0,1.1428571428571428
384,281,1,1.0,1.0,1.0,1,0,5.0,1.4285714285714286
384,405,0,1.0,1.0,1.0,1,0,4.0,1.1428571428571428
384,416,0,1.0,1.0,1.0,1,0,4.0,1.1428571428571428
385,10,1,1.0,1.0,1.0,1,0,5.0,1.4285714285714286
385,106,1,1.0,1.0,1.0,1,0,5.0,1.4285714285714286
385,132,0,1.0,1.0,1.0,1,1,5.0,1.4285714285714286
385,417,0,1.0,1.0,1.0,1,0,4.0,1.1428571428571428
386,94,0,0.0,1.0,0.0,1,0,2.0,0.5714285714285714
386,103,0,1.0,1.0,0.0,1,1,4.0,1.1428571428571428
386,140,0,0.0,1.0,0.0,1,1,3.0,0.8571428571428571
386,205,0,0.0,1.0,0.0,1,0,2.0,0.5714285714285714
386,210,0,0.0,1.0,0.0,1,0,2.0,0.5714285714285714
386,212,0,0.0,1.0,0.0,1,1,3.0,0.8571428571428571
386,247,0,0.0,1.0,0.0,1,0,2.0,0.5714285714285714
386,276,1,1.0,1.0,1.0,1,1,6.0,1.7142857142857142
386,292,0,0.0,1.0,0.0,1,0,2.0,0.5714285714285714
386,374,0,0.0,1.0,0.0,1,0,2.0,0.5714285714285714
386,377,0,1.0,1.0,1.0,1,0,4.0,1.1428571428571428
386,393,0,0.0,1.0,0.0,1,0,2.0,0.5714285714285714
387,89,0,0.0,1.0,0.0,1,0,2.0,0.5714285714285714
387,114,0,1.0,1.0,1.0,1,0,4.0,1.1428571428571428
387,304,1,1.0,1.0,1.0,1,0,5.0,1.4285714285714286
387,342,0,0.0,1.0,0.0,1,1,3.0,0.8571428571428571
387,366,0,0.0,1.0,0.0,1,1,3.0,0.8571428571428571
388,15,1,1.0,1.0,1.0,1,1,6.0,1.7142857142857142
388,175,0,0.0,1.0,0.0,1,0,2.0,0.5714285714285714
388,299,1,1.0,1.0,1.0,1,0,5.0,1.4285714285714286
388,328,0,0.0,1.0,0.0,1,0,2.0,0.5714285714285714
389,323,1,1.0,1.0,1.0,1,0,5.0,1.4285714285714286
389,346,0,0.0,1.0,0.0,1,0,2.0,0.5714285714285714
389,419,1,1.0,1.0,1.0,1,1,6.0,1.7142857142857142
390,92,0,1.0,1.0,1.0,1,1,5.0,1.4285714285714286
390,111,0,1.0,1.0,1.0,1,0,4.0,1.1428571428571428
390,147,1,1.0,1.0,1.0,1,0,5.0,1.4285714285714286
390,180,1,1.0,1.0,1.0,1,1,6.0,1.7142857142857142
390,187,0,0.0,1.0,1.0,1,0,3.0,0.8571428571428571
390,398,0,0.0,1.0,1.0,1,0,3.0,0.8571428571428571
391,69,0,1.0,1.0,1.0,1,1,5.0,1.4285714285714286
391,141,0,0.0,1.0,0.0,1,0,2.0,0.5714285714285714
391,355,0,1.0,1.0,1.0,1,0,4.0,1.1428571428571428
392,153,0,1.0,1.0,1.0,1,0,4.0,1.1428571428571428
392,257,1,1.0,1.0,1.0,1,1,6.0,1.7142857142857142
392,352,0,1.0,1.0,1.0,1,0,4.0,1.1428571428571428
392,359,0,0.0,1.0,0.0,1,1,3.0,0.8571428571428571
392,379,0,1.0,1.0,1.0,1,0,4.0,1.1428571428571428
393,240,1,1.0,1.0,1.0,1,1,6.0,1.7142857142857142
393,319,0,1.0,1.0,1.0,1,0,4.0,1.1428571428571428
394,5,0,1.0,1.0,1.0,1,1,5.0,1.4285714285714286
394,93,1,1.0,1.0,1.0,1,0,5.0,1.4285714285714286
394,261,0,1.0,1.0,1.0,1,0,4.0,1.1428571428571428
395,1,0,1.0,1.0,1.0,1,0,4.0,1.1428571428571428
395,24,1,1.0,1.0,1.0,1,0,5.0,1.4285714285714286
395,44,0,0.0,1.0,0.0,1,0,2.0,0.5714285714285714
395,125,0,1.0,1.0,1.0,1,0,4.0,1.1428571428571428
395,230,0,0.0,1.0,0.0,1,1,3.0,0.8571428571428571
395,277,1,1.0,1.0,1.0,1,1,6.0,1.7142857142857142
396,94,0,0.0,1.0,0.0,1,0,2.0,0.5714285714285714
396,103,0,0.0,1.0,1.0,1,0,3.0,0.8571428571428571
396,140,0,0.0,1.0,0.0,1,0,2.0,0.5714285714285714
396,205,0,1.0,1.0,1.0,1,1,5.0,1.4285714285714286
396,210,0,1.0,1.0,1.0,1,1,5.0,1.4285714285714286
396,212,0,1.0,1.0,1.0,1,0,4.0,1.1428571428571428
396,247,1,1.0,1.0,1.0,1,0,5.0,1.4285714285714286
396,276,0,0.0,1.0,0.0,1,0,2.0,0.5714285714285714
396,292,1,1.0,1.0,1.0,1,1,6.0,1.7142857142857142
396,374,0,0.0,1.0,0.0,1,0,2.0,0.5714285714285714
396,377,0,0.0,1.0,0.0,1,0,2.0,0.5714285714285714
396,393,1,1.0,1.0,1.0,1,0,5.0,1.4285714285714286
397,41,0,0.0,1.0,1.0,1,0,3.0,0.8571428571428571
397,313,0,1.0,1.0,1.0,1,1,5.0,1.4285714285714286
397,354,0,0.0,1.0,0.0,1,0,2.0,0.5714285714285714
397,360,0,0.0,1.0,1.0,1,0,3.0,0.8571428571428571
397,362,0,0.0,1.0,0.0,1,1,3.0,0.8571428571428571
398,336,1,1.0,1.0,1.0,1,1,6.0,1.7142857142857142
398,338,0,0.0,1.0,0.0,1,0,2.0,0.5714285714285714
399,18,0,0.0,1.0,1.0,1,0,3.0,0.8571428571428571
399,20,0,1.0,1.0,1.0,1,0,4.0,1.1428571428571428
399,88,0,0.0,1.0,1.0,1,0,3.0,0.8571428571428571
399,90,1,1.0,1.0,1.0,1,0,5.0,1.4285714285714286
399,216,1,1.0,1.0,1.0,1,1,6.0,1.7142857142857142
399,331,0,0.0,1.0,1.0,1,0,3.0,0.8571428571428571
400,80,0,0.0,1.0,0.0,1,0,2.0,0.5714285714285714
400,133,0,1.0,1.0,0.0,1,1,4.0,1.1428571428571428
400,139,0,1.0,1.0,1.0,1,0,4.0,1.1428571428571428
400,162,0,1.0,1.0,1.0,1,0,4.0,1.1428571428571428
400,192,0,1.0,1.0,1.0,1,1,5.0,1.4285714285714286
400,263,0,1.0,1.0,1.0,1,1,5.0,1.4285714285714286
400,268,1,1.0,1.0,1.0,1,0,5.0,1.4285714285714286
400,418,0,1.0,1.0,1.0,1,0,4.0,1.1428571428571428
401,42,0,0.0,1.0,0.0,1,0,2.0,0.5714285714285714
401,72,0,0.0,1.0,0.0,1,0,2.0,0.5714285714285714
401,126,0,1.0,1.0,1.0,1,0,4.0,1.1428571428571428
401,207,0,0.0,1.0,0.0,1,0,2.0,0.5714285714285714
401,219,0,0.0,1.0,0.0,1,0,2.0,0.5714285714285714
401,221,0,1.0,1.0,1.0,1,0,4.0,1.1428571428571428
401,271,1,1.0,1.0,1.0,1,0,5.0,1.4285714285714286
401,413,1,1.0,1.0,1.0,1,1,6.0,1.7142857142857142
402,148,0,1.0,1.0,1.0,1,0,4.0,1.1428571428571428
402,158,0,0.0,1.0,0.0,1,1,3.0,0.8571428571428571
402,312,0,1.0,1.0,1.0,1,1,5.0,1.4285714285714286
403,11,0,1.0,1.0,1.0,1,0,4.0,1.1428571428571428
403,51,0,0.0,1.0,0.0,1,0,2.0,0.5714285714285714
403,172,0,1.0,1.0,1.0,1,0,4.0,1.1428571428571428
403,291,0,1.0,1.0,1.0,1,0,4.0,1.1428571428571428
403,408,0,0.0,1.0,0.0,1,1,3.0,0.8571428571428571
404,65,0,1.0,1.0,1.0,1,0,4.0,1.1428571428571428
404,166,1,1.0,1.0,1.0,1,0,5.0,1.4285714285714286
404,182,0,1.0,1.0,1.0,1,1,5.0,1.4285714285714286
404,306,0,0.0,1.0,0.0,1,0,2.0,0.5714285714285714
404,311,0,0.0,1.0,0.0,1,0,2.0,0.5714285714285714
404,315,0,0.0,1.0,1.0,1,1,4.0,1.1428571428571428
404,327,0,1.0,1.0,1.0,1,0,4.0,1.1428571428571428
404,350,0,0.0,1.0,0.0,1,0,2.0,0.5714285714285714
405,148,0,0.0,1.0,0.0,1,0,2.0,0.5714285714285714
405,158,1,1.0,1.0,1.0,1,1,6.0,1.7142857142857142
405,312,0,0.0,1.0,0.0,1,1,3.0,0.8571428571428571
406,76,0,0.0,1.0,0.0,1,0,2.0,0.5714285714285714
406,259,0,1.0,1.0,1.0,1,1,5.0,1.4285714285714286
407,80,0,0.0,1.0,0.0,1,1,3.0,0.8571428571428571
407,133,0,1.0,1.0,0.0,1,0,3.0,0.8571428571428571
407,139,0,1.0,1.0,1.0,1,1,5.0,1.4285714285714286
407,162,0,1.0,1.0,1.0,1,1,5.0,1.4285714285714286
407,192,0,1.0,1.0,1.0,1,0,4.0,1.1428571428571428
407,263,0,1.0,1.0,1.0,1,0,4.0,1.1428571428571428
407,268,1,1.0,1.0,1.0,1,1,6.0,1.7142857142857142
407,418,0,1.0,1.0,1.0,1,0,4.0,1.1428571428571428
408,19,1,1.0,1.0,1.0,1,1,6.0,1.7142857142857142
408,59,0,1.0,1.0,1.0,1,0,4.0,1.1428571428571428
408,75,0,1.0,1.0,1.0,1,0,4.0,1.1428571428571428
408,170,0,1.0,1.0,1.0,1,0,4.0,1.1428571428571428
409,36,0,1.0,1.0,1.0,1,1,5.0,1.4285714285714286
410,53,0,1.0,1.0,1.0,1,1,5.0,1.4285714285714286
410,273,1,1.0,1.0,1.0,1,0,5.0,1.4285714285714286
411,2,0,0.0,1.0,1.0,1,0,3.0,0.8571428571428571
411,61,0,0.0,1.0,1.0,1,0,3.0,0.8571428571428571
411,203,0,0.0,1.0,1.0,1,0,3.0,0.8571428571428571
411,231,1,1.0,1.0,1.0,1,0,5.0,1.4285714285714286
411,300,0,1.0,1.0,1.0,1,1,5.0,1.4285714285714286
411,316,1,1.0,1.0,1.0,1,1,6.0,1.7142857142857142
412,188,1,1.0,1.0,1.0,1,0,5.0,1.4285714285714286
412,229,0,1.0,1.0,1.0,1,0,4.0,1.1428571428571428
412,244,0,1.0,1.0,1.0,1,0,4.0,1.1428571428571428
412,351,1,1.0,1.0,1.0,1,1,6.0,1.7142857142857142
412,387,1,1.0,1.0,1.0,1,0,5.0,1.4285714285714286
413,41,1,1.0,1.0,1.0,1,0,5.0,1.4285714285714286
413,313,0,0.0,1.0,0.0,1,0,2.0,0.5714285714285714
413,354,0,0.0,1.0,0.0,1,1,3.0,0.8571428571428571
413,360,0,0.0,1.0,0.0,1,0,2.0,0.5714285714285714
413,362,0,0.0,1.0,0.0,1,0,2.0,0.5714285714285714
414,87,1,1.0,1.0,1.0,1,1,6.0,1.7142857142857142
414,174,0,0.0,1.0,0.0,1,1,3.0,0.8571428571428571
414,250,0,0.0,1.0,0.0,1,0,2.0,0.5714285714285714
414,414,0,0.0,1.0,0.0,1,0,2.0,0.5714285714285714
415,8,0,1.0,1.0,1.0,1,0,4.0,1.1428571428571428
415,28,0,1.0,1.0,1.0,1,0,4.0,1.1428571428571428
415,48,1,1.0,1.0,1.0,1,1,6.0,1.7142857142857142
415,305,0,1.0,1.0,0.0,1,1,4.0,1.1428571428571428
416,17,0,0.0,1.0,0.0,1,0,2.0,0.5714285714285714
416,47,0,0.0,1.0,1.0,1,1,4.0,1.1428571428571428
416,54,0,0.0,1.0,0.0,1,0,2.0,0.5714285714285714
416,134,0,0.0,1.0,0.0,1,0,2.0,0.5714285714285714
416,255,0,1.0,1.0,1.0,1,1,5.0,1.4285714285714286
416,258,0,0.0,1.0,0.0,1,1,3.0,0.8571428571428571
416,282,0,0.0,1.0,0.0,1,1,3.0,0.8571428571428571
416,335,0,1.0,1.0,1.0,1,0,4.0,1.1428571428571428
416,407,0,0.0,1.0,0.0,1,0,2.0,0.5714285714285714
416,409,0,0.0,1.0,0.0,1,0,2.0,0.5714285714285714
417,42,0,0.0,1.0,0.0,1,0,2.0,0.5714285714285714
417,72,0,0.0,1.0,0.0,1,0,2.0,0.5714285714285714
417,126,0,1.0,1.0,1.0,1,1,5.0,1.4285714285714286
417,207,0,0.0,1.0,0.0,1,1,3.0,0.8571428571428571
417,219,0,0.0,1.0,0.0,1,1,3.0,0.8571428571428571
417,221,0,1.0,1.0,1.0,1,0,4.0,1.1428571428571428
417,271,1,1.0,1.0,1.0,1,0,5.0,1.4285714285714286
417,413,1,1.0,1.0,1.0,1,0,5.0,1.4285714285714286
418,17,0,0.0,1.0,0.0,1,0,2.0,0.5714285714285714
418,47,0,0.0,1.0,0.0,1,1,3.0,0.8571428571428571
418,54,1,1.0,1.0,1.0,1,0,5.0,1.4285714285714286
418,134,1,1.0,1.0,1.0,1,0,5.0,1.4285714285714286
418,255,0,0.0,1.0,0.0,1,1,3.0,0.8571428571428571
418,258,0,1.0,1.0,1.0,1,1,5.0,1.4285714285714286
418,282,1,1.0,1.0,1.0,1,1,6.0,1.7142857142857142
418,335,0,0.0,1.0,0.0,1,0,2.0,0.5714285714285714
418,407,0,0.0,1.0,0.0,1,0,2.0,0.5714285714285714
418,409,0,0.0,1.0,0.0,1,0,2.0,0.5714285714285714
419,198,0,1.0,1.0,1.0,1,1,5.0,1.4285714285714286
419,270,1,1.0,1.0,1.0,1,1,6.0,1.7142857142857142
419,424,1,1.0,1.0,1.0,1,1,6.0,1.7142857142857142
420,285,0,1.0,1.0,1.0,1,1,5.0,1.4285714285714286
420,358,0,1.0,1.0,1.0,1,0,4.0,1.1428571428571428
421,14,0,0.0,1.0,0.0,1,0,2.0,0.5714285714285714
421,29,1,1.0,1.0,1.0,1,0,5.0,1.4285714285714286
421,81,0,0.0,1.0,1.0,1,0,3.0,0.8571428571428571
421,100,0,0.0,1.0,0.0,1,0,2.0,0.5714285714285714
421,193,0,0.0,1.0,1.0,1,0,3.0,0.8571428571428571
421,325,1,1.0,1.0,1.0,1,0,5.0,1.4285714285714286
421,347,1,1.0,1.0,1.0,1,1,6.0,1.7142857142857142
422,2,0,0.0,1.0,1.0,1,0,3.0,0.8571428571428571
422,61,0,0.0,1.0,1.0,1,0,3.0,0.8571428571428571
422,203,0,0.0,1.0,1.0,1,0,3.0,0.8571428571428571
422,231,0,1.0,1.0,1.0,1,0,4.0,1.1428571428571428
422,300,1,1.0,1.0,1.0,1,1,6.0,1.7142857142857142
422,316,0,1.0,1.0,1.0,1,1,5.0,1.4285714285714286
423,92,0,0.0,1.0,1.0,1,0,3.0,0.8571428571428571
423,111,1,1.0,1.0,1.0,1,1,6.0,1.7142857142857142
423,147,0,1.0,1.0,1.0,1,1,5.0,1.4285714285714286
423,180,0,1.0,1.0,1.0,1,0,4.0,1.1428571428571428
423,187,0,0.0,1.0,1.0,1,1,4.0,1.1428571428571428
423,398,0,0.0,1.0,0.0,1,0,2.0,0.5714285714285714
424,185,0,0.0,1.0,0.0,1,0,2.0,0.5714285714285714
424,371,1,1.0,1.0,1.0,1,1,6.0,1.7142857142857142
425,97,0,0.0,1.0,0.0,1,0,2.0,0.5714285714285714
425,163,0,0.0,1.0,0.0,1,0,2.0,0.5714285714285714
425,294,0,0.0,1.0,0.0,1,1,3.0,0.8571428571428571
425,376,1,1.0,1.0,1.0,1,1,6.0,1.7142857142857142
426,149,1,1.0,1.0,1.0,1,1,6.0,1.7142857142857142
426,334,1,1.0,1.0,1.0,1,0,5.0,1.4285714285714286
427,143,1,1.0,1.0,1.0,1,0,5.0,1.4285714285714286
427,169,0,1.0,1.0,1.0,1,0,4.0,1.1428571428571428
427,177,0,0.0,1.0,0.0,1,1,3.0,0.8571428571428571
427,320,0,1.0,1.0,1.0,1,0,4.0,1.1428571428571428
428,80,0,0.0,1.0,0.0,1,1,3.0,0.8571428571428571
428,133,0,1.0,1.0,0.0,1,0,3.0,0.8571428571428571
428,139,0,1.0,1.0,1.0,1,1,5.0,1.4285714285714286
428,162,0,1.0,1.0,1.0,1,1,5.0,1.4285714285714286
428,192,0,1.0,1.0,1.0,1,0,4.0,1.1428571428571428
428,263,0,1.0,1.0,1.0,1,0,4.0,1.1428571428571428
428,268,1,1.0,1.0,1.0,1,1,6.0,1.7142857142857142
428,418,0,1.0,1.0,1.0,1,0,4.0,1.1428571428571428
429,97,0,1.0,1.0,1.0,1,0,4.0,1.1428571428571428
429,163,0,1.0,1.0,1.0,1,0,4.0,1.1428571428571428
429,294,1,1.0,1.0,1.0,1,1,6.0,1.7142857142857142
429,376,0,0.0,1.0,0.0,1,1,3.0,0.8571428571428571
430,396,1,1.0,1.0,1.0,1,1,6.0,1.7142857142857142
431,94,0,1.0,1.0,1.0,1,1,5.0,1.4285714285714286
431,103,0,1.0,1.0,1.0,1,0,4.0,1.1428571428571428
431,140,0,1.0,1.0,1.0,1,0,4.0,1.1428571428571428
431,205,0,0.0,1.0,0.0,1,0,2.0,0.5714285714285714
431,210,0,0.0,1.0,0.0,1,0,2.0,0.5714285714285714
431,212,0,0.0,1.0,0.0,1,0,2.0,0.5714285714285714
431,247,0,0.0,1.0,0.0,1,1,3.0,0.8571428571428571
431,276,0,0.0,1.0,0.0,1,0,2.0,0.5714285714285714
431,292,0,0.0,1.0,0.0,1,0,2.0,0.5714285714285714
431,374,0,0.0,1.0,0.0,1,0,2.0,0.5714285714285714
431,377,0,0.0,1.0,0.0,1,0,2.0,0.5714285714285714
431,393,0,0.0,1.0,0.0,1,0,2.0,0.5714285714285714
432,49,1,1.0,1.0,1.0,1,0,5.0,1.4285714285714286
432,55,0,1.0,1.0,1.0,1,1,5.0,1.4285714285714286
432,68,0,1.0,1.0,1.0,1,0,4.0,1.1428571428571428
432,297,1,1.0,1.0,1.0,1,1,6.0,1.7142857142857142
433,79,0,1.0,1.0,1.0,1,0,4.0,1.1428571428571428
433,102,0,1.0,1.0,1.0,1,0,4.0,1.1428571428571428
433,239,0,1.0,1.0,1.0,1,0,4.0,1.1428571428571428
433,298,0,0.0,1.0,0.0,1,0,2.0,0.5714285714285714
433,333,0,0.0,1.0,0.0,1,0,2.0,0.5714285714285714
434,77,1,1.0,1.0,1.0,1,0,5.0,1.4285714285714286
434,86,0,0.0,1.0,0.0,1,0,2.0,0.5714285714285714
434,208,0,0.0,1.0,0.0,1,0,2.0,0.5714285714285714
434,310,0,0.0,1.0,0.0,1,1,3.0,0.8571428571428571
434,390,0,0.0,1.0,0.0,1,0,2.0,0.5714285714285714
434,395,1,1.0,1.0,1.0,1,1,6.0,1.7142857142857142
435,87,0,0.0,1.0,0.0,1,0,2.0,0.5714285714285714
435,174,0,0.0,1.0,0.0,1,0,2.0,0.5714285714285714
435,250,0,0.0,1.0,0.0,1,1,3.0,0.8571428571428571
435,414,1,1.0,1.0,1.0,1,1,6.0,1.7142857142857142
436,55,0,0.0,1.0,0.0,1,0,2.0,0.5714285714285714
436,232,0,1.0,1.0,1.0,1,1,5.0,1.4285714285714286
436,251,0,1.0,1.0,1.0,1,0,4.0,1.1428571428571428
436,388,0,1.0,1.0,1.0,1,1,5.0,1.4285714285714286
437,33,0,0.0,1.0,0.0,1,0,2.0,0.5714285714285714
437,62,0,0.0,1.0,0.0,1,0,2.0,0.5714285714285714
437,70,0,0.0,1.0,0.0,1,0,2.0,0.5714285714285714
437,115,0,0.0,1.0,0.0,1,1,3.0,0.8571428571428571
437,164,1,1.0,1.0,1.0,1,1,6.0,1.7142857142857142
437,318,0,0.0,1.0,0.0,1,0,2.0,0.5714285714285714
437,341,0,0.0,1.0,0.0,1,0,2.0,0.5714285714285714
437,391,0,0.0,1.0,0.0,1,1,3.0,0.8571428571428571
438,98,0,1.0,1.0,1.0,1,1,5.0,1.4285714285714286
439,21,0,1.0,1.0,1.0,1,0,4.0,1.1428571428571428
439,227,1,1.0,1.0,1.0,1,1,6.0,1.7142857142857142
439,296,0,1.0,1.0,1.0,1,0,4.0,1.1428571428571428
440,32,1,1.0,1.0,1.0,1,1,6.0,1.7142857142857142
440,262,0,0.0,1.0,0.0,1,0,2.0,0.5714285714285714
441,110,1,1.0,1.0,1.0,1,0,5.0,1.4285714285714286
441,121,0,0.0,1.0,0.0,1,0,2.0,0.5714285714285714
441,214,0,0.0,1.0,1.0,1,0,3.0,0.8571428571428571
441,286,0,0.0,1.0,1.0,1,0,3.0,0.8571428571428571
441,293,0,1.0,1.0,1.0,1,0,4.0,1.1428571428571428
441,302,0,0.0,1.0,0.0,1,0,2.0,0.5714285714285714
441,369,0,0.0,1.0,1.0,1,0,3.0,0.8571428571428571
441,389,0,0.0,1.0,0.0,1,0,2.0,0.5714285714285714
442,189,0,0.0,1.0,1.0,1,0,3.0,0.8571428571428571
442,200,0,1.0,1.0,1.0,1,0,4.0,1.1428571428571428
442,266,0,1.0,1.0,1.0,1,1,5.0,1.4285714285714286
443,141,0,1.0,1.0,1.0,1,0,4.0,1.1428571428571428
443,284,0,1.0,1.0,1.0,1,0,4.0,1.1428571428571428
444,11,0,1.0,1.0,1.0,1,0,4.0,1.1428571428571428
444,51,0,0.0,1.0,1.0,1,1,4.0,1.1428571428571428
444,172,0,1.0,1.0,1.0,1,0,4.0,1.1428571428571428
444,291,0,1.0,1.0,1.0,1,0,4.0,1.1428571428571428
444,408,0,0.0,1.0,0.0,1,0,2.0,0.5714285714285714
445,84,1,1.0,1.0,1.0,1,0,5.0,1.4285714285714286
445,378,0,1.0,1.0,1.0,1,0,4.0,1.1428571428571428
446,110,0,0.0,1.0,1.0,1,0,3.0,0.8571428571428571
446,121,0,0.0,1.0,0.0,1,0,2.0,0.5714285714285714
446,214,1,1.0,1.0,1.0,1,0,5.0,1.4285714285714286
446,286,1,1.0,1.0,1.0,1,0,5.0,1.4285714285714286
446,293,0,0.0,1.0,1.0,1,1,4.0,1.1428571428571428
446,302,0,1.0,1.0,1.0,1,1,5.0,1.4285714285714286
446,369,1,1.0,1.0,1.0,1,1,6.0,1.7142857142857142
446,389,0,0.0,1.0,0.0,1,0,2.0,0.5714285714285714
447,259,1,1.0,1.0,1.0,1,1,6.0,1.7142857142857142
448,41,0,0.0,1.0,0.0,1,0,2.0,0.5714285714285714
448,313,0,0.0,1.0,0.0,1,0,2.0,0.5714285714285714
448,354,1,1.0,1.0,1.0,1,1,6.0,1.7142857142857142
448,360,0,0.0,1.0,0.0,1,0,2.0,0.5714285714285714
448,362,0,0.0,1.0,0.0,1,0,2.0,0.5714285714285714
449,146,0,1.0,1.0,1.0,1,1,5.0,1.4285714285714286
449,167,0,1.0,1.0,1.0,1,0,4.0,1.1428571428571428
449,314,1,1.0,1.0,1.0,1,0,5.0,1.4285714285714286
450,9,1,1.0,1.0,1.0,1,1,6.0,1.7142857142857142
450,151,1,1.0,1.0,1.0,1,0,5.0,1.4285714285714286
450,237,0,1.0,1.0,1.0,1,1,5.0,1.4285714285714286
450,242,0,1.0,1.0,1.0,1,1,5.0,1.4285714285714286
450,246,0,1.0,1.0,1.0,1,0,4.0,1.1428571428571428
450,278,1,1.0,1.0,1.0,1,0,5.0,1.4285714285714286
450,345,1,1.0,1.0,1.0,1,0,5.0,1.4285714285714286
450,356,0,0.0,1.0,0.0,1,0,2.0,0.5714285714285714
450,404,0,1.0,1.0,1.0,1,0,4.0,1.1428571428571428
451,66,1,1.0,1.0,1.0,1,1,6.0,1.7142857142857142
451,104,0,0.0,1.0,0.0,1,0,2.0,0.5714285714285714
451,119,0,0.0,1.0,0.0,1,0,2.0,0.5714285714285714
451,154,0,1.0,1.0,1.0,1,0,4.0,1.1428571428571428
451,186,1,1.0,1.0,1.0,1,1,6.0,1.7142857142857142
451,223,0,0.0,1.0,0.0,1,1,3.0,0.8571428571428571
451,349,0,0.0,1.0,0.0,1,0,2.0,0.5714285714285714
452,321,1,1.0,1.0,1.0,1,1,6.0,1.7142857142857142
453,168,0,1.0,1.0,1.0,1,1,5.0,1.4285714285714286
453,332,1,1.0,1.0,1.0,1,0,5.0,1.4285714285714286
453,415,0,1.0,1.0,1.0,1,1,5.0,1.4285714285714286
454,39,0,1.0,1.0,0.0,1,0,3.0,0.8571428571428571
454,129,0,0.0,1.0,0.0,1,0,2.0,0.5714285714285714
454,184,1,1.0,1.0,1.0,1,1,6.0,1.7142857142857142
454,206,0,0.0,1.0,0.0,1,0,2.0,0.5714285714285714
454,279,0,0.0,1.0,0.0,1,0,2.0,0.5714285714285714
454,370,0,0.0,1.0,0.0,1,0,2.0,0.5714285714285714
455,78,0,1.0,1.0,1.0,1,1,5.0,1.4285714285714286
455,165,0,1.0,1.0,1.0,1,0,4.0,1.1428571428571428
455,185,0,1.0,1.0,1.0,1,0,4.0,1.1428571428571428
455,396,0,0.0,1.0,0.0,1,0,2.0,0.5714285714285714
457,248,0,1.0,1.0,1.0,1,0,4.0,1.1428571428571428
457,303,1,1.0,1.0,1.0,1,1,6.0,1.7142857142857142
457,402,0,1.0,1.0,1.0,1,1,5.0,1.4285714285714286
458,77,0,0.0,1.0,0.0,1,0,2.0,0.5714285714285714
458,86,0,0.0,1.0,0.0,1,1,3.0,0.8571428571428571
458,208,0,0.0,1.0,0.0,1,0,2.0,0.5714285714285714
458,310,0,0.0,1.0,0.0,1,0,2.0,0.5714285714285714
458,390,0,0.0,1.0,0.0,1,0,2.0,0.5714285714285714
458,395,0,0.0,1.0,0.0,1,0,2.0,0.5714285714285714
459,185,0,0.0,1.0,0.0,1,0,2.0,0.5714285714285714
459,396,0,1.0,1.0,1.0,1,0,4.0,1.1428571428571428
460,323,1,1.0,1.0,1.0,1,1,6.0,1.7142857142857142
460,346,0,0.0,1.0,0.0,1,0,2.0,0.5714285714285714
460,419,1,1.0,1.0,1.0,1,0,5.0,1.4285714285714286
461,25,0,1.0,1.0,1.0,1,1,5.0,1.4285714285714286
461,52,0,0.0,1.0,1.0,1,0,3.0,0.8571428571428571
461,113,0,1.0,1.0,1.0,1,0,4.0,1.1428571428571428
461,348,0,0.0,1.0,0.0,1,1,3.0,0.8571428571428571
462,66,0,1.0,1.0,1.0,1,0,4.0,1.1428571428571428
462,104,0,0.0,1.0,0.0,1,0,2.0,0.5714285714285714
462,119,0,0.0,1.0,0.0,1,0,2.0,0.5714285714285714
462,154,1,1.0,1.0,1.0,1,1,6.0,1.7142857142857142
462,186,0,1.0,1.0,1.0,1,0,4.0,1.1428571428571428
462,223,0,0.0,1.0,0.0,1,0,2.0,0.5714285714285714
462,349,0,0.0,1.0,0.0,1,0,2.0,0.5714285714285714
463,384,0,1.0,1.0,1.0,1,1,5.0,1.4285714285714286
464,89,0,0.0,1.0,0.0,1,1,3.0,0.8571428571428571
464,114,1,1.0,1.0,1.0,1,1,6.0,1.7142857142857142
464,304,0,1.0,1.0,1.0,1,1,5.0,1.4285714285714286
464,342,0,0.0,1.0,0.0,1,0,2.0,0.5714285714285714
464,366,0,0.0,1.0,0.0,1,0,2.0,0.5714285714285714
465,79,0,1.0,1.0,1.0,1,1,5.0,1.4285714285714286
465,102,0,1.0,1.0,1.0,1,0,4.0,1.1428571428571428
465,239,0,1.0,1.0,1.0,1,1,5.0,1.4285714285714286
465,298,0,0.0,1.0,0.0,1,0,2.0,0.5714285714285714
465,333,0,0.0,1.0,0.0,1,0,2.0,0.5714285714285714
466,89,0,1.0,1.0,1.0,1,0,4.0,1.1428571428571428
466,114,0,0.0,1.0,1.0,1,0,3.0,0.8571428571428571
466,304,0,0.0,1.0,1.0,1,0,3.0,0.8571428571428571
466,342,0,1.0,1.0,1.0,1,0,4.0,1.1428571428571428
466,366,0,1.0,1.0,1.0,1,0,4.0,1.1428571428571428
467,189,0,1.0,1.0,1.0,1,0,4.0,1.1428571428571428
467,200,0,1.0,1.0,1.0,1,1,5.0,1.4285714285714286
467,266,0,0.0,1.0,1.0,1,0,3.0,0.8571428571428571
468,33,0,1.0,1.0,1.0,1,0,4.0,1.1428571428571428
468,62,1,1.0,1.0,1.0,1,0,5.0,1.4285714285714286
468,70,0,0.0,1.0,0.0,1,0,2.0,0.5714285714285714
468,115,1,1.0,1.0,1.0,1,1,6.0,1.7142857142857142
468,164,0,0.0,1.0,0.0,1,1,3.0,0.8571428571428571
468,318,1,1.0,1.0,1.0,1,0,5.0,1.4285714285714286
468,341,0,0.0,1.0,0.0,1,0,2.0,0.5714285714285714
468,391,1,1.0,1.0,1.0,1,1,6.0,1.7142857142857142
469,87,0,0.0,1.0,0.0,1,0,2.0,0.5714285714285714
469,174,1,1.0,1.0,1.0,1,0,5.0,1.4285714285714286
469,250,1,1.0,1.0,1.0,1,1,6.0,1.7142857142857142
469,414,0,0.0,1.0,0.0,1,1,3.0,0.8571428571428571
470,10,0,1.0,1.0,1.0,1,0,4.0,1.1428571428571428
470,83,0,0.0,1.0,0.0,1,0,2.0,0.5714285714285714
470,106,0,1.0,1.0,1.0,1,0,4.0,1.1428571428571428
470,132,0,1.0,1.0,1.0,1,1,5.0,1.4285714285714286
470,417,1,1.0,1.0,1.0,1,0,5.0,1.4285714285714286
471,78,0,1.0,1.0,1.0,1,0,4.0,1.1428571428571428
471,165,0,1.0,1.0,1.0,1,1,5.0,1.4285714285714286
471,185,0,1.0,1.0,1.0,1,0,4.0,1.1428571428571428
471,396,0,0.0,1.0,0.0,1,0,2.0,0.5714285714285714
472,65,0,0.0,1.0,0.0,1,0,2.0,0.5714285714285714
472,166,0,0.0,1.0,0.0,1,0,2.0,0.5714285714285714
472,182,0,0.0,1.0,0.0,1,1,3.0,0.8571428571428571
472,306,1,1.0,1.0,1.0,1,0,5.0,1.4285714285714286
472,311,0,0.0,1.0,0.0,1,0,2.0,0.5714285714285714
472,315,0,0.0,1.0,0.0,1,1,3.0,0.8571428571428571
472,327,0,0.0,1.0,0.0,1,0,2.0,0.5714285714285714
472,350,0,0.0,1.0,0.0,1,0,2.0,0.5714285714285714
473,66,0,0.0,1.0,0.0,1,0,2.0,0.5714285714285714
473,104,0,0.0,1.0,0.0,1,0,2.0,0.5714285714285714
473,119,0,1.0,1.0,1.0,1,0,4.0,1.1428571428571428
473,154,0,0.0,1.0,1.0,1,1,4.0,1.1428571428571428
473,186,0,0.0,1.0,0.0,1,0,2.0,0.5714285714285714
473,223,0,1.0,1.0,1.0,1,0,4.0,1.1428571428571428
473,349,0,0.0,1.0,0.0,1,0,2.0,0.5714285714285714
474,252,1,1.0,1.0,1.0,1,1,6.0,1.7142857142857142
475,30,1,1.0,1.0,1.0,1,1,6.0,1.7142857142857142
475,422,0,0.0,1.0,0.0,1,1,3.0,0.8571428571428571
476,127,1,1.0,1.0,1.0,1,1,6.0,1.7142857142857142
476,381,0,1.0,1.0,1.0,1,1,5.0,1.4285714285714286
477,6,1,1.0,1.0,1.0,1,1,6.0,1.7142857142857142
477,82,0,1.0,1.0,1.0,1,1,5.0,1.4285714285714286
477,142,0,0.0,1.0,0.0,1,1,3.0,0.8571428571428571
478,77,0,0.0,1.0,0.0,1,0,2.0,0.5714285714285714
478,86,0,0.0,1.0,0.0,1,0,2.0,0.5714285714285714
478,208,1,1.0,1.0,1.0,1,1,6.0,1.7142857142857142
478,310,1,1.0,1.0,1.0,1,0,5.0,1.4285714285714286
478,390,0,0.0,1.0,0.0,1,1,3.0,0.8571428571428571
478,395,0,0.0,1.0,0.0,1,0,2.0,0.5714285714285714
478,425,0,0.0,0.0,0.0,1,0,1.0,0.2857142857142857
479,6,0,0.0,1.0,0.0,1,1,3.0,0.8571428571428571
479,98,0,0.0,1.0,0.0,1,0,2.0,0.5714285714285714
479,142,1,1.0,1.0,1.0,1,1,6.0,1.7142857142857142
479,173,0,0.0,1.0,0.0,1,1,3.0,0.8571428571428571
480,364,0,0.0,1.0,1.0,1,0,3.0,0.8571428571428571
481,15,1,1.0,1.0,1.0,1,0,5.0,1.4285714285714286
481,175,0,0.0,1.0,0.0,1,1,3.0,0.8571428571428571
481,299,1,1.0,1.0,1.0,1,1,6.0,1.7142857142857142
481,328,0,0.0,1.0,0.0,1,0,2.0,0.5714285714285714
482,30,0,0.0,1.0,0.0,1,1,3.0,0.8571428571428571
482,57,0,0.0,1.0,0.0,1,0,2.0,0.5714285714285714
482,422,1,1.0,1.0,1.0,1,1,6.0,1.7142857142857142
483,66,1,1.0,1.0,1.0,1,0,5.0,1.4285714285714286
483,104,0,0.0,1.0,0.0,1,1,3.0,0.8571428571428571
483,119,0,0.0,1.0,0.0,1,0,2.0,0.5714285714285714
483,154,0,1.0,1.0,1.0,1,0,4.0,1.1428571428571428
483,186,1,1.0,1.0,1.0,1,0,5.0,1.4285714285714286
483,223,0,0.0,1.0,0.0,1,0,2.0,0.5714285714285714
483,349,0,0.0,1.0,0.0,1,0,2.0,0.5714285714285714
484,89,0,1.0,1.0,1.0,1,0,4.0,1.1428571428571428
484,114,0,0.0,1.0,1.0,1,0,3.0,0.8571428571428571
484,304,0,0.0,1.0,0.0,1,0,2.0,0.5714285714285714
484,342,0,1.0,1.0,1.0,1,1,5.0,1.4285714285714286
484,366,0,0.0,1.0,0.0,1,1,3.0,0.8571428571428571
485,42,1,1.0,1.0,1.0,1,1,6.0,1.7142857142857142
485,72,0,0.0,1.0,0.0,1,0,2.0,0.5714285714285714
485,126,0,0.0,1.0,0.0,1,0,2.0,0.5714285714285714
485,207,1,1.0,1.0,1.0,1,0,5.0,1.4285714285714286
485,219,1,1.0,1.0,1.0,1,0,5.0,1.4285714285714286
485,221,0,0.0,1.0,0.0,1,0,2.0,0.5714285714285714
485,271,0,0.0,1.0,0.0,1,1,3.0,0.8571428571428571
485,413,0,0.0,1.0,0.0,1,0,2.0,0.5714285714285714
486,225,0,1.0,1.0,1.0,1,0,4.0,1.1428571428571428
486,340,0,1.0,1.0,1.0,1,0,4.0,1.1428571428571428
487,79,0,0.0,1.0,0.0,1,0,2.0,0.5714285714285714
487,102,0,0.0,1.0,0.0,1,0,2.0,0.5714285714285714
487,239,0,0.0,1.0,0.0,1,0,2.0,0.5714285714285714
487,298,1,1.0,1.0,1.0,1,1,6.0,1.7142857142857142
487,333,0,0.0,1.0,0.0,1,0,2.0,0.5714285714285714
488,9,0,1.0,1.0,1.0,1,0,4.0,1.1428571428571428
488,151,0,1.0,1.0,1.0,1,0,4.0,1.1428571428571428
488,237,0,1.0,1.0,1.0,1,0,4.0,1.1428571428571428
488,242,0,0.0,1.0,0.0,1,0,2.0,0.5714285714285714
488,246,1,1.0,1.0,1.0,1,0,5.0,1.4285714285714286
488,278,0,1.0,1.0,1.0,1,1,5.0,1.4285714285714286
488,345,0,1.0,1.0,1.0,1,0,4.0,1.1428571428571428
488,404,1,1.0,1.0,1.0,1,1,6.0,1.7142857142857142
489,11,1,1.0,1.0,1.0,1,0,5.0,1.4285714285714286
489,51,0,0.0,1.0,1.0,1,0,3.0,0.8571428571428571
489,172,1,1.0,1.0,1.0,1,1,6.0,1.7142857142857142
489,291,1,1.0,1.0,1.0,1,0,5.0,1.4285714285714286
489,408,0,0.0,1.0,1.0,1,0,3.0,0.8571428571428571
490,18,0,0.0,1.0,0.0,1,1,3.0,0.8571428571428571
490,20,1,1.0,1.0,1.0,1,1,6.0,1.7142857142857142
490,88,0,1.0,1.0,1.0,1,0,4.0,1.1428571428571428
490,90,0,1.0,1.0,1.0,1,1,5.0,1.4285714285714286
490,216,0,1.0,1.0,1.0,1,0,4.0,1.1428571428571428
490,331,0,1.0,1.0,1.0,1,0,4.0,1.1428571428571428
491,21,0,1.0,1.0,1.0,1,1,5.0,1.4285714285714286
491,227,1,1.0,1.0,1.0,1,0,5.0,1.4285714285714286
491,296,0,1.0,1.0,1.0,1,0,4.0,1.1428571428571428
492,94,0,0.0,1.0,0.0,1,1,3.0,0.8571428571428571
492,103,0,0.0,1.0,1.0,1,0,3.0,0.8571428571428571
492,140,0,0.0,1.0,0.0,1,0,2.0,0.5714285714285714
492,205,0,1.0,1.0,1.0,1,0,4.0,1.1428571428571428
492,210,0,1.0,1.0,1.0,1,0,4.0,1.1428571428571428
492,212,0,1.0,1.0,1.0,1,0,4.0,1.1428571428571428
492,247,1,1.0,1.0,1.0,1,1,6.0,1.7142857142857142
492,276,0,0.0,1.0,0.0,1,0,2.0,0.5714285714285714
492,292,1,1.0,1.0,1.0,1,0,5.0,1.4285714285714286
492,374,0,0.0,1.0,0.0,1,0,2.0,0.5714285714285714
492,377,0,0.0,1.0,0.0,1,0,2.0,0.5714285714285714
492,393,1,1.0,1.0,1.0,1,0,5.0,1.4285714285714286
493,179,0,0.0,1.0,0.0,1,0,2.0,0.5714285714285714
493,190,1,1.0,1.0,1.0,1,1,6.0,1.7142857142857142
493,343,0,1.0,1.0,1.0,1,0,4.0,1.1428571428571428
493,386,0,0.0,1.0,0.0,1,1,3.0,0.8571428571428571
494,1,0,0.0,1.0,0.0,1,0,2.0,0.5714285714285714
494,24,0,0.0,1.0,0.0,1,0,2.0,0.5714285714285714
494,44,0,1.0,1.0,1.0,1,0,4.0,1.1428571428571428
494,125,0,0.0,1.0,0.0,1,0,2.0,0.5714285714285714
494,230,0,0.0,1.0,0.0,1,1,3.0,0.8571428571428571
494,277,0,0.0,1.0,0.0,1,1,3.0,0.8571428571428571
495,16,0,1.0,1.0,1.0,1,1,5.0,1.4285714285714286
495,58,0,1.0,1.0,1.0,1,0,4.0,1.1428571428571428
495,85,0,1.0,1.0,1.0,1,0,4.0,1.1428571428571428
497,26,0,1.0,1.0,1.0,1,1,5.0,1.4285714285714286
497,260,0,1.0,1.0,1.0,1,0,4.0,1.1428571428571428
498,150,0,0.0,1.0,0.0,1,0,2.0,0.5714285714285714
498,323,0,0.0,1.0,0.0,1,0,2.0,0.5714285714285714
498,346,1,1.0,1.0,1.0,1,1,6.0,1.7142857142857142
498,419,0,0.0,1.0,0.0,1,0,2.0,0.5714285714285714
499,22,1,1.0,1.0,1.0,1,0,5.0,1.4285714285714286
499,116,1,1.0,1.0,1.0,1,0,5.0,1.4285714285714286
499,181,1,1.0,1.0,1.0,1,0,5.0,1.4285714285714286
499,343,0,0.0,1.0,0.0,1,1,3.0,0.8571428571428571
499,364,0,1.0,1.0,1.0,1,0,4.0,1.1428571428571428
