mfr_id,mfr_name,mfr_region,dhis2_id,dhis2_name,dhis2_region,linktransformer_score,text_a,text_b
MFR_000001,dessie clinic,Oromia,DHIS2_000001,dessie clinic,Oromia,0.9491562843322754,dessie clinic woreda:Bishoftu region:Oromia zone:Zone 3,dessie clinic woreda:Bishoftu region:Oromia zone:Zone 3
MFR_000002,bole clinic,Amhara,DHIS2_000002,bole clinic,Amhara,0.9475122094154358,bole clinic woreda:Bahir Dar region:Amhara zone:Zone 4,bole clinic woreda:Bahir Dar region:Amhara zone:Zone 4
MFR_000003,bahir dar hospital,SNNPR,DHIS2_000279,bahir dar general hospitalital,SNNPR,0.794314444065094,bahir dar hospital woreda:Hosaena region:SNNPR zone:Zone 3,bahir dar general hospitalital woreda:Hosaena region:SNNPR zone:Zone 2
MFR_000003,bahir dar hospital,SNNPR,DHIS2_000465,bahir dar health center,SNNPR,0.7870655059814453,bahir dar hospital woreda:Hosaena region:SNNPR zone:Zone 3,bahir dar health center woreda:Hosaena region:SNNPR zone:Zone 2
MFR_000003,bahir dar hospital,SNNPR,DHIS2_000137,bahir dar health post,SNNPR,0.703049898147583,bahir dar hospital woreda:Hosaena region:SNNPR zone:Zone 3,bahir dar health post woreda:Hosaena region:SNNPR zone:Zone 1
MFR_000003,bahir dar hospital,SNNPR,DHIS2_000485,bahir dar general hospitalital,SNNPR,0.7045992612838745,bahir dar hospital woreda:Hosaena region:SNNPR zone:Zone 3,bahir dar general hospitalital woreda:Arba Minch region:SNNPR zone:Zone 2
MFR_000003,bahir dar hospital,SNNPR,DHIS2_000268,bahir dar dispensary,SNNPR,0.6157910227775574,bahir dar hospital woreda:Hosaena region:SNNPR zone:Zone 3,bahir dar dispensary woreda:Arba Minch region:SNNPR zone:Zone 5
MFR_000004,bahir dar health post,Oromia,DHIS2_000195,bahir dar hospital,Oromia,0.5703157186508179,bahir dar health post woreda:Dukem region:Oromia zone:Zone 5,bahir dar hospital woreda:Dire Dawa region:Oromia zone:Zone 4
MFR_000004,bahir dar health post,Oromia,DHIS2_000183,bahir dar health center,Oromia,0.7483982443809509,bahir dar health post woreda:Dukem region:Oromia zone:Zone 5,bahir dar health center woreda:Adama region:Oromia zone:Zone 5
MFR_000004,bahir dar health post,Oromia,DHIS2_000490,bahir dar hospital,Oromia,0.5348570346832275,bahir dar health post woreda:Dukem region:Oromia zone:Zone 5,bahir dar hospital woreda:Modjo region:Oromia zone:Zone 3
MFR_000004,bahir dar health post,Oromia,DHIS2_000295,bahir dar hospital,Oromia,0.529070258140564,bahir dar health post woreda:Dukem region:Oromia zone:Zone 5,bahir dar hospital woreda:Dire Dawa region:Oromia zone:Zone 1
MFR_000004,bahir dar health post,Oromia,DHIS2_000270,bahir dar health post,Oromia,0.8113199472427368,bahir dar health post woreda:Dukem region:Oromia zone:Zone 5,bahir dar health post woreda:Bishoftu region:Oromia zone:Zone 5
MFR_000005,adama general hospital,Oromia,DHIS2_000017,adama general hospitalital,Oromia,0.782360851764679,adama general hospital woreda:Dire Dawa region:Oromia zone:Zone 1,adama general hospitalital woreda:Bishoftu region:Oromia zone:Zone 1
MFR_000005,adama general hospital,Oromia,DHIS2_000393,adama general hospital,Oromia,0.6922026872634888,adama general hospital woreda:Dire Dawa region:Oromia zone:Zone 1,adama general hospital woreda:Adama region:Oromia zone:Zone 3
MFR_000005,adama general hospital,Oromia,DHIS2_000005,adam general hospital,Oromia,0.9485512375831604,adama general hospital woreda:Dire Dawa region:Oromia zone:Zone 1,adam general hospital woreda:Dire Dawa region:Oromia zone:Zone 1
MFR_000005,adama general hospital,Oromia,DHIS2_000172,adam clinic,Oromia,0.6280176043510437,adama general hospital woreda:Dire Dawa region:Oromia zone:Zone 1,adam clinic woreda:Adama region:Oromia zone:Zone 4
MFR_000005,adama general hospital,Oromia,DHIS2_000136,adam general hospitalital,Oromia,0.6382676959037781,adama general hospital woreda:Dire Dawa region:Oromia zone:Zone 1,adam general hospitalital woreda:Dukem region:Oromia zone:Zone 3
MFR_000006,bole general hospital,Addis Ababa,DHIS2_000006,bole general hospital,Addis Ababa,0.9886166453361511,bole general hospital woreda:Kirkos region:Addis Ababa zone:Zone 1,bole general hospital woreda:Kirkos region:Addis Ababa zone:Zone 1
MFR_000006,bole general hospital,Addis Ababa,DHIS2_000097,bole health center,Addis Ababa,0.8127939105033875,bole general hospital woreda:Kirkos region:Addis Ababa zone:Zone 1,bole health center woreda:Kirkos region:Addis Ababa zone:Zone 3
MFR_000006,bole general hospital,Addis Ababa,DHIS2_000499,bole dispensary,Addis Ababa,0.5935580134391785,bole general hospital woreda:Kirkos region:Addis Ababa zone:Zone 1,bole dispensary woreda:Lideta region:Addis Ababa zone:Zone 4
MFR_000006,bole general hospital,Addis Ababa,DHIS2_000054,bole health center,Addis Ababa,0.6013925075531006,bole general hospital woreda:Kirkos region:Addis Ababa zone:Zone 1,bole health center woreda:Nifas Silk region:Addis Ababa zone:Zone 4
MFR_000007,hawassa referral hospital,Amhara,DHIS2_000087,hawassa referral hospitalital,Amhara,0.6274740695953369,hawassa referral hospital woreda:Mekelle region:Amhara zone:Zone 2,hawassa referral hospitalital woreda:Bahir Dar region:Amhara zone:Zone 5
MFR_000007,hawassa referral hospital,Amhara,DHIS2_000007,hawass referral hospital,Amhara,0.914792537689209,hawassa referral hospital woreda:Mekelle region:Amhara zone:Zone 2,hawass referral hospital woreda:Mekelle region:Amhara zone:Zone 2
MFR_000008,dukem health post,Amhara,DHIS2_000024,dukem health post,Amhara,0.5827016234397888,dukem health post woreda:Dessie region:Amhara zone:Zone 4,dukem health post woreda:Gondar region:Amhara zone:Zone 1
MFR_000008,dukem health post,Amhara,DHIS2_000008,dukem health post,Amhara,0.9441604018211365,dukem health post woreda:Dessie region:Amhara zone:Zone 4,dukem health post woreda:Dessie region:Amhara zone:Zone 4
MFR_000008,dukem health post,Amhara,DHIS2_000128,dukem health center,Amhara,0.9149515628814697,dukem health post woreda:Dessie region:Amhara zone:Zone 4,dukem health center woreda:Dessie region:Amhara zone:Zone 4
MFR_000009,kirkos health center,SNNPR,DHIS2_000080,kirkos health center,SNNPR,0.5447475910186768,kirkos health center woreda:Arba Minch region:SNNPR zone:Zone 4,kirkos health center woreda:Hosaena region:SNNPR zone:Zone 1
MFR_000009,kirkos health center,SNNPR,DHIS2_000047,kirkos general hospitalital,SNNPR,0.7749665379524231,kirkos health center woreda:Arba Minch region:SNNPR zone:Zone 4,kirkos general hospitalital woreda:Arba Minch region:SNNPR zone:Zone 2
MFR_000009,kirkos health center,SNNPR,DHIS2_000230,kirkos health center,SNNPR,0.7478888034820557,kirkos health center woreda:Arba Minch region:SNNPR zone:Zone 4,kirkos health center woreda:Hawassa region:SNNPR zone:Zone 4
MFR_000009,kirkos health center,SNNPR,DHIS2_000009,kirkos health center,SNNPR,0.9616343379020691,kirkos health center woreda:Arba Minch region:SNNPR zone:Zone 4,kirkos health center woreda:Arba Minch region:SNNPR zone:Zone 4
MFR_000010,dessie health center,Addis Ababa,DHIS2_000010,dessie health center,Addis Ababa,0.9799810647964478,dessie health center woreda:Arada region:Addis Ababa zone:Zone 3,dessie health center woreda:Arada region:Addis Ababa zone:Zone 3
MFR_000010,dessie health center,Addis Ababa,DHIS2_000302,dessie health center,Addis Ababa,0.6981295347213745,dessie health center woreda:Arada region:Addis Ababa zone:Zone 3,dessie health center woreda:Addis Ketema region:Addis Ababa zone:Zone 1
MFR_000010,dessie health center,Addis Ababa,DHIS2_000471,dessi health post,Addis Ababa,0.5240081548690796,dessie health center woreda:Arada region:Addis Ababa zone:Zone 3,dessi health post woreda:Nifas Silk region:Addis Ababa zone:Zone 5
MFR_000010,dessie health center,Addis Ababa,DHIS2_000106,dessie health post,Addis Ababa,0.9526468515396118,dessie health center woreda:Arada region:Addis Ababa zone:Zone 3,dessie health post woreda:Arada region:Addis Ababa zone:Zone 3
MFR_000011,dire dawa health center,Addis Ababa,DHIS2_000011,dire dawa health center,Addis Ababa,0.9882037043571472,dire dawa health center woreda:Nifas Silk region:Addis Ababa zone:Zone 1,dire dawa health center woreda:Nifas Silk region:Addis Ababa zone:Zone 1
MFR_000012,butajira hospital,Addis Ababa,DHIS2_000031,butajir clinic,Addis Ababa,0.6035272479057312,butajira hospital woreda:Lideta region:Addis Ababa zone:Zone 3,butajir clinic woreda:Addis Ketema region:Addis Ababa zone:Zone 4
MFR_000012,butajira hospital,Addis Ababa,DHIS2_000012,butajira hospitalital,Addis Ababa,0.97307288646698,butajira hospital woreda:Lideta region:Addis Ababa zone:Zone 3,butajira hospitalital woreda:Lideta region:Addis Ababa zone:Zone 3
MFR_000012,butajira hospital,Addis Ababa,DHIS2_000194,butajira health center,Addis Ababa,0.8289066553115845,butajira hospital woreda:Lideta region:Addis Ababa zone:Zone 3,butajira health center woreda:Addis Ketema region:Addis Ababa zone:Zone 3
MFR_000012,butajira hospital,Addis Ababa,DHIS2_000141,butajira health center,Addis Ababa,0.6483080983161926,butajira hospital woreda:Lideta region:Addis Ababa zone:Zone 3,butajira health center woreda:Nifas Silk region:Addis Ababa zone:Zone 4
MFR_000012,butajira hospital,Addis Ababa,DHIS2_000417,butajira general hospitalital,Addis Ababa,0.8079602718353271,butajira hospital woreda:Lideta region:Addis Ababa zone:Zone 3,butajira general hospitalital woreda:Lideta region:Addis Ababa zone:Zone 2
MFR_000012,butajira hospital,Addis Ababa,DHIS2_000148,butajir health center,Addis Ababa,0.691952109336853,butajira hospital woreda:Lideta region:Addis Ababa zone:Zone 3,butajir health center woreda:Lideta region:Addis Ababa zone:Zone 5
MFR_000012,butajira hospital,Addis Ababa,DHIS2_000419,butajira health center,Addis Ababa,0.9580325484275818,butajira hospital woreda:Lideta region:Addis Ababa zone:Zone 3,butajira health center woreda:Lideta region:Addis Ababa zone:Zone 3
MFR_000012,butajira hospital,Addis Ababa,DHIS2_000143,butajir general hospital,Addis Ababa,0.589525580406189,butajira hospital woreda:Lideta region:Addis Ababa zone:Zone 3,butajir general hospital woreda:Nifas Silk region:Addis Ababa zone:Zone 4
MFR_000012,butajira hospital,Addis Ababa,DHIS2_000351,butajira dispensary,Addis Ababa,0.6215602159500122,butajira hospital woreda:Lideta region:Addis Ababa zone:Zone 3,butajira dispensary woreda:Nifas Silk region:Addis Ababa zone:Zone 2
MFR_000012,butajira hospital,Addis Ababa,DHIS2_000202,butajira clinic,Addis Ababa,0.6587629318237305,butajira hospital woreda:Lideta region:Addis Ababa zone:Zone 3,butajira clinic woreda:Kirkos region:Addis Ababa zone:Zone 4
MFR_000013,addis ababa hospital,Oromia,DHIS2_000317,addis ababa clinic,Oromia,0.7509818077087402,addis ababa hospital woreda:Modjo region:Oromia zone:Zone 1,addis ababa clinic woreda:Adama region:Oromia zone:Zone 1
MFR_000013,addis ababa hospital,Oromia,DHIS2_000491,addis ababa general hospital,Oromia,0.7006344199180603,addis ababa hospital woreda:Modjo region:Oromia zone:Zone 1,addis ababa general hospital woreda:Adama region:Oromia zone:Zone 2
MFR_000013,addis ababa hospital,Oromia,DHIS2_000313,addis ababa hospitalital,Oromia,0.7322942018508911,addis ababa hospital woreda:Modjo region:Oromia zone:Zone 1,addis ababa hospitalital woreda:Bishoftu region:Oromia zone:Zone 2
MFR_000013,addis ababa hospital,Oromia,DHIS2_000382,addis ababa health post,Oromia,0.7249468564987183,addis ababa hospital woreda:Modjo region:Oromia zone:Zone 1,addis ababa health post woreda:Adama region:Oromia zone:Zone 1
MFR_000013,addis ababa hospital,Oromia,DHIS2_000400,addis ababa health post,Oromia,0.6321930289268494,addis ababa hospital woreda:Modjo region:Oromia zone:Zone 1,addis ababa health post woreda:Dire Dawa region:Oromia zone:Zone 4
MFR_000013,addis ababa hospital,Oromia,DHIS2_000013,addis ababa hospitalital,Oromia,0.9607501029968262,addis ababa hospital woreda:Modjo region:Oromia zone:Zone 1,addis ababa hospitalital woreda:Modjo region:Oromia zone:Zone 1
MFR_000014,dukem health post,Oromia,DHIS2_000448,dukem health post,Oromia,0.7593739628791809,dukem health post woreda:Dukem region:Oromia zone:Zone 4,dukem health post woreda:Dukem region:Oromia zone:Zone 3
MFR_000015,modjo health post,Addis Ababa,DHIS2_000211,modjo health post,Addis Ababa,0.7096115350723267,modjo health post woreda:Arada region:Addis Ababa zone:Zone 4,modjo health post woreda:Addis Ketema region:Addis Ababa zone:Zone 2
MFR_000015,modjo health post,Addis Ababa,DHIS2_000060,modjo health center,Addis Ababa,0.6598981022834778,modjo health post woreda:Arada region:Addis Ababa zone:Zone 4,modjo health center woreda:Kirkos region:Addis Ababa zone:Zone 5
MFR_000015,modjo health post,Addis Ababa,DHIS2_000381,modj health post,Addis Ababa,0.7772390842437744,modjo health post woreda:Arada region:Addis Ababa zone:Zone 4,modj health post woreda:Kirkos region:Addis Ababa zone:Zone 4
MFR_000015,modjo health post,Addis Ababa,DHIS2_000413,modjo health post,Addis Ababa,0.6969648003578186,modjo health post woreda:Arada region:Addis Ababa zone:Zone 4,modjo health post woreda:Nifas Silk region:Addis Ababa zone:Zone 2
MFR_000015,modjo health post,Addis Ababa,DHIS2_000015,modjo health post,Addis Ababa,0.9763038754463196,modjo health post woreda:Arada region:Addis Ababa zone:Zone 4,modjo health post woreda:Arada region:Addis Ababa zone:Zone 4
MFR_000016,gondar dispensary,SNNPR,DHIS2_000040,gondar referral hospital,SNNPR,0.7545649409294128,gondar dispensary woreda:Hawassa region:SNNPR zone:Zone 3,gondar referral hospital woreda:Butajira region:SNNPR zone:Zone 3
MFR_000016,gondar dispensary,SNNPR,DHIS2_000027,gondar hospital,SNNPR,0.8680866956710815,gondar dispensary woreda:Hawassa region:SNNPR zone:Zone 3,gondar hospital woreda:Hawassa region:SNNPR zone:Zone 3
MFR_000016,gondar dispensary,SNNPR,DHIS2_000405,gondar hospitalital,SNNPR,0.8100361824035645,gondar dispensary woreda:Hawassa region:SNNPR zone:Zone 3,gondar hospitalital woreda:Hosaena region:SNNPR zone:Zone 3
MFR_000016,gondar dispensary,SNNPR,DHIS2_000259,gondar clinic,SNNPR,0.8785582184791565,gondar dispensary woreda:Hawassa region:SNNPR zone:Zone 3,gondar clinic woreda:Hawassa region:SNNPR zone:Zone 3
MFR_000016,gondar dispensary,SNNPR,DHIS2_000225,gondar health post,SNNPR,0.49552780389785767,gondar dispensary woreda:Hawassa region:SNNPR zone:Zone 3,gondar health post woreda:Butajira region:SNNPR zone:Zone 5
MFR_000016,gondar dispensary,SNNPR,DHIS2_000286,gonda referral hospitalital,SNNPR,0.5517621040344238,gondar dispensary woreda:Hawassa region:SNNPR zone:Zone 3,gonda referral hospitalital woreda:Hosaena region:SNNPR zone:Zone 1
MFR_000016,gondar dispensary,SNNPR,DHIS2_000243,gondar general hospital,SNNPR,0.6638286709785461,gondar dispensary woreda:Hawassa region:SNNPR zone:Zone 3,gondar general hospital woreda:Hawassa region:SNNPR zone:Zone 5
MFR_000016,gondar dispensary,SNNPR,DHIS2_000255,gondar health center,SNNPR,0.5895244479179382,gondar dispensary woreda:Hawassa region:SNNPR zone:Zone 3,gondar health center woreda:Butajira region:SNNPR zone:Zone 2
MFR_000017,adama general hospital,Oromia,DHIS2_000017,adama general hospitalital,Oromia,0.9682168364524841,adama general hospital woreda:Bishoftu region:Oromia zone:Zone 1,adama general hospitalital woreda:Bishoftu region:Oromia zone:Zone 1
MFR_000017,adama general hospital,Oromia,DHIS2_000393,adama general hospital,Oromia,0.6611695885658264,adama general hospital woreda:Bishoftu region:Oromia zone:Zone 1,adama general hospital woreda:Adama region:Oromia zone:Zone 3
MFR_000017,adama general hospital,Oromia,DHIS2_000005,adam general hospital,Oromia,0.7253143191337585,adama general hospital woreda:Bishoftu region:Oromia zone:Zone 1,adam general hospital woreda:Dire Dawa region:Oromia zone:Zone 1
MFR_000017,adama general hospital,Oromia,DHIS2_000172,adam clinic,Oromia,0.6060543656349182,adama general hospital woreda:Bishoftu region:Oromia zone:Zone 1,adam clinic woreda:Adama region:Oromia zone:Zone 4
MFR_000017,adama general hospital,Oromia,DHIS2_000136,adam general hospitalital,Oromia,0.6144692301750183,adama general hospital woreda:Bishoftu region:Oromia zone:Zone 1,adam general hospitalital woreda:Dukem region:Oromia zone:Zone 3
MFR_000018,hosaena referral hospital,Addis Ababa,DHIS2_000073,hosaena referral hospital,Addis Ababa,0.5443357229232788,hosaena referral hospital woreda:Nifas Silk region:Addis Ababa zone:Zone 3,hosaena referral hospital woreda:Arada region:Addis Ababa zone:Zone 5
MFR_000018,hosaena referral hospital,Addis Ababa,DHIS2_000018,hosaena referral hospitalital,Addis Ababa,0.9149234294891357,hosaena referral hospital woreda:Nifas Silk region:Addis Ababa zone:Zone 3,hosaena referral hospitalital woreda:Nifas Silk region:Addis Ababa zone:Zone 3
MFR_000018,hosaena referral hospital,Addis Ababa,DHIS2_000443,hosaena hospitalital,Addis Ababa,0.49352529644966125,hosaena referral hospital woreda:Nifas Silk region:Addis Ababa zone:Zone 3,hosaena hospitalital woreda:Lideta region:Addis Ababa zone:Zone 1
MFR_000019,modjo referral hospital,Amhara,DHIS2_000019,modj referral hospitalital,Amhara,0.8924247026443481,modjo referral hospital woreda:Mekelle region:Amhara zone:Zone 1,modj referral hospitalital woreda:Mekelle region:Amhara zone:Zone 1
MFR_000019,modjo referral hospital,Amhara,DHIS2_000336,modjo referral hospital,Amhara,0.6888285279273987,modjo referral hospital woreda:Mekelle region:Amhara zone:Zone 1,modjo referral hospital woreda:Dessie region:Amhara zone:Zone 3
MFR_000020,gondar general hospital,Amhara,DHIS2_000466,gonda referral hospital,Amhara,0.5289332866668701,gondar general hospital woreda:Mekelle region:Amhara zone:Zone 3,gonda referral hospital woreda:Bahir Dar region:Amhara zone:Zone 5
MFR_000020,gondar general hospital,Amhara,DHIS2_000020,gondar general hospitalital,Amhara,0.9218401908874512,gondar general hospital woreda:Mekelle region:Amhara zone:Zone 3,gondar general hospitalital woreda:Mekelle region:Amhara zone:Zone 3
MFR_000020,gondar general hospital,Amhara,DHIS2_000178,gondar referral hospitalital,Amhara,0.6064704656600952,gondar general hospital woreda:Mekelle region:Amhara zone:Zone 3,gondar referral hospitalital woreda:Bahir Dar region:Amhara zone:Zone 2
MFR_000020,gondar general hospital,Amhara,DHIS2_000488,gondar clinic,Amhara,0.6072102785110474,gondar general hospital woreda:Mekelle region:Amhara zone:Zone 3,gondar clinic woreda:Gondar region:Amhara zone:Zone 4
MFR_000020,gondar general hospital,Amhara,DHIS2_000029,gondar health post,Amhara,0.7333285212516785,gondar general hospital woreda:Mekelle region:Amhara zone:Zone 3,gondar health post woreda:Mekelle region:Amhara zone:Zone 2
MFR_000021,bahir dar referral hospital,SNNPR,DHIS2_000279,bahir dar general hospitalital,SNNPR,0.9028071165084839,bahir dar referral hospital woreda:Hosaena region:SNNPR zone:Zone 2,bahir dar general hospitalital woreda:Hosaena region:SNNPR zone:Zone 2
MFR_000021,bahir dar referral hospital,SNNPR,DHIS2_000465,bahir dar health center,SNNPR,0.8691267371177673,bahir dar referral hospital woreda:Hosaena region:SNNPR zone:Zone 2,bahir dar health center woreda:Hosaena region:SNNPR zone:Zone 2
MFR_000021,bahir dar referral hospital,SNNPR,DHIS2_000137,bahir dar health post,SNNPR,0.6958310008049011,bahir dar referral hospital woreda:Hosaena region:SNNPR zone:Zone 2,bahir dar health post woreda:Hosaena region:SNNPR zone:Zone 1
MFR_000021,bahir dar referral hospital,SNNPR,DHIS2_000485,bahir dar general hospitalital,SNNPR,0.8688169121742249,bahir dar referral hospital woreda:Hosaena region:SNNPR zone:Zone 2,bahir dar general hospitalital woreda:Arba Minch region:SNNPR zone:Zone 2
MFR_000021,bahir dar referral hospital,SNNPR,DHIS2_000268,bahir dar dispensary,SNNPR,0.6149188280105591,bahir dar referral hospital woreda:Hosaena region:SNNPR zone:Zone 2,bahir dar dispensary woreda:Arba Minch region:SNNPR zone:Zone 5
MFR_000022,nifas silk general hospital,Amhara,DHIS2_000064,nifas silk hospital,Amhara,0.763228714466095,nifas silk general hospital woreda:Dessie region:Amhara zone:Zone 5,nifas silk hospital woreda:Bahir Dar region:Amhara zone:Zone 5
MFR_000022,nifas silk general hospital,Amhara,DHIS2_000330,nifas silk health center,Amhara,0.5584912896156311,nifas silk general hospital woreda:Dessie region:Amhara zone:Zone 5,nifas silk health center woreda:Bahir Dar region:Amhara zone:Zone 2
MFR_000022,nifas silk general hospital,Amhara,DHIS2_000455,nifas silk dispensary,Amhara,0.5297789573669434,nifas silk general hospital woreda:Dessie region:Amhara zone:Zone 5,nifas silk dispensary woreda:Gondar region:Amhara zone:Zone 1
MFR_000022,nifas silk general hospital,Amhara,DHIS2_000229,nifas silk health post,Amhara,0.5145638585090637,nifas silk general hospital woreda:Dessie region:Amhara zone:Zone 5,nifas silk health post woreda:Mekelle region:Amhara zone:Zone 2
MFR_000022,nifas silk general hospital,Amhara,DHIS2_000126,nifas silk clinic,Amhara,0.68824303150177,nifas silk general hospital woreda:Dessie region:Amhara zone:Zone 5,nifas silk clinic woreda:Dessie region:Amhara zone:Zone 1
MFR_000022,nifas silk general hospital,Amhara,DHIS2_000028,nifas silk clinic,Amhara,0.6008203625679016,nifas silk general hospital woreda:Dessie region:Amhara zone:Zone 5,nifas silk clinic woreda:Mekelle region:Amhara zone:Zone 4
MFR_000023,modjo health center,SNNPR,DHIS2_000023,modjo health center,SNNPR,0.9459230303764343,modjo health center woreda:Hosaena region:SNNPR zone:Zone 3,modjo health center woreda:Hosaena region:SNNPR zone:Zone 3
MFR_000023,modjo health center,SNNPR,DHIS2_000056,modjo health post,SNNPR,0.7114081978797913,modjo health center woreda:Hosaena region:SNNPR zone:Zone 3,modjo health post woreda:Hawassa region:SNNPR zone:Zone 4
MFR_000023,modjo health center,SNNPR,DHIS2_000239,modj health center,SNNPR,0.6908514499664307,modjo health center woreda:Hosaena region:SNNPR zone:Zone 3,modj health center woreda:Hosaena region:SNNPR zone:Zone 1
MFR_000023,modjo health center,SNNPR,DHIS2_000433,modjo health center,SNNPR,0.6979321837425232,modjo health center woreda:Hosaena region:SNNPR zone:Zone 3,modjo health center woreda:Hawassa region:SNNPR zone:Zone 1
MFR_000024,dukem health post,Amhara,DHIS2_000024,dukem health post,Amhara,0.9483635425567627,dukem health post woreda:Gondar region:Amhara zone:Zone 1,dukem health post woreda:Gondar region:Amhara zone:Zone 1
MFR_000024,dukem health post,Amhara,DHIS2_000008,dukem health post,Amhara,0.6895977258682251,dukem health post woreda:Gondar region:Amhara zone:Zone 1,dukem health post woreda:Dessie region:Amhara zone:Zone 4
MFR_000024,dukem health post,Amhara,DHIS2_000128,dukem health center,Amhara,0.6572337746620178,dukem health post woreda:Gondar region:Amhara zone:Zone 1,dukem health center woreda:Dessie region:Amhara zone:Zone 4
MFR_000025,hosaena health center,Amhara,DHIS2_000025,hosaena health center,Amhara,0.9392213225364685,hosaena health center woreda:Mekelle region:Amhara zone:Zone 2,hosaena health center woreda:Mekelle region:Amhara zone:Zone 2
MFR_000025,hosaena health center,Amhara,DHIS2_000119,hosaena general hospitalital,Amhara,0.6993128657341003,hosaena health center woreda:Mekelle region:Amhara zone:Zone 2,hosaena general hospitalital woreda:Bahir Dar region:Amhara zone:Zone 2
MFR_000025,hosaena health center,Amhara,DHIS2_000104,hosaena health post,Amhara,0.5940237641334534,hosaena health center woreda:Mekelle region:Amhara zone:Zone 2,hosaena health post woreda:Dessie region:Amhara zone:Zone 4
MFR_000025,hosaena health center,Amhara,DHIS2_000303,hosaena health post,Amhara,0.5784399509429932,hosaena health center woreda:Mekelle region:Amhara zone:Zone 2,hosaena health post woreda:Gondar region:Amhara zone:Zone 5
MFR_000025,hosaena health center,Amhara,DHIS2_000062,hosaen health post,Amhara,0.6850211024284363,hosaena health center woreda:Mekelle region:Amhara zone:Zone 2,hosaen health post woreda:Dessie region:Amhara zone:Zone 2
MFR_000026,dire dawa general hospital,Oromia,DHIS2_000462,dir dawa general hospitalital,Oromia,0.6091907024383545,dire dawa general hospital woreda:Dukem region:Oromia zone:Zone 4,dir dawa general hospitalital woreda:Dire Dawa region:Oromia zone:Zone 1
MFR_000026,dire dawa general hospital,Oromia,DHIS2_000132,dire dawa hospitalital,Oromia,0.6247670650482178,dire dawa general hospital woreda:Dukem region:Oromia zone:Zone 4,dire dawa hospitalital woreda:Adama region:Oromia zone:Zone 3
MFR_000026,dire dawa general hospital,Oromia,DHIS2_000026,dire dawa general hospitalital,Oromia,0.9564467668533325,dire dawa general hospital woreda:Dukem region:Oromia zone:Zone 4,dire dawa general hospitalital woreda:Dukem region:Oromia zone:Zone 4
MFR_000026,dire dawa general hospital,Oromia,DHIS2_000207,dire dawa dispensary,Oromia,0.5679400563240051,dire dawa general hospital woreda:Dukem region:Oromia zone:Zone 4,dire dawa dispensary woreda:Dire Dawa region:Oromia zone:Zone 2
MFR_000027,gondar hospital,SNNPR,DHIS2_000040,gondar referral hospital,SNNPR,0.8406968712806702,gondar hospital woreda:Hawassa region:SNNPR zone:Zone 3,gondar referral hospital woreda:Butajira region:SNNPR zone:Zone 3
MFR_000027,gondar hospital,SNNPR,DHIS2_000027,gondar hospital,SNNPR,0.9500149488449097,gondar hospital woreda:Hawassa region:SNNPR zone:Zone 3,gondar hospital woreda:Hawassa region:SNNPR zone:Zone 3
MFR_000027,gondar hospital,SNNPR,DHIS2_000405,gondar hospitalital,SNNPR,0.8682520985603333,gondar hospital woreda:Hawassa region:SNNPR zone:Zone 3,gondar hospitalital woreda:Hosaena region:SNNPR zone:Zone 3
MFR_000027,gondar hospital,SNNPR,DHIS2_000259,gondar clinic,SNNPR,0.9279991388320923,gondar hospital woreda:Hawassa region:SNNPR zone:Zone 3,gondar clinic woreda:Hawassa region:SNNPR zone:Zone 3
MFR_000027,gondar hospital,SNNPR,DHIS2_000225,gondar health post,SNNPR,0.5811059474945068,gondar hospital woreda:Hawassa region:SNNPR zone:Zone 3,gondar health post woreda:Butajira region:SNNPR zone:Zone 5
MFR_000027,gondar hospital,SNNPR,DHIS2_000286,gonda referral hospitalital,SNNPR,0.6012575626373291,gondar hospital woreda:Hawassa region:SNNPR zone:Zone 3,gonda referral hospitalital woreda:Hosaena region:SNNPR zone:Zone 1
MFR_000027,gondar hospital,SNNPR,DHIS2_000243,gondar general hospital,SNNPR,0.752009391784668,gondar hospital woreda:Hawassa region:SNNPR zone:Zone 3,gondar general hospital woreda:Hawassa region:SNNPR zone:Zone 5
MFR_000027,gondar hospital,SNNPR,DHIS2_000255,gondar health center,SNNPR,0.6995427012443542,gondar hospital woreda:Hawassa region:SNNPR zone:Zone 3,gondar health center woreda:Butajira region:SNNPR zone:Zone 2
MFR_000028,nifas silk clinic,Amhara,DHIS2_000064,nifas silk hospital,Amhara,0.6276276707649231,nifas silk clinic woreda:Mekelle region:Amhara zone:Zone 4,nifas silk hospital woreda:Bahir Dar region:Amhara zone:Zone 5
MFR_000028,nifas silk clinic,Amhara,DHIS2_000330,nifas silk health center,Amhara,0.6026052236557007,nifas silk clinic woreda:Mekelle region:Amhara zone:Zone 4,nifas silk health center woreda:Bahir Dar region:Amhara zone:Zone 2
MFR_000028,nifas silk clinic,Amhara,DHIS2_000455,nifas silk dispensary,Amhara,0.5587508082389832,nifas silk clinic woreda:Mekelle region:Amhara zone:Zone 4,nifas silk dispensary woreda:Gondar region:Amhara zone:Zone 1
MFR_000028,nifas silk clinic,Amhara,DHIS2_000093,nifa silk referral hospital,Amhara,0.5524795651435852,nifas silk clinic woreda:Mekelle region:Amhara zone:Zone 4,nifa silk referral hospital woreda:Gondar region:Amhara zone:Zone 1
MFR_000028,nifas silk clinic,Amhara,DHIS2_000229,nifas silk health post,Amhara,0.728434681892395,nifas silk clinic woreda:Mekelle region:Amhara zone:Zone 4,nifas silk health post woreda:Mekelle region:Amhara zone:Zone 2
MFR_000028,nifas silk clinic,Amhara,DHIS2_000126,nifas silk clinic,Amhara,0.5887667536735535,nifas silk clinic woreda:Mekelle region:Amhara zone:Zone 4,nifas silk clinic woreda:Dessie region:Amhara zone:Zone 1
MFR_000028,nifas silk clinic,Amhara,DHIS2_000028,nifas silk clinic,Amhara,0.943683385848999,nifas silk clinic woreda:Mekelle region:Amhara zone:Zone 4,nifas silk clinic woreda:Mekelle region:Amhara zone:Zone 4
MFR_000029,gondar health post,Amhara,DHIS2_000466,gonda referral hospital,Amhara,0.444694846868515,gondar health post woreda:Mekelle region:Amhara zone:Zone 2,gonda referral hospital woreda:Bahir Dar region:Amhara zone:Zone 5
MFR_000029,gondar health post,Amhara,DHIS2_000020,gondar general hospitalital,Amhara,0.749729573726654,gondar health post woreda:Mekelle region:Amhara zone:Zone 2,gondar general hospitalital woreda:Mekelle region:Amhara zone:Zone 3
MFR_000029,gondar health post,Amhara,DHIS2_000178,gondar referral hospitalital,Amhara,0.6782801747322083,gondar health post woreda:Mekelle region:Amhara zone:Zone 2,gondar referral hospitalital woreda:Bahir Dar region:Amhara zone:Zone 2
MFR_000029,gondar health post,Amhara,DHIS2_000488,gondar clinic,Amhara,0.5666196942329407,gondar health post woreda:Mekelle region:Amhara zone:Zone 2,gondar clinic woreda:Gondar region:Amhara zone:Zone 4
MFR_000029,gondar health post,Amhara,DHIS2_000029,gondar health post,Amhara,0.9270965456962585,gondar health post woreda:Mekelle region:Amhara zone:Zone 2,gondar health post woreda:Mekelle region:Amhara zone:Zone 2
MFR_000030,nifas silk health post,SNNPR,DHIS2_000076,nifas silk health post,SNNPR,0.8338412642478943,nifas silk health post woreda:Hosaena region:SNNPR zone:Zone 1,nifas silk health post woreda:Hosaena region:SNNPR zone:Zone 3
MFR_000030,nifas silk health post,SNNPR,DHIS2_000030,nifas silk health post,SNNPR,0.9445543885231018,nifas silk health post woreda:Hosaena region:SNNPR zone:Zone 1,nifas silk health post woreda:Hosaena region:SNNPR zone:Zone 1
MFR_000030,nifas silk health post,SNNPR,DHIS2_000113,nifas silk health center,SNNPR,0.7269327044487,nifas silk health post woreda:Hosaena region:SNNPR zone:Zone 1,nifas silk health center woreda:Butajira region:SNNPR zone:Zone 3
MFR_000030,nifas silk health post,SNNPR,DHIS2_000426,nifas silk dispensary,SNNPR,0.7292214632034302,nifas silk health post woreda:Hosaena region:SNNPR zone:Zone 1,nifas silk dispensary woreda:Butajira region:SNNPR zone:Zone 2
MFR_000031,butajira clinic,Addis Ababa,DHIS2_000031,butajir clinic,Addis Ababa,0.9243358969688416,butajira clinic woreda:Addis Ketema region:Addis Ababa zone:Zone 4,butajir clinic woreda:Addis Ketema region:Addis Ababa zone:Zone 4
MFR_000031,butajira clinic,Addis Ababa,DHIS2_000012,butajira hospitalital,Addis Ababa,0.7117463946342468,butajira clinic woreda:Addis Ketema region:Addis Ababa zone:Zone 4,butajira hospitalital woreda:Lideta region:Addis Ababa zone:Zone 3
MFR_000031,butajira clinic,Addis Ababa,DHIS2_000194,butajira health center,Addis Ababa,0.7494484186172485,butajira clinic woreda:Addis Ketema region:Addis Ababa zone:Zone 4,butajira health center woreda:Addis Ketema region:Addis Ababa zone:Zone 3
MFR_000031,butajira clinic,Addis Ababa,DHIS2_000141,butajira health center,Addis Ababa,0.8662735819816589,butajira clinic woreda:Addis Ketema region:Addis Ababa zone:Zone 4,butajira health center woreda:Nifas Silk region:Addis Ababa zone:Zone 4
MFR_000031,butajira clinic,Addis Ababa,DHIS2_000417,butajira general hospitalital,Addis Ababa,0.6899417638778687,butajira clinic woreda:Addis Ketema region:Addis Ababa zone:Zone 4,butajira general hospitalital woreda:Lideta region:Addis Ababa zone:Zone 2
MFR_000031,butajira clinic,Addis Ababa,DHIS2_000148,butajir health center,Addis Ababa,0.6176724433898926,butajira clinic woreda:Addis Ketema region:Addis Ababa zone:Zone 4,butajir health center woreda:Lideta region:Addis Ababa zone:Zone 5
MFR_000031,butajira clinic,Addis Ababa,DHIS2_000419,butajira health center,Addis Ababa,0.6965134143829346,butajira clinic woreda:Addis Ketema region:Addis Ababa zone:Zone 4,butajira health center woreda:Lideta region:Addis Ababa zone:Zone 3
MFR_000031,butajira clinic,Addis Ababa,DHIS2_000143,butajir general hospital,Addis Ababa,0.7654712200164795,butajira clinic woreda:Addis Ketema region:Addis Ababa zone:Zone 4,butajir general hospital woreda:Nifas Silk region:Addis Ababa zone:Zone 4
MFR_000031,butajira clinic,Addis Ababa,DHIS2_000351,butajira dispensary,Addis Ababa,0.6647210717201233,butajira clinic woreda:Addis Ketema region:Addis Ababa zone:Zone 4,butajira dispensary woreda:Nifas Silk region:Addis Ababa zone:Zone 2
MFR_000031,butajira clinic,Addis Ababa,DHIS2_000202,butajira clinic,Addis Ababa,0.9071210026741028,butajira clinic woreda:Addis Ketema region:Addis Ababa zone:Zone 4,butajira clinic woreda:Kirkos region:Addis Ababa zone:Zone 4
MFR_000032,dire dawa referral hospital,Oromia,DHIS2_000132,dire dawa hospitalital,Oromia,0.8002830743789673,dire dawa referral hospital woreda:Dire Dawa region:Oromia zone:Zone 1,dire dawa hospitalital woreda:Adama region:Oromia zone:Zone 3
MFR_000032,dire dawa referral hospital,Oromia,DHIS2_000032,dir dawa referral hospitalital,Oromia,0.9286737442016602,dire dawa referral hospital woreda:Dire Dawa region:Oromia zone:Zone 1,dir dawa referral hospitalital woreda:Dire Dawa region:Oromia zone:Zone 1
MFR_000033,kirkos health post,Amhara,DHIS2_000174,kirko clinic,Amhara,0.4131324887275696,kirkos health post woreda:Bahir Dar region:Amhara zone:Zone 4,kirko clinic woreda:Mekelle region:Amhara zone:Zone 1
MFR_000033,kirkos health post,Amhara,DHIS2_000324,kirkos clinic,Amhara,0.42916029691696167,kirkos health post woreda:Bahir Dar region:Amhara zone:Zone 4,kirkos clinic woreda:Dessie region:Amhara zone:Zone 1
MFR_000033,kirkos health post,Amhara,DHIS2_000353,kirkos dispensary,Amhara,0.389652818441391,kirkos health post woreda:Bahir Dar region:Amhara zone:Zone 4,kirkos dispensary woreda:Mekelle region:Amhara zone:Zone 1
MFR_000033,kirkos health post,Amhara,DHIS2_000282,kirkos clinic,Amhara,0.5180476307868958,kirkos health post woreda:Bahir Dar region:Amhara zone:Zone 4,kirkos clinic woreda:Gondar region:Amhara zone:Zone 2
MFR_000033,kirkos health post,Amhara,DHIS2_000438,kirkos health center,Amhara,0.5030028820037842,kirkos health post woreda:Bahir Dar region:Amhara zone:Zone 4,kirkos health center woreda:Gondar region:Amhara zone:Zone 1
MFR_000033,kirkos health post,Amhara,DHIS2_000371,kirkos clinic,Amhara,0.4963667094707489,kirkos health post woreda:Bahir Dar region:Amhara zone:Zone 4,kirkos clinic woreda:Mekelle region:Amhara zone:Zone 3
MFR_000033,kirkos health post,Amhara,DHIS2_000241,kirkos general hospital,Amhara,0.7223868370056152,kirkos health post woreda:Bahir Dar region:Amhara zone:Zone 4,kirkos general hospital woreda:Bahir Dar region:Amhara zone:Zone 2
MFR_000033,kirkos health post,Amhara,DHIS2_000469,kirkos clinic,Amhara,0.5180708765983582,kirkos health post woreda:Bahir Dar region:Amhara zone:Zone 4,kirkos clinic woreda:Gondar region:Amhara zone:Zone 3
MFR_000034,kirkos referral hospital,Addis Ababa,DHIS2_000074,kirkos health post,Addis Ababa,0.6042815446853638,kirkos referral hospital woreda:Lideta region:Addis Ababa zone:Zone 1,kirkos health post woreda:Arada region:Addis Ababa zone:Zone 3
MFR_000034,kirkos referral hospital,Addis Ababa,DHIS2_000077,kirkos health center,Addis Ababa,0.6612372994422913,kirkos referral hospital woreda:Lideta region:Addis Ababa zone:Zone 1,kirkos health center woreda:Arada region:Addis Ababa zone:Zone 2
MFR_000034,kirkos referral hospital,Addis Ababa,DHIS2_000034,kirkos referral hospitalital,Addis Ababa,0.9583050012588501,kirkos referral hospital woreda:Lideta region:Addis Ababa zone:Zone 1,kirkos referral hospitalital woreda:Lideta region:Addis Ababa zone:Zone 1
MFR_000034,kirkos referral hospital,Addis Ababa,DHIS2_000228,kirkos health post,Addis Ababa,0.8729889392852783,kirkos referral hospital woreda:Lideta region:Addis Ababa zone:Zone 1,kirkos health post woreda:Lideta region:Addis Ababa zone:Zone 1
MFR_000034,kirkos referral hospital,Addis Ababa,DHIS2_000112,kirkos dispensary,Addis Ababa,0.5943170785903931,kirkos referral hospital woreda:Lideta region:Addis Ababa zone:Zone 1,kirkos dispensary woreda:Bole region:Addis Ababa zone:Zone 4
MFR_000034,kirkos referral hospital,Addis Ababa,DHIS2_000396,kirkos health center,Addis Ababa,0.5893286466598511,kirkos referral hospital woreda:Lideta region:Addis Ababa zone:Zone 1,kirkos health center woreda:Bole region:Addis Ababa zone:Zone 5
MFR_000035,bahir dar health center,Addis Ababa,DHIS2_000138,bahir dar clinic,Addis Ababa,0.5967642068862915,bahir dar health center woreda:Nifas Silk region:Addis Ababa zone:Zone 1,bahir dar clinic woreda:Bole region:Addis Ababa zone:Zone 5
MFR_000035,bahir dar health center,Addis Ababa,DHIS2_000177,bahir dar referral hospitalital,Addis Ababa,0.6538064479827881,bahir dar health center woreda:Nifas Silk region:Addis Ababa zone:Zone 1,bahir dar referral hospitalital woreda:Bole region:Addis Ababa zone:Zone 1
MFR_000035,bahir dar health center,Addis Ababa,DHIS2_000256,bahir dar health center,Addis Ababa,0.7311673760414124,bahir dar health center woreda:Nifas Silk region:Addis Ababa zone:Zone 1,bahir dar health center woreda:Arada region:Addis Ababa zone:Zone 1
MFR_000035,bahir dar health center,Addis Ababa,DHIS2_000290,bahir dar health center,Addis Ababa,0.6229310631752014,bahir dar health center woreda:Nifas Silk region:Addis Ababa zone:Zone 1,bahir dar health center woreda:Kirkos region:Addis Ababa zone:Zone 4
MFR_000035,bahir dar health center,Addis Ababa,DHIS2_000341,bahir dar hospital,Addis Ababa,0.57796311378479,bahir dar health center woreda:Nifas Silk region:Addis Ababa zone:Zone 1,bahir dar hospital woreda:Lideta region:Addis Ababa zone:Zone 4
MFR_000035,bahir dar health center,Addis Ababa,DHIS2_000312,bahir dar health post,Addis Ababa,0.6116138696670532,bahir dar health center woreda:Nifas Silk region:Addis Ababa zone:Zone 1,bahir dar health post woreda:Lideta region:Addis Ababa zone:Zone 5
MFR_000035,bahir dar health center,Addis Ababa,DHIS2_000447,bahir dar health center,Addis Ababa,0.647084653377533,bahir dar health center woreda:Nifas Silk region:Addis Ababa zone:Zone 1,bahir dar health center woreda:Lideta region:Addis Ababa zone:Zone 3
MFR_000035,bahir dar health center,Addis Ababa,DHIS2_000041,bahir dar hospitalital,Addis Ababa,0.600335955619812,bahir dar health center woreda:Nifas Silk region:Addis Ababa zone:Zone 1,bahir dar hospitalital woreda:Arada region:Addis Ababa zone:Zone 3
MFR_000036,adama referral hospital,Amhara,DHIS2_000454,adam referral hospitalital,Amhara,0.6159682273864746,adama referral hospital woreda:Dessie region:Amhara zone:Zone 2,adam referral hospitalital woreda:Mekelle region:Amhara zone:Zone 1
MFR_000036,adama referral hospital,Amhara,DHIS2_000036,adama referral hospital,Amhara,0.9405509829521179,adama referral hospital woreda:Dessie region:Amhara zone:Zone 2,adama referral hospital woreda:Dessie region:Amhara zone:Zone 2
MFR_000036,adama referral hospital,Amhara,DHIS2_000310,adama hospital,Amhara,0.6016244888305664,adama referral hospital woreda:Dessie region:Amhara zone:Zone 2,adama hospital woreda:Mekelle region:Amhara zone:Zone 4
MFR_000037,hawassa health center,Oromia,DHIS2_000154,hawass health center,Oromia,0.9536157846450806,hawassa health center woreda:Dukem region:Oromia zone:Zone 5,hawass health center woreda:Dukem region:Oromia zone:Zone 5
MFR_000037,hawassa health center,Oromia,DHIS2_000037,hawass health center,Oromia,0.9536157846450806,hawassa health center woreda:Dukem region:Oromia zone:Zone 5,hawass health center woreda:Dukem region:Oromia zone:Zone 5
MFR_000038,dire dawa health center,Oromia,DHIS2_000409,dire dawa health post,Oromia,0.6414339542388916,dire dawa health center woreda:Dukem region:Oromia zone:Zone 1,dire dawa health post woreda:Adama region:Oromia zone:Zone 3
MFR_000038,dire dawa health center,Oromia,DHIS2_000079,dire dawa health center,Oromia,0.8705520033836365,dire dawa health center woreda:Dukem region:Oromia zone:Zone 1,dire dawa health center woreda:Dukem region:Oromia zone:Zone 4
MFR_000038,dire dawa health center,Oromia,DHIS2_000305,dire dawa health center,Oromia,0.9076782464981079,dire dawa health center woreda:Dukem region:Oromia zone:Zone 1,dire dawa health center woreda:Dukem region:Oromia zone:Zone 2
MFR_000038,dire dawa health center,Oromia,DHIS2_000026,dire dawa general hospitalital,Oromia,0.8384278416633606,dire dawa health center woreda:Dukem region:Oromia zone:Zone 1,dire dawa general hospitalital woreda:Dukem region:Oromia zone:Zone 4
MFR_000038,dire dawa health center,Oromia,DHIS2_000038,dire dawa health center,Oromia,0.9874661564826965,dire dawa health center woreda:Dukem region:Oromia zone:Zone 1,dire dawa health center woreda:Dukem region:Oromia zone:Zone 1
MFR_000039,butajira health post,Amhara,DHIS2_000432,butajira general hospitalital,Amhara,0.6812843680381775,butajira health post woreda:Bahir Dar region:Amhara zone:Zone 3,butajira general hospitalital woreda:Bahir Dar region:Amhara zone:Zone 1
MFR_000039,butajira health post,Amhara,DHIS2_000323,butajira hospital,Amhara,0.531919538974762,butajira health post woreda:Bahir Dar region:Amhara zone:Zone 3,butajira hospital woreda:Mekelle region:Amhara zone:Zone 2
MFR_000039,butajira health post,Amhara,DHIS2_000067,butajira referral hospitalital,Amhara,0.49214038252830505,butajira health post woreda:Bahir Dar region:Amhara zone:Zone 3,butajira referral hospitalital woreda:Mekelle region:Amhara zone:Zone 4
MFR_000039,butajira health post,Amhara,DHIS2_000200,butajir health center,Amhara,0.4532291293144226,butajira health post woreda:Bahir Dar region:Amhara zone:Zone 3,butajir health center woreda:Gondar region:Amhara zone:Zone 5
MFR_000039,butajira health post,Amhara,DHIS2_000251,butajir health center,Amhara,0.49202439188957214,butajira health post woreda:Bahir Dar region:Amhara zone:Zone 3,butajir health center woreda:Gondar region:Amhara zone:Zone 4
MFR_000039,butajira health post,Amhara,DHIS2_000311,butajira health center,Amhara,0.5282765030860901,butajira health post woreda:Bahir Dar region:Amhara zone:Zone 3,butajira health center woreda:Mekelle region:Amhara zone:Zone 5
MFR_000039,butajira health post,Amhara,DHIS2_000039,butajira health post,Amhara,0.9307059049606323,butajira health post woreda:Bahir Dar region:Amhara zone:Zone 3,butajira health post woreda:Bahir Dar region:Amhara zone:Zone 3
MFR_000039,butajira health post,Amhara,DHIS2_000387,butajira dispensary,Amhara,0.4548708498477936,butajira health post woreda:Bahir Dar region:Amhara zone:Zone 3,butajira dispensary woreda:Mekelle region:Amhara zone:Zone 2
MFR_000039,butajira health post,Amhara,DHIS2_000397,butajira health post,Amhara,0.5639163851737976,butajira health post woreda:Bahir Dar region:Amhara zone:Zone 3,butajira health post woreda:Gondar region:Amhara zone:Zone 5
MFR_000039,butajira health post,Amhara,DHIS2_000289,butajira clinic,Amhara,0.63621985912323,butajira health post woreda:Bahir Dar region:Amhara zone:Zone 3,butajira clinic woreda:Dessie region:Amhara zone:Zone 3
MFR_000039,butajira health post,Amhara,DHIS2_000139,butajir dispensary,Amhara,0.2681712508201599,butajira health post woreda:Bahir Dar region:Amhara zone:Zone 3,butajir dispensary woreda:Dessie region:Amhara zone:Zone 1
MFR_000039,butajira health post,Amhara,DHIS2_000217,butajira health post,Amhara,0.6997564435005188,butajira health post woreda:Bahir Dar region:Amhara zone:Zone 3,butajira health post woreda:Dessie region:Amhara zone:Zone 3
MFR_000040,gondar referral hospital,SNNPR,DHIS2_000040,gondar referral hospital,SNNPR,0.9240888953208923,gondar referral hospital woreda:Butajira region:SNNPR zone:Zone 3,gondar referral hospital woreda:Butajira region:SNNPR zone:Zone 3
MFR_000040,gondar referral hospital,SNNPR,DHIS2_000027,gondar hospital,SNNPR,0.7739163637161255,gondar referral hospital woreda:Butajira region:SNNPR zone:Zone 3,gondar hospital woreda:Hawassa region:SNNPR zone:Zone 3
MFR_000040,gondar referral hospital,SNNPR,DHIS2_000405,gondar hospitalital,SNNPR,0.7933213710784912,gondar referral hospital woreda:Butajira region:SNNPR zone:Zone 3,gondar hospitalital woreda:Hosaena region:SNNPR zone:Zone 3
MFR_000040,gondar referral hospital,SNNPR,DHIS2_000259,gondar clinic,SNNPR,0.7565535306930542,gondar referral hospital woreda:Butajira region:SNNPR zone:Zone 3,gondar clinic woreda:Hawassa region:SNNPR zone:Zone 3
MFR_000040,gondar referral hospital,SNNPR,DHIS2_000225,gondar health post,SNNPR,0.6279391050338745,gondar referral hospital woreda:Butajira region:SNNPR zone:Zone 3,gondar health post woreda:Butajira region:SNNPR zone:Zone 5
MFR_000040,gondar referral hospital,SNNPR,DHIS2_000286,gonda referral hospitalital,SNNPR,0.5944921970367432,gondar referral hospital woreda:Butajira region:SNNPR zone:Zone 3,gonda referral hospitalital woreda:Hosaena region:SNNPR zone:Zone 1
MFR_000040,gondar referral hospital,SNNPR,DHIS2_000243,gondar general hospital,SNNPR,0.5677559971809387,gondar referral hospital woreda:Butajira region:SNNPR zone:Zone 3,gondar general hospital woreda:Hawassa region:SNNPR zone:Zone 5
MFR_000040,gondar referral hospital,SNNPR,DHIS2_000255,gondar health center,SNNPR,0.715057909488678,gondar referral hospital woreda:Butajira region:SNNPR zone:Zone 3,gondar health center woreda:Butajira region:SNNPR zone:Zone 2
MFR_000041,bahir dar hospital,Addis Ababa,DHIS2_000138,bahir dar clinic,Addis Ababa,0.6830307841300964,bahir dar hospital woreda:Arada region:Addis Ababa zone:Zone 3,bahir dar clinic woreda:Bole region:Addis Ababa zone:Zone 5
MFR_000041,bahir dar hospital,Addis Ababa,DHIS2_000177,bahir dar referral hospitalital,Addis Ababa,0.6766077876091003,bahir dar hospital woreda:Arada region:Addis Ababa zone:Zone 3,bahir dar referral hospitalital woreda:Bole region:Addis Ababa zone:Zone 1
MFR_000041,bahir dar hospital,Addis Ababa,DHIS2_000256,bahir dar health center,Addis Ababa,0.7497072219848633,bahir dar hospital woreda:Arada region:Addis Ababa zone:Zone 3,bahir dar health center woreda:Arada region:Addis Ababa zone:Zone 1
MFR_000041,bahir dar hospital,Addis Ababa,DHIS2_000290,bahir dar health center,Addis Ababa,0.7179208397865295,bahir dar hospital woreda:Arada region:Addis Ababa zone:Zone 3,bahir dar health center woreda:Kirkos region:Addis Ababa zone:Zone 4
MFR_000041,bahir dar hospital,Addis Ababa,DHIS2_000341,bahir dar hospital,Addis Ababa,0.7576208710670471,bahir dar hospital woreda:Arada region:Addis Ababa zone:Zone 3,bahir dar hospital woreda:Lideta region:Addis Ababa zone:Zone 4
MFR_000041,bahir dar hospital,Addis Ababa,DHIS2_000312,bahir dar health post,Addis Ababa,0.6531586647033691,bahir dar hospital woreda:Arada region:Addis Ababa zone:Zone 3,bahir dar health post woreda:Lideta region:Addis Ababa zone:Zone 5
MFR_000041,bahir dar hospital,Addis Ababa,DHIS2_000447,bahir dar health center,Addis Ababa,0.8876459002494812,bahir dar hospital woreda:Arada region:Addis Ababa zone:Zone 3,bahir dar health center woreda:Lideta region:Addis Ababa zone:Zone 3
MFR_000041,bahir dar hospital,Addis Ababa,DHIS2_000041,bahir dar hospitalital,Addis Ababa,0.9767777323722839,bahir dar hospital woreda:Arada region:Addis Ababa zone:Zone 3,bahir dar hospitalital woreda:Arada region:Addis Ababa zone:Zone 3
MFR_000042,dessie health center,Amhara,DHIS2_000451,dessie health center,Amhara,0.695946455001831,dessie health center woreda:Mekelle region:Amhara zone:Zone 3,dessie health center woreda:Gondar region:Amhara zone:Zone 2
MFR_000042,dessie health center,Amhara,DHIS2_000117,dessie health center,Amhara,0.6171643137931824,dessie health center woreda:Mekelle region:Amhara zone:Zone 3,dessie health center woreda:Dessie region:Amhara zone:Zone 1
MFR_000042,dessie health center,Amhara,DHIS2_000159,dessi health center,Amhara,0.7073112726211548,dessie health center woreda:Mekelle region:Amhara zone:Zone 3,dessi health center woreda:Gondar region:Amhara zone:Zone 3
MFR_000042,dessie health center,Amhara,DHIS2_000450,duke health center,Amhara,0.3802986443042755,dessie health center woreda:Mekelle region:Amhara zone:Zone 3,duke health center woreda:Gondar region:Amhara zone:Zone 2
MFR_000042,dessie health center,Amhara,DHIS2_000082,dessie health post,Amhara,0.5756412148475647,dessie health center woreda:Mekelle region:Amhara zone:Zone 3,dessie health post woreda:Dessie region:Amhara zone:Zone 5
MFR_000042,dessie health center,Amhara,DHIS2_000285,dessie health center,Amhara,0.6180179715156555,dessie health center woreda:Mekelle region:Amhara zone:Zone 3,dessie health center woreda:Bahir Dar region:Amhara zone:Zone 1
MFR_000042,dessie health center,Amhara,DHIS2_000042,dessie health center,Amhara,0.9568365812301636,dessie health center woreda:Mekelle region:Amhara zone:Zone 3,dessie health center woreda:Mekelle region:Amhara zone:Zone 3
MFR_000042,dessie health center,Amhara,DHIS2_000227,dessie general hospital,Amhara,0.6100553274154663,dessie health center woreda:Mekelle region:Amhara zone:Zone 3,dessie general hospital woreda:Dessie region:Amhara zone:Zone 4
MFR_000042,dessie health center,Amhara,DHIS2_000489,dessie health post,Amhara,0.624151885509491,dessie health center woreda:Mekelle region:Amhara zone:Zone 3,dessie health post woreda:Bahir Dar region:Amhara zone:Zone 2
MFR_000043,kirkos hospital,Oromia,DHIS2_000452,kirkos health center,Oromia,0.78652423620224,kirkos hospital woreda:Dukem region:Oromia zone:Zone 1,kirkos health center woreda:Dire Dawa region:Oromia zone:Zone 1
MFR_000043,kirkos hospital,Oromia,DHIS2_000333,kirkos clinic,Oromia,0.7000710964202881,kirkos hospital woreda:Dukem region:Oromia zone:Zone 1,kirkos clinic woreda:Bishoftu region:Oromia zone:Zone 4
MFR_000043,kirkos hospital,Oromia,DHIS2_000043,kirkos hospitalital,Oromia,0.9672877788543701,kirkos hospital woreda:Dukem region:Oromia zone:Zone 1,kirkos hospitalital woreda:Dukem region:Oromia zone:Zone 1
MFR_000043,kirkos hospital,Oromia,DHIS2_000463,kirkos health post,Oromia,0.6238162517547607,kirkos hospital woreda:Dukem region:Oromia zone:Zone 1,kirkos health post woreda:Modjo region:Oromia zone:Zone 4
MFR_000043,kirkos hospital,Oromia,DHIS2_000366,kirkos health center,Oromia,0.78652423620224,kirkos hospital woreda:Dukem region:Oromia zone:Zone 1,kirkos health center woreda:Dire Dawa region:Oromia zone:Zone 1
MFR_000043,kirkos hospital,Oromia,DHIS2_000197,kirko hospitalital,Oromia,0.7032144665718079,kirkos hospital woreda:Dukem region:Oromia zone:Zone 1,kirko hospitalital woreda:Dire Dawa region:Oromia zone:Zone 2
MFR_000043,kirkos hospital,Oromia,DHIS2_000283,kirkos clinic,Oromia,0.8276663422584534,kirkos hospital woreda:Dukem region:Oromia zone:Zone 1,kirkos clinic woreda:Dukem region:Oromia zone:Zone 4
MFR_000044,hawassa referral hospital,SNNPR,DHIS2_000210,hawassa hospitalital,SNNPR,0.721327006816864,hawassa referral hospital woreda:Hawassa region:SNNPR zone:Zone 5,hawassa hospitalital woreda:Hosaena region:SNNPR zone:Zone 4
MFR_000044,hawassa referral hospital,SNNPR,DHIS2_000384,hawassa hospitalital,SNNPR,0.6681632995605469,hawassa referral hospital woreda:Hawassa region:SNNPR zone:Zone 5,hawassa hospitalital woreda:Butajira region:SNNPR zone:Zone 2
MFR_000044,hawassa referral hospital,SNNPR,DHIS2_000044,hawassa referral hospital,SNNPR,0.9485657215118408,hawassa referral hospital woreda:Hawassa region:SNNPR zone:Zone 5,hawassa referral hospital woreda:Hawassa region:SNNPR zone:Zone 5
MFR_000045,kirkos referral hospital,Amhara,DHIS2_000174,kirko clinic,Amhara,0.5310723781585693,kirkos referral hospital woreda:Gondar region:Amhara zone:Zone 3,kirko clinic woreda:Mekelle region:Amhara zone:Zone 1
MFR_000045,kirkos referral hospital,Amhara,DHIS2_000324,kirkos clinic,Amhara,0.5320566296577454,kirkos referral hospital woreda:Gondar region:Amhara zone:Zone 3,kirkos clinic woreda:Dessie region:Amhara zone:Zone 1
MFR_000045,kirkos referral hospital,Amhara,DHIS2_000353,kirkos dispensary,Amhara,0.4967383146286011,kirkos referral hospital woreda:Gondar region:Amhara zone:Zone 3,kirkos dispensary woreda:Mekelle region:Amhara zone:Zone 1
MFR_000045,kirkos referral hospital,Amhara,DHIS2_000282,kirkos clinic,Amhara,0.7324342727661133,kirkos referral hospital woreda:Gondar region:Amhara zone:Zone 3,kirkos clinic woreda:Gondar region:Amhara zone:Zone 2
MFR_000045,kirkos referral hospital,Amhara,DHIS2_000438,kirkos health center,Amhara,0.6597860455513,kirkos referral hospital woreda:Gondar region:Amhara zone:Zone 3,kirkos health center woreda:Gondar region:Amhara zone:Zone 1
MFR_000045,kirkos referral hospital,Amhara,DHIS2_000371,kirkos clinic,Amhara,0.7441771030426025,kirkos referral hospital woreda:Gondar region:Amhara zone:Zone 3,kirkos clinic woreda:Mekelle region:Amhara zone:Zone 3
MFR_000045,kirkos referral hospital,Amhara,DHIS2_000241,kirkos general hospital,Amhara,0.6132659316062927,kirkos referral hospital woreda:Gondar region:Amhara zone:Zone 3,kirkos general hospital woreda:Bahir Dar region:Amhara zone:Zone 2
MFR_000045,kirkos referral hospital,Amhara,DHIS2_000469,kirkos clinic,Amhara,0.8633578419685364,kirkos referral hospital woreda:Gondar region:Amhara zone:Zone 3,kirkos clinic woreda:Gondar region:Amhara zone:Zone 3
MFR_000046,dessie hospital,SNNPR,DHIS2_000071,dessi hospitalital,SNNPR,0.5808708667755127,dessie hospital woreda:Hawassa region:SNNPR zone:Zone 5,dessi hospitalital woreda:Butajira region:SNNPR zone:Zone 1
MFR_000046,dessie hospital,SNNPR,DHIS2_000385,dessie health post,SNNPR,0.6664825081825256,dessie hospital woreda:Hawassa region:SNNPR zone:Zone 5,dessie health post woreda:Hosaena region:SNNPR zone:Zone 4
MFR_000046,dessie hospital,SNNPR,DHIS2_000046,dessi hospitalital,SNNPR,0.9296364784240723,dessie hospital woreda:Hawassa region:SNNPR zone:Zone 5,dessi hospitalital woreda:Hawassa region:SNNPR zone:Zone 5
MFR_000046,dessie hospital,SNNPR,DHIS2_000224,dessie health post,SNNPR,0.543477475643158,dessie hospital woreda:Hawassa region:SNNPR zone:Zone 5,dessie health post woreda:Arba Minch region:SNNPR zone:Zone 1
MFR_000046,dessie hospital,SNNPR,DHIS2_000165,dessie referral hospital,SNNPR,0.7465320825576782,dessie hospital woreda:Hawassa region:SNNPR zone:Zone 5,dessie referral hospital woreda:Hawassa region:SNNPR zone:Zone 3
MFR_000047,kirkos general hospital,SNNPR,DHIS2_000080,kirkos health center,SNNPR,0.5536029934883118,kirkos general hospital woreda:Arba Minch region:SNNPR zone:Zone 2,kirkos health center woreda:Hosaena region:SNNPR zone:Zone 1
MFR_000047,kirkos general hospital,SNNPR,DHIS2_000047,kirkos general hospitalital,SNNPR,0.9386329650878906,kirkos general hospital woreda:Arba Minch region:SNNPR zone:Zone 2,kirkos general hospitalital woreda:Arba Minch region:SNNPR zone:Zone 2
MFR_000047,kirkos general hospital,SNNPR,DHIS2_000230,kirkos health center,SNNPR,0.5885776877403259,kirkos general hospital woreda:Arba Minch region:SNNPR zone:Zone 2,kirkos health center woreda:Hawassa region:SNNPR zone:Zone 4
MFR_000047,kirkos general hospital,SNNPR,DHIS2_000009,kirkos health center,SNNPR,0.8028939962387085,kirkos general hospital woreda:Arba Minch region:SNNPR zone:Zone 2,kirkos health center woreda:Arba Minch region:SNNPR zone:Zone 4
MFR_000048,hawassa health post,Addis Ababa,DHIS2_000281,hawassa health center,Addis Ababa,0.7991769909858704,hawassa health post woreda:Addis Ketema region:Addis Ababa zone:Zone 1,hawassa health center woreda:Addis Ketema region:Addis Ababa zone:Zone 3
MFR_000048,hawassa health post,Addis Ababa,DHIS2_000248,hawassa health center,Addis Ababa,0.7268222570419312,hawassa health post woreda:Addis Ketema region:Addis Ababa zone:Zone 1,hawassa health center woreda:Bole region:Addis Ababa zone:Zone 3
MFR_000048,hawassa health post,Addis Ababa,DHIS2_000196,hawassa health center,Addis Ababa,0.9262089133262634,hawassa health post woreda:Addis Ketema region:Addis Ababa zone:Zone 1,hawassa health center woreda:Addis Ketema region:Addis Ababa zone:Zone 1
MFR_000048,hawassa health post,Addis Ababa,DHIS2_000048,hawassa health post,Addis Ababa,0.9710848927497864,hawassa health post woreda:Addis Ketema region:Addis Ababa zone:Zone 1,hawassa health post woreda:Addis Ketema region:Addis Ababa zone:Zone 1
MFR_000049,butajira general hospital,Addis Ababa,DHIS2_000031,butajir clinic,Addis Ababa,0.8623416423797607,butajira general hospital woreda:Addis Ketema region:Addis Ababa zone:Zone 4,butajir clinic woreda:Addis Ketema region:Addis Ababa zone:Zone 4
MFR_000049,butajira general hospital,Addis Ababa,DHIS2_000012,butajira hospitalital,Addis Ababa,0.7378050684928894,butajira general hospital woreda:Addis Ketema region:Addis Ababa zone:Zone 4,butajira hospitalital woreda:Lideta region:Addis Ababa zone:Zone 3
MFR_000049,butajira general hospital,Addis Ababa,DHIS2_000194,butajira health center,Addis Ababa,0.7320114374160767,butajira general hospital woreda:Addis Ketema region:Addis Ababa zone:Zone 4,butajira health center woreda:Addis Ketema region:Addis Ababa zone:Zone 3
MFR_000049,butajira general hospital,Addis Ababa,DHIS2_000141,butajira health center,Addis Ababa,0.8506271243095398,butajira general hospital woreda:Addis Ketema region:Addis Ababa zone:Zone 4,butajira health center woreda:Nifas Silk region:Addis Ababa zone:Zone 4
MFR_000049,butajira general hospital,Addis Ababa,DHIS2_000417,butajira general hospitalital,Addis Ababa,0.7392422556877136,butajira general hospital woreda:Addis Ketema region:Addis Ababa zone:Zone 4,butajira general hospitalital woreda:Lideta region:Addis Ababa zone:Zone 2
MFR_000049,butajira general hospital,Addis Ababa,DHIS2_000148,butajir health center,Addis Ababa,0.6057175993919373,butajira general hospital woreda:Addis Ketema region:Addis Ababa zone:Zone 4,butajir health center woreda:Lideta region:Addis Ababa zone:Zone 5
MFR_000049,butajira general hospital,Addis Ababa,DHIS2_000419,butajira health center,Addis Ababa,0.6788808107376099,butajira general hospital woreda:Addis Ketema region:Addis Ababa zone:Zone 4,butajira health center woreda:Lideta region:Addis Ababa zone:Zone 3
MFR_000049,butajira general hospital,Addis Ababa,DHIS2_000143,butajir general hospital,Addis Ababa,0.8501311540603638,butajira general hospital woreda:Addis Ketema region:Addis Ababa zone:Zone 4,butajir general hospital woreda:Nifas Silk region:Addis Ababa zone:Zone 4
MFR_000049,butajira general hospital,Addis Ababa,DHIS2_000351,butajira dispensary,Addis Ababa,0.6133105158805847,butajira general hospital woreda:Addis Ketema region:Addis Ababa zone:Zone 4,butajira dispensary woreda:Nifas Silk region:Addis Ababa zone:Zone 2
MFR_000049,butajira general hospital,Addis Ababa,DHIS2_000202,butajira clinic,Addis Ababa,0.8505794405937195,butajira general hospital woreda:Addis Ketema region:Addis Ababa zone:Zone 4,butajira clinic woreda:Kirkos region:Addis Ababa zone:Zone 4
MFR_000050,addis ababa health center,Oromia,DHIS2_000317,addis ababa clinic,Oromia,0.7039287090301514,addis ababa health center woreda:Bishoftu region:Oromia zone:Zone 1,addis ababa clinic woreda:Adama region:Oromia zone:Zone 1
MFR_000050,addis ababa health center,Oromia,DHIS2_000491,addis ababa general hospital,Oromia,0.6328359842300415,addis ababa health center woreda:Bishoftu region:Oromia zone:Zone 1,addis ababa general hospital woreda:Adama region:Oromia zone:Zone 2
MFR_000050,addis ababa health center,Oromia,DHIS2_000313,addis ababa hospitalital,Oromia,0.8398489356040955,addis ababa health center woreda:Bishoftu region:Oromia zone:Zone 1,addis ababa hospitalital woreda:Bishoftu region:Oromia zone:Zone 2
MFR_000050,addis ababa health center,Oromia,DHIS2_000382,addis ababa health post,Oromia,0.7279525399208069,addis ababa health center woreda:Bishoftu region:Oromia zone:Zone 1,addis ababa health post woreda:Adama region:Oromia zone:Zone 1
MFR_000050,addis ababa health center,Oromia,DHIS2_000400,addis ababa health post,Oromia,0.6186772584915161,addis ababa health center woreda:Bishoftu region:Oromia zone:Zone 1,addis ababa health post woreda:Dire Dawa region:Oromia zone:Zone 4
MFR_000050,addis ababa health center,Oromia,DHIS2_000013,addis ababa hospitalital,Oromia,0.7403254508972168,addis ababa health center woreda:Bishoftu region:Oromia zone:Zone 1,addis ababa hospitalital woreda:Modjo region:Oromia zone:Zone 1
MFR_000051,modjo health center,Amhara,DHIS2_000334,modjo health center,Amhara,0.6822992563247681,modjo health center woreda:Dessie region:Amhara zone:Zone 2,modjo health center woreda:Gondar region:Amhara zone:Zone 4
MFR_000052,dukem health center,SNNPR,DHIS2_000140,dukem general hospital,SNNPR,0.6679880023002625,dukem health center woreda:Hosaena region:SNNPR zone:Zone 2,dukem general hospital woreda:Butajira region:SNNPR zone:Zone 5
MFR_000052,dukem health center,SNNPR,DHIS2_000365,dukem health center,SNNPR,0.7103635668754578,dukem health center woreda:Hosaena region:SNNPR zone:Zone 2,dukem health center woreda:Butajira region:SNNPR zone:Zone 5
MFR_000052,dukem health center,SNNPR,DHIS2_000052,dukem health center,SNNPR,0.946104109287262,dukem health center woreda:Hosaena region:SNNPR zone:Zone 2,dukem health center woreda:Hosaena region:SNNPR zone:Zone 2
MFR_000053,butajira health post,Oromia,DHIS2_000094,butajira health post,Oromia,0.6828848719596863,butajira health post woreda:Dire Dawa region:Oromia zone:Zone 1,butajira health post woreda:Modjo region:Oromia zone:Zone 4
MFR_000053,butajira health post,Oromia,DHIS2_000398,butajir hospital,Oromia,0.48914048075675964,butajira health post woreda:Dire Dawa region:Oromia zone:Zone 1,butajir hospital woreda:Dukem region:Oromia zone:Zone 2
MFR_000053,butajira health post,Oromia,DHIS2_000449,butajira clinic,Oromia,0.5926021933555603,butajira health post woreda:Dire Dawa region:Oromia zone:Zone 1,butajira clinic woreda:Bishoftu region:Oromia zone:Zone 3
MFR_000053,butajira health post,Oromia,DHIS2_000099,butajira referral hospitalital,Oromia,0.5786723494529724,butajira health post woreda:Dire Dawa region:Oromia zone:Zone 1,butajira referral hospitalital woreda:Adama region:Oromia zone:Zone 5
MFR_000053,butajira health post,Oromia,DHIS2_000216,butajir dispensary,Oromia,0.4093039035797119,butajira health post woreda:Dire Dawa region:Oromia zone:Zone 1,butajir dispensary woreda:Dukem region:Oromia zone:Zone 3
MFR_000054,bole health center,Addis Ababa,DHIS2_000272,bol health center,Addis Ababa,0.6267181634902954,bole health center woreda:Nifas Silk region:Addis Ababa zone:Zone 4,bol health center woreda:Kirkos region:Addis Ababa zone:Zone 4
MFR_000054,bole health center,Addis Ababa,DHIS2_000266,bol health post,Addis Ababa,0.5330730080604553,bole health center woreda:Nifas Silk region:Addis Ababa zone:Zone 4,bol health post woreda:Bole region:Addis Ababa zone:Zone 5
MFR_000054,bole health center,Addis Ababa,DHIS2_000006,bole general hospital,Addis Ababa,0.4443208575248718,bole health center woreda:Nifas Silk region:Addis Ababa zone:Zone 4,bole general hospital woreda:Kirkos region:Addis Ababa zone:Zone 1
MFR_000054,bole health center,Addis Ababa,DHIS2_000429,bol health post,Addis Ababa,0.4744686782360077,bole health center woreda:Nifas Silk region:Addis Ababa zone:Zone 4,bol health post woreda:Bole region:Addis Ababa zone:Zone 1
MFR_000054,bole health center,Addis Ababa,DHIS2_000401,bol health post,Addis Ababa,0.5921662449836731,bole health center woreda:Nifas Silk region:Addis Ababa zone:Zone 4,bol health post woreda:Kirkos region:Addis Ababa zone:Zone 4
MFR_000054,bole health center,Addis Ababa,DHIS2_000097,bole health center,Addis Ababa,0.5665876269340515,bole health center woreda:Nifas Silk region:Addis Ababa zone:Zone 4,bole health center woreda:Kirkos region:Addis Ababa zone:Zone 3
MFR_000054,bole health center,Addis Ababa,DHIS2_000408,bole health post,Addis Ababa,0.49448350071907043,bole health center woreda:Nifas Silk region:Addis Ababa zone:Zone 4,bole health post woreda:Bole region:Addis Ababa zone:Zone 1
MFR_000054,bole health center,Addis Ababa,DHIS2_000054,bole health center,Addis Ababa,0.9587856531143188,bole health center woreda:Nifas Silk region:Addis Ababa zone:Zone 4,bole health center woreda:Nifas Silk region:Addis Ababa zone:Zone 4
MFR_000055,hosaena dispensary,Oromia,DHIS2_000226,hosaen dispensary,Oromia,0.6824864149093628,hosaena dispensary woreda:Dire Dawa region:Oromia zone:Zone 4,hosaen dispensary woreda:Adama region:Oromia zone:Zone 4
MFR_000055,hosaena dispensary,Oromia,DHIS2_000123,hosaena general hospital,Oromia,0.6722918748855591,hosaena dispensary woreda:Dire Dawa region:Oromia zone:Zone 4,hosaena general hospital woreda:Dukem region:Oromia zone:Zone 4
MFR_000055,hosaena dispensary,Oromia,DHIS2_000261,hosaena clinic,Oromia,0.5376625061035156,hosaena dispensary woreda:Dire Dawa region:Oromia zone:Zone 4,hosaena clinic woreda:Modjo region:Oromia zone:Zone 3
MFR_000056,modjo health post,SNNPR,DHIS2_000023,modjo health center,SNNPR,0.6686076521873474,modjo health post woreda:Hawassa region:SNNPR zone:Zone 4,modjo health center woreda:Hosaena region:SNNPR zone:Zone 3
MFR_000056,modjo health post,SNNPR,DHIS2_000056,modjo health post,SNNPR,0.9526234269142151,modjo health post woreda:Hawassa region:SNNPR zone:Zone 4,modjo health post woreda:Hawassa region:SNNPR zone:Zone 4
MFR_000056,modjo health post,SNNPR,DHIS2_000239,modj health center,SNNPR,0.5034063458442688,modjo health post woreda:Hawassa region:SNNPR zone:Zone 4,modj health center woreda:Hosaena region:SNNPR zone:Zone 1
MFR_000056,modjo health post,SNNPR,DHIS2_000433,modjo health center,SNNPR,0.6923016309738159,modjo health post woreda:Hawassa region:SNNPR zone:Zone 4,modjo health center woreda:Hawassa region:SNNPR zone:Zone 1
MFR_000057,gondar health post,Oromia,DHIS2_000337,gondar hospitalital,Oromia,0.5380285382270813,gondar health post woreda:Bishoftu region:Oromia zone:Zone 4,gondar hospitalital woreda:Dire Dawa region:Oromia zone:Zone 3
MFR_000057,gondar health post,Oromia,DHIS2_000057,gondar health post,Oromia,0.9408912658691406,gondar health post woreda:Bishoftu region:Oromia zone:Zone 4,gondar health post woreda:Bishoftu region:Oromia zone:Zone 4
MFR_000057,gondar health post,Oromia,DHIS2_000127,gondar dispensary,Oromia,0.45438042283058167,gondar health post woreda:Bishoftu region:Oromia zone:Zone 4,gondar dispensary woreda:Adama region:Oromia zone:Zone 3
MFR_000057,gondar health post,Oromia,DHIS2_000180,gondar health center,Oromia,0.5607055425643921,gondar health post woreda:Bishoftu region:Oromia zone:Zone 4,gondar health center woreda:Dukem region:Oromia zone:Zone 3
MFR_000057,gondar health post,Oromia,DHIS2_000234,gondar health post,Oromia,0.5892747640609741,gondar health post woreda:Bishoftu region:Oromia zone:Zone 4,gondar health post woreda:Dukem region:Oromia zone:Zone 5
MFR_000058,kirkos health post,Amhara,DHIS2_000174,kirko clinic,Amhara,0.5443716049194336,kirkos health post woreda:Gondar region:Amhara zone:Zone 2,kirko clinic woreda:Mekelle region:Amhara zone:Zone 1
MFR_000058,kirkos health post,Amhara,DHIS2_000324,kirkos clinic,Amhara,0.565055251121521,kirkos health post woreda:Gondar region:Amhara zone:Zone 2,kirkos clinic woreda:Dessie region:Amhara zone:Zone 1
MFR_000058,kirkos health post,Amhara,DHIS2_000353,kirkos dispensary,Amhara,0.5530694723129272,kirkos health post woreda:Gondar region:Amhara zone:Zone 2,kirkos dispensary woreda:Mekelle region:Amhara zone:Zone 1
MFR_000058,kirkos health post,Amhara,DHIS2_000282,kirkos clinic,Amhara,0.8604754209518433,kirkos health post woreda:Gondar region:Amhara zone:Zone 2,kirkos clinic woreda:Gondar region:Amhara zone:Zone 2
MFR_000058,kirkos health post,Amhara,DHIS2_000438,kirkos health center,Amhara,0.7469537854194641,kirkos health post woreda:Gondar region:Amhara zone:Zone 2,kirkos health center woreda:Gondar region:Amhara zone:Zone 1
MFR_000058,kirkos health post,Amhara,DHIS2_000371,kirkos clinic,Amhara,0.6012253761291504,kirkos health post woreda:Gondar region:Amhara zone:Zone 2,kirkos clinic woreda:Mekelle region:Amhara zone:Zone 3
MFR_000058,kirkos health post,Amhara,DHIS2_000241,kirkos general hospital,Amhara,0.7199073433876038,kirkos health post woreda:Gondar region:Amhara zone:Zone 2,kirkos general hospital woreda:Bahir Dar region:Amhara zone:Zone 2
MFR_000058,kirkos health post,Amhara,DHIS2_000469,kirkos clinic,Amhara,0.7402849793434143,kirkos health post woreda:Gondar region:Amhara zone:Zone 2,kirkos clinic woreda:Gondar region:Amhara zone:Zone 3
MFR_000059,modjo health center,Oromia,DHIS2_000142,modjo general hospital,Oromia,0.5521652698516846,modjo health center woreda:Dire Dawa region:Oromia zone:Zone 5,modjo general hospital woreda:Dukem region:Oromia zone:Zone 2
MFR_000059,modjo health center,Oromia,DHIS2_000431,modjo health post,Oromia,0.535003125667572,modjo health center woreda:Dire Dawa region:Oromia zone:Zone 5,modjo health post woreda:Adama region:Oromia zone:Zone 2
MFR_000060,modjo health center,Addis Ababa,DHIS2_000211,modjo health post,Addis Ababa,0.5671530365943909,modjo health center woreda:Kirkos region:Addis Ababa zone:Zone 5,modjo health post woreda:Addis Ketema region:Addis Ababa zone:Zone 2
MFR_000060,modjo health center,Addis Ababa,DHIS2_000060,modjo health center,Addis Ababa,0.9872124195098877,modjo health center woreda:Kirkos region:Addis Ababa zone:Zone 5,modjo health center woreda:Kirkos region:Addis Ababa zone:Zone 5
MFR_000060,modjo health center,Addis Ababa,DHIS2_000381,modj health post,Addis Ababa,0.685770571231842,modjo health center woreda:Kirkos region:Addis Ababa zone:Zone 5,modj health post woreda:Kirkos region:Addis Ababa zone:Zone 4
MFR_000060,modjo health center,Addis Ababa,DHIS2_000413,modjo health post,Addis Ababa,0.5426832437515259,modjo health center woreda:Kirkos region:Addis Ababa zone:Zone 5,modjo health post woreda:Nifas Silk region:Addis Ababa zone:Zone 2
MFR_000060,modjo health center,Addis Ababa,DHIS2_000015,modjo health post,Addis Ababa,0.6032145619392395,modjo health center woreda:Kirkos region:Addis Ababa zone:Zone 5,modjo health post woreda:Arada region:Addis Ababa zone:Zone 4
MFR_000061,addis ababa general hospital,SNNPR,DHIS2_000085,addis ababa clinic,SNNPR,0.7788364887237549,addis ababa general hospital woreda:Arba Minch region:SNNPR zone:Zone 3,addis ababa clinic woreda:Arba Minch region:SNNPR zone:Zone 2
MFR_000061,addis ababa general hospital,SNNPR,DHIS2_000061,addis ababa general hospital,SNNPR,0.954943835735321,addis ababa general hospital woreda:Arba Minch region:SNNPR zone:Zone 3,addis ababa general hospital woreda:Arba Minch region:SNNPR zone:Zone 3
MFR_000061,addis ababa general hospital,SNNPR,DHIS2_000066,addis ababa hospitalital,SNNPR,0.8525480031967163,addis ababa general hospital woreda:Arba Minch region:SNNPR zone:Zone 3,addis ababa hospitalital woreda:Butajira region:SNNPR zone:Zone 3
MFR_000061,addis ababa general hospital,SNNPR,DHIS2_000179,addis ababa dispensary,SNNPR,0.6564863324165344,addis ababa general hospital woreda:Arba Minch region:SNNPR zone:Zone 3,addis ababa dispensary woreda:Hawassa region:SNNPR zone:Zone 2
MFR_000061,addis ababa general hospital,SNNPR,DHIS2_000129,addis ababa hospital,SNNPR,0.7053324580192566,addis ababa general hospital woreda:Arba Minch region:SNNPR zone:Zone 3,addis ababa hospital woreda:Hosaena region:SNNPR zone:Zone 2
MFR_000061,addis ababa general hospital,SNNPR,DHIS2_000213,addis ababa health post,SNNPR,0.6458544731140137,addis ababa general hospital woreda:Arba Minch region:SNNPR zone:Zone 3,addis ababa health post woreda:Hosaena region:SNNPR zone:Zone 2
MFR_000061,addis ababa general hospital,SNNPR,DHIS2_000296,addis ababa general hospitalital,SNNPR,0.7172374129295349,addis ababa general hospital woreda:Arba Minch region:SNNPR zone:Zone 3,addis ababa general hospitalital woreda:Butajira region:SNNPR zone:Zone 4
MFR_000062,hosaena health post,Amhara,DHIS2_000025,hosaena health center,Amhara,0.7230936288833618,hosaena health post woreda:Dessie region:Amhara zone:Zone 2,hosaena health center woreda:Mekelle region:Amhara zone:Zone 2
MFR_000062,hosaena health post,Amhara,DHIS2_000104,hosaena health post,Amhara,0.7868972420692444,hosaena health post woreda:Dessie region:Amhara zone:Zone 2,hosaena health post woreda:Dessie region:Amhara zone:Zone 4
MFR_000062,hosaena health post,Amhara,DHIS2_000303,hosaena health post,Amhara,0.6080184578895569,hosaena health post woreda:Dessie region:Amhara zone:Zone 2,hosaena health post woreda:Gondar region:Amhara zone:Zone 5
MFR_000062,hosaena health post,Amhara,DHIS2_000062,hosaen health post,Amhara,0.9113665223121643,hosaena health post woreda:Dessie region:Amhara zone:Zone 2,hosaen health post woreda:Dessie region:Amhara zone:Zone 2
MFR_000063,hosaena health center,Oromia,DHIS2_000322,hosaena health post,Oromia,0.8113759756088257,hosaena health center woreda:Adama region:Oromia zone:Zone 1,hosaena health post woreda:Adama region:Oromia zone:Zone 4
MFR_000063,hosaena health center,Oromia,DHIS2_000063,hosaena health center,Oromia,0.9736865758895874,hosaena health center woreda:Adama region:Oromia zone:Zone 1,hosaena health center woreda:Adama region:Oromia zone:Zone 1
MFR_000064,nifas silk hospital,Amhara,DHIS2_000064,nifas silk hospital,Amhara,0.9481744766235352,nifas silk hospital woreda:Bahir Dar region:Amhara zone:Zone 5,nifas silk hospital woreda:Bahir Dar region:Amhara zone:Zone 5
MFR_000064,nifas silk hospital,Amhara,DHIS2_000330,nifas silk health center,Amhara,0.7375120520591736,nifas silk hospital woreda:Bahir Dar region:Amhara zone:Zone 5,nifas silk health center woreda:Bahir Dar region:Amhara zone:Zone 2
MFR_000064,nifas silk hospital,Amhara,DHIS2_000455,nifas silk dispensary,Amhara,0.5118803977966309,nifas silk hospital woreda:Bahir Dar region:Amhara zone:Zone 5,nifas silk dispensary woreda:Gondar region:Amhara zone:Zone 1
MFR_000064,nifas silk hospital,Amhara,DHIS2_000229,nifas silk health post,Amhara,0.5024306774139404,nifas silk hospital woreda:Bahir Dar region:Amhara zone:Zone 5,nifas silk health post woreda:Mekelle region:Amhara zone:Zone 2
MFR_000064,nifas silk hospital,Amhara,DHIS2_000126,nifas silk clinic,Amhara,0.5316401720046997,nifas silk hospital woreda:Bahir Dar region:Amhara zone:Zone 5,nifas silk clinic woreda:Dessie region:Amhara zone:Zone 1
MFR_000064,nifas silk hospital,Amhara,DHIS2_000028,nifas silk clinic,Amhara,0.5948262810707092,nifas silk hospital woreda:Bahir Dar region:Amhara zone:Zone 5,nifas silk clinic woreda:Mekelle region:Amhara zone:Zone 4
MFR_000065,bahir dar hospital,Addis Ababa,DHIS2_000138,bahir dar clinic,Addis Ababa,0.6248343586921692,bahir dar hospital woreda:Nifas Silk region:Addis Ababa zone:Zone 1,bahir dar clinic woreda:Bole region:Addis Ababa zone:Zone 5
MFR_000065,bahir dar hospital,Addis Ababa,DHIS2_000177,bahir dar referral hospitalital,Addis Ababa,0.7091663479804993,bahir dar hospital woreda:Nifas Silk region:Addis Ababa zone:Zone 1,bahir dar referral hospitalital woreda:Bole region:Addis Ababa zone:Zone 1
MFR_000065,bahir dar hospital,Addis Ababa,DHIS2_000256,bahir dar health center,Addis Ababa,0.7108519077301025,bahir dar hospital woreda:Nifas Silk region:Addis Ababa zone:Zone 1,bahir dar health center woreda:Arada region:Addis Ababa zone:Zone 1
MFR_000065,bahir dar hospital,Addis Ababa,DHIS2_000290,bahir dar health center,Addis Ababa,0.6005069017410278,bahir dar hospital woreda:Nifas Silk region:Addis Ababa zone:Zone 1,bahir dar health center woreda:Kirkos region:Addis Ababa zone:Zone 4
MFR_000065,bahir dar hospital,Addis Ababa,DHIS2_000341,bahir dar hospital,Addis Ababa,0.6526379585266113,bahir dar hospital woreda:Nifas Silk region:Addis Ababa zone:Zone 1,bahir dar hospital woreda:Lideta region:Addis Ababa zone:Zone 4
MFR_000065,bahir dar hospital,Addis Ababa,DHIS2_000312,bahir dar health post,Addis Ababa,0.5853544473648071,bahir dar hospital woreda:Nifas Silk region:Addis Ababa zone:Zone 1,bahir dar health post woreda:Lideta region:Addis Ababa zone:Zone 5
MFR_000065,bahir dar hospital,Addis Ababa,DHIS2_000447,bahir dar health center,Addis Ababa,0.6261078119277954,bahir dar hospital woreda:Nifas Silk region:Addis Ababa zone:Zone 1,bahir dar health center woreda:Lideta region:Addis Ababa zone:Zone 3
MFR_000065,bahir dar hospital,Addis Ababa,DHIS2_000041,bahir dar hospitalital,Addis Ababa,0.672939658164978,bahir dar hospital woreda:Nifas Silk region:Addis Ababa zone:Zone 1,bahir dar hospitalital woreda:Arada region:Addis Ababa zone:Zone 3
MFR_000066,addis ababa hospital,SNNPR,DHIS2_000085,addis ababa clinic,SNNPR,0.6531361937522888,addis ababa hospital woreda:Butajira region:SNNPR zone:Zone 3,addis ababa clinic woreda:Arba Minch region:SNNPR zone:Zone 2
MFR_000066,addis ababa hospital,SNNPR,DHIS2_000061,addis ababa general hospital,SNNPR,0.8024579286575317,addis ababa hospital woreda:Butajira region:SNNPR zone:Zone 3,addis ababa general hospital woreda:Arba Minch region:SNNPR zone:Zone 3
MFR_000066,addis ababa hospital,SNNPR,DHIS2_000066,addis ababa hospitalital,SNNPR,0.9164119958877563,addis ababa hospital woreda:Butajira region:SNNPR zone:Zone 3,addis ababa hospitalital woreda:Butajira region:SNNPR zone:Zone 3
MFR_000066,addis ababa hospital,SNNPR,DHIS2_000179,addis ababa dispensary,SNNPR,0.6110379695892334,addis ababa hospital woreda:Butajira region:SNNPR zone:Zone 3,addis ababa dispensary woreda:Hawassa region:SNNPR zone:Zone 2
MFR_000066,addis ababa hospital,SNNPR,DHIS2_000129,addis ababa hospital,SNNPR,0.6721835732460022,addis ababa hospital woreda:Butajira region:SNNPR zone:Zone 3,addis ababa hospital woreda:Hosaena region:SNNPR zone:Zone 2
MFR_000066,addis ababa hospital,SNNPR,DHIS2_000213,addis ababa health post,SNNPR,0.6066411137580872,addis ababa hospital woreda:Butajira region:SNNPR zone:Zone 3,addis ababa health post woreda:Hosaena region:SNNPR zone:Zone 2
MFR_000066,addis ababa hospital,SNNPR,DHIS2_000296,addis ababa general hospitalital,SNNPR,0.7527511119842529,addis ababa hospital woreda:Butajira region:SNNPR zone:Zone 3,addis ababa general hospitalital woreda:Butajira region:SNNPR zone:Zone 4
MFR_000067,butajira referral hospital,Amhara,DHIS2_000432,butajira general hospitalital,Amhara,0.5558645725250244,butajira referral hospital woreda:Mekelle region:Amhara zone:Zone 4,butajira general hospitalital woreda:Bahir Dar region:Amhara zone:Zone 1
MFR_000067,butajira referral hospital,Amhara,DHIS2_000323,butajira hospital,Amhara,0.7209270596504211,butajira referral hospital woreda:Mekelle region:Amhara zone:Zone 4,butajira hospital woreda:Mekelle region:Amhara zone:Zone 2
MFR_000067,butajira referral hospital,Amhara,DHIS2_000067,butajira referral hospitalital,Amhara,0.9408039450645447,butajira referral hospital woreda:Mekelle region:Amhara zone:Zone 4,butajira referral hospitalital woreda:Mekelle region:Amhara zone:Zone 4
MFR_000067,butajira referral hospital,Amhara,DHIS2_000200,butajir health center,Amhara,0.4768500328063965,butajira referral hospital woreda:Mekelle region:Amhara zone:Zone 4,butajir health center woreda:Gondar region:Amhara zone:Zone 5
MFR_000067,butajira referral hospital,Amhara,DHIS2_000251,butajir health center,Amhara,0.6427015066146851,butajira referral hospital woreda:Mekelle region:Amhara zone:Zone 4,butajir health center woreda:Gondar region:Amhara zone:Zone 4
MFR_000067,butajira referral hospital,Amhara,DHIS2_000311,butajira health center,Amhara,0.7116881012916565,butajira referral hospital woreda:Mekelle region:Amhara zone:Zone 4,butajira health center woreda:Mekelle region:Amhara zone:Zone 5
MFR_000067,butajira referral hospital,Amhara,DHIS2_000039,butajira health post,Amhara,0.5002795457839966,butajira referral hospital woreda:Mekelle region:Amhara zone:Zone 4,butajira health post woreda:Bahir Dar region:Amhara zone:Zone 3
MFR_000067,butajira referral hospital,Amhara,DHIS2_000387,butajira dispensary,Amhara,0.683419406414032,butajira referral hospital woreda:Mekelle region:Amhara zone:Zone 4,butajira dispensary woreda:Mekelle region:Amhara zone:Zone 2
MFR_000067,butajira referral hospital,Amhara,DHIS2_000397,butajira health post,Amhara,0.5257384777069092,butajira referral hospital woreda:Mekelle region:Amhara zone:Zone 4,butajira health post woreda:Gondar region:Amhara zone:Zone 5
MFR_000067,butajira referral hospital,Amhara,DHIS2_000289,butajira clinic,Amhara,0.5810944437980652,butajira referral hospital woreda:Mekelle region:Amhara zone:Zone 4,butajira clinic woreda:Dessie region:Amhara zone:Zone 3
MFR_000067,butajira referral hospital,Amhara,DHIS2_000139,butajir dispensary,Amhara,0.37858614325523376,butajira referral hospital woreda:Mekelle region:Amhara zone:Zone 4,butajir dispensary woreda:Dessie region:Amhara zone:Zone 1
MFR_000067,butajira referral hospital,Amhara,DHIS2_000217,butajira health post,Amhara,0.5014075636863708,butajira referral hospital woreda:Mekelle region:Amhara zone:Zone 4,butajira health post woreda:Dessie region:Amhara zone:Zone 3
MFR_000068,bahir dar health center,Amhara,DHIS2_000363,bahir dar dispensary,Amhara,0.5929887294769287,bahir dar health center woreda:Dessie region:Amhara zone:Zone 3,bahir dar dispensary woreda:Bahir Dar region:Amhara zone:Zone 4
MFR_000068,bahir dar health center,Amhara,DHIS2_000424,bahir dar clinic,Amhara,0.9137576222419739,bahir dar health center woreda:Dessie region:Amhara zone:Zone 3,bahir dar clinic woreda:Dessie region:Amhara zone:Zone 3
MFR_000068,bahir dar health center,Amhara,DHIS2_000223,bahir dar hospital,Amhara,0.7904909253120422,bahir dar health center woreda:Dessie region:Amhara zone:Zone 3,bahir dar hospital woreda:Dessie region:Amhara zone:Zone 2
MFR_000068,bahir dar health center,Amhara,DHIS2_000391,bahir dar hospital,Amhara,0.7723544239997864,bahir dar health center woreda:Dessie region:Amhara zone:Zone 3,bahir dar hospital woreda:Bahir Dar region:Amhara zone:Zone 3
MFR_000068,bahir dar health center,Amhara,DHIS2_000068,bahir dar health center,Amhara,0.9484279751777649,bahir dar health center woreda:Dessie region:Amhara zone:Zone 3,bahir dar health center woreda:Dessie region:Amhara zone:Zone 3
MFR_000068,bahir dar health center,Amhara,DHIS2_000237,bahir dar health post,Amhara,0.6041861176490784,bahir dar health center woreda:Dessie region:Amhara zone:Zone 3,bahir dar health post woreda:Mekelle region:Amhara zone:Zone 5
MFR_000069,adama health center,Oromia,DHIS2_000069,adama health center,Oromia,0.9822561740875244,adama health center woreda:Adama region:Oromia zone:Zone 5,adama health center woreda:Adama region:Oromia zone:Zone 5
MFR_000069,adama health center,Oromia,DHIS2_000102,adama health center,Oromia,0.745557427406311,adama health center woreda:Adama region:Oromia zone:Zone 5,adama health center woreda:Adama region:Oromia zone:Zone 3
MFR_000069,adama health center,Oromia,DHIS2_000416,adama health post,Oromia,0.6745303869247437,adama health center woreda:Adama region:Oromia zone:Zone 5,adama health post woreda:Dukem region:Oromia zone:Zone 3
MFR_000069,adama health center,Oromia,DHIS2_000017,adama general hospitalital,Oromia,0.6579248309135437,adama health center woreda:Adama region:Oromia zone:Zone 5,adama general hospitalital woreda:Bishoftu region:Oromia zone:Zone 1
MFR_000069,adama health center,Oromia,DHIS2_000198,adam health center,Oromia,0.6856182813644409,adama health center woreda:Adama region:Oromia zone:Zone 5,adam health center woreda:Dukem region:Oromia zone:Zone 3
MFR_000070,nifas silk health center,Oromia,DHIS2_000070,nifas silk health center,Oromia,0.9526767134666443,nifas silk health center woreda:Dire Dawa region:Oromia zone:Zone 2,nifas silk health center woreda:Dire Dawa region:Oromia zone:Zone 2
MFR_000070,nifas silk health center,Oromia,DHIS2_000181,nifas silk dispensary,Oromia,0.700631320476532,nifas silk health center woreda:Dire Dawa region:Oromia zone:Zone 2,nifas silk dispensary woreda:Modjo region:Oromia zone:Zone 2
MFR_000070,nifas silk health center,Oromia,DHIS2_000479,nifas silk referral hospital,Oromia,0.7368552088737488,nifas silk health center woreda:Dire Dawa region:Oromia zone:Zone 2,nifas silk referral hospital woreda:Bishoftu region:Oromia zone:Zone 2
MFR_000070,nifas silk health center,Oromia,DHIS2_000350,nifas silk referral hospital,Oromia,0.562125027179718,nifas silk health center woreda:Dire Dawa region:Oromia zone:Zone 2,nifas silk referral hospital woreda:Dukem region:Oromia zone:Zone 5
MFR_000070,nifas silk health center,Oromia,DHIS2_000380,nifas silk dispensary,Oromia,0.5669585466384888,nifas silk health center woreda:Dire Dawa region:Oromia zone:Zone 2,nifas silk dispensary woreda:Bishoftu region:Oromia zone:Zone 1
MFR_000070,nifas silk health center,Oromia,DHIS2_000435,nifas silk health center,Oromia,0.7321785688400269,nifas silk health center woreda:Dire Dawa region:Oromia zone:Zone 2,nifas silk health center woreda:Dukem region:Oromia zone:Zone 2
MFR_000071,dessie hospital,SNNPR,DHIS2_000071,dessi hospitalital,SNNPR,0.9313268661499023,dessie hospital woreda:Butajira region:SNNPR zone:Zone 1,dessi hospitalital woreda:Butajira region:SNNPR zone:Zone 1
MFR_000071,dessie hospital,SNNPR,DHIS2_000385,dessie health post,SNNPR,0.6209303140640259,dessie hospital woreda:Butajira region:SNNPR zone:Zone 1,dessie health post woreda:Hosaena region:SNNPR zone:Zone 4
MFR_000071,dessie hospital,SNNPR,DHIS2_000046,dessi hospitalital,SNNPR,0.6209375858306885,dessie hospital woreda:Butajira region:SNNPR zone:Zone 1,dessi hospitalital woreda:Hawassa region:SNNPR zone:Zone 5
MFR_000071,dessie hospital,SNNPR,DHIS2_000224,dessie health post,SNNPR,0.7260115146636963,dessie hospital woreda:Butajira region:SNNPR zone:Zone 1,dessie health post woreda:Arba Minch region:SNNPR zone:Zone 1
MFR_000071,dessie hospital,SNNPR,DHIS2_000165,dessie referral hospital,SNNPR,0.6918818950653076,dessie hospital woreda:Butajira region:SNNPR zone:Zone 1,dessie referral hospital woreda:Hawassa region:SNNPR zone:Zone 3
MFR_000072,adama referral hospital,Addis Ababa,DHIS2_000209,adama hospital,Addis Ababa,0.9002426266670227,adama referral hospital woreda:Kirkos region:Addis Ababa zone:Zone 3,adama hospital woreda:Kirkos region:Addis Ababa zone:Zone 3
MFR_000072,adama referral hospital,Addis Ababa,DHIS2_000130,adama referral hospitalital,Addis Ababa,0.582248866558075,adama referral hospital woreda:Kirkos region:Addis Ababa zone:Zone 3,adama referral hospitalital woreda:Nifas Silk region:Addis Ababa zone:Zone 5
MFR_000073,hosaena referral hospital,Addis Ababa,DHIS2_000073,hosaena referral hospital,Addis Ababa,0.9660019278526306,hosaena referral hospital woreda:Arada region:Addis Ababa zone:Zone 5,hosaena referral hospital woreda:Arada region:Addis Ababa zone:Zone 5
MFR_000073,hosaena referral hospital,Addis Ababa,DHIS2_000018,hosaena referral hospitalital,Addis Ababa,0.6626548171043396,hosaena referral hospital woreda:Arada region:Addis Ababa zone:Zone 5,hosaena referral hospitalital woreda:Nifas Silk region:Addis Ababa zone:Zone 3
MFR_000073,hosaena referral hospital,Addis Ababa,DHIS2_000443,hosaena hospitalital,Addis Ababa,0.6239615678787231,hosaena referral hospital woreda:Arada region:Addis Ababa zone:Zone 5,hosaena hospitalital woreda:Lideta region:Addis Ababa zone:Zone 1
MFR_000074,kirkos health post,Addis Ababa,DHIS2_000074,kirkos health post,Addis Ababa,0.9560459852218628,kirkos health post woreda:Arada region:Addis Ababa zone:Zone 3,kirkos health post woreda:Arada region:Addis Ababa zone:Zone 3
MFR_000074,kirkos health post,Addis Ababa,DHIS2_000077,kirkos health center,Addis Ababa,0.7595569491386414,kirkos health post woreda:Arada region:Addis Ababa zone:Zone 3,kirkos health center woreda:Arada region:Addis Ababa zone:Zone 2
MFR_000074,kirkos health post,Addis Ababa,DHIS2_000034,kirkos referral hospitalital,Addis Ababa,0.5757747888565063,kirkos health post woreda:Arada region:Addis Ababa zone:Zone 3,kirkos referral hospitalital woreda:Lideta region:Addis Ababa zone:Zone 1
MFR_000074,kirkos health post,Addis Ababa,DHIS2_000228,kirkos health post,Addis Ababa,0.65706467628479,kirkos health post woreda:Arada region:Addis Ababa zone:Zone 3,kirkos health post woreda:Lideta region:Addis Ababa zone:Zone 1
MFR_000074,kirkos health post,Addis Ababa,DHIS2_000112,kirkos dispensary,Addis Ababa,0.5734450221061707,kirkos health post woreda:Arada region:Addis Ababa zone:Zone 3,kirkos dispensary woreda:Bole region:Addis Ababa zone:Zone 4
MFR_000074,kirkos health post,Addis Ababa,DHIS2_000396,kirkos health center,Addis Ababa,0.6071999669075012,kirkos health post woreda:Arada region:Addis Ababa zone:Zone 3,kirkos health center woreda:Bole region:Addis Ababa zone:Zone 5
MFR_000075,gondar health center,Addis Ababa,DHIS2_000486,gondar health center,Addis Ababa,0.7366754412651062,gondar health center woreda:Addis Ketema region:Addis Ababa zone:Zone 2,gondar health center woreda:Nifas Silk region:Addis Ababa zone:Zone 4
MFR_000075,gondar health center,Addis Ababa,DHIS2_000278,gondar dispensary,Addis Ababa,0.6570414304733276,gondar health center woreda:Addis Ketema region:Addis Ababa zone:Zone 2,gondar dispensary woreda:Lideta region:Addis Ababa zone:Zone 4
MFR_000075,gondar health center,Addis Ababa,DHIS2_000418,gondar hospitalital,Addis Ababa,0.761583685874939,gondar health center woreda:Addis Ketema region:Addis Ababa zone:Zone 2,gondar hospitalital woreda:Addis Ketema region:Addis Ababa zone:Zone 4
MFR_000075,gondar health center,Addis Ababa,DHIS2_000075,gondar health center,Addis Ababa,0.9497370719909668,gondar health center woreda:Addis Ketema region:Addis Ababa zone:Zone 2,gondar health center woreda:Addis Ketema region:Addis Ababa zone:Zone 2
MFR_000075,gondar health center,Addis Ababa,DHIS2_000235,gondar health center,Addis Ababa,0.8081733584403992,gondar health center woreda:Addis Ketema region:Addis Ababa zone:Zone 2,gondar health center woreda:Addis Ketema region:Addis Ababa zone:Zone 3
MFR_000075,gondar health center,Addis Ababa,DHIS2_000275,gondar referral hospital,Addis Ababa,0.654137372970581,gondar health center woreda:Addis Ketema region:Addis Ababa zone:Zone 2,gondar referral hospital woreda:Lideta region:Addis Ababa zone:Zone 5
MFR_000075,gondar health center,Addis Ababa,DHIS2_000203,gondar hospital,Addis Ababa,0.8514746427536011,gondar health center woreda:Addis Ketema region:Addis Ababa zone:Zone 2,gondar hospital woreda:Nifas Silk region:Addis Ababa zone:Zone 2
MFR_000075,gondar health center,Addis Ababa,DHIS2_000402,gondar hospital,Addis Ababa,0.6694814562797546,gondar health center woreda:Addis Ketema region:Addis Ababa zone:Zone 2,gondar hospital woreda:Arada region:Addis Ababa zone:Zone 5
MFR_000076,nifas silk health post,SNNPR,DHIS2_000076,nifas silk health post,SNNPR,0.9215099215507507,nifas silk health post woreda:Hosaena region:SNNPR zone:Zone 3,nifas silk health post woreda:Hosaena region:SNNPR zone:Zone 3
MFR_000076,nifas silk health post,SNNPR,DHIS2_000030,nifas silk health post,SNNPR,0.7169187068939209,nifas silk health post woreda:Hosaena region:SNNPR zone:Zone 3,nifas silk health post woreda:Hosaena region:SNNPR zone:Zone 1
MFR_000076,nifas silk health post,SNNPR,DHIS2_000113,nifas silk health center,SNNPR,0.8270019888877869,nifas silk health post woreda:Hosaena region:SNNPR zone:Zone 3,nifas silk health center woreda:Butajira region:SNNPR zone:Zone 3
MFR_000076,nifas silk health post,SNNPR,DHIS2_000426,nifas silk dispensary,SNNPR,0.6471757292747498,nifas silk health post woreda:Hosaena region:SNNPR zone:Zone 3,nifas silk dispensary woreda:Butajira region:SNNPR zone:Zone 2
MFR_000077,kirkos health center,Addis Ababa,DHIS2_000074,kirkos health post,Addis Ababa,0.7992495894432068,kirkos health center woreda:Arada region:Addis Ababa zone:Zone 2,kirkos health post woreda:Arada region:Addis Ababa zone:Zone 3
MFR_000077,kirkos health center,Addis Ababa,DHIS2_000077,kirkos health center,Addis Ababa,0.9676610827445984,kirkos health center woreda:Arada region:Addis Ababa zone:Zone 2,kirkos health center woreda:Arada region:Addis Ababa zone:Zone 2
MFR_000077,kirkos health center,Addis Ababa,DHIS2_000034,kirkos referral hospitalital,Addis Ababa,0.6564963459968567,kirkos health center woreda:Arada region:Addis Ababa zone:Zone 2,kirkos referral hospitalital woreda:Lideta region:Addis Ababa zone:Zone 1
MFR_000077,kirkos health center,Addis Ababa,DHIS2_000228,kirkos health post,Addis Ababa,0.6759247779846191,kirkos health center woreda:Arada region:Addis Ababa zone:Zone 2,kirkos health post woreda:Lideta region:Addis Ababa zone:Zone 1
MFR_000077,kirkos health center,Addis Ababa,DHIS2_000112,kirkos dispensary,Addis Ababa,0.6395702958106995,kirkos health center woreda:Arada region:Addis Ababa zone:Zone 2,kirkos dispensary woreda:Bole region:Addis Ababa zone:Zone 4
MFR_000077,kirkos health center,Addis Ababa,DHIS2_000396,kirkos health center,Addis Ababa,0.6763005256652832,kirkos health center woreda:Arada region:Addis Ababa zone:Zone 2,kirkos health center woreda:Bole region:Addis Ababa zone:Zone 5
MFR_000078,hawassa health post,SNNPR,DHIS2_000078,hawass health post,SNNPR,0.923674464225769,hawassa health post woreda:Hosaena region:SNNPR zone:Zone 4,hawass health post woreda:Hosaena region:SNNPR zone:Zone 4
MFR_000078,hawassa health post,SNNPR,DHIS2_000254,hawassa health post,SNNPR,0.6505340933799744,hawassa health post woreda:Hosaena region:SNNPR zone:Zone 4,hawassa health post woreda:Butajira region:SNNPR zone:Zone 1
MFR_000078,hawassa health post,SNNPR,DHIS2_000220,hawassa health post,SNNPR,0.6570663452148438,hawassa health post woreda:Hosaena region:SNNPR zone:Zone 4,hawassa health post woreda:Hawassa region:SNNPR zone:Zone 1
MFR_000078,hawassa health post,SNNPR,DHIS2_000201,hawass health center,SNNPR,0.6322972774505615,hawassa health post woreda:Hosaena region:SNNPR zone:Zone 4,hawass health center woreda:Butajira region:SNNPR zone:Zone 2
MFR_000078,hawassa health post,SNNPR,DHIS2_000162,hawassa health post,SNNPR,0.7030297517776489,hawassa health post woreda:Hosaena region:SNNPR zone:Zone 4,hawassa health post woreda:Butajira region:SNNPR zone:Zone 2
MFR_000079,dire dawa health center,Oromia,DHIS2_000409,dire dawa health post,Oromia,0.5950004458427429,dire dawa health center woreda:Dukem region:Oromia zone:Zone 4,dire dawa health post woreda:Adama region:Oromia zone:Zone 3
MFR_000079,dire dawa health center,Oromia,DHIS2_000079,dire dawa health center,Oromia,0.9727796316146851,dire dawa health center woreda:Dukem region:Oromia zone:Zone 4,dire dawa health center woreda:Dukem region:Oromia zone:Zone 4
MFR_000079,dire dawa health center,Oromia,DHIS2_000305,dire dawa health center,Oromia,0.8062766790390015,dire dawa health center woreda:Dukem region:Oromia zone:Zone 4,dire dawa health center woreda:Dukem region:Oromia zone:Zone 2
MFR_000079,dire dawa health center,Oromia,DHIS2_000026,dire dawa general hospitalital,Oromia,0.9478979110717773,dire dawa health center woreda:Dukem region:Oromia zone:Zone 4,dire dawa general hospitalital woreda:Dukem region:Oromia zone:Zone 4
MFR_000079,dire dawa health center,Oromia,DHIS2_000038,dire dawa health center,Oromia,0.7542703151702881,dire dawa health center woreda:Dukem region:Oromia zone:Zone 4,dire dawa health center woreda:Dukem region:Oromia zone:Zone 1
MFR_000080,kirkos health center,SNNPR,DHIS2_000080,kirkos health center,SNNPR,0.9653910994529724,kirkos health center woreda:Hosaena region:SNNPR zone:Zone 1,kirkos health center woreda:Hosaena region:SNNPR zone:Zone 1
MFR_000080,kirkos health center,SNNPR,DHIS2_000047,kirkos general hospitalital,SNNPR,0.7348410487174988,kirkos health center woreda:Hosaena region:SNNPR zone:Zone 1,kirkos general hospitalital woreda:Arba Minch region:SNNPR zone:Zone 2
MFR_000080,kirkos health center,SNNPR,DHIS2_000230,kirkos health center,SNNPR,0.8037499785423279,kirkos health center woreda:Hosaena region:SNNPR zone:Zone 1,kirkos health center woreda:Hawassa region:SNNPR zone:Zone 4
MFR_000080,kirkos health center,SNNPR,DHIS2_000009,kirkos health center,SNNPR,0.7369564771652222,kirkos health center woreda:Hosaena region:SNNPR zone:Zone 1,kirkos health center woreda:Arba Minch region:SNNPR zone:Zone 4
MFR_000081,nifas silk clinic,Oromia,DHIS2_000070,nifas silk health center,Oromia,0.6582220792770386,nifas silk clinic woreda:Modjo region:Oromia zone:Zone 3,nifas silk health center woreda:Dire Dawa region:Oromia zone:Zone 2
MFR_000081,nifas silk clinic,Oromia,DHIS2_000181,nifas silk dispensary,Oromia,0.767453134059906,nifas silk clinic woreda:Modjo region:Oromia zone:Zone 3,nifas silk dispensary woreda:Modjo region:Oromia zone:Zone 2
MFR_000081,nifas silk clinic,Oromia,DHIS2_000479,nifas silk referral hospital,Oromia,0.6498970985412598,nifas silk clinic woreda:Modjo region:Oromia zone:Zone 3,nifas silk referral hospital woreda:Bishoftu region:Oromia zone:Zone 2
MFR_000081,nifas silk clinic,Oromia,DHIS2_000350,nifas silk referral hospital,Oromia,0.5778659582138062,nifas silk clinic woreda:Modjo region:Oromia zone:Zone 3,nifas silk referral hospital woreda:Dukem region:Oromia zone:Zone 5
MFR_000081,nifas silk clinic,Oromia,DHIS2_000380,nifas silk dispensary,Oromia,0.5722891092300415,nifas silk clinic woreda:Modjo region:Oromia zone:Zone 3,nifas silk dispensary woreda:Bishoftu region:Oromia zone:Zone 1
MFR_000081,nifas silk clinic,Oromia,DHIS2_000435,nifas silk health center,Oromia,0.6303530931472778,nifas silk clinic woreda:Modjo region:Oromia zone:Zone 3,nifas silk health center woreda:Dukem region:Oromia zone:Zone 2
MFR_000082,dessie health post,Amhara,DHIS2_000451,dessie health center,Amhara,0.6993626952171326,dessie health post woreda:Dessie region:Amhara zone:Zone 5,dessie health center woreda:Gondar region:Amhara zone:Zone 2
MFR_000082,dessie health post,Amhara,DHIS2_000117,dessie health center,Amhara,0.7002787590026855,dessie health post woreda:Dessie region:Amhara zone:Zone 5,dessie health center woreda:Dessie region:Amhara zone:Zone 1
MFR_000082,dessie health post,Amhara,DHIS2_000159,dessi health center,Amhara,0.6023249626159668,dessie health post woreda:Dessie region:Amhara zone:Zone 5,dessi health center woreda:Gondar region:Amhara zone:Zone 3
MFR_000082,dessie health post,Amhara,DHIS2_000450,duke health center,Amhara,0.46243685483932495,dessie health post woreda:Dessie region:Amhara zone:Zone 5,duke health center woreda:Gondar region:Amhara zone:Zone 2
MFR_000082,dessie health post,Amhara,DHIS2_000082,dessie health post,Amhara,0.958622395992279,dessie health post woreda:Dessie region:Amhara zone:Zone 5,dessie health post woreda:Dessie region:Amhara zone:Zone 5
MFR_000082,dessie health post,Amhara,DHIS2_000285,dessie health center,Amhara,0.6734974384307861,dessie health post woreda:Dessie region:Amhara zone:Zone 5,dessie health center woreda:Bahir Dar region:Amhara zone:Zone 1
MFR_000082,dessie health post,Amhara,DHIS2_000042,dessie health center,Amhara,0.6840356588363647,dessie health post woreda:Dessie region:Amhara zone:Zone 5,dessie health center woreda:Mekelle region:Amhara zone:Zone 3
MFR_000082,dessie health post,Amhara,DHIS2_000489,dessie health post,Amhara,0.7272629737854004,dessie health post woreda:Dessie region:Amhara zone:Zone 5,dessie health post woreda:Bahir Dar region:Amhara zone:Zone 2
MFR_000083,addis ababa hospital,Addis Ababa,DHIS2_000372,addis ababa referral hospitalital,Addis Ababa,0.5732141137123108,addis ababa hospital woreda:Lideta region:Addis Ababa zone:Zone 2,addis ababa referral hospitalital woreda:Bole region:Addis Ababa zone:Zone 5
MFR_000083,addis ababa hospital,Addis Ababa,DHIS2_000335,addis ababa health center,Addis Ababa,0.6677441000938416,addis ababa hospital woreda:Lideta region:Addis Ababa zone:Zone 2,addis ababa health center woreda:Addis Ketema region:Addis Ababa zone:Zone 3
MFR_000083,addis ababa hospital,Addis Ababa,DHIS2_000083,addis ababa hospitalital,Addis Ababa,0.9324749112129211,addis ababa hospital woreda:Lideta region:Addis Ababa zone:Zone 2,addis ababa hospitalital woreda:Lideta region:Addis Ababa zone:Zone 2
MFR_000083,addis ababa hospital,Addis Ababa,DHIS2_000250,addis ababa general hospitalital,Addis Ababa,0.6200463175773621,addis ababa hospital woreda:Lideta region:Addis Ababa zone:Zone 2,addis ababa general hospitalital woreda:Addis Ketema region:Addis Ababa zone:Zone 5
MFR_000083,addis ababa hospital,Addis Ababa,DHIS2_000273,addis ababa referral hospital,Addis Ababa,0.6298282146453857,addis ababa hospital woreda:Lideta region:Addis Ababa zone:Zone 2,addis ababa referral hospital woreda:Bole region:Addis Ababa zone:Zone 4
MFR_000083,addis ababa hospital,Addis Ababa,DHIS2_000284,addis ababa health center,Addis Ababa,0.5961003303527832,addis ababa hospital woreda:Lideta region:Addis Ababa zone:Zone 2,addis ababa health center woreda:Bole region:Addis Ababa zone:Zone 1
MFR_000083,addis ababa hospital,Addis Ababa,DHIS2_000422,addis ababa health center,Addis Ababa,0.746463418006897,addis ababa hospital woreda:Lideta region:Addis Ababa zone:Zone 2,addis ababa health center woreda:Kirkos region:Addis Ababa zone:Zone 2
MFR_000084,dukem dispensary,Oromia,DHIS2_000269,dukem general hospital,Oromia,0.5174474716186523,dukem dispensary woreda:Adama region:Oromia zone:Zone 5,dukem general hospital woreda:Dire Dawa region:Oromia zone:Zone 2
MFR_000084,dukem dispensary,Oromia,DHIS2_000108,dukem clinic,Oromia,0.5603101253509521,dukem dispensary woreda:Adama region:Oromia zone:Zone 5,dukem clinic woreda:Bishoftu region:Oromia zone:Zone 4
MFR_000085,addis ababa clinic,SNNPR,DHIS2_000085,addis ababa clinic,SNNPR,0.9486284255981445,addis ababa clinic woreda:Arba Minch region:SNNPR zone:Zone 2,addis ababa clinic woreda:Arba Minch region:SNNPR zone:Zone 2
MFR_000085,addis ababa clinic,SNNPR,DHIS2_000061,addis ababa general hospital,SNNPR,0.7897301316261292,addis ababa clinic woreda:Arba Minch region:SNNPR zone:Zone 2,addis ababa general hospital woreda:Arba Minch region:SNNPR zone:Zone 3
MFR_000085,addis ababa clinic,SNNPR,DHIS2_000383,addi ababa health center,SNNPR,0.6298983097076416,addis ababa clinic woreda:Arba Minch region:SNNPR zone:Zone 2,addi ababa health center woreda:Hosaena region:SNNPR zone:Zone 1
MFR_000085,addis ababa clinic,SNNPR,DHIS2_000066,addis ababa hospitalital,SNNPR,0.6779064536094666,addis ababa clinic woreda:Arba Minch region:SNNPR zone:Zone 2,addis ababa hospitalital woreda:Butajira region:SNNPR zone:Zone 3
MFR_000085,addis ababa clinic,SNNPR,DHIS2_000179,addis ababa dispensary,SNNPR,0.8079556822776794,addis ababa clinic woreda:Arba Minch region:SNNPR zone:Zone 2,addis ababa dispensary woreda:Hawassa region:SNNPR zone:Zone 2
MFR_000085,addis ababa clinic,SNNPR,DHIS2_000129,addis ababa hospital,SNNPR,0.8153024911880493,addis ababa clinic woreda:Arba Minch region:SNNPR zone:Zone 2,addis ababa hospital woreda:Hosaena region:SNNPR zone:Zone 2
MFR_000085,addis ababa clinic,SNNPR,DHIS2_000213,addis ababa health post,SNNPR,0.783337414264679,addis ababa clinic woreda:Arba Minch region:SNNPR zone:Zone 2,addis ababa health post woreda:Hosaena region:SNNPR zone:Zone 2
MFR_000085,addis ababa clinic,SNNPR,DHIS2_000296,addis ababa general hospitalital,SNNPR,0.6478113532066345,addis ababa clinic woreda:Arba Minch region:SNNPR zone:Zone 2,addis ababa general hospitalital woreda:Butajira region:SNNPR zone:Zone 4
MFR_000086,hawassa clinic,SNNPR,DHIS2_000086,hawass clinic,SNNPR,0.9250783324241638,hawassa clinic woreda:Arba Minch region:SNNPR zone:Zone 3,hawass clinic woreda:Arba Minch region:SNNPR zone:Zone 3
MFR_000087,hawassa referral hospital,Amhara,DHIS2_000087,hawassa referral hospitalital,Amhara,0.9319770932197571,hawassa referral hospital woreda:Bahir Dar region:Amhara zone:Zone 5,hawassa referral hospitalital woreda:Bahir Dar region:Amhara zone:Zone 5
MFR_000087,hawassa referral hospital,Amhara,DHIS2_000007,hawass referral hospital,Amhara,0.558061957359314,hawassa referral hospital woreda:Bahir Dar region:Amhara zone:Zone 5,hawass referral hospital woreda:Mekelle region:Amhara zone:Zone 2
MFR_000088,addis ababa general hospital,Oromia,DHIS2_000317,addis ababa clinic,Oromia,0.6833723187446594,addis ababa general hospital woreda:Adama region:Oromia zone:Zone 5,addis ababa clinic woreda:Adama region:Oromia zone:Zone 1
MFR_000088,addis ababa general hospital,Oromia,DHIS2_000491,addis ababa general hospital,Oromia,0.7282012104988098,addis ababa general hospital woreda:Adama region:Oromia zone:Zone 5,addis ababa general hospital woreda:Adama region:Oromia zone:Zone 2
MFR_000088,addis ababa general hospital,Oromia,DHIS2_000313,addis ababa hospitalital,Oromia,0.6093811392784119,addis ababa general hospital woreda:Adama region:Oromia zone:Zone 5,addis ababa hospitalital woreda:Bishoftu region:Oromia zone:Zone 2
MFR_000088,addis ababa general hospital,Oromia,DHIS2_000382,addis ababa health post,Oromia,0.6315634250640869,addis ababa general hospital woreda:Adama region:Oromia zone:Zone 5,addis ababa health post woreda:Adama region:Oromia zone:Zone 1
MFR_000088,addis ababa general hospital,Oromia,DHIS2_000400,addis ababa health post,Oromia,0.588918924331665,addis ababa general hospital woreda:Adama region:Oromia zone:Zone 5,addis ababa health post woreda:Dire Dawa region:Oromia zone:Zone 4
MFR_000088,addis ababa general hospital,Oromia,DHIS2_000013,addis ababa hospitalital,Oromia,0.5996094346046448,addis ababa general hospital woreda:Adama region:Oromia zone:Zone 5,addis ababa hospitalital woreda:Modjo region:Oromia zone:Zone 1
MFR_000089,dire dawa dispensary,Amhara,DHIS2_000427,dire dawa dispensary,Amhara,0.6327885985374451,dire dawa dispensary woreda:Dessie region:Amhara zone:Zone 2,dire dawa dispensary woreda:Bahir Dar region:Amhara zone:Zone 5
MFR_000089,dire dawa dispensary,Amhara,DHIS2_000171,dire dawa dispensary,Amhara,0.9403243064880371,dire dawa dispensary woreda:Dessie region:Amhara zone:Zone 2,dire dawa dispensary woreda:Dessie region:Amhara zone:Zone 2
MFR_000090,addis ababa health post,Amhara,DHIS2_000375,addis ababa clinic,Amhara,0.8536608219146729,addis ababa health post woreda:Mekelle region:Amhara zone:Zone 2,addis ababa clinic woreda:Mekelle region:Amhara zone:Zone 2
MFR_000090,addis ababa health post,Amhara,DHIS2_000263,addis ababa hospital,Amhara,0.8417657613754272,addis ababa health post woreda:Mekelle region:Amhara zone:Zone 2,addis ababa hospital woreda:Mekelle region:Amhara zone:Zone 2
MFR_000090,addis ababa health post,Amhara,DHIS2_000166,addis ababa referral hospital,Amhara,0.6718312501907349,addis ababa health post woreda:Mekelle region:Amhara zone:Zone 2,addis ababa referral hospital woreda:Dessie region:Amhara zone:Zone 2
MFR_000090,addis ababa health post,Amhara,DHIS2_000090,addis ababa health post,Amhara,0.927036702632904,addis ababa health post woreda:Mekelle region:Amhara zone:Zone 2,addis ababa health post woreda:Mekelle region:Amhara zone:Zone 2
MFR_000090,addis ababa health post,Amhara,DHIS2_000423,addis ababa health center,Amhara,0.5675877928733826,addis ababa health post woreda:Mekelle region:Amhara zone:Zone 2,addis ababa health center woreda:Bahir Dar region:Amhara zone:Zone 1
MFR_000090,addis ababa health post,Amhara,DHIS2_000412,addis ababa health post,Amhara,0.6279264092445374,addis ababa health post woreda:Mekelle region:Amhara zone:Zone 2,addis ababa health post woreda:Bahir Dar region:Amhara zone:Zone 4
MFR_000091,dessie referral hospital,Amhara,DHIS2_000496,dessi referral hospital,Amhara,0.7181575298309326,dessie referral hospital woreda:Gondar region:Amhara zone:Zone 4,dessi referral hospital woreda:Bahir Dar region:Amhara zone:Zone 4
MFR_000091,dessie referral hospital,Amhara,DHIS2_000205,dessie referral hospitalital,Amhara,0.68699049949646,dessie referral hospital woreda:Gondar region:Amhara zone:Zone 4,dessie referral hospitalital woreda:Dessie region:Amhara zone:Zone 5
MFR_000091,dessie referral hospital,Amhara,DHIS2_000091,dessie referral hospitalital,Amhara,0.9368564486503601,dessie referral hospital woreda:Gondar region:Amhara zone:Zone 4,dessie referral hospitalital woreda:Gondar region:Amhara zone:Zone 4
MFR_000092,hosaena health post,Oromia,DHIS2_000322,hosaena health post,Oromia,0.7846137285232544,hosaena health post woreda:Adama region:Oromia zone:Zone 2,hosaena health post woreda:Adama region:Oromia zone:Zone 4
MFR_000092,hosaena health post,Oromia,DHIS2_000063,hosaena health center,Oromia,0.7352391481399536,hosaena health post woreda:Adama region:Oromia zone:Zone 2,hosaena health center woreda:Adama region:Oromia zone:Zone 1
MFR_000093,nifas silk referral hospital,Amhara,DHIS2_000064,nifas silk hospital,Amhara,0.6557058095932007,nifas silk referral hospital woreda:Gondar region:Amhara zone:Zone 1,nifas silk hospital woreda:Bahir Dar region:Amhara zone:Zone 5
MFR_000093,nifas silk referral hospital,Amhara,DHIS2_000330,nifas silk health center,Amhara,0.667521595954895,nifas silk referral hospital woreda:Gondar region:Amhara zone:Zone 1,nifas silk health center woreda:Bahir Dar region:Amhara zone:Zone 2
MFR_000093,nifas silk referral hospital,Amhara,DHIS2_000455,nifas silk dispensary,Amhara,0.8819758296012878,nifas silk referral hospital woreda:Gondar region:Amhara zone:Zone 1,nifas silk dispensary woreda:Gondar region:Amhara zone:Zone 1
MFR_000093,nifas silk referral hospital,Amhara,DHIS2_000229,nifas silk health post,Amhara,0.6299377083778381,nifas silk referral hospital woreda:Gondar region:Amhara zone:Zone 1,nifas silk health post woreda:Mekelle region:Amhara zone:Zone 2
MFR_000093,nifas silk referral hospital,Amhara,DHIS2_000126,nifas silk clinic,Amhara,0.7487295866012573,nifas silk referral hospital woreda:Gondar region:Amhara zone:Zone 1,nifas silk clinic woreda:Dessie region:Amhara zone:Zone 1
MFR_000093,nifas silk referral hospital,Amhara,DHIS2_000028,nifas silk clinic,Amhara,0.6536411643028259,nifas silk referral hospital woreda:Gondar region:Amhara zone:Zone 1,nifas silk clinic woreda:Mekelle region:Amhara zone:Zone 4
MFR_000094,butajira health post,Oromia,DHIS2_000094,butajira health post,Oromia,0.9519587159156799,butajira health post woreda:Modjo region:Oromia zone:Zone 4,butajira health post woreda:Modjo region:Oromia zone:Zone 4
MFR_000094,butajira health post,Oromia,DHIS2_000398,butajir hospital,Oromia,0.41827768087387085,butajira health post woreda:Modjo region:Oromia zone:Zone 4,butajir hospital woreda:Dukem region:Oromia zone:Zone 2
MFR_000094,butajira health post,Oromia,DHIS2_000449,butajira clinic,Oromia,0.5465115904808044,butajira health post woreda:Modjo region:Oromia zone:Zone 4,butajira clinic woreda:Bishoftu region:Oromia zone:Zone 3
MFR_000094,butajira health post,Oromia,DHIS2_000099,butajira referral hospitalital,Oromia,0.549129843711853,butajira health post woreda:Modjo region:Oromia zone:Zone 4,butajira referral hospitalital woreda:Adama region:Oromia zone:Zone 5
MFR_000094,butajira health post,Oromia,DHIS2_000216,butajir dispensary,Oromia,0.38603538274765015,butajira health post woreda:Modjo region:Oromia zone:Zone 4,butajir dispensary woreda:Dukem region:Oromia zone:Zone 3
MFR_000095,bole health center,Amhara,DHIS2_000095,bole health center,Amhara,0.9655174016952515,bole health center woreda:Bahir Dar region:Amhara zone:Zone 5,bole health center woreda:Bahir Dar region:Amhara zone:Zone 5
MFR_000095,bole health center,Amhara,DHIS2_000109,bole health post,Amhara,0.5219060182571411,bole health center woreda:Bahir Dar region:Amhara zone:Zone 5,bole health post woreda:Mekelle region:Amhara zone:Zone 2
MFR_000095,bole health center,Amhara,DHIS2_000182,bole general hospital,Amhara,0.5147720575332642,bole health center woreda:Bahir Dar region:Amhara zone:Zone 5,bole general hospital woreda:Dessie region:Amhara zone:Zone 2
MFR_000095,bole health center,Amhara,DHIS2_000134,bole health post,Amhara,0.7324909567832947,bole health center woreda:Bahir Dar region:Amhara zone:Zone 5,bole health post woreda:Gondar region:Amhara zone:Zone 5
MFR_000096,dessie health post,Oromia,DHIS2_000407,duke health center,Oromia,0.3093595802783966,dessie health post woreda:Bishoftu region:Oromia zone:Zone 2,duke health center woreda:Dukem region:Oromia zone:Zone 2
MFR_000096,dessie health post,Oromia,DHIS2_000193,duke health post,Oromia,0.3040260374546051,dessie health post woreda:Bishoftu region:Oromia zone:Zone 2,duke health post woreda:Modjo region:Oromia zone:Zone 1
MFR_000096,dessie health post,Oromia,DHIS2_000319,dessie health post,Oromia,0.607938826084137,dessie health post woreda:Bishoftu region:Oromia zone:Zone 2,dessie health post woreda:Modjo region:Oromia zone:Zone 1
MFR_000096,dessie health post,Oromia,DHIS2_000096,dessi health post,Oromia,0.8877748847007751,dessie health post woreda:Bishoftu region:Oromia zone:Zone 2,dessi health post woreda:Bishoftu region:Oromia zone:Zone 2
MFR_000097,bole health center,Addis Ababa,DHIS2_000272,bol health center,Addis Ababa,0.7474185824394226,bole health center woreda:Kirkos region:Addis Ababa zone:Zone 3,bol health center woreda:Kirkos region:Addis Ababa zone:Zone 4
MFR_000097,bole health center,Addis Ababa,DHIS2_000266,bol health post,Addis Ababa,0.549414336681366,bole health center woreda:Kirkos region:Addis Ababa zone:Zone 3,bol health post woreda:Bole region:Addis Ababa zone:Zone 5
MFR_000097,bole health center,Addis Ababa,DHIS2_000006,bole general hospital,Addis Ababa,0.722363293170929,bole health center woreda:Kirkos region:Addis Ababa zone:Zone 3,bole general hospital woreda:Kirkos region:Addis Ababa zone:Zone 1
MFR_000097,bole health center,Addis Ababa,DHIS2_000429,bol health post,Addis Ababa,0.5458810329437256,bole health center woreda:Kirkos region:Addis Ababa zone:Zone 3,bol health post woreda:Bole region:Addis Ababa zone:Zone 1
MFR_000097,bole health center,Addis Ababa,DHIS2_000401,bol health post,Addis Ababa,0.7070093154907227,bole health center woreda:Kirkos region:Addis Ababa zone:Zone 3,bol health post woreda:Kirkos region:Addis Ababa zone:Zone 4
MFR_000097,bole health center,Addis Ababa,DHIS2_000097,bole health center,Addis Ababa,0.9678722023963928,bole health center woreda:Kirkos region:Addis Ababa zone:Zone 3,bole health center woreda:Kirkos region:Addis Ababa zone:Zone 3
MFR_000097,bole health center,Addis Ababa,DHIS2_000408,bole health post,Addis Ababa,0.5681390166282654,bole health center woreda:Kirkos region:Addis Ababa zone:Zone 3,bole health post woreda:Bole region:Addis Ababa zone:Zone 1
MFR_000097,bole health center,Addis Ababa,DHIS2_000054,bole health center,Addis Ababa,0.6384482383728027,bole health center woreda:Kirkos region:Addis Ababa zone:Zone 3,bole health center woreda:Nifas Silk region:Addis Ababa zone:Zone 4
MFR_000098,kirkos health center,Oromia,DHIS2_000452,kirkos health center,Oromia,0.6038709282875061,kirkos health center woreda:Adama region:Oromia zone:Zone 4,kirkos health center woreda:Dire Dawa region:Oromia zone:Zone 1
MFR_000098,kirkos health center,Oromia,DHIS2_000333,kirkos clinic,Oromia,0.7927009463310242,kirkos health center woreda:Adama region:Oromia zone:Zone 4,kirkos clinic woreda:Bishoftu region:Oromia zone:Zone 4
MFR_000098,kirkos health center,Oromia,DHIS2_000043,kirkos hospitalital,Oromia,0.5530766248703003,kirkos health center woreda:Adama region:Oromia zone:Zone 4,kirkos hospitalital woreda:Dukem region:Oromia zone:Zone 1
MFR_000098,kirkos health center,Oromia,DHIS2_000463,kirkos health post,Oromia,0.7904011607170105,kirkos health center woreda:Adama region:Oromia zone:Zone 4,kirkos health post woreda:Modjo region:Oromia zone:Zone 4
MFR_000098,kirkos health center,Oromia,DHIS2_000366,kirkos health center,Oromia,0.6038709282875061,kirkos health center woreda:Adama region:Oromia zone:Zone 4,kirkos health center woreda:Dire Dawa region:Oromia zone:Zone 1
MFR_000098,kirkos health center,Oromia,DHIS2_000197,kirko hospitalital,Oromia,0.6120101809501648,kirkos health center woreda:Adama region:Oromia zone:Zone 4,kirko hospitalital woreda:Dire Dawa region:Oromia zone:Zone 2
MFR_000098,kirkos health center,Oromia,DHIS2_000283,kirkos clinic,Oromia,0.7756649255752563,kirkos health center woreda:Adama region:Oromia zone:Zone 4,kirkos clinic woreda:Dukem region:Oromia zone:Zone 4
MFR_000099,butajira referral hospital,Oromia,DHIS2_000094,butajira health post,Oromia,0.5495029091835022,butajira referral hospital woreda:Adama region:Oromia zone:Zone 5,butajira health post woreda:Modjo region:Oromia zone:Zone 4
MFR_000099,butajira referral hospital,Oromia,DHIS2_000398,butajir hospital,Oromia,0.49252599477767944,butajira referral hospital woreda:Adama region:Oromia zone:Zone 5,butajir hospital woreda:Dukem region:Oromia zone:Zone 2
MFR_000099,butajira referral hospital,Oromia,DHIS2_000449,butajira clinic,Oromia,0.5826153755187988,butajira referral hospital woreda:Adama region:Oromia zone:Zone 5,butajira clinic woreda:Bishoftu region:Oromia zone:Zone 3
MFR_000099,butajira referral hospital,Oromia,DHIS2_000099,butajira referral hospitalital,Oromia,0.9507656097412109,butajira referral hospital woreda:Adama region:Oromia zone:Zone 5,butajira referral hospitalital woreda:Adama region:Oromia zone:Zone 5
MFR_000099,butajira referral hospital,Oromia,DHIS2_000216,butajir dispensary,Oromia,0.4097305238246918,butajira referral hospital woreda:Adama region:Oromia zone:Zone 5,butajir dispensary woreda:Dukem region:Oromia zone:Zone 3
MFR_000100,dire dawa hospital,Amhara,DHIS2_000267,dire dawa hospital,Amhara,0.8117304444313049,dire dawa hospital woreda:Dessie region:Amhara zone:Zone 4,dire dawa hospital woreda:Dessie region:Amhara zone:Zone 2
MFR_000100,dire dawa hospital,Amhara,DHIS2_000219,dire dawa general hospitalital,Amhara,0.675811231136322,dire dawa hospital woreda:Dessie region:Amhara zone:Zone 4,dire dawa general hospitalital woreda:Bahir Dar region:Amhara zone:Zone 5
MFR_000100,dire dawa hospital,Amhara,DHIS2_000164,dire dawa general hospitalital,Amhara,0.9709563255310059,dire dawa hospital woreda:Dessie region:Amhara zone:Zone 4,dire dawa general hospitalital woreda:Dessie region:Amhara zone:Zone 4
MFR_000100,dire dawa hospital,Amhara,DHIS2_000252,dir dawa general hospitalital,Amhara,0.6050503253936768,dire dawa hospital woreda:Dessie region:Amhara zone:Zone 4,dir dawa general hospitalital woreda:Gondar region:Amhara zone:Zone 5
MFR_000101,adama health center,Addis Ababa,DHIS2_000392,adam health post,Addis Ababa,0.5685892105102539,adama health center woreda:Kirkos region:Addis Ababa zone:Zone 1,adam health post woreda:Nifas Silk region:Addis Ababa zone:Zone 3
MFR_000101,adama health center,Addis Ababa,DHIS2_000101,adama health center,Addis Ababa,0.9889405369758606,adama health center woreda:Kirkos region:Addis Ababa zone:Zone 1,adama health center woreda:Kirkos region:Addis Ababa zone:Zone 1
MFR_000102,adama health center,Oromia,DHIS2_000069,adama health center,Oromia,0.7646888494491577,adama health center woreda:Adama region:Oromia zone:Zone 3,adama health center woreda:Adama region:Oromia zone:Zone 5
MFR_000102,adama health center,Oromia,DHIS2_000102,adama health center,Oromia,0.951108992099762,adama health center woreda:Adama region:Oromia zone:Zone 3,adama health center woreda:Adama region:Oromia zone:Zone 3
MFR_000102,adama health center,Oromia,DHIS2_000416,adama health post,Oromia,0.8874293565750122,adama health center woreda:Adama region:Oromia zone:Zone 3,adama health post woreda:Dukem region:Oromia zone:Zone 3
MFR_000102,adama health center,Oromia,DHIS2_000017,adama general hospitalital,Oromia,0.6671149730682373,adama health center woreda:Adama region:Oromia zone:Zone 3,adama general hospitalital woreda:Bishoftu region:Oromia zone:Zone 1
MFR_000102,adama health center,Oromia,DHIS2_000198,adam health center,Oromia,0.8938366770744324,adama health center woreda:Adama region:Oromia zone:Zone 3,adam health center woreda:Dukem region:Oromia zone:Zone 3
MFR_000103,hosaena health post,Oromia,DHIS2_000322,hosaena health post,Oromia,0.5929853916168213,hosaena health post woreda:Modjo region:Oromia zone:Zone 5,hosaena health post woreda:Adama region:Oromia zone:Zone 4
MFR_000103,hosaena health post,Oromia,DHIS2_000063,hosaena health center,Oromia,0.5082799792289734,hosaena health post woreda:Modjo region:Oromia zone:Zone 5,hosaena health center woreda:Adama region:Oromia zone:Zone 1
MFR_000104,hosaena health post,Amhara,DHIS2_000025,hosaena health center,Amhara,0.5715048909187317,hosaena health post woreda:Dessie region:Amhara zone:Zone 4,hosaena health center woreda:Mekelle region:Amhara zone:Zone 2
MFR_000104,hosaena health post,Amhara,DHIS2_000104,hosaena health post,Amhara,0.9392303824424744,hosaena health post woreda:Dessie region:Amhara zone:Zone 4,hosaena health post woreda:Dessie region:Amhara zone:Zone 4
MFR_000104,hosaena health post,Amhara,DHIS2_000303,hosaena health post,Amhara,0.638376772403717,hosaena health post woreda:Dessie region:Amhara zone:Zone 4,hosaena health post woreda:Gondar region:Amhara zone:Zone 5
MFR_000104,hosaena health post,Amhara,DHIS2_000062,hosaen health post,Amhara,0.7411618828773499,hosaena health post woreda:Dessie region:Amhara zone:Zone 4,hosaen health post woreda:Dessie region:Amhara zone:Zone 2
MFR_000105,kirkos health center,SNNPR,DHIS2_000080,kirkos health center,SNNPR,0.7203853726387024,kirkos health center woreda:Hosaena region:SNNPR zone:Zone 5,kirkos health center woreda:Hosaena region:SNNPR zone:Zone 1
MFR_000105,kirkos health center,SNNPR,DHIS2_000047,kirkos general hospitalital,SNNPR,0.6004889011383057,kirkos health center woreda:Hosaena region:SNNPR zone:Zone 5,kirkos general hospitalital woreda:Arba Minch region:SNNPR zone:Zone 2
MFR_000105,kirkos health center,SNNPR,DHIS2_000230,kirkos health center,SNNPR,0.7475289106369019,kirkos health center woreda:Hosaena region:SNNPR zone:Zone 5,kirkos health center woreda:Hawassa region:SNNPR zone:Zone 4
MFR_000105,kirkos health center,SNNPR,DHIS2_000009,kirkos health center,SNNPR,0.685541570186615,kirkos health center woreda:Hosaena region:SNNPR zone:Zone 5,kirkos health center woreda:Arba Minch region:SNNPR zone:Zone 4
MFR_000106,dessie health post,Addis Ababa,DHIS2_000010,dessie health center,Addis Ababa,0.9364026784896851,dessie health post woreda:Arada region:Addis Ababa zone:Zone 3,dessie health center woreda:Arada region:Addis Ababa zone:Zone 3
MFR_000106,dessie health post,Addis Ababa,DHIS2_000173,dessie hospital,Addis Ababa,0.7868645191192627,dessie health post woreda:Arada region:Addis Ababa zone:Zone 3,dessie hospital woreda:Bole region:Addis Ababa zone:Zone 3
MFR_000106,dessie health post,Addis Ababa,DHIS2_000302,dessie health center,Addis Ababa,0.643309473991394,dessie health post woreda:Arada region:Addis Ababa zone:Zone 3,dessie health center woreda:Addis Ketema region:Addis Ababa zone:Zone 1
MFR_000106,dessie health post,Addis Ababa,DHIS2_000471,dessi health post,Addis Ababa,0.5779157876968384,dessie health post woreda:Arada region:Addis Ababa zone:Zone 3,dessi health post woreda:Nifas Silk region:Addis Ababa zone:Zone 5
MFR_000106,dessie health post,Addis Ababa,DHIS2_000106,dessie health post,Addis Ababa,0.9713684320449829,dessie health post woreda:Arada region:Addis Ababa zone:Zone 3,dessie health post woreda:Arada region:Addis Ababa zone:Zone 3
MFR_000107,kirkos health post,Oromia,DHIS2_000452,kirkos health center,Oromia,0.6009339690208435,kirkos health post woreda:Modjo region:Oromia zone:Zone 2,kirkos health center woreda:Dire Dawa region:Oromia zone:Zone 1
MFR_000107,kirkos health post,Oromia,DHIS2_000333,kirkos clinic,Oromia,0.5737755298614502,kirkos health post woreda:Modjo region:Oromia zone:Zone 2,kirkos clinic woreda:Bishoftu region:Oromia zone:Zone 4
MFR_000107,kirkos health post,Oromia,DHIS2_000043,kirkos hospitalital,Oromia,0.5473297834396362,kirkos health post woreda:Modjo region:Oromia zone:Zone 2,kirkos hospitalital woreda:Dukem region:Oromia zone:Zone 1
MFR_000107,kirkos health post,Oromia,DHIS2_000463,kirkos health post,Oromia,0.8024951219558716,kirkos health post woreda:Modjo region:Oromia zone:Zone 2,kirkos health post woreda:Modjo region:Oromia zone:Zone 4
MFR_000107,kirkos health post,Oromia,DHIS2_000366,kirkos health center,Oromia,0.6009339690208435,kirkos health post woreda:Modjo region:Oromia zone:Zone 2,kirkos health center woreda:Dire Dawa region:Oromia zone:Zone 1
MFR_000107,kirkos health post,Oromia,DHIS2_000197,kirko hospitalital,Oromia,0.7447075247764587,kirkos health post woreda:Modjo region:Oromia zone:Zone 2,kirko hospitalital woreda:Dire Dawa region:Oromia zone:Zone 2
MFR_000107,kirkos health post,Oromia,DHIS2_000283,kirkos clinic,Oromia,0.5489429831504822,kirkos health post woreda:Modjo region:Oromia zone:Zone 2,kirkos clinic woreda:Dukem region:Oromia zone:Zone 4
MFR_000108,dukem clinic,Oromia,DHIS2_000269,dukem general hospital,Oromia,0.5872722268104553,dukem clinic woreda:Bishoftu region:Oromia zone:Zone 4,dukem general hospital woreda:Dire Dawa region:Oromia zone:Zone 2
MFR_000108,dukem clinic,Oromia,DHIS2_000193,duke health post,Oromia,0.43308794498443604,dukem clinic woreda:Bishoftu region:Oromia zone:Zone 4,duke health post woreda:Modjo region:Oromia zone:Zone 1
MFR_000108,dukem clinic,Oromia,DHIS2_000108,dukem clinic,Oromia,0.9556655287742615,dukem clinic woreda:Bishoftu region:Oromia zone:Zone 4,dukem clinic woreda:Bishoftu region:Oromia zone:Zone 4
MFR_000109,bole health post,Amhara,DHIS2_000095,bole health center,Amhara,0.5592762231826782,bole health post woreda:Mekelle region:Amhara zone:Zone 2,bole health center woreda:Bahir Dar region:Amhara zone:Zone 5
MFR_000109,bole health post,Amhara,DHIS2_000109,bole health post,Amhara,0.9376115798950195,bole health post woreda:Mekelle region:Amhara zone:Zone 2,bole health post woreda:Mekelle region:Amhara zone:Zone 2
MFR_000109,bole health post,Amhara,DHIS2_000134,bole health post,Amhara,0.6144401431083679,bole health post woreda:Mekelle region:Amhara zone:Zone 2,bole health post woreda:Gondar region:Amhara zone:Zone 5
MFR_000110,dessie clinic,SNNPR,DHIS2_000110,dessi clinic,SNNPR,0.8996503353118896,dessie clinic woreda:Butajira region:SNNPR zone:Zone 5,dessi clinic woreda:Butajira region:SNNPR zone:Zone 5
MFR_000110,dessie clinic,SNNPR,DHIS2_000475,dessie dispensary,SNNPR,0.5262665748596191,dessie clinic woreda:Butajira region:SNNPR zone:Zone 5,dessie dispensary woreda:Hosaena region:SNNPR zone:Zone 2
MFR_000110,dessie clinic,SNNPR,DHIS2_000458,dessi referral hospital,SNNPR,0.5977491736412048,dessie clinic woreda:Butajira region:SNNPR zone:Zone 5,dessi referral hospital woreda:Hawassa region:SNNPR zone:Zone 5
MFR_000111,bole referral hospital,SNNPR,DHIS2_000111,bol referral hospitalital,SNNPR,0.8702011704444885,bole referral hospital woreda:Hosaena region:SNNPR zone:Zone 3,bol referral hospitalital woreda:Hosaena region:SNNPR zone:Zone 3
MFR_000111,bole referral hospital,SNNPR,DHIS2_000354,bol referral hospital,SNNPR,0.6902803182601929,bole referral hospital woreda:Hosaena region:SNNPR zone:Zone 3,bol referral hospital woreda:Hosaena region:SNNPR zone:Zone 5
MFR_000111,bole referral hospital,SNNPR,DHIS2_000306,bole hospital,SNNPR,0.8791264295578003,bole referral hospital woreda:Hosaena region:SNNPR zone:Zone 3,bole hospital woreda:Hosaena region:SNNPR zone:Zone 3
MFR_000112,kirkos dispensary,Addis Ababa,DHIS2_000074,kirkos health post,Addis Ababa,0.5567723512649536,kirkos dispensary woreda:Bole region:Addis Ababa zone:Zone 4,kirkos health post woreda:Arada region:Addis Ababa zone:Zone 3
MFR_000112,kirkos dispensary,Addis Ababa,DHIS2_000077,kirkos health center,Addis Ababa,0.5679882168769836,kirkos dispensary woreda:Bole region:Addis Ababa zone:Zone 4,kirkos health center woreda:Arada region:Addis Ababa zone:Zone 2
MFR_000112,kirkos dispensary,Addis Ababa,DHIS2_000034,kirkos referral hospitalital,Addis Ababa,0.5058150291442871,kirkos dispensary woreda:Bole region:Addis Ababa zone:Zone 4,kirkos referral hospitalital woreda:Lideta region:Addis Ababa zone:Zone 1
MFR_000112,kirkos dispensary,Addis Ababa,DHIS2_000228,kirkos health post,Addis Ababa,0.5039873123168945,kirkos dispensary woreda:Bole region:Addis Ababa zone:Zone 4,kirkos health post woreda:Lideta region:Addis Ababa zone:Zone 1
MFR_000112,kirkos dispensary,Addis Ababa,DHIS2_000112,kirkos dispensary,Addis Ababa,0.9503417015075684,kirkos dispensary woreda:Bole region:Addis Ababa zone:Zone 4,kirkos dispensary woreda:Bole region:Addis Ababa zone:Zone 4
MFR_000112,kirkos dispensary,Addis Ababa,DHIS2_000396,kirkos health center,Addis Ababa,0.7242060899734497,kirkos dispensary woreda:Bole region:Addis Ababa zone:Zone 4,kirkos health center woreda:Bole region:Addis Ababa zone:Zone 5
MFR_000113,nifas silk health center,SNNPR,DHIS2_000076,nifas silk health post,SNNPR,0.7729763388633728,nifas silk health center woreda:Butajira region:SNNPR zone:Zone 3,nifas silk health post woreda:Hosaena region:SNNPR zone:Zone 3
MFR_000113,nifas silk health center,SNNPR,DHIS2_000030,nifas silk health post,SNNPR,0.5803009271621704,nifas silk health center woreda:Butajira region:SNNPR zone:Zone 3,nifas silk health post woreda:Hosaena region:SNNPR zone:Zone 1
MFR_000113,nifas silk health center,SNNPR,DHIS2_000113,nifas silk health center,SNNPR,0.9287598133087158,nifas silk health center woreda:Butajira region:SNNPR zone:Zone 3,nifas silk health center woreda:Butajira region:SNNPR zone:Zone 3
MFR_000113,nifas silk health center,SNNPR,DHIS2_000426,nifas silk dispensary,SNNPR,0.7403847575187683,nifas silk health center woreda:Butajira region:SNNPR zone:Zone 3,nifas silk dispensary woreda:Butajira region:SNNPR zone:Zone 2
MFR_000114,dire dawa referral hospital,Amhara,DHIS2_000114,dire dawa referral hospital,Amhara,0.9647036790847778,dire dawa referral hospital woreda:Gondar region:Amhara zone:Zone 1,dire dawa referral hospital woreda:Gondar region:Amhara zone:Zone 1
MFR_000115,nifas silk health center,Addis Ababa,DHIS2_000415,nifas silk clinic,Addis Ababa,0.926904022693634,nifas silk health center woreda:Nifas Silk region:Addis Ababa zone:Zone 4,nifas silk clinic woreda:Nifas Silk region:Addis Ababa zone:Zone 4
MFR_000115,nifas silk health center,Addis Ababa,DHIS2_000115,nifas silk health center,Addis Ababa,0.9441250562667847,nifas silk health center woreda:Nifas Silk region:Addis Ababa zone:Zone 4,nifas silk health center woreda:Nifas Silk region:Addis Ababa zone:Zone 4
MFR_000115,nifas silk health center,Addis Ababa,DHIS2_000470,nifas silk health center,Addis Ababa,0.7493473291397095,nifas silk health center woreda:Nifas Silk region:Addis Ababa zone:Zone 4,nifas silk health center woreda:Arada region:Addis Ababa zone:Zone 3
MFR_000115,nifas silk health center,Addis Ababa,DHIS2_000191,nifas silk dispensary,Addis Ababa,0.6424615383148193,nifas silk health center woreda:Nifas Silk region:Addis Ababa zone:Zone 4,nifas silk dispensary woreda:Arada region:Addis Ababa zone:Zone 1
MFR_000116,hosaena health center,Addis Ababa,DHIS2_000357,hosaena health center,Addis Ababa,0.8103351593017578,hosaena health center woreda:Bole region:Addis Ababa zone:Zone 3,hosaena health center woreda:Arada region:Addis Ababa zone:Zone 3
MFR_000116,hosaena health center,Addis Ababa,DHIS2_000169,hosaena general hospitalital,Addis Ababa,0.7346416711807251,hosaena health center woreda:Bole region:Addis Ababa zone:Zone 3,hosaena general hospitalital woreda:Bole region:Addis Ababa zone:Zone 4
MFR_000116,hosaena health center,Addis Ababa,DHIS2_000116,hosaena health center,Addis Ababa,0.9517030119895935,hosaena health center woreda:Bole region:Addis Ababa zone:Zone 3,hosaena health center woreda:Bole region:Addis Ababa zone:Zone 3
MFR_000117,dessie health center,Amhara,DHIS2_000451,dessie health center,Amhara,0.8811997175216675,dessie health center woreda:Dessie region:Amhara zone:Zone 1,dessie health center woreda:Gondar region:Amhara zone:Zone 2
MFR_000117,dessie health center,Amhara,DHIS2_000117,dessie health center,Amhara,0.9713190197944641,dessie health center woreda:Dessie region:Amhara zone:Zone 1,dessie health center woreda:Dessie region:Amhara zone:Zone 1
MFR_000117,dessie health center,Amhara,DHIS2_000159,dessi health center,Amhara,0.7639563679695129,dessie health center woreda:Dessie region:Amhara zone:Zone 1,dessi health center woreda:Gondar region:Amhara zone:Zone 3
MFR_000117,dessie health center,Amhara,DHIS2_000450,duke health center,Amhara,0.6604131460189819,dessie health center woreda:Dessie region:Amhara zone:Zone 1,duke health center woreda:Gondar region:Amhara zone:Zone 2
MFR_000117,dessie health center,Amhara,DHIS2_000082,dessie health post,Amhara,0.805925726890564,dessie health center woreda:Dessie region:Amhara zone:Zone 1,dessie health post woreda:Dessie region:Amhara zone:Zone 5
MFR_000117,dessie health center,Amhara,DHIS2_000285,dessie health center,Amhara,0.9553889036178589,dessie health center woreda:Dessie region:Amhara zone:Zone 1,dessie health center woreda:Bahir Dar region:Amhara zone:Zone 1
MFR_000117,dessie health center,Amhara,DHIS2_000042,dessie health center,Amhara,0.8295714855194092,dessie health center woreda:Dessie region:Amhara zone:Zone 1,dessie health center woreda:Mekelle region:Amhara zone:Zone 3
MFR_000117,dessie health center,Amhara,DHIS2_000227,dessie general hospital,Amhara,0.8084918260574341,dessie health center woreda:Dessie region:Amhara zone:Zone 1,dessie general hospital woreda:Dessie region:Amhara zone:Zone 4
MFR_000117,dessie health center,Amhara,DHIS2_000489,dessie health post,Amhara,0.8329945206642151,dessie health center woreda:Dessie region:Amhara zone:Zone 1,dessie health post woreda:Bahir Dar region:Amhara zone:Zone 2
MFR_000118,hawassa referral hospital,Oromia,DHIS2_000118,hawassa referral hospital,Oromia,0.9452078342437744,hawassa referral hospital woreda:Dukem region:Oromia zone:Zone 4,hawassa referral hospital woreda:Dukem region:Oromia zone:Zone 4
MFR_000118,hawassa referral hospital,Oromia,DHIS2_000328,hawass referral hospital,Oromia,0.5882691144943237,hawassa referral hospital woreda:Dukem region:Oromia zone:Zone 4,hawass referral hospital woreda:Dire Dawa region:Oromia zone:Zone 1
MFR_000119,hosaena general hospital,Amhara,DHIS2_000378,hosaena dispensary,Amhara,0.6902051568031311,hosaena general hospital woreda:Bahir Dar region:Amhara zone:Zone 2,hosaena dispensary woreda:Bahir Dar region:Amhara zone:Zone 5
MFR_000119,hosaena general hospital,Amhara,DHIS2_000480,hosaena clinic,Amhara,0.8994218707084656,hosaena general hospital woreda:Bahir Dar region:Amhara zone:Zone 2,hosaena clinic woreda:Bahir Dar region:Amhara zone:Zone 2
MFR_000119,hosaena general hospital,Amhara,DHIS2_000119,hosaena general hospitalital,Amhara,0.9143626689910889,hosaena general hospital woreda:Bahir Dar region:Amhara zone:Zone 2,hosaena general hospitalital woreda:Bahir Dar region:Amhara zone:Zone 2
MFR_000120,hawassa general hospital,Oromia,DHIS2_000145,hawassa general hospital,Oromia,0.7656452655792236,hawassa general hospital woreda:Bishoftu region:Oromia zone:Zone 3,hawassa general hospital woreda:Dukem region:Oromia zone:Zone 3
MFR_000120,hawassa general hospital,Oromia,DHIS2_000120,hawassa general hospital,Oromia,0.9383475184440613,hawassa general hospital woreda:Bishoftu region:Oromia zone:Zone 3,hawassa general hospital woreda:Bishoftu region:Oromia zone:Zone 3
MFR_000121,adama hospital,Addis Ababa,DHIS2_000209,adama hospital,Addis Ababa,0.6834409236907959,adama hospital woreda:Lideta region:Addis Ababa zone:Zone 2,adama hospital woreda:Kirkos region:Addis Ababa zone:Zone 3
MFR_000121,adama hospital,Addis Ababa,DHIS2_000121,adam hospitalital,Addis Ababa,0.9514423608779907,adama hospital woreda:Lideta region:Addis Ababa zone:Zone 2,adam hospitalital woreda:Lideta region:Addis Ababa zone:Zone 2
MFR_000122,gondar clinic,Amhara,DHIS2_000466,gonda referral hospital,Amhara,0.6904095411300659,gondar clinic woreda:Mekelle region:Amhara zone:Zone 5,gonda referral hospital woreda:Bahir Dar region:Amhara zone:Zone 5
MFR_000122,gondar clinic,Amhara,DHIS2_000020,gondar general hospitalital,Amhara,0.6978393197059631,gondar clinic woreda:Mekelle region:Amhara zone:Zone 5,gondar general hospitalital woreda:Mekelle region:Amhara zone:Zone 3
MFR_000122,gondar clinic,Amhara,DHIS2_000178,gondar referral hospitalital,Amhara,0.5321786403656006,gondar clinic woreda:Mekelle region:Amhara zone:Zone 5,gondar referral hospitalital woreda:Bahir Dar region:Amhara zone:Zone 2
MFR_000122,gondar clinic,Amhara,DHIS2_000488,gondar clinic,Amhara,0.6495487093925476,gondar clinic woreda:Mekelle region:Amhara zone:Zone 5,gondar clinic woreda:Gondar region:Amhara zone:Zone 4
MFR_000122,gondar clinic,Amhara,DHIS2_000029,gondar health post,Amhara,0.6824673414230347,gondar clinic woreda:Mekelle region:Amhara zone:Zone 5,gondar health post woreda:Mekelle region:Amhara zone:Zone 2
MFR_000123,hosaena general hospital,Oromia,DHIS2_000123,hosaena general hospital,Oromia,0.9487055540084839,hosaena general hospital woreda:Dukem region:Oromia zone:Zone 4,hosaena general hospital woreda:Dukem region:Oromia zone:Zone 4
MFR_000123,hosaena general hospital,Oromia,DHIS2_000261,hosaena clinic,Oromia,0.5658867359161377,hosaena general hospital woreda:Dukem region:Oromia zone:Zone 4,hosaena clinic woreda:Modjo region:Oromia zone:Zone 3
MFR_000124,hawassa health center,Amhara,DHIS2_000395,hawass health center,Amhara,0.6444891691207886,hawassa health center woreda:Dessie region:Amhara zone:Zone 2,hawass health center woreda:Bahir Dar region:Amhara zone:Zone 3
MFR_000124,hawassa health center,Amhara,DHIS2_000325,hawassa health center,Amhara,0.8103412389755249,hawassa health center woreda:Dessie region:Amhara zone:Zone 2,hawassa health center woreda:Dessie region:Amhara zone:Zone 4
MFR_000124,hawassa health center,Amhara,DHIS2_000124,hawass health center,Amhara,0.933979868888855,hawassa health center woreda:Dessie region:Amhara zone:Zone 2,hawass health center woreda:Dessie region:Amhara zone:Zone 2
MFR_000125,bole hospital,Oromia,DHIS2_000125,bole hospital,Oromia,0.9707746505737305,bole hospital woreda:Bishoftu region:Oromia zone:Zone 4,bole hospital woreda:Bishoftu region:Oromia zone:Zone 4
MFR_000126,nifas silk clinic,Amhara,DHIS2_000064,nifas silk hospital,Amhara,0.6529988050460815,nifas silk clinic woreda:Dessie region:Amhara zone:Zone 1,nifas silk hospital woreda:Bahir Dar region:Amhara zone:Zone 5
MFR_000126,nifas silk clinic,Amhara,DHIS2_000330,nifas silk health center,Amhara,0.6898800730705261,nifas silk clinic woreda:Dessie region:Amhara zone:Zone 1,nifas silk health center woreda:Bahir Dar region:Amhara zone:Zone 2
MFR_000126,nifas silk clinic,Amhara,DHIS2_000455,nifas silk dispensary,Amhara,0.7684104442596436,nifas silk clinic woreda:Dessie region:Amhara zone:Zone 1,nifas silk dispensary woreda:Gondar region:Amhara zone:Zone 1
MFR_000126,nifas silk clinic,Amhara,DHIS2_000093,nifa silk referral hospital,Amhara,0.7594985961914062,nifas silk clinic woreda:Dessie region:Amhara zone:Zone 1,nifa silk referral hospital woreda:Gondar region:Amhara zone:Zone 1
MFR_000126,nifas silk clinic,Amhara,DHIS2_000229,nifas silk health post,Amhara,0.6707366704940796,nifas silk clinic woreda:Dessie region:Amhara zone:Zone 1,nifas silk health post woreda:Mekelle region:Amhara zone:Zone 2
MFR_000126,nifas silk clinic,Amhara,DHIS2_000126,nifas silk clinic,Amhara,0.9550477862358093,nifas silk clinic woreda:Dessie region:Amhara zone:Zone 1,nifas silk clinic woreda:Dessie region:Amhara zone:Zone 1
MFR_000126,nifas silk clinic,Amhara,DHIS2_000028,nifas silk clinic,Amhara,0.6947253346443176,nifas silk clinic woreda:Dessie region:Amhara zone:Zone 1,nifas silk clinic woreda:Mekelle region:Amhara zone:Zone 4
MFR_000127,gondar dispensary,Oromia,DHIS2_000337,gondar hospitalital,Oromia,0.759745180606842,gondar dispensary woreda:Adama region:Oromia zone:Zone 3,gondar hospitalital woreda:Dire Dawa region:Oromia zone:Zone 3
MFR_000127,gondar dispensary,Oromia,DHIS2_000057,gondar health post,Oromia,0.5234529376029968,gondar dispensary woreda:Adama region:Oromia zone:Zone 3,gondar health post woreda:Bishoftu region:Oromia zone:Zone 4
MFR_000127,gondar dispensary,Oromia,DHIS2_000127,gondar dispensary,Oromia,0.9165313839912415,gondar dispensary woreda:Adama region:Oromia zone:Zone 3,gondar dispensary woreda:Adama region:Oromia zone:Zone 3
MFR_000127,gondar dispensary,Oromia,DHIS2_000180,gondar health center,Oromia,0.7027944922447205,gondar dispensary woreda:Adama region:Oromia zone:Zone 3,gondar health center woreda:Dukem region:Oromia zone:Zone 3
MFR_000127,gondar dispensary,Oromia,DHIS2_000234,gondar health post,Oromia,0.45960548520088196,gondar dispensary woreda:Adama region:Oromia zone:Zone 3,gondar health post woreda:Dukem region:Oromia zone:Zone 5
MFR_000128,dukem health center,Amhara,DHIS2_000024,dukem health post,Amhara,0.5693433880805969,dukem health center woreda:Dessie region:Amhara zone:Zone 4,dukem health post woreda:Gondar region:Amhara zone:Zone 1
MFR_000128,dukem health center,Amhara,DHIS2_000008,dukem health post,Amhara,0.9368835687637329,dukem health center woreda:Dessie region:Amhara zone:Zone 4,dukem health post woreda:Dessie region:Amhara zone:Zone 4
MFR_000128,dukem health center,Amhara,DHIS2_000128,dukem health center,Amhara,0.956803023815155,dukem health center woreda:Dessie region:Amhara zone:Zone 4,dukem health center woreda:Dessie region:Amhara zone:Zone 4
MFR_000129,addis ababa hospital,SNNPR,DHIS2_000085,addis ababa clinic,SNNPR,0.8535716533660889,addis ababa hospital woreda:Hosaena region:SNNPR zone:Zone 2,addis ababa clinic woreda:Arba Minch region:SNNPR zone:Zone 2
MFR_000129,addis ababa hospital,SNNPR,DHIS2_000061,addis ababa general hospital,SNNPR,0.7570034265518188,addis ababa hospital woreda:Hosaena region:SNNPR zone:Zone 2,addis ababa general hospital woreda:Arba Minch region:SNNPR zone:Zone 3
MFR_000129,addis ababa hospital,SNNPR,DHIS2_000066,addis ababa hospitalital,SNNPR,0.7575684785842896,addis ababa hospital woreda:Hosaena region:SNNPR zone:Zone 2,addis ababa hospitalital woreda:Butajira region:SNNPR zone:Zone 3
MFR_000129,addis ababa hospital,SNNPR,DHIS2_000179,addis ababa dispensary,SNNPR,0.8759027719497681,addis ababa hospital woreda:Hosaena region:SNNPR zone:Zone 2,addis ababa dispensary woreda:Hawassa region:SNNPR zone:Zone 2
MFR_000129,addis ababa hospital,SNNPR,DHIS2_000129,addis ababa hospital,SNNPR,0.9351143836975098,addis ababa hospital woreda:Hosaena region:SNNPR zone:Zone 2,addis ababa hospital woreda:Hosaena region:SNNPR zone:Zone 2
MFR_000129,addis ababa hospital,SNNPR,DHIS2_000213,addis ababa health post,SNNPR,0.8925840258598328,addis ababa hospital woreda:Hosaena region:SNNPR zone:Zone 2,addis ababa health post woreda:Hosaena region:SNNPR zone:Zone 2
MFR_000129,addis ababa hospital,SNNPR,DHIS2_000296,addis ababa general hospitalital,SNNPR,0.7196864485740662,addis ababa hospital woreda:Hosaena region:SNNPR zone:Zone 2,addis ababa general hospitalital woreda:Butajira region:SNNPR zone:Zone 4
MFR_000130,adama referral hospital,Addis Ababa,DHIS2_000209,adama hospital,Addis Ababa,0.469637006521225,adama referral hospital woreda:Nifas Silk region:Addis Ababa zone:Zone 5,adama hospital woreda:Kirkos region:Addis Ababa zone:Zone 3
MFR_000130,adama referral hospital,Addis Ababa,DHIS2_000130,adama referral hospitalital,Addis Ababa,0.9588419198989868,adama referral hospital woreda:Nifas Silk region:Addis Ababa zone:Zone 5,adama referral hospitalital woreda:Nifas Silk region:Addis Ababa zone:Zone 5
MFR_000131,addis ababa hospital,SNNPR,DHIS2_000085,addis ababa clinic,SNNPR,0.6578980684280396,addis ababa hospital woreda:Hawassa region:SNNPR zone:Zone 4,addis ababa clinic woreda:Arba Minch region:SNNPR zone:Zone 2
MFR_000131,addis ababa hospital,SNNPR,DHIS2_000061,addis ababa general hospital,SNNPR,0.680901050567627,addis ababa hospital woreda:Hawassa region:SNNPR zone:Zone 4,addis ababa general hospital woreda:Arba Minch region:SNNPR zone:Zone 3
MFR_000131,addis ababa hospital,SNNPR,DHIS2_000066,addis ababa hospitalital,SNNPR,0.7020331621170044,addis ababa hospital woreda:Hawassa region:SNNPR zone:Zone 4,addis ababa hospitalital woreda:Butajira region:SNNPR zone:Zone 3
MFR_000131,addis ababa hospital,SNNPR,DHIS2_000179,addis ababa dispensary,SNNPR,0.7344558835029602,addis ababa hospital woreda:Hawassa region:SNNPR zone:Zone 4,addis ababa dispensary woreda:Hawassa region:SNNPR zone:Zone 2
MFR_000131,addis ababa hospital,SNNPR,DHIS2_000129,addis ababa hospital,SNNPR,0.7186521291732788,addis ababa hospital woreda:Hawassa region:SNNPR zone:Zone 4,addis ababa hospital woreda:Hosaena region:SNNPR zone:Zone 2
MFR_000131,addis ababa hospital,SNNPR,DHIS2_000213,addis ababa health post,SNNPR,0.6600713729858398,addis ababa hospital woreda:Hawassa region:SNNPR zone:Zone 4,addis ababa health post woreda:Hosaena region:SNNPR zone:Zone 2
MFR_000131,addis ababa hospital,SNNPR,DHIS2_000296,addis ababa general hospitalital,SNNPR,0.8540769219398499,addis ababa hospital woreda:Hawassa region:SNNPR zone:Zone 4,addis ababa general hospitalital woreda:Butajira region:SNNPR zone:Zone 4
MFR_000132,dire dawa hospital,Oromia,DHIS2_000409,dire dawa health post,Oromia,0.893018364906311,dire dawa hospital woreda:Adama region:Oromia zone:Zone 3,dire dawa health post woreda:Adama region:Oromia zone:Zone 3
MFR_000132,dire dawa hospital,Oromia,DHIS2_000462,dir dawa general hospitalital,Oromia,0.6388953328132629,dire dawa hospital woreda:Adama region:Oromia zone:Zone 3,dir dawa general hospitalital woreda:Dire Dawa region:Oromia zone:Zone 1
MFR_000132,dire dawa hospital,Oromia,DHIS2_000132,dire dawa hospitalital,Oromia,0.9499366879463196,dire dawa hospital woreda:Adama region:Oromia zone:Zone 3,dire dawa hospitalital woreda:Adama region:Oromia zone:Zone 3
MFR_000132,dire dawa hospital,Oromia,DHIS2_000026,dire dawa general hospitalital,Oromia,0.6737857460975647,dire dawa hospital woreda:Adama region:Oromia zone:Zone 3,dire dawa general hospitalital woreda:Dukem region:Oromia zone:Zone 4
MFR_000133,nifas silk health center,Oromia,DHIS2_000070,nifas silk health center,Oromia,0.7626504898071289,nifas silk health center woreda:Modjo region:Oromia zone:Zone 1,nifas silk health center woreda:Dire Dawa region:Oromia zone:Zone 2
MFR_000133,nifas silk health center,Oromia,DHIS2_000181,nifas silk dispensary,Oromia,0.8383142948150635,nifas silk health center woreda:Modjo region:Oromia zone:Zone 1,nifas silk dispensary woreda:Modjo region:Oromia zone:Zone 2
MFR_000133,nifas silk health center,Oromia,DHIS2_000479,nifas silk referral hospital,Oromia,0.7191329002380371,nifas silk health center woreda:Modjo region:Oromia zone:Zone 1,nifas silk referral hospital woreda:Bishoftu region:Oromia zone:Zone 2
MFR_000133,nifas silk health center,Oromia,DHIS2_000350,nifas silk referral hospital,Oromia,0.6438450813293457,nifas silk health center woreda:Modjo region:Oromia zone:Zone 1,nifas silk referral hospital woreda:Dukem region:Oromia zone:Zone 5
MFR_000133,nifas silk health center,Oromia,DHIS2_000380,nifas silk dispensary,Oromia,0.7685176730155945,nifas silk health center woreda:Modjo region:Oromia zone:Zone 1,nifas silk dispensary woreda:Bishoftu region:Oromia zone:Zone 1
MFR_000133,nifas silk health center,Oromia,DHIS2_000435,nifas silk health center,Oromia,0.7269952297210693,nifas silk health center woreda:Modjo region:Oromia zone:Zone 1,nifas silk health center woreda:Dukem region:Oromia zone:Zone 2
MFR_000134,bole health post,Amhara,DHIS2_000095,bole health center,Amhara,0.7834700345993042,bole health post woreda:Gondar region:Amhara zone:Zone 5,bole health center woreda:Bahir Dar region:Amhara zone:Zone 5
MFR_000134,bole health post,Amhara,DHIS2_000109,bole health post,Amhara,0.6074797511100769,bole health post woreda:Gondar region:Amhara zone:Zone 5,bole health post woreda:Mekelle region:Amhara zone:Zone 2
MFR_000134,bole health post,Amhara,DHIS2_000134,bole health post,Amhara,0.9485635757446289,bole health post woreda:Gondar region:Amhara zone:Zone 5,bole health post woreda:Gondar region:Amhara zone:Zone 5
MFR_000135,dukem health center,SNNPR,DHIS2_000140,dukem general hospital,SNNPR,0.7295089364051819,dukem health center woreda:Hawassa region:SNNPR zone:Zone 1,dukem general hospital woreda:Butajira region:SNNPR zone:Zone 5
MFR_000135,dukem health center,SNNPR,DHIS2_000365,dukem health center,SNNPR,0.7734161019325256,dukem health center woreda:Hawassa region:SNNPR zone:Zone 1,dukem health center woreda:Butajira region:SNNPR zone:Zone 5
MFR_000135,dukem health center,SNNPR,DHIS2_000052,dukem health center,SNNPR,0.8105577826499939,dukem health center woreda:Hawassa region:SNNPR zone:Zone 1,dukem health center woreda:Hosaena region:SNNPR zone:Zone 2
MFR_000136,adama general hospital,Oromia,DHIS2_000017,adama general hospitalital,Oromia,0.596866250038147,adama general hospital woreda:Dukem region:Oromia zone:Zone 3,adama general hospitalital woreda:Bishoftu region:Oromia zone:Zone 1
MFR_000136,adama general hospital,Oromia,DHIS2_000393,adama general hospital,Oromia,0.7423626184463501,adama general hospital woreda:Dukem region:Oromia zone:Zone 3,adama general hospital woreda:Adama region:Oromia zone:Zone 3
MFR_000136,adama general hospital,Oromia,DHIS2_000005,adam general hospital,Oromia,0.5831948518753052,adama general hospital woreda:Dukem region:Oromia zone:Zone 3,adam general hospital woreda:Dire Dawa region:Oromia zone:Zone 1
MFR_000136,adama general hospital,Oromia,DHIS2_000172,adam clinic,Oromia,0.5872507095336914,adama general hospital woreda:Dukem region:Oromia zone:Zone 3,adam clinic woreda:Adama region:Oromia zone:Zone 4
MFR_000136,adama general hospital,Oromia,DHIS2_000136,adam general hospitalital,Oromia,0.9091352820396423,adama general hospital woreda:Dukem region:Oromia zone:Zone 3,adam general hospitalital woreda:Dukem region:Oromia zone:Zone 3
MFR_000137,bahir dar health post,SNNPR,DHIS2_000279,bahir dar general hospitalital,SNNPR,0.823938250541687,bahir dar health post woreda:Hosaena region:SNNPR zone:Zone 1,bahir dar general hospitalital woreda:Hosaena region:SNNPR zone:Zone 2
MFR_000137,bahir dar health post,SNNPR,DHIS2_000465,bahir dar health center,SNNPR,0.8544550538063049,bahir dar health post woreda:Hosaena region:SNNPR zone:Zone 1,bahir dar health center woreda:Hosaena region:SNNPR zone:Zone 2
MFR_000137,bahir dar health post,SNNPR,DHIS2_000137,bahir dar health post,SNNPR,0.9576918482780457,bahir dar health post woreda:Hosaena region:SNNPR zone:Zone 1,bahir dar health post woreda:Hosaena region:SNNPR zone:Zone 1
MFR_000137,bahir dar health post,SNNPR,DHIS2_000485,bahir dar general hospitalital,SNNPR,0.7427123188972473,bahir dar health post woreda:Hosaena region:SNNPR zone:Zone 1,bahir dar general hospitalital woreda:Arba Minch region:SNNPR zone:Zone 2
MFR_000137,bahir dar health post,SNNPR,DHIS2_000268,bahir dar dispensary,SNNPR,0.6708380579948425,bahir dar health post woreda:Hosaena region:SNNPR zone:Zone 1,bahir dar dispensary woreda:Arba Minch region:SNNPR zone:Zone 5
MFR_000138,bahir dar clinic,Addis Ababa,DHIS2_000138,bahir dar clinic,Addis Ababa,0.9906147122383118,bahir dar clinic woreda:Bole region:Addis Ababa zone:Zone 5,bahir dar clinic woreda:Bole region:Addis Ababa zone:Zone 5
MFR_000138,bahir dar clinic,Addis Ababa,DHIS2_000177,bahir dar referral hospitalital,Addis Ababa,0.7107835412025452,bahir dar clinic woreda:Bole region:Addis Ababa zone:Zone 5,bahir dar referral hospitalital woreda:Bole region:Addis Ababa zone:Zone 1
MFR_000138,bahir dar clinic,Addis Ababa,DHIS2_000256,bahir dar health center,Addis Ababa,0.6097904443740845,bahir dar clinic woreda:Bole region:Addis Ababa zone:Zone 5,bahir dar health center woreda:Arada region:Addis Ababa zone:Zone 1
MFR_000138,bahir dar clinic,Addis Ababa,DHIS2_000290,bahir dar health center,Addis Ababa,0.6432722806930542,bahir dar clinic woreda:Bole region:Addis Ababa zone:Zone 5,bahir dar health center woreda:Kirkos region:Addis Ababa zone:Zone 4
MFR_000138,bahir dar clinic,Addis Ababa,DHIS2_000341,bahir dar hospital,Addis Ababa,0.663028359413147,bahir dar clinic woreda:Bole region:Addis Ababa zone:Zone 5,bahir dar hospital woreda:Lideta region:Addis Ababa zone:Zone 4
MFR_000138,bahir dar clinic,Addis Ababa,DHIS2_000312,bahir dar health post,Addis Ababa,0.7985500693321228,bahir dar clinic woreda:Bole region:Addis Ababa zone:Zone 5,bahir dar health post woreda:Lideta region:Addis Ababa zone:Zone 5
MFR_000138,bahir dar clinic,Addis Ababa,DHIS2_000447,bahir dar health center,Addis Ababa,0.61240553855896,bahir dar clinic woreda:Bole region:Addis Ababa zone:Zone 5,bahir dar health center woreda:Lideta region:Addis Ababa zone:Zone 3
MFR_000138,bahir dar clinic,Addis Ababa,DHIS2_000041,bahir dar hospitalital,Addis Ababa,0.612270176410675,bahir dar clinic woreda:Bole region:Addis Ababa zone:Zone 5,bahir dar hospitalital woreda:Arada region:Addis Ababa zone:Zone 3
MFR_000139,butajira dispensary,Amhara,DHIS2_000432,butajira general hospitalital,Amhara,0.7237740159034729,butajira dispensary woreda:Dessie region:Amhara zone:Zone 1,butajira general hospitalital woreda:Bahir Dar region:Amhara zone:Zone 1
MFR_000139,butajira dispensary,Amhara,DHIS2_000323,butajira hospital,Amhara,0.6412023305892944,butajira dispensary woreda:Dessie region:Amhara zone:Zone 1,butajira hospital woreda:Mekelle region:Amhara zone:Zone 2
MFR_000139,butajira dispensary,Amhara,DHIS2_000067,butajira referral hospitalital,Amhara,0.5870049595832825,butajira dispensary woreda:Dessie region:Amhara zone:Zone 1,butajira referral hospitalital woreda:Mekelle region:Amhara zone:Zone 4
MFR_000139,butajira dispensary,Amhara,DHIS2_000200,butajir health center,Amhara,0.5239518284797668,butajira dispensary woreda:Dessie region:Amhara zone:Zone 1,butajir health center woreda:Gondar region:Amhara zone:Zone 5
MFR_000139,butajira dispensary,Amhara,DHIS2_000251,butajir health center,Amhara,0.5359581112861633,butajira dispensary woreda:Dessie region:Amhara zone:Zone 1,butajir health center woreda:Gondar region:Amhara zone:Zone 4
MFR_000139,butajira dispensary,Amhara,DHIS2_000311,butajira health center,Amhara,0.5771968960762024,butajira dispensary woreda:Dessie region:Amhara zone:Zone 1,butajira health center woreda:Mekelle region:Amhara zone:Zone 5
MFR_000139,butajira dispensary,Amhara,DHIS2_000039,butajira health post,Amhara,0.5730059146881104,butajira dispensary woreda:Dessie region:Amhara zone:Zone 1,butajira health post woreda:Bahir Dar region:Amhara zone:Zone 3
MFR_000139,butajira dispensary,Amhara,DHIS2_000387,butajira dispensary,Amhara,0.7005401253700256,butajira dispensary woreda:Dessie region:Amhara zone:Zone 1,butajira dispensary woreda:Mekelle region:Amhara zone:Zone 2
MFR_000139,butajira dispensary,Amhara,DHIS2_000397,butajira health post,Amhara,0.5868039131164551,butajira dispensary woreda:Dessie region:Amhara zone:Zone 1,butajira health post woreda:Gondar region:Amhara zone:Zone 5
MFR_000139,butajira dispensary,Amhara,DHIS2_000289,butajira clinic,Amhara,0.7921209335327148,butajira dispensary woreda:Dessie region:Amhara zone:Zone 1,butajira clinic woreda:Dessie region:Amhara zone:Zone 3
MFR_000139,butajira dispensary,Amhara,DHIS2_000139,butajir dispensary,Amhara,0.9168602824211121,butajira dispensary woreda:Dessie region:Amhara zone:Zone 1,butajir dispensary woreda:Dessie region:Amhara zone:Zone 1
MFR_000139,butajira dispensary,Amhara,DHIS2_000217,butajira health post,Amhara,0.7571398615837097,butajira dispensary woreda:Dessie region:Amhara zone:Zone 1,butajira health post woreda:Dessie region:Amhara zone:Zone 3
MFR_000140,dukem general hospital,SNNPR,DHIS2_000140,dukem general hospital,SNNPR,0.9493812322616577,dukem general hospital woreda:Butajira region:SNNPR zone:Zone 5,dukem general hospital woreda:Butajira region:SNNPR zone:Zone 5
MFR_000140,dukem general hospital,SNNPR,DHIS2_000365,dukem health center,SNNPR,0.9109997153282166,dukem general hospital woreda:Butajira region:SNNPR zone:Zone 5,dukem health center woreda:Butajira region:SNNPR zone:Zone 5
MFR_000140,dukem general hospital,SNNPR,DHIS2_000052,dukem health center,SNNPR,0.5613677501678467,dukem general hospital woreda:Butajira region:SNNPR zone:Zone 5,dukem health center woreda:Hosaena region:SNNPR zone:Zone 2
MFR_000141,butajira health center,Addis Ababa,DHIS2_000031,butajir clinic,Addis Ababa,0.6373375654220581,butajira health center woreda:Nifas Silk region:Addis Ababa zone:Zone 4,butajir clinic woreda:Addis Ketema region:Addis Ababa zone:Zone 4
MFR_000141,butajira health center,Addis Ababa,DHIS2_000012,butajira hospitalital,Addis Ababa,0.5490966439247131,butajira health center woreda:Nifas Silk region:Addis Ababa zone:Zone 4,butajira hospitalital woreda:Lideta region:Addis Ababa zone:Zone 3
MFR_000141,butajira health center,Addis Ababa,DHIS2_000194,butajira health center,Addis Ababa,0.5999221801757812,butajira health center woreda:Nifas Silk region:Addis Ababa zone:Zone 4,butajira health center woreda:Addis Ketema region:Addis Ababa zone:Zone 3
MFR_000141,butajira health center,Addis Ababa,DHIS2_000141,butajira health center,Addis Ababa,0.9735041260719299,butajira health center woreda:Nifas Silk region:Addis Ababa zone:Zone 4,butajira health center woreda:Nifas Silk region:Addis Ababa zone:Zone 4
MFR_000141,butajira health center,Addis Ababa,DHIS2_000417,butajira general hospitalital,Addis Ababa,0.520869791507721,butajira health center woreda:Nifas Silk region:Addis Ababa zone:Zone 4,butajira general hospitalital woreda:Lideta region:Addis Ababa zone:Zone 2
MFR_000141,butajira health center,Addis Ababa,DHIS2_000148,butajir health center,Addis Ababa,0.5281964540481567,butajira health center woreda:Nifas Silk region:Addis Ababa zone:Zone 4,butajir health center woreda:Lideta region:Addis Ababa zone:Zone 5
MFR_000141,butajira health center,Addis Ababa,DHIS2_000419,butajira health center,Addis Ababa,0.5885683298110962,butajira health center woreda:Nifas Silk region:Addis Ababa zone:Zone 4,butajira health center woreda:Lideta region:Addis Ababa zone:Zone 3
MFR_000141,butajira health center,Addis Ababa,DHIS2_000143,butajir general hospital,Addis Ababa,0.8589167594909668,butajira health center woreda:Nifas Silk region:Addis Ababa zone:Zone 4,butajir general hospital woreda:Nifas Silk region:Addis Ababa zone:Zone 4
MFR_000141,butajira health center,Addis Ababa,DHIS2_000351,butajira dispensary,Addis Ababa,0.7334859371185303,butajira health center woreda:Nifas Silk region:Addis Ababa zone:Zone 4,butajira dispensary woreda:Nifas Silk region:Addis Ababa zone:Zone 2
MFR_000141,butajira health center,Addis Ababa,DHIS2_000202,butajira clinic,Addis Ababa,0.6781933903694153,butajira health center woreda:Nifas Silk region:Addis Ababa zone:Zone 4,butajira clinic woreda:Kirkos region:Addis Ababa zone:Zone 4
MFR_000142,modjo general hospital,Oromia,DHIS2_000456,modj hospitalital,Oromia,0.7456030249595642,modjo general hospital woreda:Dukem region:Oromia zone:Zone 2,modj hospitalital woreda:Modjo region:Oromia zone:Zone 2
MFR_000142,modjo general hospital,Oromia,DHIS2_000472,modj hospital,Oromia,0.554415762424469,modjo general hospital woreda:Dukem region:Oromia zone:Zone 2,modj hospital woreda:Bishoftu region:Oromia zone:Zone 5
MFR_000142,modjo general hospital,Oromia,DHIS2_000142,modjo general hospital,Oromia,0.9533208608627319,modjo general hospital woreda:Dukem region:Oromia zone:Zone 2,modjo general hospital woreda:Dukem region:Oromia zone:Zone 2
MFR_000142,modjo general hospital,Oromia,DHIS2_000425,modjo dispensary,Oromia,0.5510011911392212,modjo general hospital woreda:Dukem region:Oromia zone:Zone 2,modjo dispensary woreda:Bishoftu region:Oromia zone:Zone 5
MFR_000143,butajira general hospital,Addis Ababa,DHIS2_000031,butajir clinic,Addis Ababa,0.6410737633705139,butajira general hospital woreda:Nifas Silk region:Addis Ababa zone:Zone 4,butajir clinic woreda:Addis Ketema region:Addis Ababa zone:Zone 4
MFR_000143,butajira general hospital,Addis Ababa,DHIS2_000012,butajira hospitalital,Addis Ababa,0.5922122597694397,butajira general hospital woreda:Nifas Silk region:Addis Ababa zone:Zone 4,butajira hospitalital woreda:Lideta region:Addis Ababa zone:Zone 3
MFR_000143,butajira general hospital,Addis Ababa,DHIS2_000194,butajira health center,Addis Ababa,0.5364809632301331,butajira general hospital woreda:Nifas Silk region:Addis Ababa zone:Zone 4,butajira health center woreda:Addis Ketema region:Addis Ababa zone:Zone 3
MFR_000143,butajira general hospital,Addis Ababa,DHIS2_000141,butajira health center,Addis Ababa,0.9171484112739563,butajira general hospital woreda:Nifas Silk region:Addis Ababa zone:Zone 4,butajira health center woreda:Nifas Silk region:Addis Ababa zone:Zone 4
MFR_000143,butajira general hospital,Addis Ababa,DHIS2_000417,butajira general hospitalital,Addis Ababa,0.5988981127738953,butajira general hospital woreda:Nifas Silk region:Addis Ababa zone:Zone 4,butajira general hospitalital woreda:Lideta region:Addis Ababa zone:Zone 2
MFR_000143,butajira general hospital,Addis Ababa,DHIS2_000148,butajir health center,Addis Ababa,0.45267975330352783,butajira general hospital woreda:Nifas Silk region:Addis Ababa zone:Zone 4,butajir health center woreda:Lideta region:Addis Ababa zone:Zone 5
MFR_000143,butajira general hospital,Addis Ababa,DHIS2_000419,butajira health center,Addis Ababa,0.5275088548660278,butajira general hospital woreda:Nifas Silk region:Addis Ababa zone:Zone 4,butajira health center woreda:Lideta region:Addis Ababa zone:Zone 3
MFR_000143,butajira general hospital,Addis Ababa,DHIS2_000143,butajir general hospital,Addis Ababa,0.9128085374832153,butajira general hospital woreda:Nifas Silk region:Addis Ababa zone:Zone 4,butajir general hospital woreda:Nifas Silk region:Addis Ababa zone:Zone 4
MFR_000143,butajira general hospital,Addis Ababa,DHIS2_000351,butajira dispensary,Addis Ababa,0.7194653153419495,butajira general hospital woreda:Nifas Silk region:Addis Ababa zone:Zone 4,butajira dispensary woreda:Nifas Silk region:Addis Ababa zone:Zone 2
MFR_000143,butajira general hospital,Addis Ababa,DHIS2_000202,butajira clinic,Addis Ababa,0.6755543351173401,butajira general hospital woreda:Nifas Silk region:Addis Ababa zone:Zone 4,butajira clinic woreda:Kirkos region:Addis Ababa zone:Zone 4
MFR_000144,dessie health center,SNNPR,DHIS2_000385,dessie health post,SNNPR,0.7067115306854248,dessie health center woreda:Hawassa region:SNNPR zone:Zone 2,dessie health post woreda:Hosaena region:SNNPR zone:Zone 4
MFR_000144,dessie health center,SNNPR,DHIS2_000146,dessi health center,SNNPR,0.5827751159667969,dessie health center woreda:Hawassa region:SNNPR zone:Zone 2,dessi health center woreda:Arba Minch region:SNNPR zone:Zone 4
MFR_000144,dessie health center,SNNPR,DHIS2_000245,dessi health post,SNNPR,0.691209077835083,dessie health center woreda:Hawassa region:SNNPR zone:Zone 2,dessi health post woreda:Hawassa region:SNNPR zone:Zone 5
MFR_000144,dessie health center,SNNPR,DHIS2_000144,dessi health center,SNNPR,0.9008581042289734,dessie health center woreda:Hawassa region:SNNPR zone:Zone 2,dessi health center woreda:Hawassa region:SNNPR zone:Zone 2
MFR_000144,dessie health center,SNNPR,DHIS2_000224,dessie health post,SNNPR,0.629183828830719,dessie health center woreda:Hawassa region:SNNPR zone:Zone 2,dessie health post woreda:Arba Minch region:SNNPR zone:Zone 1
MFR_000144,dessie health center,SNNPR,DHIS2_000487,duke health post,SNNPR,0.20854470133781433,dessie health center woreda:Hawassa region:SNNPR zone:Zone 2,duke health post woreda:Arba Minch region:SNNPR zone:Zone 1
MFR_000144,dessie health center,SNNPR,DHIS2_000260,dessie health center,SNNPR,0.8427651524543762,dessie health center woreda:Hawassa region:SNNPR zone:Zone 2,dessie health center woreda:Arba Minch region:SNNPR zone:Zone 2
MFR_000145,hawassa general hospital,Oromia,DHIS2_000145,hawassa general hospital,Oromia,0.9452782273292542,hawassa general hospital woreda:Dukem region:Oromia zone:Zone 3,hawassa general hospital woreda:Dukem region:Oromia zone:Zone 3
MFR_000145,hawassa general hospital,Oromia,DHIS2_000120,hawassa general hospital,Oromia,0.7863115668296814,hawassa general hospital woreda:Dukem region:Oromia zone:Zone 3,hawassa general hospital woreda:Bishoftu region:Oromia zone:Zone 3
MFR_000146,dessie health center,SNNPR,DHIS2_000385,dessie health post,SNNPR,0.7290973663330078,dessie health center woreda:Arba Minch region:SNNPR zone:Zone 4,dessie health post woreda:Hosaena region:SNNPR zone:Zone 4
MFR_000146,dessie health center,SNNPR,DHIS2_000146,dessi health center,SNNPR,0.8965660333633423,dessie health center woreda:Arba Minch region:SNNPR zone:Zone 4,dessi health center woreda:Arba Minch region:SNNPR zone:Zone 4
MFR_000146,dessie health center,SNNPR,DHIS2_000245,dessi health post,SNNPR,0.46535223722457886,dessie health center woreda:Arba Minch region:SNNPR zone:Zone 4,dessi health post woreda:Hawassa region:SNNPR zone:Zone 5
MFR_000146,dessie health center,SNNPR,DHIS2_000144,dessi health center,SNNPR,0.4999438524246216,dessie health center woreda:Arba Minch region:SNNPR zone:Zone 4,dessi health center woreda:Hawassa region:SNNPR zone:Zone 2
MFR_000146,dessie health center,SNNPR,DHIS2_000224,dessie health post,SNNPR,0.7313782572746277,dessie health center woreda:Arba Minch region:SNNPR zone:Zone 4,dessie health post woreda:Arba Minch region:SNNPR zone:Zone 1
MFR_000146,dessie health center,SNNPR,DHIS2_000487,duke health post,SNNPR,0.48820915818214417,dessie health center woreda:Arba Minch region:SNNPR zone:Zone 4,duke health post woreda:Arba Minch region:SNNPR zone:Zone 1
MFR_000146,dessie health center,SNNPR,DHIS2_000260,dessie health center,SNNPR,0.8060863614082336,dessie health center woreda:Arba Minch region:SNNPR zone:Zone 4,dessie health center woreda:Arba Minch region:SNNPR zone:Zone 2
MFR_000147,gondar dispensary,Addis Ababa,DHIS2_000486,gondar health center,Addis Ababa,0.5679786205291748,gondar dispensary woreda:Kirkos region:Addis Ababa zone:Zone 1,gondar health center woreda:Nifas Silk region:Addis Ababa zone:Zone 4
MFR_000147,gondar dispensary,Addis Ababa,DHIS2_000278,gondar dispensary,Addis Ababa,0.6435417532920837,gondar dispensary woreda:Kirkos region:Addis Ababa zone:Zone 1,gondar dispensary woreda:Lideta region:Addis Ababa zone:Zone 4
MFR_000147,gondar dispensary,Addis Ababa,DHIS2_000418,gondar hospitalital,Addis Ababa,0.6335381269454956,gondar dispensary woreda:Kirkos region:Addis Ababa zone:Zone 1,gondar hospitalital woreda:Addis Ketema region:Addis Ababa zone:Zone 4
MFR_000147,gondar dispensary,Addis Ababa,DHIS2_000075,gondar health center,Addis Ababa,0.6321253776550293,gondar dispensary woreda:Kirkos region:Addis Ababa zone:Zone 1,gondar health center woreda:Addis Ketema region:Addis Ababa zone:Zone 2
MFR_000147,gondar dispensary,Addis Ababa,DHIS2_000235,gondar health center,Addis Ababa,0.6040889620780945,gondar dispensary woreda:Kirkos region:Addis Ababa zone:Zone 1,gondar health center woreda:Addis Ketema region:Addis Ababa zone:Zone 3
MFR_000147,gondar dispensary,Addis Ababa,DHIS2_000275,gondar referral hospital,Addis Ababa,0.5683431029319763,gondar dispensary woreda:Kirkos region:Addis Ababa zone:Zone 1,gondar referral hospital woreda:Lideta region:Addis Ababa zone:Zone 5
MFR_000147,gondar dispensary,Addis Ababa,DHIS2_000203,gondar hospital,Addis Ababa,0.6229785680770874,gondar dispensary woreda:Kirkos region:Addis Ababa zone:Zone 1,gondar hospital woreda:Nifas Silk region:Addis Ababa zone:Zone 2
MFR_000147,gondar dispensary,Addis Ababa,DHIS2_000402,gondar hospital,Addis Ababa,0.592189371585846,gondar dispensary woreda:Kirkos region:Addis Ababa zone:Zone 1,gondar hospital woreda:Arada region:Addis Ababa zone:Zone 5
MFR_000148,butajira health center,Addis Ababa,DHIS2_000031,butajir clinic,Addis Ababa,0.5708679556846619,butajira health center woreda:Lideta region:Addis Ababa zone:Zone 5,butajir clinic woreda:Addis Ketema region:Addis Ababa zone:Zone 4
MFR_000148,butajira health center,Addis Ababa,DHIS2_000012,butajira hospitalital,Addis Ababa,0.7265492677688599,butajira health center woreda:Lideta region:Addis Ababa zone:Zone 5,butajira hospitalital woreda:Lideta region:Addis Ababa zone:Zone 3
MFR_000148,butajira health center,Addis Ababa,DHIS2_000194,butajira health center,Addis Ababa,0.6719179153442383,butajira health center woreda:Lideta region:Addis Ababa zone:Zone 5,butajira health center woreda:Addis Ketema region:Addis Ababa zone:Zone 3
MFR_000148,butajira health center,Addis Ababa,DHIS2_000141,butajira health center,Addis Ababa,0.6848236322402954,butajira health center woreda:Lideta region:Addis Ababa zone:Zone 5,butajira health center woreda:Nifas Silk region:Addis Ababa zone:Zone 4
MFR_000148,butajira health center,Addis Ababa,DHIS2_000417,butajira general hospitalital,Addis Ababa,0.7156488299369812,butajira health center woreda:Lideta region:Addis Ababa zone:Zone 5,butajira general hospitalital woreda:Lideta region:Addis Ababa zone:Zone 2
MFR_000148,butajira health center,Addis Ababa,DHIS2_000148,butajir health center,Addis Ababa,0.9390884041786194,butajira health center woreda:Lideta region:Addis Ababa zone:Zone 5,butajir health center woreda:Lideta region:Addis Ababa zone:Zone 5
MFR_000148,butajira health center,Addis Ababa,DHIS2_000419,butajira health center,Addis Ababa,0.7573049664497375,butajira health center woreda:Lideta region:Addis Ababa zone:Zone 5,butajira health center woreda:Lideta region:Addis Ababa zone:Zone 3
MFR_000148,butajira health center,Addis Ababa,DHIS2_000143,butajir general hospital,Addis Ababa,0.5293892621994019,butajira health center woreda:Lideta region:Addis Ababa zone:Zone 5,butajir general hospital woreda:Nifas Silk region:Addis Ababa zone:Zone 4
MFR_000148,butajira health center,Addis Ababa,DHIS2_000351,butajira dispensary,Addis Ababa,0.5571538209915161,butajira health center woreda:Lideta region:Addis Ababa zone:Zone 5,butajira dispensary woreda:Nifas Silk region:Addis Ababa zone:Zone 2
MFR_000148,butajira health center,Addis Ababa,DHIS2_000202,butajira clinic,Addis Ababa,0.6395655870437622,butajira health center woreda:Lideta region:Addis Ababa zone:Zone 5,butajira clinic woreda:Kirkos region:Addis Ababa zone:Zone 4
MFR_000149,addis ababa dispensary,Oromia,DHIS2_000317,addis ababa clinic,Oromia,0.6473910808563232,addis ababa dispensary woreda:Adama region:Oromia zone:Zone 5,addis ababa clinic woreda:Adama region:Oromia zone:Zone 1
MFR_000149,addis ababa dispensary,Oromia,DHIS2_000491,addis ababa general hospital,Oromia,0.6376222372055054,addis ababa dispensary woreda:Adama region:Oromia zone:Zone 5,addis ababa general hospital woreda:Adama region:Oromia zone:Zone 2
MFR_000149,addis ababa dispensary,Oromia,DHIS2_000313,addis ababa hospitalital,Oromia,0.5441145300865173,addis ababa dispensary woreda:Adama region:Oromia zone:Zone 5,addis ababa hospitalital woreda:Bishoftu region:Oromia zone:Zone 2
MFR_000149,addis ababa dispensary,Oromia,DHIS2_000382,addis ababa health post,Oromia,0.5873112082481384,addis ababa dispensary woreda:Adama region:Oromia zone:Zone 5,addis ababa health post woreda:Adama region:Oromia zone:Zone 1
MFR_000149,addis ababa dispensary,Oromia,DHIS2_000400,addis ababa health post,Oromia,0.5380395650863647,addis ababa dispensary woreda:Adama region:Oromia zone:Zone 5,addis ababa health post woreda:Dire Dawa region:Oromia zone:Zone 4
MFR_000149,addis ababa dispensary,Oromia,DHIS2_000013,addis ababa hospitalital,Oromia,0.5348161458969116,addis ababa dispensary woreda:Adama region:Oromia zone:Zone 5,addis ababa hospitalital woreda:Modjo region:Oromia zone:Zone 1
MFR_000150,nifas silk general hospital,Oromia,DHIS2_000070,nifas silk health center,Oromia,0.7318673133850098,nifas silk general hospital woreda:Bishoftu region:Oromia zone:Zone 2,nifas silk health center woreda:Dire Dawa region:Oromia zone:Zone 2
MFR_000150,nifas silk general hospital,Oromia,DHIS2_000181,nifas silk dispensary,Oromia,0.6782304644584656,nifas silk general hospital woreda:Bishoftu region:Oromia zone:Zone 2,nifas silk dispensary woreda:Modjo region:Oromia zone:Zone 2
MFR_000150,nifas silk general hospital,Oromia,DHIS2_000479,nifas silk referral hospital,Oromia,0.9212717413902283,nifas silk general hospital woreda:Bishoftu region:Oromia zone:Zone 2,nifas silk referral hospital woreda:Bishoftu region:Oromia zone:Zone 2
MFR_000150,nifas silk general hospital,Oromia,DHIS2_000350,nifas silk referral hospital,Oromia,0.5737871527671814,nifas silk general hospital woreda:Bishoftu region:Oromia zone:Zone 2,nifas silk referral hospital woreda:Dukem region:Oromia zone:Zone 5
MFR_000150,nifas silk general hospital,Oromia,DHIS2_000380,nifas silk dispensary,Oromia,0.7363229990005493,nifas silk general hospital woreda:Bishoftu region:Oromia zone:Zone 2,nifas silk dispensary woreda:Bishoftu region:Oromia zone:Zone 1
MFR_000150,nifas silk general hospital,Oromia,DHIS2_000435,nifas silk health center,Oromia,0.7160535454750061,nifas silk general hospital woreda:Bishoftu region:Oromia zone:Zone 2,nifas silk health center woreda:Dukem region:Oromia zone:Zone 2
MFR_000151,bole clinic,Oromia,DHIS2_000151,bole clinic,Oromia,0.9707470536231995,bole clinic woreda:Bishoftu region:Oromia zone:Zone 5,bole clinic woreda:Bishoftu region:Oromia zone:Zone 5
MFR_000152,hawassa dispensary,SNNPR,DHIS2_000338,hawass dispensary,SNNPR,0.5309259295463562,hawassa dispensary woreda:Butajira region:SNNPR zone:Zone 5,hawass dispensary woreda:Arba Minch region:SNNPR zone:Zone 1
MFR_000153,hosaena health center,SNNPR,DHIS2_000262,hosaena general hospitalital,SNNPR,0.7497796416282654,hosaena health center woreda:Butajira region:SNNPR zone:Zone 3,hosaena general hospitalital woreda:Butajira region:SNNPR zone:Zone 2
MFR_000153,hosaena health center,SNNPR,DHIS2_000153,hosaena health center,SNNPR,0.9362030029296875,hosaena health center woreda:Butajira region:SNNPR zone:Zone 3,hosaena health center woreda:Butajira region:SNNPR zone:Zone 3
MFR_000153,hosaena health center,SNNPR,DHIS2_000184,hosaena health post,SNNPR,0.911358118057251,hosaena health center woreda:Butajira region:SNNPR zone:Zone 3,hosaena health post woreda:Butajira region:SNNPR zone:Zone 3
MFR_000153,hosaena health center,SNNPR,DHIS2_000403,hosaena general hospitalital,SNNPR,0.7477783560752869,hosaena health center woreda:Butajira region:SNNPR zone:Zone 3,hosaena general hospitalital woreda:Arba Minch region:SNNPR zone:Zone 3
MFR_000153,hosaena health center,SNNPR,DHIS2_000420,hosaena health post,SNNPR,0.911358118057251,hosaena health center woreda:Butajira region:SNNPR zone:Zone 3,hosaena health post woreda:Butajira region:SNNPR zone:Zone 3
MFR_000154,hawassa health center,Oromia,DHIS2_000154,hawass health center,Oromia,0.9536157846450806,hawassa health center woreda:Dukem region:Oromia zone:Zone 5,hawass health center woreda:Dukem region:Oromia zone:Zone 5
MFR_000154,hawassa health center,Oromia,DHIS2_000037,hawass health center,Oromia,0.9536157846450806,hawassa health center woreda:Dukem region:Oromia zone:Zone 5,hawass health center woreda:Dukem region:Oromia zone:Zone 5
MFR_000155,bole hospital,Addis Ababa,DHIS2_000155,bole hospital,Addis Ababa,0.9815506935119629,bole hospital woreda:Bole region:Addis Ababa zone:Zone 5,bole hospital woreda:Bole region:Addis Ababa zone:Zone 5
MFR_000155,bole hospital,Addis Ababa,DHIS2_000408,bole health post,Addis Ababa,0.6538248062133789,bole hospital woreda:Bole region:Addis Ababa zone:Zone 5,bole health post woreda:Bole region:Addis Ababa zone:Zone 1
MFR_000156,hawassa dispensary,Oromia,DHIS2_000156,hawass dispensary,Oromia,0.9152610898017883,hawassa dispensary woreda:Adama region:Oromia zone:Zone 4,hawass dispensary woreda:Adama region:Oromia zone:Zone 4
MFR_000156,hawassa dispensary,Oromia,DHIS2_000145,hawassa general hospital,Oromia,0.5499697327613831,hawassa dispensary woreda:Adama region:Oromia zone:Zone 4,hawassa general hospital woreda:Dukem region:Oromia zone:Zone 3
MFR_000156,hawassa dispensary,Oromia,DHIS2_000120,hawassa general hospital,Oromia,0.5634030699729919,hawassa dispensary woreda:Adama region:Oromia zone:Zone 4,hawassa general hospital woreda:Bishoftu region:Oromia zone:Zone 3
MFR_000156,hawassa dispensary,Oromia,DHIS2_000208,hawass dispensary,Oromia,0.7446135878562927,hawassa dispensary woreda:Adama region:Oromia zone:Zone 4,hawass dispensary woreda:Dukem region:Oromia zone:Zone 4
MFR_000157,modjo hospital,SNNPR,DHIS2_000056,modjo health post,SNNPR,0.5595256686210632,modjo hospital woreda:Arba Minch region:SNNPR zone:Zone 5,modjo health post woreda:Hawassa region:SNNPR zone:Zone 4
MFR_000157,modjo hospital,SNNPR,DHIS2_000437,modjo hospitalital,SNNPR,0.7411884665489197,modjo hospital woreda:Arba Minch region:SNNPR zone:Zone 5,modjo hospitalital woreda:Arba Minch region:SNNPR zone:Zone 2
MFR_000157,modjo hospital,SNNPR,DHIS2_000297,modj general hospital,SNNPR,0.5670614242553711,modjo hospital woreda:Arba Minch region:SNNPR zone:Zone 5,modj general hospital woreda:Butajira region:SNNPR zone:Zone 4
MFR_000157,modjo hospital,SNNPR,DHIS2_000157,modj hospital,SNNPR,0.917506992816925,modjo hospital woreda:Arba Minch region:SNNPR zone:Zone 5,modj hospital woreda:Arba Minch region:SNNPR zone:Zone 5
MFR_000158,hawassa clinic,Addis Ababa,DHIS2_000158,hawassa clinic,Addis Ababa,0.964740514755249,hawassa clinic woreda:Bole region:Addis Ababa zone:Zone 3,hawassa clinic woreda:Bole region:Addis Ababa zone:Zone 3
MFR_000158,hawassa clinic,Addis Ababa,DHIS2_000370,hawassa dispensary,Addis Ababa,0.5981868505477905,hawassa clinic woreda:Bole region:Addis Ababa zone:Zone 3,hawassa dispensary woreda:Arada region:Addis Ababa zone:Zone 4
MFR_000158,hawassa clinic,Addis Ababa,DHIS2_000301,hawassa dispensary,Addis Ababa,0.7507437467575073,hawassa clinic woreda:Bole region:Addis Ababa zone:Zone 3,hawassa dispensary woreda:Nifas Silk region:Addis Ababa zone:Zone 3
MFR_000159,dessie health center,Amhara,DHIS2_000451,dessie health center,Amhara,0.8179963827133179,dessie health center woreda:Gondar region:Amhara zone:Zone 3,dessie health center woreda:Gondar region:Amhara zone:Zone 2
MFR_000159,dessie health center,Amhara,DHIS2_000117,dessie health center,Amhara,0.6420389413833618,dessie health center woreda:Gondar region:Amhara zone:Zone 3,dessie health center woreda:Dessie region:Amhara zone:Zone 1
MFR_000159,dessie health center,Amhara,DHIS2_000159,dessi health center,Amhara,0.884669840335846,dessie health center woreda:Gondar region:Amhara zone:Zone 3,dessi health center woreda:Gondar region:Amhara zone:Zone 3
MFR_000159,dessie health center,Amhara,DHIS2_000450,duke health center,Amhara,0.5576773881912231,dessie health center woreda:Gondar region:Amhara zone:Zone 3,duke health center woreda:Gondar region:Amhara zone:Zone 2
MFR_000159,dessie health center,Amhara,DHIS2_000082,dessie health post,Amhara,0.5954301953315735,dessie health center woreda:Gondar region:Amhara zone:Zone 3,dessie health post woreda:Dessie region:Amhara zone:Zone 5
MFR_000159,dessie health center,Amhara,DHIS2_000285,dessie health center,Amhara,0.6426300406455994,dessie health center woreda:Gondar region:Amhara zone:Zone 3,dessie health center woreda:Bahir Dar region:Amhara zone:Zone 1
MFR_000159,dessie health center,Amhara,DHIS2_000042,dessie health center,Amhara,0.8353686928749084,dessie health center woreda:Gondar region:Amhara zone:Zone 3,dessie health center woreda:Mekelle region:Amhara zone:Zone 3
MFR_000159,dessie health center,Amhara,DHIS2_000227,dessie general hospital,Amhara,0.6374244689941406,dessie health center woreda:Gondar region:Amhara zone:Zone 3,dessie general hospital woreda:Dessie region:Amhara zone:Zone 4
MFR_000159,dessie health center,Amhara,DHIS2_000489,dessie health post,Amhara,0.6460675001144409,dessie health center woreda:Gondar region:Amhara zone:Zone 3,dessie health post woreda:Bahir Dar region:Amhara zone:Zone 2
MFR_000160,dessie dispensary,Amhara,DHIS2_000374,dessie dispensary,Amhara,0.6672698259353638,dessie dispensary woreda:Bahir Dar region:Amhara zone:Zone 4,dessie dispensary woreda:Mekelle region:Amhara zone:Zone 4
MFR_000160,dessie dispensary,Amhara,DHIS2_000160,dessi dispensary,Amhara,0.8935717940330505,dessie dispensary woreda:Bahir Dar region:Amhara zone:Zone 4,dessi dispensary woreda:Bahir Dar region:Amhara zone:Zone 4
MFR_000160,dessie dispensary,Amhara,DHIS2_000227,dessie general hospital,Amhara,0.6220569610595703,dessie dispensary woreda:Bahir Dar region:Amhara zone:Zone 4,dessie general hospital woreda:Dessie region:Amhara zone:Zone 4
MFR_000162,hawassa health post,SNNPR,DHIS2_000078,hawass health post,SNNPR,0.6455264091491699,hawassa health post woreda:Butajira region:SNNPR zone:Zone 2,hawass health post woreda:Hosaena region:SNNPR zone:Zone 4
MFR_000162,hawassa health post,SNNPR,DHIS2_000254,hawassa health post,SNNPR,0.7784268856048584,hawassa health post woreda:Butajira region:SNNPR zone:Zone 2,hawassa health post woreda:Butajira region:SNNPR zone:Zone 1
MFR_000162,hawassa health post,SNNPR,DHIS2_000220,hawassa health post,SNNPR,0.6379489302635193,hawassa health post woreda:Butajira region:SNNPR zone:Zone 2,hawassa health post woreda:Hawassa region:SNNPR zone:Zone 1
MFR_000162,hawassa health post,SNNPR,DHIS2_000201,hawass health center,SNNPR,0.8774426579475403,hawassa health post woreda:Butajira region:SNNPR zone:Zone 2,hawass health center woreda:Butajira region:SNNPR zone:Zone 2
MFR_000162,hawassa health post,SNNPR,DHIS2_000162,hawassa health post,SNNPR,0.9253010749816895,hawassa health post woreda:Butajira region:SNNPR zone:Zone 2,hawassa health post woreda:Butajira region:SNNPR zone:Zone 2
MFR_000163,addis ababa dispensary,SNNPR,DHIS2_000085,addis ababa clinic,SNNPR,0.5522869825363159,addis ababa dispensary woreda:Butajira region:SNNPR zone:Zone 5,addis ababa clinic woreda:Arba Minch region:SNNPR zone:Zone 2
MFR_000163,addis ababa dispensary,SNNPR,DHIS2_000061,addis ababa general hospital,SNNPR,0.5178439617156982,addis ababa dispensary woreda:Butajira region:SNNPR zone:Zone 5,addis ababa general hospital woreda:Arba Minch region:SNNPR zone:Zone 3
MFR_000163,addis ababa dispensary,SNNPR,DHIS2_000066,addis ababa hospitalital,SNNPR,0.6691476702690125,addis ababa dispensary woreda:Butajira region:SNNPR zone:Zone 5,addis ababa hospitalital woreda:Butajira region:SNNPR zone:Zone 3
MFR_000163,addis ababa dispensary,SNNPR,DHIS2_000179,addis ababa dispensary,SNNPR,0.5764359831809998,addis ababa dispensary woreda:Butajira region:SNNPR zone:Zone 5,addis ababa dispensary woreda:Hawassa region:SNNPR zone:Zone 2
MFR_000163,addis ababa dispensary,SNNPR,DHIS2_000129,addis ababa hospital,SNNPR,0.5287041068077087,addis ababa dispensary woreda:Butajira region:SNNPR zone:Zone 5,addis ababa hospital woreda:Hosaena region:SNNPR zone:Zone 2
MFR_000163,addis ababa dispensary,SNNPR,DHIS2_000213,addis ababa health post,SNNPR,0.4998008608818054,addis ababa dispensary woreda:Butajira region:SNNPR zone:Zone 5,addis ababa health post woreda:Hosaena region:SNNPR zone:Zone 2
MFR_000163,addis ababa dispensary,SNNPR,DHIS2_000296,addis ababa general hospitalital,SNNPR,0.7038565874099731,addis ababa dispensary woreda:Butajira region:SNNPR zone:Zone 5,addis ababa general hospitalital woreda:Butajira region:SNNPR zone:Zone 4
MFR_000164,dire dawa general hospital,Amhara,DHIS2_000267,dire dawa hospital,Amhara,0.7806329727172852,dire dawa general hospital woreda:Dessie region:Amhara zone:Zone 4,dire dawa hospital woreda:Dessie region:Amhara zone:Zone 2
MFR_000164,dire dawa general hospital,Amhara,DHIS2_000427,dire dawa dispensary,Amhara,0.5925673842430115,dire dawa general hospital woreda:Dessie region:Amhara zone:Zone 4,dire dawa dispensary woreda:Bahir Dar region:Amhara zone:Zone 5
MFR_000164,dire dawa general hospital,Amhara,DHIS2_000219,dire dawa general hospitalital,Amhara,0.6832571029663086,dire dawa general hospital woreda:Dessie region:Amhara zone:Zone 4,dire dawa general hospitalital woreda:Bahir Dar region:Amhara zone:Zone 5
MFR_000164,dire dawa general hospital,Amhara,DHIS2_000164,dire dawa general hospitalital,Amhara,0.9473559856414795,dire dawa general hospital woreda:Dessie region:Amhara zone:Zone 4,dire dawa general hospitalital woreda:Dessie region:Amhara zone:Zone 4
MFR_000164,dire dawa general hospital,Amhara,DHIS2_000171,dire dawa dispensary,Amhara,0.7239517569541931,dire dawa general hospital woreda:Dessie region:Amhara zone:Zone 4,dire dawa dispensary woreda:Dessie region:Amhara zone:Zone 2
MFR_000164,dire dawa general hospital,Amhara,DHIS2_000252,dir dawa general hospitalital,Amhara,0.6344452500343323,dire dawa general hospital woreda:Dessie region:Amhara zone:Zone 4,dir dawa general hospitalital woreda:Gondar region:Amhara zone:Zone 5
MFR_000165,dessie referral hospital,SNNPR,DHIS2_000315,dessie referral hospitalital,SNNPR,0.6332828998565674,dessie referral hospital woreda:Hawassa region:SNNPR zone:Zone 3,dessie referral hospitalital woreda:Arba Minch region:SNNPR zone:Zone 5
MFR_000165,dessie referral hospital,SNNPR,DHIS2_000165,dessie referral hospital,SNNPR,0.9424268007278442,dessie referral hospital woreda:Hawassa region:SNNPR zone:Zone 3,dessie referral hospital woreda:Hawassa region:SNNPR zone:Zone 3
MFR_000165,dessie referral hospital,SNNPR,DHIS2_000458,dessi referral hospital,SNNPR,0.6930691599845886,dessie referral hospital woreda:Hawassa region:SNNPR zone:Zone 3,dessi referral hospital woreda:Hawassa region:SNNPR zone:Zone 5
MFR_000166,addis ababa referral hospital,Amhara,DHIS2_000375,addis ababa clinic,Amhara,0.7272319793701172,addis ababa referral hospital woreda:Dessie region:Amhara zone:Zone 2,addis ababa clinic woreda:Mekelle region:Amhara zone:Zone 2
MFR_000166,addis ababa referral hospital,Amhara,DHIS2_000263,addis ababa hospital,Amhara,0.7349454164505005,addis ababa referral hospital woreda:Dessie region:Amhara zone:Zone 2,addis ababa hospital woreda:Mekelle region:Amhara zone:Zone 2
MFR_000166,addis ababa referral hospital,Amhara,DHIS2_000166,addis ababa referral hospital,Amhara,0.9314016103744507,addis ababa referral hospital woreda:Dessie region:Amhara zone:Zone 2,addis ababa referral hospital woreda:Dessie region:Amhara zone:Zone 2
MFR_000166,addis ababa referral hospital,Amhara,DHIS2_000090,addis ababa health post,Amhara,0.6619212031364441,addis ababa referral hospital woreda:Dessie region:Amhara zone:Zone 2,addis ababa health post woreda:Mekelle region:Amhara zone:Zone 2
MFR_000166,addis ababa referral hospital,Amhara,DHIS2_000423,addis ababa health center,Amhara,0.5537918210029602,addis ababa referral hospital woreda:Dessie region:Amhara zone:Zone 2,addis ababa health center woreda:Bahir Dar region:Amhara zone:Zone 1
MFR_000166,addis ababa referral hospital,Amhara,DHIS2_000412,addis ababa health post,Amhara,0.5111645460128784,addis ababa referral hospital woreda:Dessie region:Amhara zone:Zone 2,addis ababa health post woreda:Bahir Dar region:Amhara zone:Zone 4
MFR_000167,dessie health post,Amhara,DHIS2_000451,dessie health center,Amhara,0.7774174809455872,dessie health post woreda:Gondar region:Amhara zone:Zone 3,dessie health center woreda:Gondar region:Amhara zone:Zone 2
MFR_000167,dessie health post,Amhara,DHIS2_000117,dessie health center,Amhara,0.5864250659942627,dessie health post woreda:Gondar region:Amhara zone:Zone 3,dessie health center woreda:Dessie region:Amhara zone:Zone 1
MFR_000167,dessie health post,Amhara,DHIS2_000159,dessi health center,Amhara,0.817403256893158,dessie health post woreda:Gondar region:Amhara zone:Zone 3,dessi health center woreda:Gondar region:Amhara zone:Zone 3
MFR_000167,dessie health post,Amhara,DHIS2_000450,duke health center,Amhara,0.47600266337394714,dessie health post woreda:Gondar region:Amhara zone:Zone 3,duke health center woreda:Gondar region:Amhara zone:Zone 2
MFR_000167,dessie health post,Amhara,DHIS2_000082,dessie health post,Amhara,0.6255032420158386,dessie health post woreda:Gondar region:Amhara zone:Zone 3,dessie health post woreda:Dessie region:Amhara zone:Zone 5
MFR_000167,dessie health post,Amhara,DHIS2_000285,dessie health center,Amhara,0.5845279097557068,dessie health post woreda:Gondar region:Amhara zone:Zone 3,dessie health center woreda:Bahir Dar region:Amhara zone:Zone 1
MFR_000167,dessie health post,Amhara,DHIS2_000042,dessie health center,Amhara,0.7903600335121155,dessie health post woreda:Gondar region:Amhara zone:Zone 3,dessie health center woreda:Mekelle region:Amhara zone:Zone 3
MFR_000167,dessie health post,Amhara,DHIS2_000489,dessie health post,Amhara,0.6805126070976257,dessie health post woreda:Gondar region:Amhara zone:Zone 3,dessie health post woreda:Bahir Dar region:Amhara zone:Zone 2
MFR_000168,dire dawa general hospital,SNNPR,DHIS2_000287,dire dawa general hospital,SNNPR,0.7548019289970398,dire dawa general hospital woreda:Butajira region:SNNPR zone:Zone 1,dire dawa general hospital woreda:Hosaena region:SNNPR zone:Zone 4
MFR_000168,dire dawa general hospital,SNNPR,DHIS2_000168,dir dawa general hospitalital,SNNPR,0.9182530045509338,dire dawa general hospital woreda:Butajira region:SNNPR zone:Zone 1,dir dawa general hospitalital woreda:Butajira region:SNNPR zone:Zone 1
MFR_000168,dire dawa general hospital,SNNPR,DHIS2_000233,dir dawa general hospitalital,SNNPR,0.7292684316635132,dire dawa general hospital woreda:Butajira region:SNNPR zone:Zone 1,dir dawa general hospitalital woreda:Hosaena region:SNNPR zone:Zone 3
MFR_000169,hosaena general hospital,Addis Ababa,DHIS2_000169,hosaena general hospitalital,Addis Ababa,0.9362794756889343,hosaena general hospital woreda:Bole region:Addis Ababa zone:Zone 4,hosaena general hospitalital woreda:Bole region:Addis Ababa zone:Zone 4
MFR_000169,hosaena general hospital,Addis Ababa,DHIS2_000468,hosaen general hospital,Addis Ababa,0.6372129321098328,hosaena general hospital woreda:Bole region:Addis Ababa zone:Zone 4,hosaen general hospital woreda:Addis Ketema region:Addis Ababa zone:Zone 5
MFR_000169,hosaena general hospital,Addis Ababa,DHIS2_000443,hosaena hospitalital,Addis Ababa,0.569523811340332,hosaena general hospital woreda:Bole region:Addis Ababa zone:Zone 4,hosaena hospitalital woreda:Lideta region:Addis Ababa zone:Zone 1
MFR_000170,dire dawa health center,Oromia,DHIS2_000409,dire dawa health post,Oromia,0.5863284468650818,dire dawa health center woreda:Modjo region:Oromia zone:Zone 5,dire dawa health post woreda:Adama region:Oromia zone:Zone 3
MFR_000170,dire dawa health center,Oromia,DHIS2_000079,dire dawa health center,Oromia,0.6779935956001282,dire dawa health center woreda:Modjo region:Oromia zone:Zone 5,dire dawa health center woreda:Dukem region:Oromia zone:Zone 4
MFR_000170,dire dawa health center,Oromia,DHIS2_000305,dire dawa health center,Oromia,0.6437803506851196,dire dawa health center woreda:Modjo region:Oromia zone:Zone 5,dire dawa health center woreda:Dukem region:Oromia zone:Zone 2
MFR_000170,dire dawa health center,Oromia,DHIS2_000026,dire dawa general hospitalital,Oromia,0.6301568150520325,dire dawa health center woreda:Modjo region:Oromia zone:Zone 5,dire dawa general hospitalital woreda:Dukem region:Oromia zone:Zone 4
MFR_000170,dire dawa health center,Oromia,DHIS2_000038,dire dawa health center,Oromia,0.6308819055557251,dire dawa health center woreda:Modjo region:Oromia zone:Zone 5,dire dawa health center woreda:Dukem region:Oromia zone:Zone 1
MFR_000171,dire dawa dispensary,Amhara,DHIS2_000427,dire dawa dispensary,Amhara,0.6327885985374451,dire dawa dispensary woreda:Dessie region:Amhara zone:Zone 2,dire dawa dispensary woreda:Bahir Dar region:Amhara zone:Zone 5
MFR_000171,dire dawa dispensary,Amhara,DHIS2_000171,dire dawa dispensary,Amhara,0.9403243064880371,dire dawa dispensary woreda:Dessie region:Amhara zone:Zone 2,dire dawa dispensary woreda:Dessie region:Amhara zone:Zone 2
MFR_000172,adama clinic,Oromia,DHIS2_000017,adama general hospitalital,Oromia,0.6320639252662659,adama clinic woreda:Adama region:Oromia zone:Zone 4,adama general hospitalital woreda:Bishoftu region:Oromia zone:Zone 1
MFR_000172,adama clinic,Oromia,DHIS2_000393,adama general hospital,Oromia,0.7363595366477966,adama clinic woreda:Adama region:Oromia zone:Zone 4,adama general hospital woreda:Adama region:Oromia zone:Zone 3
MFR_000172,adama clinic,Oromia,DHIS2_000005,adam general hospital,Oromia,0.5894327163696289,adama clinic woreda:Adama region:Oromia zone:Zone 4,adam general hospital woreda:Dire Dawa region:Oromia zone:Zone 1
MFR_000172,adama clinic,Oromia,DHIS2_000172,adam clinic,Oromia,0.9417989253997803,adama clinic woreda:Adama region:Oromia zone:Zone 4,adam clinic woreda:Adama region:Oromia zone:Zone 4
MFR_000172,adama clinic,Oromia,DHIS2_000136,adam general hospitalital,Oromia,0.6208275556564331,adama clinic woreda:Adama region:Oromia zone:Zone 4,adam general hospitalital woreda:Dukem region:Oromia zone:Zone 3
MFR_000173,dessie hospital,Addis Ababa,DHIS2_000173,dessie hospital,Addis Ababa,0.9685056805610657,dessie hospital woreda:Bole region:Addis Ababa zone:Zone 3,dessie hospital woreda:Bole region:Addis Ababa zone:Zone 3
MFR_000173,dessie hospital,Addis Ababa,DHIS2_000106,dessie health post,Addis Ababa,0.7643249034881592,dessie hospital woreda:Bole region:Addis Ababa zone:Zone 3,dessie health post woreda:Arada region:Addis Ababa zone:Zone 3
MFR_000174,kirkos clinic,Amhara,DHIS2_000174,kirko clinic,Amhara,0.9447042346000671,kirkos clinic woreda:Mekelle region:Amhara zone:Zone 1,kirko clinic woreda:Mekelle region:Amhara zone:Zone 1
MFR_000174,kirkos clinic,Amhara,DHIS2_000324,kirkos clinic,Amhara,0.76360023021698,kirkos clinic woreda:Mekelle region:Amhara zone:Zone 1,kirkos clinic woreda:Dessie region:Amhara zone:Zone 1
MFR_000174,kirkos clinic,Amhara,DHIS2_000353,kirkos dispensary,Amhara,0.9277318716049194,kirkos clinic woreda:Mekelle region:Amhara zone:Zone 1,kirkos dispensary woreda:Mekelle region:Amhara zone:Zone 1
MFR_000174,kirkos clinic,Amhara,DHIS2_000282,kirkos clinic,Amhara,0.7269808650016785,kirkos clinic woreda:Mekelle region:Amhara zone:Zone 1,kirkos clinic woreda:Gondar region:Amhara zone:Zone 2
MFR_000174,kirkos clinic,Amhara,DHIS2_000438,kirkos health center,Amhara,0.7420816421508789,kirkos clinic woreda:Mekelle region:Amhara zone:Zone 1,kirkos health center woreda:Gondar region:Amhara zone:Zone 1
MFR_000174,kirkos clinic,Amhara,DHIS2_000371,kirkos clinic,Amhara,0.8337786197662354,kirkos clinic woreda:Mekelle region:Amhara zone:Zone 1,kirkos clinic woreda:Mekelle region:Amhara zone:Zone 3
MFR_000174,kirkos clinic,Amhara,DHIS2_000241,kirkos general hospital,Amhara,0.6519859433174133,kirkos clinic woreda:Mekelle region:Amhara zone:Zone 1,kirkos general hospital woreda:Bahir Dar region:Amhara zone:Zone 2
MFR_000174,kirkos clinic,Amhara,DHIS2_000469,kirkos clinic,Amhara,0.6940789222717285,kirkos clinic woreda:Mekelle region:Amhara zone:Zone 1,kirkos clinic woreda:Gondar region:Amhara zone:Zone 3
MFR_000175,bole dispensary,Amhara,DHIS2_000182,bole general hospital,Amhara,0.4668739140033722,bole dispensary woreda:Mekelle region:Amhara zone:Zone 5,bole general hospital woreda:Dessie region:Amhara zone:Zone 2
MFR_000175,bole dispensary,Amhara,DHIS2_000002,bole clinic,Amhara,0.5360727310180664,bole dispensary woreda:Mekelle region:Amhara zone:Zone 5,bole clinic woreda:Bahir Dar region:Amhara zone:Zone 4
MFR_000176,butajira health center,SNNPR,DHIS2_000389,butajira clinic,SNNPR,0.7689498066902161,butajira health center woreda:Arba Minch region:SNNPR zone:Zone 3,butajira clinic woreda:Butajira region:SNNPR zone:Zone 3
MFR_000176,butajira health center,SNNPR,DHIS2_000176,butajir health center,SNNPR,0.9087659120559692,butajira health center woreda:Arba Minch region:SNNPR zone:Zone 3,butajir health center woreda:Arba Minch region:SNNPR zone:Zone 3
MFR_000176,butajira health center,SNNPR,DHIS2_000482,butajira clinic,SNNPR,0.9209644794464111,butajira health center woreda:Arba Minch region:SNNPR zone:Zone 3,butajira clinic woreda:Arba Minch region:SNNPR zone:Zone 3
MFR_000176,butajira health center,SNNPR,DHIS2_000187,butajira health post,SNNPR,0.6157628893852234,butajira health center woreda:Arba Minch region:SNNPR zone:Zone 3,butajira health post woreda:Hawassa region:SNNPR zone:Zone 4
MFR_000177,bahir dar referral hospital,Addis Ababa,DHIS2_000138,bahir dar clinic,Addis Ababa,0.7846540808677673,bahir dar referral hospital woreda:Bole region:Addis Ababa zone:Zone 1,bahir dar clinic woreda:Bole region:Addis Ababa zone:Zone 5
MFR_000177,bahir dar referral hospital,Addis Ababa,DHIS2_000177,bahir dar referral hospitalital,Addis Ababa,0.9742569327354431,bahir dar referral hospital woreda:Bole region:Addis Ababa zone:Zone 1,bahir dar referral hospitalital woreda:Bole region:Addis Ababa zone:Zone 1
MFR_000177,bahir dar referral hospital,Addis Ababa,DHIS2_000256,bahir dar health center,Addis Ababa,0.7703638076782227,bahir dar referral hospital woreda:Bole region:Addis Ababa zone:Zone 1,bahir dar health center woreda:Arada region:Addis Ababa zone:Zone 1
MFR_000177,bahir dar referral hospital,Addis Ababa,DHIS2_000290,bahir dar health center,Addis Ababa,0.651644229888916,bahir dar referral hospital woreda:Bole region:Addis Ababa zone:Zone 1,bahir dar health center woreda:Kirkos region:Addis Ababa zone:Zone 4
MFR_000177,bahir dar referral hospital,Addis Ababa,DHIS2_000341,bahir dar hospital,Addis Ababa,0.6970877051353455,bahir dar referral hospital woreda:Bole region:Addis Ababa zone:Zone 1,bahir dar hospital woreda:Lideta region:Addis Ababa zone:Zone 4
MFR_000177,bahir dar referral hospital,Addis Ababa,DHIS2_000312,bahir dar health post,Addis Ababa,0.6288375854492188,bahir dar referral hospital woreda:Bole region:Addis Ababa zone:Zone 1,bahir dar health post woreda:Lideta region:Addis Ababa zone:Zone 5
MFR_000177,bahir dar referral hospital,Addis Ababa,DHIS2_000447,bahir dar health center,Addis Ababa,0.6747491359710693,bahir dar referral hospital woreda:Bole region:Addis Ababa zone:Zone 1,bahir dar health center woreda:Lideta region:Addis Ababa zone:Zone 3
MFR_000177,bahir dar referral hospital,Addis Ababa,DHIS2_000041,bahir dar hospitalital,Addis Ababa,0.7232456207275391,bahir dar referral hospital woreda:Bole region:Addis Ababa zone:Zone 1,bahir dar hospitalital woreda:Arada region:Addis Ababa zone:Zone 3
MFR_000178,gondar referral hospital,Amhara,DHIS2_000466,gonda referral hospital,Amhara,0.7360098361968994,gondar referral hospital woreda:Bahir Dar region:Amhara zone:Zone 2,gonda referral hospital woreda:Bahir Dar region:Amhara zone:Zone 5
MFR_000178,gondar referral hospital,Amhara,DHIS2_000020,gondar general hospitalital,Amhara,0.5886994004249573,gondar referral hospital woreda:Bahir Dar region:Amhara zone:Zone 2,gondar general hospitalital woreda:Mekelle region:Amhara zone:Zone 3
MFR_000178,gondar referral hospital,Amhara,DHIS2_000178,gondar referral hospitalital,Amhara,0.9223403334617615,gondar referral hospital woreda:Bahir Dar region:Amhara zone:Zone 2,gondar referral hospitalital woreda:Bahir Dar region:Amhara zone:Zone 2
MFR_000178,gondar referral hospital,Amhara,DHIS2_000488,gondar clinic,Amhara,0.5593766570091248,gondar referral hospital woreda:Bahir Dar region:Amhara zone:Zone 2,gondar clinic woreda:Gondar region:Amhara zone:Zone 4
MFR_000178,gondar referral hospital,Amhara,DHIS2_000029,gondar health post,Amhara,0.6140929460525513,gondar referral hospital woreda:Bahir Dar region:Amhara zone:Zone 2,gondar health post woreda:Mekelle region:Amhara zone:Zone 2
MFR_000179,addis ababa dispensary,SNNPR,DHIS2_000085,addis ababa clinic,SNNPR,0.7986273765563965,addis ababa dispensary woreda:Hawassa region:SNNPR zone:Zone 2,addis ababa clinic woreda:Arba Minch region:SNNPR zone:Zone 2
MFR_000179,addis ababa dispensary,SNNPR,DHIS2_000061,addis ababa general hospital,SNNPR,0.6404016017913818,addis ababa dispensary woreda:Hawassa region:SNNPR zone:Zone 2,addis ababa general hospital woreda:Arba Minch region:SNNPR zone:Zone 3
MFR_000179,addis ababa dispensary,SNNPR,DHIS2_000066,addis ababa hospitalital,SNNPR,0.6922754645347595,addis ababa dispensary woreda:Hawassa region:SNNPR zone:Zone 2,addis ababa hospitalital woreda:Butajira region:SNNPR zone:Zone 3
MFR_000179,addis ababa dispensary,SNNPR,DHIS2_000179,addis ababa dispensary,SNNPR,0.9294279217720032,addis ababa dispensary woreda:Hawassa region:SNNPR zone:Zone 2,addis ababa dispensary woreda:Hawassa region:SNNPR zone:Zone 2
MFR_000179,addis ababa dispensary,SNNPR,DHIS2_000129,addis ababa hospital,SNNPR,0.8246057629585266,addis ababa dispensary woreda:Hawassa region:SNNPR zone:Zone 2,addis ababa hospital woreda:Hosaena region:SNNPR zone:Zone 2
MFR_000179,addis ababa dispensary,SNNPR,DHIS2_000213,addis ababa health post,SNNPR,0.8174927234649658,addis ababa dispensary woreda:Hawassa region:SNNPR zone:Zone 2,addis ababa health post woreda:Hosaena region:SNNPR zone:Zone 2
MFR_000179,addis ababa dispensary,SNNPR,DHIS2_000296,addis ababa general hospitalital,SNNPR,0.6696869134902954,addis ababa dispensary woreda:Hawassa region:SNNPR zone:Zone 2,addis ababa general hospitalital woreda:Butajira region:SNNPR zone:Zone 4
MFR_000180,gondar health center,Oromia,DHIS2_000337,gondar hospitalital,Oromia,0.7153158783912659,gondar health center woreda:Dukem region:Oromia zone:Zone 3,gondar hospitalital woreda:Dire Dawa region:Oromia zone:Zone 3
MFR_000180,gondar health center,Oromia,DHIS2_000057,gondar health post,Oromia,0.60038822889328,gondar health center woreda:Dukem region:Oromia zone:Zone 3,gondar health post woreda:Bishoftu region:Oromia zone:Zone 4
MFR_000180,gondar health center,Oromia,DHIS2_000127,gondar dispensary,Oromia,0.6519771814346313,gondar health center woreda:Dukem region:Oromia zone:Zone 3,gondar dispensary woreda:Adama region:Oromia zone:Zone 3
MFR_000180,gondar health center,Oromia,DHIS2_000180,gondar health center,Oromia,0.9440733194351196,gondar health center woreda:Dukem region:Oromia zone:Zone 3,gondar health center woreda:Dukem region:Oromia zone:Zone 3
MFR_000180,gondar health center,Oromia,DHIS2_000234,gondar health post,Oromia,0.7288349270820618,gondar health center woreda:Dukem region:Oromia zone:Zone 3,gondar health post woreda:Dukem region:Oromia zone:Zone 5
MFR_000181,nifas silk dispensary,Oromia,DHIS2_000070,nifas silk health center,Oromia,0.7628681659698486,nifas silk dispensary woreda:Modjo region:Oromia zone:Zone 2,nifas silk health center woreda:Dire Dawa region:Oromia zone:Zone 2
MFR_000181,nifas silk dispensary,Oromia,DHIS2_000181,nifas silk dispensary,Oromia,0.9383840560913086,nifas silk dispensary woreda:Modjo region:Oromia zone:Zone 2,nifas silk dispensary woreda:Modjo region:Oromia zone:Zone 2
MFR_000181,nifas silk dispensary,Oromia,DHIS2_000479,nifas silk referral hospital,Oromia,0.7578055262565613,nifas silk dispensary woreda:Modjo region:Oromia zone:Zone 2,nifas silk referral hospital woreda:Bishoftu region:Oromia zone:Zone 2
MFR_000181,nifas silk dispensary,Oromia,DHIS2_000350,nifas silk referral hospital,Oromia,0.5594847798347473,nifas silk dispensary woreda:Modjo region:Oromia zone:Zone 2,nifas silk referral hospital woreda:Dukem region:Oromia zone:Zone 5
MFR_000181,nifas silk dispensary,Oromia,DHIS2_000380,nifas silk dispensary,Oromia,0.6529055237770081,nifas silk dispensary woreda:Modjo region:Oromia zone:Zone 2,nifas silk dispensary woreda:Bishoftu region:Oromia zone:Zone 1
MFR_000181,nifas silk dispensary,Oromia,DHIS2_000435,nifas silk health center,Oromia,0.7337856292724609,nifas silk dispensary woreda:Modjo region:Oromia zone:Zone 2,nifas silk health center woreda:Dukem region:Oromia zone:Zone 2
MFR_000182,bole general hospital,Amhara,DHIS2_000348,bol general hospital,Amhara,0.5831118822097778,bole general hospital woreda:Dessie region:Amhara zone:Zone 2,bol general hospital woreda:Gondar region:Amhara zone:Zone 5
MFR_000182,bole general hospital,Amhara,DHIS2_000095,bole health center,Amhara,0.568378210067749,bole general hospital woreda:Dessie region:Amhara zone:Zone 2,bole health center woreda:Bahir Dar region:Amhara zone:Zone 5
MFR_000182,bole general hospital,Amhara,DHIS2_000182,bole general hospital,Amhara,0.9474194645881653,bole general hospital woreda:Dessie region:Amhara zone:Zone 2,bole general hospital woreda:Dessie region:Amhara zone:Zone 2
MFR_000183,bahir dar health center,Oromia,DHIS2_000195,bahir dar hospital,Oromia,0.6657536625862122,bahir dar health center woreda:Adama region:Oromia zone:Zone 5,bahir dar hospital woreda:Dire Dawa region:Oromia zone:Zone 4
MFR_000183,bahir dar health center,Oromia,DHIS2_000183,bahir dar health center,Oromia,0.9881502389907837,bahir dar health center woreda:Adama region:Oromia zone:Zone 5,bahir dar health center woreda:Adama region:Oromia zone:Zone 5
MFR_000183,bahir dar health center,Oromia,DHIS2_000490,bahir dar hospital,Oromia,0.622485339641571,bahir dar health center woreda:Adama region:Oromia zone:Zone 5,bahir dar hospital woreda:Modjo region:Oromia zone:Zone 3
MFR_000183,bahir dar health center,Oromia,DHIS2_000295,bahir dar hospital,Oromia,0.6211165189743042,bahir dar health center woreda:Adama region:Oromia zone:Zone 5,bahir dar hospital woreda:Dire Dawa region:Oromia zone:Zone 1
MFR_000183,bahir dar health center,Oromia,DHIS2_000270,bahir dar health post,Oromia,0.8362239599227905,bahir dar health center woreda:Adama region:Oromia zone:Zone 5,bahir dar health post woreda:Bishoftu region:Oromia zone:Zone 5
MFR_000184,hosaena health post,SNNPR,DHIS2_000153,hosaena health center,SNNPR,0.8899238109588623,hosaena health post woreda:Butajira region:SNNPR zone:Zone 3,hosaena health center woreda:Butajira region:SNNPR zone:Zone 3
MFR_000184,hosaena health post,SNNPR,DHIS2_000184,hosaena health post,SNNPR,0.9197215437889099,hosaena health post woreda:Butajira region:SNNPR zone:Zone 3,hosaena health post woreda:Butajira region:SNNPR zone:Zone 3
MFR_000184,hosaena health post,SNNPR,DHIS2_000420,hosaena health post,SNNPR,0.9197215437889099,hosaena health post woreda:Butajira region:SNNPR zone:Zone 3,hosaena health post woreda:Butajira region:SNNPR zone:Zone 3
MFR_000185,dire dawa referral hospital,SNNPR,DHIS2_000291,dire dawa referral hospitalital,SNNPR,0.7979207038879395,dire dawa referral hospital woreda:Hosaena region:SNNPR zone:Zone 2,dire dawa referral hospitalital woreda:Arba Minch region:SNNPR zone:Zone 3
MFR_000185,dire dawa referral hospital,SNNPR,DHIS2_000185,dire dawa referral hospital,SNNPR,0.9513833522796631,dire dawa referral hospital woreda:Hosaena region:SNNPR zone:Zone 2,dire dawa referral hospital woreda:Hosaena region:SNNPR zone:Zone 2
MFR_000186,dessie referral hospital,Oromia,DHIS2_000186,dessie referral hospitalital,Oromia,0.9578638672828674,dessie referral hospital woreda:Dire Dawa region:Oromia zone:Zone 5,dessie referral hospitalital woreda:Dire Dawa region:Oromia zone:Zone 5
MFR_000187,butajira health post,SNNPR,DHIS2_000389,butajira clinic,SNNPR,0.5904409289360046,butajira health post woreda:Hawassa region:SNNPR zone:Zone 4,butajira clinic woreda:Butajira region:SNNPR zone:Zone 3
MFR_000187,butajira health post,SNNPR,DHIS2_000176,butajir health center,SNNPR,0.5350699424743652,butajira health post woreda:Hawassa region:SNNPR zone:Zone 4,butajir health center woreda:Arba Minch region:SNNPR zone:Zone 3
MFR_000187,butajira health post,SNNPR,DHIS2_000482,butajira clinic,SNNPR,0.5788195133209229,butajira health post woreda:Hawassa region:SNNPR zone:Zone 4,butajira clinic woreda:Arba Minch region:SNNPR zone:Zone 3
MFR_000187,butajira health post,SNNPR,DHIS2_000187,butajira health post,SNNPR,0.9380499720573425,butajira health post woreda:Hawassa region:SNNPR zone:Zone 4,butajira health post woreda:Hawassa region:SNNPR zone:Zone 4
MFR_000188,adama health post,Addis Ababa,DHIS2_000392,adam health post,Addis Ababa,0.7856642007827759,adama health post woreda:Nifas Silk region:Addis Ababa zone:Zone 2,adam health post woreda:Nifas Silk region:Addis Ababa zone:Zone 3
MFR_000188,adama health post,Addis Ababa,DHIS2_000209,adama hospital,Addis Ababa,0.4296925663948059,adama health post woreda:Nifas Silk region:Addis Ababa zone:Zone 2,adama hospital woreda:Kirkos region:Addis Ababa zone:Zone 3
MFR_000188,adama health post,Addis Ababa,DHIS2_000101,adama health center,Addis Ababa,0.4793996810913086,adama health post woreda:Nifas Silk region:Addis Ababa zone:Zone 2,adama health center woreda:Kirkos region:Addis Ababa zone:Zone 1
MFR_000189,dire dawa health post,Oromia,DHIS2_000409,dire dawa health post,Oromia,0.5745453834533691,dire dawa health post woreda:Dukem region:Oromia zone:Zone 5,dire dawa health post woreda:Adama region:Oromia zone:Zone 3
MFR_000189,dire dawa health post,Oromia,DHIS2_000079,dire dawa health center,Oromia,0.7621554136276245,dire dawa health post woreda:Dukem region:Oromia zone:Zone 5,dire dawa health center woreda:Dukem region:Oromia zone:Zone 4
MFR_000189,dire dawa health post,Oromia,DHIS2_000305,dire dawa health center,Oromia,0.727149248123169,dire dawa health post woreda:Dukem region:Oromia zone:Zone 5,dire dawa health center woreda:Dukem region:Oromia zone:Zone 2
MFR_000189,dire dawa health post,Oromia,DHIS2_000038,dire dawa health center,Oromia,0.7144569158554077,dire dawa health post woreda:Dukem region:Oromia zone:Zone 5,dire dawa health center woreda:Dukem region:Oromia zone:Zone 1
MFR_000191,nifas silk dispensary,Addis Ababa,DHIS2_000415,nifas silk clinic,Addis Ababa,0.7304003834724426,nifas silk dispensary woreda:Arada region:Addis Ababa zone:Zone 1,nifas silk clinic woreda:Nifas Silk region:Addis Ababa zone:Zone 4
MFR_000191,nifas silk dispensary,Addis Ababa,DHIS2_000115,nifas silk health center,Addis Ababa,0.7024052143096924,nifas silk dispensary woreda:Arada region:Addis Ababa zone:Zone 1,nifas silk health center woreda:Nifas Silk region:Addis Ababa zone:Zone 4
MFR_000191,nifas silk dispensary,Addis Ababa,DHIS2_000470,nifas silk health center,Addis Ababa,0.7793424129486084,nifas silk dispensary woreda:Arada region:Addis Ababa zone:Zone 1,nifas silk health center woreda:Arada region:Addis Ababa zone:Zone 3
MFR_000191,nifas silk dispensary,Addis Ababa,DHIS2_000191,nifas silk dispensary,Addis Ababa,0.9750823378562927,nifas silk dispensary woreda:Arada region:Addis Ababa zone:Zone 1,nifas silk dispensary woreda:Arada region:Addis Ababa zone:Zone 1
MFR_000192,modjo dispensary,Oromia,DHIS2_000142,modjo general hospital,Oromia,0.592384934425354,modjo dispensary woreda:Adama region:Oromia zone:Zone 1,modjo general hospital woreda:Dukem region:Oromia zone:Zone 2
MFR_000192,modjo dispensary,Oromia,DHIS2_000425,modjo dispensary,Oromia,0.6291776895523071,modjo dispensary woreda:Adama region:Oromia zone:Zone 1,modjo dispensary woreda:Bishoftu region:Oromia zone:Zone 5
MFR_000193,dukem health post,Oromia,DHIS2_000448,dukem health post,Oromia,0.6719920635223389,dukem health post woreda:Modjo region:Oromia zone:Zone 1,dukem health post woreda:Dukem region:Oromia zone:Zone 3
MFR_000194,butajira health center,Addis Ababa,DHIS2_000031,butajir clinic,Addis Ababa,0.6957678198814392,butajira health center woreda:Addis Ketema region:Addis Ababa zone:Zone 3,butajir clinic woreda:Addis Ketema region:Addis Ababa zone:Zone 4
MFR_000194,butajira health center,Addis Ababa,DHIS2_000012,butajira hospitalital,Addis Ababa,0.8809052109718323,butajira health center woreda:Addis Ketema region:Addis Ababa zone:Zone 3,butajira hospitalital woreda:Lideta region:Addis Ababa zone:Zone 3
MFR_000194,butajira health center,Addis Ababa,DHIS2_000194,butajira health center,Addis Ababa,0.9511843919754028,butajira health center woreda:Addis Ketema region:Addis Ababa zone:Zone 3,butajira health center woreda:Addis Ketema region:Addis Ababa zone:Zone 3
MFR_000194,butajira health center,Addis Ababa,DHIS2_000141,butajira health center,Addis Ababa,0.7460384368896484,butajira health center woreda:Addis Ketema region:Addis Ababa zone:Zone 3,butajira health center woreda:Nifas Silk region:Addis Ababa zone:Zone 4
MFR_000194,butajira health center,Addis Ababa,DHIS2_000417,butajira general hospitalital,Addis Ababa,0.7052014470100403,butajira health center woreda:Addis Ketema region:Addis Ababa zone:Zone 3,butajira general hospitalital woreda:Lideta region:Addis Ababa zone:Zone 2
MFR_000194,butajira health center,Addis Ababa,DHIS2_000148,butajir health center,Addis Ababa,0.6346368193626404,butajira health center woreda:Addis Ketema region:Addis Ababa zone:Zone 3,butajir health center woreda:Lideta region:Addis Ababa zone:Zone 5
MFR_000194,butajira health center,Addis Ababa,DHIS2_000419,butajira health center,Addis Ababa,0.9071137309074402,butajira health center woreda:Addis Ketema region:Addis Ababa zone:Zone 3,butajira health center woreda:Lideta region:Addis Ababa zone:Zone 3
MFR_000194,butajira health center,Addis Ababa,DHIS2_000143,butajir general hospital,Addis Ababa,0.5799135565757751,butajira health center woreda:Addis Ketema region:Addis Ababa zone:Zone 3,butajir general hospital woreda:Nifas Silk region:Addis Ababa zone:Zone 4
MFR_000194,butajira health center,Addis Ababa,DHIS2_000351,butajira dispensary,Addis Ababa,0.6454783082008362,butajira health center woreda:Addis Ketema region:Addis Ababa zone:Zone 3,butajira dispensary woreda:Nifas Silk region:Addis Ababa zone:Zone 2
MFR_000194,butajira health center,Addis Ababa,DHIS2_000202,butajira clinic,Addis Ababa,0.6916576027870178,butajira health center woreda:Addis Ketema region:Addis Ababa zone:Zone 3,butajira clinic woreda:Kirkos region:Addis Ababa zone:Zone 4
MFR_000195,bahir dar hospital,Oromia,DHIS2_000195,bahir dar hospital,Oromia,0.9799411296844482,bahir dar hospital woreda:Dire Dawa region:Oromia zone:Zone 4,bahir dar hospital woreda:Dire Dawa region:Oromia zone:Zone 4
MFR_000195,bahir dar hospital,Oromia,DHIS2_000183,bahir dar health center,Oromia,0.6514472961425781,bahir dar hospital woreda:Dire Dawa region:Oromia zone:Zone 4,bahir dar health center woreda:Adama region:Oromia zone:Zone 5
MFR_000195,bahir dar hospital,Oromia,DHIS2_000490,bahir dar hospital,Oromia,0.6808007955551147,bahir dar hospital woreda:Dire Dawa region:Oromia zone:Zone 4,bahir dar hospital woreda:Modjo region:Oromia zone:Zone 3
MFR_000195,bahir dar hospital,Oromia,DHIS2_000295,bahir dar hospital,Oromia,0.7703875303268433,bahir dar hospital woreda:Dire Dawa region:Oromia zone:Zone 4,bahir dar hospital woreda:Dire Dawa region:Oromia zone:Zone 1
MFR_000195,bahir dar hospital,Oromia,DHIS2_000270,bahir dar health post,Oromia,0.6286838054656982,bahir dar hospital woreda:Dire Dawa region:Oromia zone:Zone 4,bahir dar health post woreda:Bishoftu region:Oromia zone:Zone 5
MFR_000196,hawassa health center,Addis Ababa,DHIS2_000281,hawassa health center,Addis Ababa,0.8511139750480652,hawassa health center woreda:Addis Ketema region:Addis Ababa zone:Zone 1,hawassa health center woreda:Addis Ketema region:Addis Ababa zone:Zone 3
MFR_000196,hawassa health center,Addis Ababa,DHIS2_000248,hawassa health center,Addis Ababa,0.790097177028656,hawassa health center woreda:Addis Ketema region:Addis Ababa zone:Zone 1,hawassa health center woreda:Bole region:Addis Ababa zone:Zone 3
MFR_000196,hawassa health center,Addis Ababa,DHIS2_000196,hawassa health center,Addis Ababa,0.9738379120826721,hawassa health center woreda:Addis Ketema region:Addis Ababa zone:Zone 1,hawassa health center woreda:Addis Ketema region:Addis Ababa zone:Zone 1
MFR_000196,hawassa health center,Addis Ababa,DHIS2_000379,hawassa general hospitalital,Addis Ababa,0.7120025157928467,hawassa health center woreda:Addis Ketema region:Addis Ababa zone:Zone 1,hawassa general hospitalital woreda:Kirkos region:Addis Ababa zone:Zone 5
MFR_000196,hawassa health center,Addis Ababa,DHIS2_000048,hawassa health post,Addis Ababa,0.9480806589126587,hawassa health center woreda:Addis Ketema region:Addis Ababa zone:Zone 1,hawassa health post woreda:Addis Ketema region:Addis Ababa zone:Zone 1
MFR_000197,kirkos hospital,Oromia,DHIS2_000452,kirkos health center,Oromia,0.7936693429946899,kirkos hospital woreda:Dire Dawa region:Oromia zone:Zone 2,kirkos health center woreda:Dire Dawa region:Oromia zone:Zone 1
MFR_000197,kirkos hospital,Oromia,DHIS2_000333,kirkos clinic,Oromia,0.6289870142936707,kirkos hospital woreda:Dire Dawa region:Oromia zone:Zone 2,kirkos clinic woreda:Bishoftu region:Oromia zone:Zone 4
MFR_000197,kirkos hospital,Oromia,DHIS2_000043,kirkos hospitalital,Oromia,0.6040059924125671,kirkos hospital woreda:Dire Dawa region:Oromia zone:Zone 2,kirkos hospitalital woreda:Dukem region:Oromia zone:Zone 1
MFR_000197,kirkos hospital,Oromia,DHIS2_000463,kirkos health post,Oromia,0.5727964043617249,kirkos hospital woreda:Dire Dawa region:Oromia zone:Zone 2,kirkos health post woreda:Modjo region:Oromia zone:Zone 4
MFR_000197,kirkos hospital,Oromia,DHIS2_000366,kirkos health center,Oromia,0.7936693429946899,kirkos hospital woreda:Dire Dawa region:Oromia zone:Zone 2,kirkos health center woreda:Dire Dawa region:Oromia zone:Zone 1
MFR_000197,kirkos hospital,Oromia,DHIS2_000197,kirko hospitalital,Oromia,0.9511857032775879,kirkos hospital woreda:Dire Dawa region:Oromia zone:Zone 2,kirko hospitalital woreda:Dire Dawa region:Oromia zone:Zone 2
MFR_000197,kirkos hospital,Oromia,DHIS2_000283,kirkos clinic,Oromia,0.6001634001731873,kirkos hospital woreda:Dire Dawa region:Oromia zone:Zone 2,kirkos clinic woreda:Dukem region:Oromia zone:Zone 4
MFR_000198,adama health center,Oromia,DHIS2_000069,adama health center,Oromia,0.5974974036216736,adama health center woreda:Dukem region:Oromia zone:Zone 3,adama health center woreda:Adama region:Oromia zone:Zone 5
MFR_000198,adama health center,Oromia,DHIS2_000102,adama health center,Oromia,0.746878981590271,adama health center woreda:Dukem region:Oromia zone:Zone 3,adama health center woreda:Adama region:Oromia zone:Zone 3
MFR_000198,adama health center,Oromia,DHIS2_000416,adama health post,Oromia,0.9172388315200806,adama health center woreda:Dukem region:Oromia zone:Zone 3,adama health post woreda:Dukem region:Oromia zone:Zone 3
MFR_000198,adama health center,Oromia,DHIS2_000017,adama general hospitalital,Oromia,0.5451112985610962,adama health center woreda:Dukem region:Oromia zone:Zone 3,adama general hospitalital woreda:Bishoftu region:Oromia zone:Zone 1
MFR_000198,adama health center,Oromia,DHIS2_000198,adam health center,Oromia,0.9208741784095764,adama health center woreda:Dukem region:Oromia zone:Zone 3,adam health center woreda:Dukem region:Oromia zone:Zone 3
MFR_000199,nifas silk health post,Oromia,DHIS2_000070,nifas silk health center,Oromia,0.7317748665809631,nifas silk health post woreda:Bishoftu region:Oromia zone:Zone 2,nifas silk health center woreda:Dire Dawa region:Oromia zone:Zone 2
MFR_000199,nifas silk health post,Oromia,DHIS2_000181,nifas silk dispensary,Oromia,0.6833738088607788,nifas silk health post woreda:Bishoftu region:Oromia zone:Zone 2,nifas silk dispensary woreda:Modjo region:Oromia zone:Zone 2
MFR_000199,nifas silk health post,Oromia,DHIS2_000479,nifas silk referral hospital,Oromia,0.8975602984428406,nifas silk health post woreda:Bishoftu region:Oromia zone:Zone 2,nifas silk referral hospital woreda:Bishoftu region:Oromia zone:Zone 2
MFR_000199,nifas silk health post,Oromia,DHIS2_000350,nifas silk referral hospital,Oromia,0.5183557868003845,nifas silk health post woreda:Bishoftu region:Oromia zone:Zone 2,nifas silk referral hospital woreda:Dukem region:Oromia zone:Zone 5
MFR_000199,nifas silk health post,Oromia,DHIS2_000380,nifas silk dispensary,Oromia,0.7316147089004517,nifas silk health post woreda:Bishoftu region:Oromia zone:Zone 2,nifas silk dispensary woreda:Bishoftu region:Oromia zone:Zone 1
MFR_000199,nifas silk health post,Oromia,DHIS2_000435,nifas silk health center,Oromia,0.7186098694801331,nifas silk health post woreda:Bishoftu region:Oromia zone:Zone 2,nifas silk health center woreda:Dukem region:Oromia zone:Zone 2
MFR_000200,butajira health center,Amhara,DHIS2_000432,butajira general hospitalital,Amhara,0.5886160135269165,butajira health center woreda:Gondar region:Amhara zone:Zone 5,butajira general hospitalital woreda:Bahir Dar region:Amhara zone:Zone 1
MFR_000200,butajira health center,Amhara,DHIS2_000323,butajira hospital,Amhara,0.6110904812812805,butajira health center woreda:Gondar region:Amhara zone:Zone 5,butajira hospital woreda:Mekelle region:Amhara zone:Zone 2
MFR_000200,butajira health center,Amhara,DHIS2_000067,butajira referral hospitalital,Amhara,0.6335080862045288,butajira health center woreda:Gondar region:Amhara zone:Zone 5,butajira referral hospitalital woreda:Mekelle region:Amhara zone:Zone 4
MFR_000200,butajira health center,Amhara,DHIS2_000200,butajir health center,Amhara,0.916479766368866,butajira health center woreda:Gondar region:Amhara zone:Zone 5,butajir health center woreda:Gondar region:Amhara zone:Zone 5
MFR_000200,butajira health center,Amhara,DHIS2_000251,butajir health center,Amhara,0.7451428174972534,butajira health center woreda:Gondar region:Amhara zone:Zone 5,butajir health center woreda:Gondar region:Amhara zone:Zone 4
MFR_000200,butajira health center,Amhara,DHIS2_000311,butajira health center,Amhara,0.8472424149513245,butajira health center woreda:Gondar region:Amhara zone:Zone 5,butajira health center woreda:Mekelle region:Amhara zone:Zone 5
MFR_000200,butajira health center,Amhara,DHIS2_000039,butajira health post,Amhara,0.5980111956596375,butajira health center woreda:Gondar region:Amhara zone:Zone 5,butajira health post woreda:Bahir Dar region:Amhara zone:Zone 3
MFR_000200,butajira health center,Amhara,DHIS2_000387,butajira dispensary,Amhara,0.549816906452179,butajira health center woreda:Gondar region:Amhara zone:Zone 5,butajira dispensary woreda:Mekelle region:Amhara zone:Zone 2
MFR_000200,butajira health center,Amhara,DHIS2_000397,butajira health post,Amhara,0.9363918304443359,butajira health center woreda:Gondar region:Amhara zone:Zone 5,butajira health post woreda:Gondar region:Amhara zone:Zone 5
MFR_000200,butajira health center,Amhara,DHIS2_000289,butajira clinic,Amhara,0.5915384888648987,butajira health center woreda:Gondar region:Amhara zone:Zone 5,butajira clinic woreda:Dessie region:Amhara zone:Zone 3
MFR_000200,butajira health center,Amhara,DHIS2_000139,butajir dispensary,Amhara,0.4550212323665619,butajira health center woreda:Gondar region:Amhara zone:Zone 5,butajir dispensary woreda:Dessie region:Amhara zone:Zone 1
MFR_000200,butajira health center,Amhara,DHIS2_000217,butajira health post,Amhara,0.5935849547386169,butajira health center woreda:Gondar region:Amhara zone:Zone 5,butajira health post woreda:Dessie region:Amhara zone:Zone 3
MFR_000201,hawassa health center,SNNPR,DHIS2_000078,hawass health post,SNNPR,0.6266928315162659,hawassa health center woreda:Butajira region:SNNPR zone:Zone 2,hawass health post woreda:Hosaena region:SNNPR zone:Zone 4
MFR_000201,hawassa health center,SNNPR,DHIS2_000254,hawassa health post,SNNPR,0.7658476233482361,hawassa health center woreda:Butajira region:SNNPR zone:Zone 2,hawassa health post woreda:Butajira region:SNNPR zone:Zone 1
MFR_000201,hawassa health center,SNNPR,DHIS2_000220,hawassa health post,SNNPR,0.6240527033805847,hawassa health center woreda:Butajira region:SNNPR zone:Zone 2,hawassa health post woreda:Hawassa region:SNNPR zone:Zone 1
MFR_000201,hawassa health center,SNNPR,DHIS2_000201,hawass health center,SNNPR,0.9263143539428711,hawassa health center woreda:Butajira region:SNNPR zone:Zone 2,hawass health center woreda:Butajira region:SNNPR zone:Zone 2
MFR_000201,hawassa health center,SNNPR,DHIS2_000162,hawassa health post,SNNPR,0.9167725443840027,hawassa health center woreda:Butajira region:SNNPR zone:Zone 2,hawassa health post woreda:Butajira region:SNNPR zone:Zone 2
MFR_000202,butajira clinic,Addis Ababa,DHIS2_000031,butajir clinic,Addis Ababa,0.7479540705680847,butajira clinic woreda:Kirkos region:Addis Ababa zone:Zone 4,butajir clinic woreda:Addis Ketema region:Addis Ababa zone:Zone 4
MFR_000202,butajira clinic,Addis Ababa,DHIS2_000012,butajira hospitalital,Addis Ababa,0.6177468299865723,butajira clinic woreda:Kirkos region:Addis Ababa zone:Zone 4,butajira hospitalital woreda:Lideta region:Addis Ababa zone:Zone 3
MFR_000202,butajira clinic,Addis Ababa,DHIS2_000194,butajira health center,Addis Ababa,0.619407594203949,butajira clinic woreda:Kirkos region:Addis Ababa zone:Zone 4,butajira health center woreda:Addis Ketema region:Addis Ababa zone:Zone 3
MFR_000202,butajira clinic,Addis Ababa,DHIS2_000141,butajira health center,Addis Ababa,0.7417998313903809,butajira clinic woreda:Kirkos region:Addis Ababa zone:Zone 4,butajira health center woreda:Nifas Silk region:Addis Ababa zone:Zone 4
MFR_000202,butajira clinic,Addis Ababa,DHIS2_000417,butajira general hospitalital,Addis Ababa,0.5999830961227417,butajira clinic woreda:Kirkos region:Addis Ababa zone:Zone 4,butajira general hospitalital woreda:Lideta region:Addis Ababa zone:Zone 2
MFR_000202,butajira clinic,Addis Ababa,DHIS2_000148,butajir health center,Addis Ababa,0.543178915977478,butajira clinic woreda:Kirkos region:Addis Ababa zone:Zone 4,butajir health center woreda:Lideta region:Addis Ababa zone:Zone 5
MFR_000202,butajira clinic,Addis Ababa,DHIS2_000419,butajira health center,Addis Ababa,0.6124283075332642,butajira clinic woreda:Kirkos region:Addis Ababa zone:Zone 4,butajira health center woreda:Lideta region:Addis Ababa zone:Zone 3
MFR_000202,butajira clinic,Addis Ababa,DHIS2_000143,butajir general hospital,Addis Ababa,0.6586902737617493,butajira clinic woreda:Kirkos region:Addis Ababa zone:Zone 4,butajir general hospital woreda:Nifas Silk region:Addis Ababa zone:Zone 4
MFR_000202,butajira clinic,Addis Ababa,DHIS2_000351,butajira dispensary,Addis Ababa,0.5641005039215088,butajira clinic woreda:Kirkos region:Addis Ababa zone:Zone 4,butajira dispensary woreda:Nifas Silk region:Addis Ababa zone:Zone 2
MFR_000202,butajira clinic,Addis Ababa,DHIS2_000202,butajira clinic,Addis Ababa,0.9796116948127747,butajira clinic woreda:Kirkos region:Addis Ababa zone:Zone 4,butajira clinic woreda:Kirkos region:Addis Ababa zone:Zone 4
MFR_000203,gondar hospital,Addis Ababa,DHIS2_000486,gondar health center,Addis Ababa,0.7756711840629578,gondar hospital woreda:Nifas Silk region:Addis Ababa zone:Zone 2,gondar health center woreda:Nifas Silk region:Addis Ababa zone:Zone 4
MFR_000203,gondar hospital,Addis Ababa,DHIS2_000278,gondar dispensary,Addis Ababa,0.515010416507721,gondar hospital woreda:Nifas Silk region:Addis Ababa zone:Zone 2,gondar dispensary woreda:Lideta region:Addis Ababa zone:Zone 4
MFR_000203,gondar hospital,Addis Ababa,DHIS2_000418,gondar hospitalital,Addis Ababa,0.6007972359657288,gondar hospital woreda:Nifas Silk region:Addis Ababa zone:Zone 2,gondar hospitalital woreda:Addis Ketema region:Addis Ababa zone:Zone 4
MFR_000203,gondar hospital,Addis Ababa,DHIS2_000075,gondar health center,Addis Ababa,0.6781938076019287,gondar hospital woreda:Nifas Silk region:Addis Ababa zone:Zone 2,gondar health center woreda:Addis Ketema region:Addis Ababa zone:Zone 2
MFR_000203,gondar hospital,Addis Ababa,DHIS2_000235,gondar health center,Addis Ababa,0.5626833438873291,gondar hospital woreda:Nifas Silk region:Addis Ababa zone:Zone 2,gondar health center woreda:Addis Ketema region:Addis Ababa zone:Zone 3
MFR_000203,gondar hospital,Addis Ababa,DHIS2_000275,gondar referral hospital,Addis Ababa,0.5356060266494751,gondar hospital woreda:Nifas Silk region:Addis Ababa zone:Zone 2,gondar referral hospital woreda:Lideta region:Addis Ababa zone:Zone 5
MFR_000203,gondar hospital,Addis Ababa,DHIS2_000203,gondar hospital,Addis Ababa,0.9545997977256775,gondar hospital woreda:Nifas Silk region:Addis Ababa zone:Zone 2,gondar hospital woreda:Nifas Silk region:Addis Ababa zone:Zone 2
MFR_000203,gondar hospital,Addis Ababa,DHIS2_000402,gondar hospital,Addis Ababa,0.5567091703414917,gondar hospital woreda:Nifas Silk region:Addis Ababa zone:Zone 2,gondar hospital woreda:Arada region:Addis Ababa zone:Zone 5
MFR_000204,adama health center,Amhara,DHIS2_000204,adama health center,Amhara,0.9640238285064697,adama health center woreda:Dessie region:Amhara zone:Zone 1,adama health center woreda:Dessie region:Amhara zone:Zone 1
MFR_000204,adama health center,Amhara,DHIS2_000477,adam health center,Amhara,0.8216565251350403,adama health center woreda:Dessie region:Amhara zone:Zone 1,adam health center woreda:Dessie region:Amhara zone:Zone 3
MFR_000205,dessie referral hospital,Amhara,DHIS2_000496,dessi referral hospital,Amhara,0.68419349193573,dessie referral hospital woreda:Dessie region:Amhara zone:Zone 5,dessi referral hospital woreda:Bahir Dar region:Amhara zone:Zone 4
MFR_000205,dessie referral hospital,Amhara,DHIS2_000205,dessie referral hospitalital,Amhara,0.9561129808425903,dessie referral hospital woreda:Dessie region:Amhara zone:Zone 5,dessie referral hospitalital woreda:Dessie region:Amhara zone:Zone 5
MFR_000205,dessie referral hospital,Amhara,DHIS2_000091,dessie referral hospitalital,Amhara,0.7583433985710144,dessie referral hospital woreda:Dessie region:Amhara zone:Zone 5,dessie referral hospitalital woreda:Gondar region:Amhara zone:Zone 4
MFR_000206,dessie health center,Oromia,DHIS2_000407,duke health center,Oromia,0.36873725056648254,dessie health center woreda:Modjo region:Oromia zone:Zone 1,duke health center woreda:Dukem region:Oromia zone:Zone 2
MFR_000206,dessie health center,Oromia,DHIS2_000193,duke health post,Oromia,0.603076696395874,dessie health center woreda:Modjo region:Oromia zone:Zone 1,duke health post woreda:Modjo region:Oromia zone:Zone 1
MFR_000206,dessie health center,Oromia,DHIS2_000319,dessie health post,Oromia,0.953906774520874,dessie health center woreda:Modjo region:Oromia zone:Zone 1,dessie health post woreda:Modjo region:Oromia zone:Zone 1
MFR_000206,dessie health center,Oromia,DHIS2_000096,dessi health post,Oromia,0.5807868242263794,dessie health center woreda:Modjo region:Oromia zone:Zone 1,dessi health post woreda:Bishoftu region:Oromia zone:Zone 2
MFR_000207,dire dawa dispensary,Oromia,DHIS2_000032,dir dawa referral hospitalital,Oromia,0.6866602301597595,dire dawa dispensary woreda:Dire Dawa region:Oromia zone:Zone 2,dir dawa referral hospitalital woreda:Dire Dawa region:Oromia zone:Zone 1
MFR_000207,dire dawa dispensary,Oromia,DHIS2_000207,dire dawa dispensary,Oromia,0.9549228549003601,dire dawa dispensary woreda:Dire Dawa region:Oromia zone:Zone 2,dire dawa dispensary woreda:Dire Dawa region:Oromia zone:Zone 2
MFR_000208,hawassa dispensary,Oromia,DHIS2_000156,hawass dispensary,Oromia,0.6973559856414795,hawassa dispensary woreda:Dukem region:Oromia zone:Zone 4,hawass dispensary woreda:Adama region:Oromia zone:Zone 4
MFR_000208,hawassa dispensary,Oromia,DHIS2_000145,hawassa general hospital,Oromia,0.7052507996559143,hawassa dispensary woreda:Dukem region:Oromia zone:Zone 4,hawassa general hospital woreda:Dukem region:Oromia zone:Zone 3
MFR_000208,hawassa dispensary,Oromia,DHIS2_000120,hawassa general hospital,Oromia,0.5337069630622864,hawassa dispensary woreda:Dukem region:Oromia zone:Zone 4,hawassa general hospital woreda:Bishoftu region:Oromia zone:Zone 3
MFR_000208,hawassa dispensary,Oromia,DHIS2_000208,hawass dispensary,Oromia,0.9091091752052307,hawassa dispensary woreda:Dukem region:Oromia zone:Zone 4,hawass dispensary woreda:Dukem region:Oromia zone:Zone 4
MFR_000209,adama hospital,Addis Ababa,DHIS2_000209,adama hospital,Addis Ababa,0.9556812644004822,adama hospital woreda:Kirkos region:Addis Ababa zone:Zone 3,adama hospital woreda:Kirkos region:Addis Ababa zone:Zone 3
MFR_000209,adama hospital,Addis Ababa,DHIS2_000121,adam hospitalital,Addis Ababa,0.633673906326294,adama hospital woreda:Kirkos region:Addis Ababa zone:Zone 3,adam hospitalital woreda:Lideta region:Addis Ababa zone:Zone 2
MFR_000210,hawassa hospital,SNNPR,DHIS2_000210,hawassa hospitalital,SNNPR,0.9460187554359436,hawassa hospital woreda:Hosaena region:SNNPR zone:Zone 4,hawassa hospitalital woreda:Hosaena region:SNNPR zone:Zone 4
MFR_000210,hawassa hospital,SNNPR,DHIS2_000254,hawassa health post,SNNPR,0.5942659378051758,hawassa hospital woreda:Hosaena region:SNNPR zone:Zone 4,hawassa health post woreda:Butajira region:SNNPR zone:Zone 1
MFR_000210,hawassa hospital,SNNPR,DHIS2_000220,hawassa health post,SNNPR,0.6109065413475037,hawassa hospital woreda:Hosaena region:SNNPR zone:Zone 4,hawassa health post woreda:Hawassa region:SNNPR zone:Zone 1
MFR_000210,hawassa hospital,SNNPR,DHIS2_000384,hawassa hospitalital,SNNPR,0.7110067009925842,hawassa hospital woreda:Hosaena region:SNNPR zone:Zone 4,hawassa hospitalital woreda:Butajira region:SNNPR zone:Zone 2
MFR_000210,hawassa hospital,SNNPR,DHIS2_000162,hawassa health post,SNNPR,0.6441832780838013,hawassa hospital woreda:Hosaena region:SNNPR zone:Zone 4,hawassa health post woreda:Butajira region:SNNPR zone:Zone 2
MFR_000211,modjo health post,Addis Ababa,DHIS2_000211,modjo health post,Addis Ababa,0.9615923762321472,modjo health post woreda:Addis Ketema region:Addis Ababa zone:Zone 2,modjo health post woreda:Addis Ketema region:Addis Ababa zone:Zone 2
MFR_000211,modjo health post,Addis Ababa,DHIS2_000060,modjo health center,Addis Ababa,0.6556972861289978,modjo health post woreda:Addis Ketema region:Addis Ababa zone:Zone 2,modjo health center woreda:Kirkos region:Addis Ababa zone:Zone 5
MFR_000211,modjo health post,Addis Ababa,DHIS2_000381,modj health post,Addis Ababa,0.6306776404380798,modjo health post woreda:Addis Ketema region:Addis Ababa zone:Zone 2,modj health post woreda:Kirkos region:Addis Ababa zone:Zone 4
MFR_000211,modjo health post,Addis Ababa,DHIS2_000413,modjo health post,Addis Ababa,0.8935568928718567,modjo health post woreda:Addis Ketema region:Addis Ababa zone:Zone 2,modjo health post woreda:Nifas Silk region:Addis Ababa zone:Zone 2
MFR_000211,modjo health post,Addis Ababa,DHIS2_000015,modjo health post,Addis Ababa,0.746703565120697,modjo health post woreda:Addis Ketema region:Addis Ababa zone:Zone 2,modjo health post woreda:Arada region:Addis Ababa zone:Zone 4
MFR_000212,kirkos health post,Addis Ababa,DHIS2_000074,kirkos health post,Addis Ababa,0.7566841244697571,kirkos health post woreda:Addis Ketema region:Addis Ababa zone:Zone 2,kirkos health post woreda:Arada region:Addis Ababa zone:Zone 3
MFR_000212,kirkos health post,Addis Ababa,DHIS2_000077,kirkos health center,Addis Ababa,0.8516830801963806,kirkos health post woreda:Addis Ketema region:Addis Ababa zone:Zone 2,kirkos health center woreda:Arada region:Addis Ababa zone:Zone 2
MFR_000212,kirkos health post,Addis Ababa,DHIS2_000034,kirkos referral hospitalital,Addis Ababa,0.6503168344497681,kirkos health post woreda:Addis Ketema region:Addis Ababa zone:Zone 2,kirkos referral hospitalital woreda:Lideta region:Addis Ababa zone:Zone 1
MFR_000212,kirkos health post,Addis Ababa,DHIS2_000228,kirkos health post,Addis Ababa,0.7343368530273438,kirkos health post woreda:Addis Ketema region:Addis Ababa zone:Zone 2,kirkos health post woreda:Lideta region:Addis Ababa zone:Zone 1
MFR_000212,kirkos health post,Addis Ababa,DHIS2_000112,kirkos dispensary,Addis Ababa,0.6057154536247253,kirkos health post woreda:Addis Ketema region:Addis Ababa zone:Zone 2,kirkos dispensary woreda:Bole region:Addis Ababa zone:Zone 4
MFR_000212,kirkos health post,Addis Ababa,DHIS2_000396,kirkos health center,Addis Ababa,0.6556650400161743,kirkos health post woreda:Addis Ketema region:Addis Ababa zone:Zone 2,kirkos health center woreda:Bole region:Addis Ababa zone:Zone 5
MFR_000213,addis ababa health post,SNNPR,DHIS2_000085,addis ababa clinic,SNNPR,0.8172634243965149,addis ababa health post woreda:Hosaena region:SNNPR zone:Zone 2,addis ababa clinic woreda:Arba Minch region:SNNPR zone:Zone 2
MFR_000213,addis ababa health post,SNNPR,DHIS2_000061,addis ababa general hospital,SNNPR,0.6655071973800659,addis ababa health post woreda:Hosaena region:SNNPR zone:Zone 2,addis ababa general hospital woreda:Arba Minch region:SNNPR zone:Zone 3
MFR_000213,addis ababa health post,SNNPR,DHIS2_000066,addis ababa hospitalital,SNNPR,0.6830580234527588,addis ababa health post woreda:Hosaena region:SNNPR zone:Zone 2,addis ababa hospitalital woreda:Butajira region:SNNPR zone:Zone 3
MFR_000213,addis ababa health post,SNNPR,DHIS2_000179,addis ababa dispensary,SNNPR,0.8326791524887085,addis ababa health post woreda:Hosaena region:SNNPR zone:Zone 2,addis ababa dispensary woreda:Hawassa region:SNNPR zone:Zone 2
MFR_000213,addis ababa health post,SNNPR,DHIS2_000129,addis ababa hospital,SNNPR,0.854331374168396,addis ababa health post woreda:Hosaena region:SNNPR zone:Zone 2,addis ababa hospital woreda:Hosaena region:SNNPR zone:Zone 2
MFR_000213,addis ababa health post,SNNPR,DHIS2_000213,addis ababa health post,SNNPR,0.9378795623779297,addis ababa health post woreda:Hosaena region:SNNPR zone:Zone 2,addis ababa health post woreda:Hosaena region:SNNPR zone:Zone 2
MFR_000213,addis ababa health post,SNNPR,DHIS2_000296,addis ababa general hospitalital,SNNPR,0.6712414026260376,addis ababa health post woreda:Hosaena region:SNNPR zone:Zone 2,addis ababa general hospitalital woreda:Butajira region:SNNPR zone:Zone 4
MFR_000215,modjo general hospital,SNNPR,DHIS2_000023,modjo health center,SNNPR,0.6322357058525085,modjo general hospital woreda:Butajira region:SNNPR zone:Zone 2,modjo health center woreda:Hosaena region:SNNPR zone:Zone 3
MFR_000215,modjo general hospital,SNNPR,DHIS2_000437,modjo hospitalital,SNNPR,0.7894462943077087,modjo general hospital woreda:Butajira region:SNNPR zone:Zone 2,modjo hospitalital woreda:Arba Minch region:SNNPR zone:Zone 2
MFR_000215,modjo general hospital,SNNPR,DHIS2_000297,modj general hospital,SNNPR,0.7627925872802734,modjo general hospital woreda:Butajira region:SNNPR zone:Zone 2,modj general hospital woreda:Butajira region:SNNPR zone:Zone 4
MFR_000215,modjo general hospital,SNNPR,DHIS2_000433,modjo health center,SNNPR,0.6006996631622314,modjo general hospital woreda:Butajira region:SNNPR zone:Zone 2,modjo health center woreda:Hawassa region:SNNPR zone:Zone 1
MFR_000215,modjo general hospital,SNNPR,DHIS2_000453,modjo dispensary,SNNPR,0.5889619588851929,modjo general hospital woreda:Butajira region:SNNPR zone:Zone 2,modjo dispensary woreda:Hawassa region:SNNPR zone:Zone 3
MFR_000215,modjo general hospital,SNNPR,DHIS2_000157,modj hospital,SNNPR,0.501863420009613,modjo general hospital woreda:Butajira region:SNNPR zone:Zone 2,modj hospital woreda:Arba Minch region:SNNPR zone:Zone 5
MFR_000216,butajira dispensary,Oromia,DHIS2_000094,butajira health post,Oromia,0.501777708530426,butajira dispensary woreda:Dukem region:Oromia zone:Zone 3,butajira health post woreda:Modjo region:Oromia zone:Zone 4
MFR_000216,butajira dispensary,Oromia,DHIS2_000398,butajir hospital,Oromia,0.6843518018722534,butajira dispensary woreda:Dukem region:Oromia zone:Zone 3,butajir hospital woreda:Dukem region:Oromia zone:Zone 2
MFR_000216,butajira dispensary,Oromia,DHIS2_000449,butajira clinic,Oromia,0.7050705552101135,butajira dispensary woreda:Dukem region:Oromia zone:Zone 3,butajira clinic woreda:Bishoftu region:Oromia zone:Zone 3
MFR_000216,butajira dispensary,Oromia,DHIS2_000099,butajira referral hospitalital,Oromia,0.48569583892822266,butajira dispensary woreda:Dukem region:Oromia zone:Zone 3,butajira referral hospitalital woreda:Adama region:Oromia zone:Zone 5
MFR_000216,butajira dispensary,Oromia,DHIS2_000216,butajir dispensary,Oromia,0.8956120610237122,butajira dispensary woreda:Dukem region:Oromia zone:Zone 3,butajir dispensary woreda:Dukem region:Oromia zone:Zone 3
MFR_000217,butajira health post,Amhara,DHIS2_000432,butajira general hospitalital,Amhara,0.5304303765296936,butajira health post woreda:Dessie region:Amhara zone:Zone 3,butajira general hospitalital woreda:Bahir Dar region:Amhara zone:Zone 1
MFR_000217,butajira health post,Amhara,DHIS2_000323,butajira hospital,Amhara,0.5649927258491516,butajira health post woreda:Dessie region:Amhara zone:Zone 3,butajira hospital woreda:Mekelle region:Amhara zone:Zone 2
MFR_000217,butajira health post,Amhara,DHIS2_000067,butajira referral hospitalital,Amhara,0.5358448624610901,butajira health post woreda:Dessie region:Amhara zone:Zone 3,butajira referral hospitalital woreda:Mekelle region:Amhara zone:Zone 4
MFR_000217,butajira health post,Amhara,DHIS2_000200,butajir health center,Amhara,0.4926736652851105,butajira health post woreda:Dessie region:Amhara zone:Zone 3,butajir health center woreda:Gondar region:Amhara zone:Zone 5
MFR_000217,butajira health post,Amhara,DHIS2_000251,butajir health center,Amhara,0.5318223834037781,butajira health post woreda:Dessie region:Amhara zone:Zone 3,butajir health center woreda:Gondar region:Amhara zone:Zone 4
MFR_000217,butajira health post,Amhara,DHIS2_000311,butajira health center,Amhara,0.5656242370605469,butajira health post woreda:Dessie region:Amhara zone:Zone 3,butajira health center woreda:Mekelle region:Amhara zone:Zone 5
MFR_000217,butajira health post,Amhara,DHIS2_000039,butajira health post,Amhara,0.768075168132782,butajira health post woreda:Dessie region:Amhara zone:Zone 3,butajira health post woreda:Bahir Dar region:Amhara zone:Zone 3
MFR_000217,butajira health post,Amhara,DHIS2_000387,butajira dispensary,Amhara,0.5184654593467712,butajira health post woreda:Dessie region:Amhara zone:Zone 3,butajira dispensary woreda:Mekelle region:Amhara zone:Zone 2
MFR_000217,butajira health post,Amhara,DHIS2_000397,butajira health post,Amhara,0.6174675226211548,butajira health post woreda:Dessie region:Amhara zone:Zone 3,butajira health post woreda:Gondar region:Amhara zone:Zone 5
MFR_000217,butajira health post,Amhara,DHIS2_000289,butajira clinic,Amhara,0.8441110849380493,butajira health post woreda:Dessie region:Amhara zone:Zone 3,butajira clinic woreda:Dessie region:Amhara zone:Zone 3
MFR_000217,butajira health post,Amhara,DHIS2_000139,butajir dispensary,Amhara,0.5546405911445618,butajira health post woreda:Dessie region:Amhara zone:Zone 3,butajir dispensary woreda:Dessie region:Amhara zone:Zone 1
MFR_000217,butajira health post,Amhara,DHIS2_000217,butajira health post,Amhara,0.9316167831420898,butajira health post woreda:Dessie region:Amhara zone:Zone 3,butajira health post woreda:Dessie region:Amhara zone:Zone 3
MFR_000218,kirkos health center,Addis Ababa,DHIS2_000074,kirkos health post,Addis Ababa,0.7999325394630432,kirkos health center woreda:Kirkos region:Addis Ababa zone:Zone 1,kirkos health post woreda:Arada region:Addis Ababa zone:Zone 3
MFR_000218,kirkos health center,Addis Ababa,DHIS2_000077,kirkos health center,Addis Ababa,0.8645091652870178,kirkos health center woreda:Kirkos region:Addis Ababa zone:Zone 1,kirkos health center woreda:Arada region:Addis Ababa zone:Zone 2
MFR_000218,kirkos health center,Addis Ababa,DHIS2_000034,kirkos referral hospitalital,Addis Ababa,0.8450027704238892,kirkos health center woreda:Kirkos region:Addis Ababa zone:Zone 1,kirkos referral hospitalital woreda:Lideta region:Addis Ababa zone:Zone 1
MFR_000218,kirkos health center,Addis Ababa,DHIS2_000228,kirkos health post,Addis Ababa,0.9108558893203735,kirkos health center woreda:Kirkos region:Addis Ababa zone:Zone 1,kirkos health post woreda:Lideta region:Addis Ababa zone:Zone 1
MFR_000218,kirkos health center,Addis Ababa,DHIS2_000112,kirkos dispensary,Addis Ababa,0.719897449016571,kirkos health center woreda:Kirkos region:Addis Ababa zone:Zone 1,kirkos dispensary woreda:Bole region:Addis Ababa zone:Zone 4
MFR_000218,kirkos health center,Addis Ababa,DHIS2_000396,kirkos health center,Addis Ababa,0.7851952314376831,kirkos health center woreda:Kirkos region:Addis Ababa zone:Zone 1,kirkos health center woreda:Bole region:Addis Ababa zone:Zone 5
MFR_000219,dire dawa general hospital,Amhara,DHIS2_000267,dire dawa hospital,Amhara,0.5817675590515137,dire dawa general hospital woreda:Bahir Dar region:Amhara zone:Zone 5,dire dawa hospital woreda:Dessie region:Amhara zone:Zone 2
MFR_000219,dire dawa general hospital,Amhara,DHIS2_000427,dire dawa dispensary,Amhara,0.8977871537208557,dire dawa general hospital woreda:Bahir Dar region:Amhara zone:Zone 5,dire dawa dispensary woreda:Bahir Dar region:Amhara zone:Zone 5
MFR_000219,dire dawa general hospital,Amhara,DHIS2_000219,dire dawa general hospitalital,Amhara,0.9345260262489319,dire dawa general hospital woreda:Bahir Dar region:Amhara zone:Zone 5,dire dawa general hospitalital woreda:Bahir Dar region:Amhara zone:Zone 5
MFR_000219,dire dawa general hospital,Amhara,DHIS2_000164,dire dawa general hospitalital,Amhara,0.6250790357589722,dire dawa general hospital woreda:Bahir Dar region:Amhara zone:Zone 5,dire dawa general hospitalital woreda:Dessie region:Amhara zone:Zone 4
MFR_000219,dire dawa general hospital,Amhara,DHIS2_000171,dire dawa dispensary,Amhara,0.5111308097839355,dire dawa general hospital woreda:Bahir Dar region:Amhara zone:Zone 5,dire dawa dispensary woreda:Dessie region:Amhara zone:Zone 2
MFR_000219,dire dawa general hospital,Amhara,DHIS2_000252,dir dawa general hospitalital,Amhara,0.7486650347709656,dire dawa general hospital woreda:Bahir Dar region:Amhara zone:Zone 5,dir dawa general hospitalital woreda:Gondar region:Amhara zone:Zone 5
MFR_000220,hawassa health post,SNNPR,DHIS2_000078,hawass health post,SNNPR,0.7901467084884644,hawassa health post woreda:Hawassa region:SNNPR zone:Zone 1,hawass health post woreda:Hosaena region:SNNPR zone:Zone 4
MFR_000220,hawassa health post,SNNPR,DHIS2_000254,hawassa health post,SNNPR,0.9286748170852661,hawassa health post woreda:Hawassa region:SNNPR zone:Zone 1,hawassa health post woreda:Butajira region:SNNPR zone:Zone 1
MFR_000220,hawassa health post,SNNPR,DHIS2_000220,hawassa health post,SNNPR,0.9467396140098572,hawassa health post woreda:Hawassa region:SNNPR zone:Zone 1,hawassa health post woreda:Hawassa region:SNNPR zone:Zone 1
MFR_000220,hawassa health post,SNNPR,DHIS2_000201,hawass health center,SNNPR,0.7664239406585693,hawassa health post woreda:Hawassa region:SNNPR zone:Zone 1,hawass health center woreda:Butajira region:SNNPR zone:Zone 2
MFR_000220,hawassa health post,SNNPR,DHIS2_000162,hawassa health post,SNNPR,0.8463243246078491,hawassa health post woreda:Hawassa region:SNNPR zone:Zone 1,hawassa health post woreda:Butajira region:SNNPR zone:Zone 2
MFR_000221,gondar health post,Oromia,DHIS2_000337,gondar hospitalital,Oromia,0.5380285382270813,gondar health post woreda:Bishoftu region:Oromia zone:Zone 4,gondar hospitalital woreda:Dire Dawa region:Oromia zone:Zone 3
MFR_000221,gondar health post,Oromia,DHIS2_000057,gondar health post,Oromia,0.9408912658691406,gondar health post woreda:Bishoftu region:Oromia zone:Zone 4,gondar health post woreda:Bishoftu region:Oromia zone:Zone 4
MFR_000221,gondar health post,Oromia,DHIS2_000127,gondar dispensary,Oromia,0.4543802738189697,gondar health post woreda:Bishoftu region:Oromia zone:Zone 4,gondar dispensary woreda:Adama region:Oromia zone:Zone 3
MFR_000221,gondar health post,Oromia,DHIS2_000180,gondar health center,Oromia,0.5607054829597473,gondar health post woreda:Bishoftu region:Oromia zone:Zone 4,gondar health center woreda:Dukem region:Oromia zone:Zone 3
MFR_000221,gondar health post,Oromia,DHIS2_000234,gondar health post,Oromia,0.5892747640609741,gondar health post woreda:Bishoftu region:Oromia zone:Zone 4,gondar health post woreda:Dukem region:Oromia zone:Zone 5
MFR_000222,dire dawa dispensary,Addis Ababa,DHIS2_000399,dire dawa general hospital,Addis Ababa,0.5900259613990784,dire dawa dispensary woreda:Addis Ketema region:Addis Ababa zone:Zone 5,dire dawa general hospital woreda:Bole region:Addis Ababa zone:Zone 2
MFR_000222,dire dawa dispensary,Addis Ababa,DHIS2_000222,dire dawa dispensary,Addis Ababa,0.9805558919906616,dire dawa dispensary woreda:Addis Ketema region:Addis Ababa zone:Zone 5,dire dawa dispensary woreda:Addis Ketema region:Addis Ababa zone:Zone 5
MFR_000223,bahir dar hospital,Amhara,DHIS2_000363,bahir dar dispensary,Amhara,0.6303403973579407,bahir dar hospital woreda:Dessie region:Amhara zone:Zone 2,bahir dar dispensary woreda:Bahir Dar region:Amhara zone:Zone 4
MFR_000223,bahir dar hospital,Amhara,DHIS2_000424,bahir dar clinic,Amhara,0.8265713453292847,bahir dar hospital woreda:Dessie region:Amhara zone:Zone 2,bahir dar clinic woreda:Dessie region:Amhara zone:Zone 3
MFR_000223,bahir dar hospital,Amhara,DHIS2_000223,bahir dar hospital,Amhara,0.9601575136184692,bahir dar hospital woreda:Dessie region:Amhara zone:Zone 2,bahir dar hospital woreda:Dessie region:Amhara zone:Zone 2
MFR_000223,bahir dar hospital,Amhara,DHIS2_000391,bahir dar hospital,Amhara,0.7130679488182068,bahir dar hospital woreda:Dessie region:Amhara zone:Zone 2,bahir dar hospital woreda:Bahir Dar region:Amhara zone:Zone 3
MFR_000223,bahir dar hospital,Amhara,DHIS2_000068,bahir dar health center,Amhara,0.8212943077087402,bahir dar hospital woreda:Dessie region:Amhara zone:Zone 2,bahir dar health center woreda:Dessie region:Amhara zone:Zone 3
MFR_000223,bahir dar hospital,Amhara,DHIS2_000237,bahir dar health post,Amhara,0.588206946849823,bahir dar hospital woreda:Dessie region:Amhara zone:Zone 2,bahir dar health post woreda:Mekelle region:Amhara zone:Zone 5
MFR_000224,dessie health post,SNNPR,DHIS2_000385,dessie health post,SNNPR,0.6493951082229614,dessie health post woreda:Arba Minch region:SNNPR zone:Zone 1,dessie health post woreda:Hosaena region:SNNPR zone:Zone 4
MFR_000224,dessie health post,SNNPR,DHIS2_000146,dessi health center,SNNPR,0.7412271499633789,dessie health post woreda:Arba Minch region:SNNPR zone:Zone 1,dessi health center woreda:Arba Minch region:SNNPR zone:Zone 4
MFR_000224,dessie health post,SNNPR,DHIS2_000245,dessi health post,SNNPR,0.5278570652008057,dessie health post woreda:Arba Minch region:SNNPR zone:Zone 1,dessi health post woreda:Hawassa region:SNNPR zone:Zone 5
MFR_000224,dessie health post,SNNPR,DHIS2_000144,dessi health center,SNNPR,0.49241238832473755,dessie health post woreda:Arba Minch region:SNNPR zone:Zone 1,dessi health center woreda:Hawassa region:SNNPR zone:Zone 2
MFR_000224,dessie health post,SNNPR,DHIS2_000224,dessie health post,SNNPR,0.9706709980964661,dessie health post woreda:Arba Minch region:SNNPR zone:Zone 1,dessie health post woreda:Arba Minch region:SNNPR zone:Zone 1
MFR_000224,dessie health post,SNNPR,DHIS2_000487,duke health post,SNNPR,0.6640748977661133,dessie health post woreda:Arba Minch region:SNNPR zone:Zone 1,duke health post woreda:Arba Minch region:SNNPR zone:Zone 1
MFR_000224,dessie health post,SNNPR,DHIS2_000260,dessie health center,SNNPR,0.869251549243927,dessie health post woreda:Arba Minch region:SNNPR zone:Zone 1,dessie health center woreda:Arba Minch region:SNNPR zone:Zone 2
MFR_000225,gondar health post,SNNPR,DHIS2_000040,gondar referral hospital,SNNPR,0.6475436687469482,gondar health post woreda:Butajira region:SNNPR zone:Zone 5,gondar referral hospital woreda:Butajira region:SNNPR zone:Zone 3
MFR_000225,gondar health post,SNNPR,DHIS2_000027,gondar hospital,SNNPR,0.5066077709197998,gondar health post woreda:Butajira region:SNNPR zone:Zone 5,gondar hospital woreda:Hawassa region:SNNPR zone:Zone 3
MFR_000225,gondar health post,SNNPR,DHIS2_000405,gondar hospitalital,SNNPR,0.532724142074585,gondar health post woreda:Butajira region:SNNPR zone:Zone 5,gondar hospitalital woreda:Hosaena region:SNNPR zone:Zone 3
MFR_000225,gondar health post,SNNPR,DHIS2_000259,gondar clinic,SNNPR,0.5057528018951416,gondar health post woreda:Butajira region:SNNPR zone:Zone 5,gondar clinic woreda:Hawassa region:SNNPR zone:Zone 3
MFR_000225,gondar health post,SNNPR,DHIS2_000225,gondar health post,SNNPR,0.9343692660331726,gondar health post woreda:Butajira region:SNNPR zone:Zone 5,gondar health post woreda:Butajira region:SNNPR zone:Zone 5
MFR_000225,gondar health post,SNNPR,DHIS2_000286,gonda referral hospitalital,SNNPR,0.443742036819458,gondar health post woreda:Butajira region:SNNPR zone:Zone 5,gonda referral hospitalital woreda:Hosaena region:SNNPR zone:Zone 1
MFR_000225,gondar health post,SNNPR,DHIS2_000243,gondar general hospital,SNNPR,0.714278519153595,gondar health post woreda:Butajira region:SNNPR zone:Zone 5,gondar general hospital woreda:Hawassa region:SNNPR zone:Zone 5
MFR_000225,gondar health post,SNNPR,DHIS2_000255,gondar health center,SNNPR,0.6858330965042114,gondar health post woreda:Butajira region:SNNPR zone:Zone 5,gondar health center woreda:Butajira region:SNNPR zone:Zone 2
MFR_000226,hosaena dispensary,Oromia,DHIS2_000226,hosaen dispensary,Oromia,0.915433943271637,hosaena dispensary woreda:Adama region:Oromia zone:Zone 4,hosaen dispensary woreda:Adama region:Oromia zone:Zone 4
MFR_000226,hosaena dispensary,Oromia,DHIS2_000123,hosaena general hospital,Oromia,0.7042137980461121,hosaena dispensary woreda:Adama region:Oromia zone:Zone 4,hosaena general hospital woreda:Dukem region:Oromia zone:Zone 4
MFR_000226,hosaena dispensary,Oromia,DHIS2_000261,hosaena clinic,Oromia,0.5739525556564331,hosaena dispensary woreda:Adama region:Oromia zone:Zone 4,hosaena clinic woreda:Modjo region:Oromia zone:Zone 3
MFR_000227,dessie general hospital,Amhara,DHIS2_000451,dessie health center,Amhara,0.7224422097206116,dessie general hospital woreda:Dessie region:Amhara zone:Zone 4,dessie health center woreda:Gondar region:Amhara zone:Zone 2
MFR_000227,dessie general hospital,Amhara,DHIS2_000117,dessie health center,Amhara,0.6849662065505981,dessie general hospital woreda:Dessie region:Amhara zone:Zone 4,dessie health center woreda:Dessie region:Amhara zone:Zone 1
MFR_000227,dessie general hospital,Amhara,DHIS2_000374,dessie dispensary,Amhara,0.8495954871177673,dessie general hospital woreda:Dessie region:Amhara zone:Zone 4,dessie dispensary woreda:Mekelle region:Amhara zone:Zone 4
MFR_000227,dessie general hospital,Amhara,DHIS2_000285,dessie health center,Amhara,0.6534212231636047,dessie general hospital woreda:Dessie region:Amhara zone:Zone 4,dessie health center woreda:Bahir Dar region:Amhara zone:Zone 1
MFR_000227,dessie general hospital,Amhara,DHIS2_000042,dessie health center,Amhara,0.7131001949310303,dessie general hospital woreda:Dessie region:Amhara zone:Zone 4,dessie health center woreda:Mekelle region:Amhara zone:Zone 3
MFR_000227,dessie general hospital,Amhara,DHIS2_000227,dessie general hospital,Amhara,0.9530153870582581,dessie general hospital woreda:Dessie region:Amhara zone:Zone 4,dessie general hospital woreda:Dessie region:Amhara zone:Zone 4
MFR_000228,kirkos health post,Addis Ababa,DHIS2_000074,kirkos health post,Addis Ababa,0.7211869359016418,kirkos health post woreda:Lideta region:Addis Ababa zone:Zone 1,kirkos health post woreda:Arada region:Addis Ababa zone:Zone 3
MFR_000228,kirkos health post,Addis Ababa,DHIS2_000077,kirkos health center,Addis Ababa,0.7156557440757751,kirkos health post woreda:Lideta region:Addis Ababa zone:Zone 1,kirkos health center woreda:Arada region:Addis Ababa zone:Zone 2
MFR_000228,kirkos health post,Addis Ababa,DHIS2_000034,kirkos referral hospitalital,Addis Ababa,0.9081441164016724,kirkos health post woreda:Lideta region:Addis Ababa zone:Zone 1,kirkos referral hospitalital woreda:Lideta region:Addis Ababa zone:Zone 1
MFR_000228,kirkos health post,Addis Ababa,DHIS2_000228,kirkos health post,Addis Ababa,0.991550087928772,kirkos health post woreda:Lideta region:Addis Ababa zone:Zone 1,kirkos health post woreda:Lideta region:Addis Ababa zone:Zone 1
MFR_000228,kirkos health post,Addis Ababa,DHIS2_000112,kirkos dispensary,Addis Ababa,0.5750977993011475,kirkos health post woreda:Lideta region:Addis Ababa zone:Zone 1,kirkos dispensary woreda:Bole region:Addis Ababa zone:Zone 4
MFR_000228,kirkos health post,Addis Ababa,DHIS2_000396,kirkos health center,Addis Ababa,0.6328375935554504,kirkos health post woreda:Lideta region:Addis Ababa zone:Zone 1,kirkos health center woreda:Bole region:Addis Ababa zone:Zone 5
MFR_000229,nifas silk health post,Amhara,DHIS2_000064,nifas silk hospital,Amhara,0.5283588767051697,nifas silk health post woreda:Mekelle region:Amhara zone:Zone 2,nifas silk hospital woreda:Bahir Dar region:Amhara zone:Zone 5
MFR_000229,nifas silk health post,Amhara,DHIS2_000330,nifas silk health center,Amhara,0.7305783629417419,nifas silk health post woreda:Mekelle region:Amhara zone:Zone 2,nifas silk health center woreda:Bahir Dar region:Amhara zone:Zone 2
MFR_000229,nifas silk health post,Amhara,DHIS2_000455,nifas silk dispensary,Amhara,0.5567062497138977,nifas silk health post woreda:Mekelle region:Amhara zone:Zone 2,nifas silk dispensary woreda:Gondar region:Amhara zone:Zone 1
MFR_000229,nifas silk health post,Amhara,DHIS2_000229,nifas silk health post,Amhara,0.9264014959335327,nifas silk health post woreda:Mekelle region:Amhara zone:Zone 2,nifas silk health post woreda:Mekelle region:Amhara zone:Zone 2
MFR_000229,nifas silk health post,Amhara,DHIS2_000126,nifas silk clinic,Amhara,0.556036651134491,nifas silk health post woreda:Mekelle region:Amhara zone:Zone 2,nifas silk clinic woreda:Dessie region:Amhara zone:Zone 1
MFR_000229,nifas silk health post,Amhara,DHIS2_000028,nifas silk clinic,Amhara,0.7349539399147034,nifas silk health post woreda:Mekelle region:Amhara zone:Zone 2,nifas silk clinic woreda:Mekelle region:Amhara zone:Zone 4
MFR_000230,kirkos health center,SNNPR,DHIS2_000080,kirkos health center,SNNPR,0.6515699028968811,kirkos health center woreda:Hawassa region:SNNPR zone:Zone 4,kirkos health center woreda:Hosaena region:SNNPR zone:Zone 1
MFR_000230,kirkos health center,SNNPR,DHIS2_000047,kirkos general hospitalital,SNNPR,0.6197213530540466,kirkos health center woreda:Hawassa region:SNNPR zone:Zone 4,kirkos general hospitalital woreda:Arba Minch region:SNNPR zone:Zone 2
MFR_000230,kirkos health center,SNNPR,DHIS2_000230,kirkos health center,SNNPR,0.9649155139923096,kirkos health center woreda:Hawassa region:SNNPR zone:Zone 4,kirkos health center woreda:Hawassa region:SNNPR zone:Zone 4
MFR_000230,kirkos health center,SNNPR,DHIS2_000009,kirkos health center,SNNPR,0.8313471674919128,kirkos health center woreda:Hawassa region:SNNPR zone:Zone 4,kirkos health center woreda:Arba Minch region:SNNPR zone:Zone 4
MFR_000231,bole health center,Oromia,DHIS2_000231,bol health center,Oromia,0.9150680899620056,bole health center woreda:Dukem region:Oromia zone:Zone 4,bol health center woreda:Dukem region:Oromia zone:Zone 4
MFR_000232,bahir dar health center,Amhara,DHIS2_000363,bahir dar dispensary,Amhara,0.6048915982246399,bahir dar health center woreda:Dessie region:Amhara zone:Zone 2,bahir dar dispensary woreda:Bahir Dar region:Amhara zone:Zone 4
MFR_000232,bahir dar health center,Amhara,DHIS2_000424,bahir dar clinic,Amhara,0.7963722944259644,bahir dar health center woreda:Dessie region:Amhara zone:Zone 2,bahir dar clinic woreda:Dessie region:Amhara zone:Zone 3
MFR_000232,bahir dar health center,Amhara,DHIS2_000223,bahir dar hospital,Amhara,0.9233577251434326,bahir dar health center woreda:Dessie region:Amhara zone:Zone 2,bahir dar hospital woreda:Dessie region:Amhara zone:Zone 2
MFR_000232,bahir dar health center,Amhara,DHIS2_000391,bahir dar hospital,Amhara,0.6608747839927673,bahir dar health center woreda:Dessie region:Amhara zone:Zone 2,bahir dar hospital woreda:Bahir Dar region:Amhara zone:Zone 3
MFR_000232,bahir dar health center,Amhara,DHIS2_000068,bahir dar health center,Amhara,0.8247119188308716,bahir dar health center woreda:Dessie region:Amhara zone:Zone 2,bahir dar health center woreda:Dessie region:Amhara zone:Zone 3
MFR_000232,bahir dar health center,Amhara,DHIS2_000237,bahir dar health post,Amhara,0.6186814308166504,bahir dar health center woreda:Dessie region:Amhara zone:Zone 2,bahir dar health post woreda:Mekelle region:Amhara zone:Zone 5
MFR_000233,dire dawa general hospital,SNNPR,DHIS2_000287,dire dawa general hospital,SNNPR,0.8045655488967896,dire dawa general hospital woreda:Hosaena region:SNNPR zone:Zone 3,dire dawa general hospital woreda:Hosaena region:SNNPR zone:Zone 4
MFR_000233,dire dawa general hospital,SNNPR,DHIS2_000168,dir dawa general hospitalital,SNNPR,0.6639901399612427,dire dawa general hospital woreda:Hosaena region:SNNPR zone:Zone 3,dir dawa general hospitalital woreda:Butajira region:SNNPR zone:Zone 1
MFR_000233,dire dawa general hospital,SNNPR,DHIS2_000233,dir dawa general hospitalital,SNNPR,0.8970053791999817,dire dawa general hospital woreda:Hosaena region:SNNPR zone:Zone 3,dir dawa general hospitalital woreda:Hosaena region:SNNPR zone:Zone 3
MFR_000234,gondar health post,Oromia,DHIS2_000337,gondar hospitalital,Oromia,0.5008158087730408,gondar health post woreda:Dukem region:Oromia zone:Zone 5,gondar hospitalital woreda:Dire Dawa region:Oromia zone:Zone 3
MFR_000234,gondar health post,Oromia,DHIS2_000057,gondar health post,Oromia,0.6035666465759277,gondar health post woreda:Dukem region:Oromia zone:Zone 5,gondar health post woreda:Bishoftu region:Oromia zone:Zone 4
MFR_000234,gondar health post,Oromia,DHIS2_000127,gondar dispensary,Oromia,0.43472757935523987,gondar health post woreda:Dukem region:Oromia zone:Zone 5,gondar dispensary woreda:Adama region:Oromia zone:Zone 3
MFR_000234,gondar health post,Oromia,DHIS2_000180,gondar health center,Oromia,0.6978999376296997,gondar health post woreda:Dukem region:Oromia zone:Zone 5,gondar health center woreda:Dukem region:Oromia zone:Zone 3
MFR_000234,gondar health post,Oromia,DHIS2_000234,gondar health post,Oromia,0.9535323977470398,gondar health post woreda:Dukem region:Oromia zone:Zone 5,gondar health post woreda:Dukem region:Oromia zone:Zone 5
MFR_000235,gondar health center,Addis Ababa,DHIS2_000486,gondar health center,Addis Ababa,0.7203533053398132,gondar health center woreda:Addis Ketema region:Addis Ababa zone:Zone 3,gondar health center woreda:Nifas Silk region:Addis Ababa zone:Zone 4
MFR_000235,gondar health center,Addis Ababa,DHIS2_000278,gondar dispensary,Addis Ababa,0.6395030617713928,gondar health center woreda:Addis Ketema region:Addis Ababa zone:Zone 3,gondar dispensary woreda:Lideta region:Addis Ababa zone:Zone 4
MFR_000235,gondar health center,Addis Ababa,DHIS2_000418,gondar hospitalital,Addis Ababa,0.7411022186279297,gondar health center woreda:Addis Ketema region:Addis Ababa zone:Zone 3,gondar hospitalital woreda:Addis Ketema region:Addis Ababa zone:Zone 4
MFR_000235,gondar health center,Addis Ababa,DHIS2_000075,gondar health center,Addis Ababa,0.7845860123634338,gondar health center woreda:Addis Ketema region:Addis Ababa zone:Zone 3,gondar health center woreda:Addis Ketema region:Addis Ababa zone:Zone 2
MFR_000235,gondar health center,Addis Ababa,DHIS2_000235,gondar health center,Addis Ababa,0.9353476166725159,gondar health center woreda:Addis Ketema region:Addis Ababa zone:Zone 3,gondar health center woreda:Addis Ketema region:Addis Ababa zone:Zone 3
MFR_000235,gondar health center,Addis Ababa,DHIS2_000275,gondar referral hospital,Addis Ababa,0.6310396194458008,gondar health center woreda:Addis Ketema region:Addis Ababa zone:Zone 3,gondar referral hospital woreda:Lideta region:Addis Ababa zone:Zone 5
MFR_000235,gondar health center,Addis Ababa,DHIS2_000203,gondar hospital,Addis Ababa,0.6786036491394043,gondar health center woreda:Addis Ketema region:Addis Ababa zone:Zone 3,gondar hospital woreda:Nifas Silk region:Addis Ababa zone:Zone 2
MFR_000235,gondar health center,Addis Ababa,DHIS2_000402,gondar hospital,Addis Ababa,0.6474578380584717,gondar health center woreda:Addis Ketema region:Addis Ababa zone:Zone 3,gondar hospital woreda:Arada region:Addis Ababa zone:Zone 5
MFR_000236,adama hospital,Addis Ababa,DHIS2_000209,adama hospital,Addis Ababa,0.6515398621559143,adama hospital woreda:Lideta region:Addis Ababa zone:Zone 4,adama hospital woreda:Kirkos region:Addis Ababa zone:Zone 3
MFR_000236,adama hospital,Addis Ababa,DHIS2_000121,adam hospitalital,Addis Ababa,0.7714043855667114,adama hospital woreda:Lideta region:Addis Ababa zone:Zone 4,adam hospitalital woreda:Lideta region:Addis Ababa zone:Zone 2
MFR_000237,bahir dar health post,Amhara,DHIS2_000363,bahir dar dispensary,Amhara,0.5525387525558472,bahir dar health post woreda:Mekelle region:Amhara zone:Zone 5,bahir dar dispensary woreda:Bahir Dar region:Amhara zone:Zone 4
MFR_000237,bahir dar health post,Amhara,DHIS2_000424,bahir dar clinic,Amhara,0.5347407460212708,bahir dar health post woreda:Mekelle region:Amhara zone:Zone 5,bahir dar clinic woreda:Dessie region:Amhara zone:Zone 3
MFR_000237,bahir dar health post,Amhara,DHIS2_000223,bahir dar hospital,Amhara,0.5317524671554565,bahir dar health post woreda:Mekelle region:Amhara zone:Zone 5,bahir dar hospital woreda:Dessie region:Amhara zone:Zone 2
MFR_000237,bahir dar health post,Amhara,DHIS2_000391,bahir dar hospital,Amhara,0.5323657393455505,bahir dar health post woreda:Mekelle region:Amhara zone:Zone 5,bahir dar hospital woreda:Bahir Dar region:Amhara zone:Zone 3
MFR_000237,bahir dar health post,Amhara,DHIS2_000068,bahir dar health center,Amhara,0.5805529356002808,bahir dar health post woreda:Mekelle region:Amhara zone:Zone 5,bahir dar health center woreda:Dessie region:Amhara zone:Zone 3
MFR_000237,bahir dar health post,Amhara,DHIS2_000237,bahir dar health post,Amhara,0.9494786858558655,bahir dar health post woreda:Mekelle region:Amhara zone:Zone 5,bahir dar health post woreda:Mekelle region:Amhara zone:Zone 5
MFR_000238,bahir dar general hospital,SNNPR,DHIS2_000279,bahir dar general hospitalital,SNNPR,0.9281314015388489,bahir dar general hospital woreda:Hosaena region:SNNPR zone:Zone 2,bahir dar general hospitalital woreda:Hosaena region:SNNPR zone:Zone 2
MFR_000238,bahir dar general hospital,SNNPR,DHIS2_000465,bahir dar health center,SNNPR,0.9098173379898071,bahir dar general hospital woreda:Hosaena region:SNNPR zone:Zone 2,bahir dar health center woreda:Hosaena region:SNNPR zone:Zone 2
MFR_000238,bahir dar general hospital,SNNPR,DHIS2_000137,bahir dar health post,SNNPR,0.7376300692558289,bahir dar general hospital woreda:Hosaena region:SNNPR zone:Zone 2,bahir dar health post woreda:Hosaena region:SNNPR zone:Zone 1
MFR_000238,bahir dar general hospital,SNNPR,DHIS2_000485,bahir dar general hospitalital,SNNPR,0.8810936212539673,bahir dar general hospital woreda:Hosaena region:SNNPR zone:Zone 2,bahir dar general hospitalital woreda:Arba Minch region:SNNPR zone:Zone 2
MFR_000238,bahir dar general hospital,SNNPR,DHIS2_000268,bahir dar dispensary,SNNPR,0.6369655132293701,bahir dar general hospital woreda:Hosaena region:SNNPR zone:Zone 2,bahir dar dispensary woreda:Arba Minch region:SNNPR zone:Zone 5
MFR_000239,modjo health center,SNNPR,DHIS2_000023,modjo health center,SNNPR,0.8396862149238586,modjo health center woreda:Hosaena region:SNNPR zone:Zone 1,modjo health center woreda:Hosaena region:SNNPR zone:Zone 3
MFR_000239,modjo health center,SNNPR,DHIS2_000056,modjo health post,SNNPR,0.7642560005187988,modjo health center woreda:Hosaena region:SNNPR zone:Zone 1,modjo health post woreda:Hawassa region:SNNPR zone:Zone 4
MFR_000239,modjo health center,SNNPR,DHIS2_000239,modj health center,SNNPR,0.9121323227882385,modjo health center woreda:Hosaena region:SNNPR zone:Zone 1,modj health center woreda:Hosaena region:SNNPR zone:Zone 1
MFR_000239,modjo health center,SNNPR,DHIS2_000433,modjo health center,SNNPR,0.9269217848777771,modjo health center woreda:Hosaena region:SNNPR zone:Zone 1,modjo health center woreda:Hawassa region:SNNPR zone:Zone 1
MFR_000240,bahir dar health post,Addis Ababa,DHIS2_000138,bahir dar clinic,Addis Ababa,0.7422904372215271,bahir dar health post woreda:Bole region:Addis Ababa zone:Zone 4,bahir dar clinic woreda:Bole region:Addis Ababa zone:Zone 5
MFR_000240,bahir dar health post,Addis Ababa,DHIS2_000177,bahir dar referral hospitalital,Addis Ababa,0.6614298820495605,bahir dar health post woreda:Bole region:Addis Ababa zone:Zone 4,bahir dar referral hospitalital woreda:Bole region:Addis Ababa zone:Zone 1
MFR_000240,bahir dar health post,Addis Ababa,DHIS2_000256,bahir dar health center,Addis Ababa,0.615288496017456,bahir dar health post woreda:Bole region:Addis Ababa zone:Zone 4,bahir dar health center woreda:Arada region:Addis Ababa zone:Zone 1
MFR_000240,bahir dar health post,Addis Ababa,DHIS2_000290,bahir dar health center,Addis Ababa,0.8038554191589355,bahir dar health post woreda:Bole region:Addis Ababa zone:Zone 4,bahir dar health center woreda:Kirkos region:Addis Ababa zone:Zone 4
MFR_000240,bahir dar health post,Addis Ababa,DHIS2_000341,bahir dar hospital,Addis Ababa,0.7668837308883667,bahir dar health post woreda:Bole region:Addis Ababa zone:Zone 4,bahir dar hospital woreda:Lideta region:Addis Ababa zone:Zone 4
MFR_000240,bahir dar health post,Addis Ababa,DHIS2_000312,bahir dar health post,Addis Ababa,0.7015515565872192,bahir dar health post woreda:Bole region:Addis Ababa zone:Zone 4,bahir dar health post woreda:Lideta region:Addis Ababa zone:Zone 5
MFR_000240,bahir dar health post,Addis Ababa,DHIS2_000447,bahir dar health center,Addis Ababa,0.6674607992172241,bahir dar health post woreda:Bole region:Addis Ababa zone:Zone 4,bahir dar health center woreda:Lideta region:Addis Ababa zone:Zone 3
MFR_000240,bahir dar health post,Addis Ababa,DHIS2_000041,bahir dar hospitalital,Addis Ababa,0.6198747158050537,bahir dar health post woreda:Bole region:Addis Ababa zone:Zone 4,bahir dar hospitalital woreda:Arada region:Addis Ababa zone:Zone 3
MFR_000241,kirkos general hospital,Amhara,DHIS2_000174,kirko clinic,Amhara,0.5283724069595337,kirkos general hospital woreda:Bahir Dar region:Amhara zone:Zone 2,kirko clinic woreda:Mekelle region:Amhara zone:Zone 1
MFR_000241,kirkos general hospital,Amhara,DHIS2_000324,kirkos clinic,Amhara,0.5401256084442139,kirkos general hospital woreda:Bahir Dar region:Amhara zone:Zone 2,kirkos clinic woreda:Dessie region:Amhara zone:Zone 1
MFR_000241,kirkos general hospital,Amhara,DHIS2_000353,kirkos dispensary,Amhara,0.4969622492790222,kirkos general hospital woreda:Bahir Dar region:Amhara zone:Zone 2,kirkos dispensary woreda:Mekelle region:Amhara zone:Zone 1
MFR_000241,kirkos general hospital,Amhara,DHIS2_000282,kirkos clinic,Amhara,0.6946369409561157,kirkos general hospital woreda:Bahir Dar region:Amhara zone:Zone 2,kirkos clinic woreda:Gondar region:Amhara zone:Zone 2
MFR_000241,kirkos general hospital,Amhara,DHIS2_000438,kirkos health center,Amhara,0.5605145692825317,kirkos general hospital woreda:Bahir Dar region:Amhara zone:Zone 2,kirkos health center woreda:Gondar region:Amhara zone:Zone 1
MFR_000241,kirkos general hospital,Amhara,DHIS2_000371,kirkos clinic,Amhara,0.5820952653884888,kirkos general hospital woreda:Bahir Dar region:Amhara zone:Zone 2,kirkos clinic woreda:Mekelle region:Amhara zone:Zone 3
MFR_000241,kirkos general hospital,Amhara,DHIS2_000241,kirkos general hospital,Amhara,0.9423040747642517,kirkos general hospital woreda:Bahir Dar region:Amhara zone:Zone 2,kirkos general hospital woreda:Bahir Dar region:Amhara zone:Zone 2
MFR_000241,kirkos general hospital,Amhara,DHIS2_000469,kirkos clinic,Amhara,0.6034066677093506,kirkos general hospital woreda:Bahir Dar region:Amhara zone:Zone 2,kirkos clinic woreda:Gondar region:Amhara zone:Zone 3
MFR_000242,gondar health post,Addis Ababa,DHIS2_000486,gondar health center,Addis Ababa,0.6568895578384399,gondar health post woreda:Addis Ketema region:Addis Ababa zone:Zone 5,gondar health center woreda:Nifas Silk region:Addis Ababa zone:Zone 4
MFR_000242,gondar health post,Addis Ababa,DHIS2_000278,gondar dispensary,Addis Ababa,0.5872309803962708,gondar health post woreda:Addis Ketema region:Addis Ababa zone:Zone 5,gondar dispensary woreda:Lideta region:Addis Ababa zone:Zone 4
MFR_000242,gondar health post,Addis Ababa,DHIS2_000418,gondar hospitalital,Addis Ababa,0.7050325274467468,gondar health post woreda:Addis Ketema region:Addis Ababa zone:Zone 5,gondar hospitalital woreda:Addis Ketema region:Addis Ababa zone:Zone 4
MFR_000242,gondar health post,Addis Ababa,DHIS2_000075,gondar health center,Addis Ababa,0.6891493201255798,gondar health post woreda:Addis Ketema region:Addis Ababa zone:Zone 5,gondar health center woreda:Addis Ketema region:Addis Ababa zone:Zone 2
MFR_000242,gondar health post,Addis Ababa,DHIS2_000235,gondar health center,Addis Ababa,0.6834643483161926,gondar health post woreda:Addis Ketema region:Addis Ababa zone:Zone 5,gondar health center woreda:Addis Ketema region:Addis Ababa zone:Zone 3
MFR_000242,gondar health post,Addis Ababa,DHIS2_000275,gondar referral hospital,Addis Ababa,0.7926555871963501,gondar health post woreda:Addis Ketema region:Addis Ababa zone:Zone 5,gondar referral hospital woreda:Lideta region:Addis Ababa zone:Zone 5
MFR_000242,gondar health post,Addis Ababa,DHIS2_000203,gondar hospital,Addis Ababa,0.5707513093948364,gondar health post woreda:Addis Ketema region:Addis Ababa zone:Zone 5,gondar hospital woreda:Nifas Silk region:Addis Ababa zone:Zone 2
MFR_000242,gondar health post,Addis Ababa,DHIS2_000402,gondar hospital,Addis Ababa,0.7881643772125244,gondar health post woreda:Addis Ketema region:Addis Ababa zone:Zone 5,gondar hospital woreda:Arada region:Addis Ababa zone:Zone 5
MFR_000243,gondar general hospital,SNNPR,DHIS2_000040,gondar referral hospital,SNNPR,0.6165063977241516,gondar general hospital woreda:Hawassa region:SNNPR zone:Zone 5,gondar referral hospital woreda:Butajira region:SNNPR zone:Zone 3
MFR_000243,gondar general hospital,SNNPR,DHIS2_000027,gondar hospital,SNNPR,0.7190252542495728,gondar general hospital woreda:Hawassa region:SNNPR zone:Zone 5,gondar hospital woreda:Hawassa region:SNNPR zone:Zone 3
MFR_000243,gondar general hospital,SNNPR,DHIS2_000405,gondar hospitalital,SNNPR,0.6617714762687683,gondar general hospital woreda:Hawassa region:SNNPR zone:Zone 5,gondar hospitalital woreda:Hosaena region:SNNPR zone:Zone 3
MFR_000243,gondar general hospital,SNNPR,DHIS2_000259,gondar clinic,SNNPR,0.70013827085495,gondar general hospital woreda:Hawassa region:SNNPR zone:Zone 5,gondar clinic woreda:Hawassa region:SNNPR zone:Zone 3
MFR_000243,gondar general hospital,SNNPR,DHIS2_000225,gondar health post,SNNPR,0.8042981028556824,gondar general hospital woreda:Hawassa region:SNNPR zone:Zone 5,gondar health post woreda:Butajira region:SNNPR zone:Zone 5
MFR_000243,gondar general hospital,SNNPR,DHIS2_000286,gonda referral hospitalital,SNNPR,0.5801994204521179,gondar general hospital woreda:Hawassa region:SNNPR zone:Zone 5,gonda referral hospitalital woreda:Hosaena region:SNNPR zone:Zone 1
MFR_000243,gondar general hospital,SNNPR,DHIS2_000243,gondar general hospital,SNNPR,0.9439056515693665,gondar general hospital woreda:Hawassa region:SNNPR zone:Zone 5,gondar general hospital woreda:Hawassa region:SNNPR zone:Zone 5
MFR_000243,gondar general hospital,SNNPR,DHIS2_000255,gondar health center,SNNPR,0.627479612827301,gondar general hospital woreda:Hawassa region:SNNPR zone:Zone 5,gondar health center woreda:Butajira region:SNNPR zone:Zone 2
MFR_000244,butajira general hospital,Oromia,DHIS2_000094,butajira health post,Oromia,0.5389238595962524,butajira general hospital woreda:Dukem region:Oromia zone:Zone 5,butajira health post woreda:Modjo region:Oromia zone:Zone 4
MFR_000244,butajira general hospital,Oromia,DHIS2_000398,butajir hospital,Oromia,0.70396488904953,butajira general hospital woreda:Dukem region:Oromia zone:Zone 5,butajir hospital woreda:Dukem region:Oromia zone:Zone 2
MFR_000244,butajira general hospital,Oromia,DHIS2_000449,butajira clinic,Oromia,0.5711784362792969,butajira general hospital woreda:Dukem region:Oromia zone:Zone 5,butajira clinic woreda:Bishoftu region:Oromia zone:Zone 3
MFR_000244,butajira general hospital,Oromia,DHIS2_000099,butajira referral hospitalital,Oromia,0.7119902968406677,butajira general hospital woreda:Dukem region:Oromia zone:Zone 5,butajira referral hospitalital woreda:Adama region:Oromia zone:Zone 5
MFR_000244,butajira general hospital,Oromia,DHIS2_000216,butajir dispensary,Oromia,0.6362623572349548,butajira general hospital woreda:Dukem region:Oromia zone:Zone 5,butajir dispensary woreda:Dukem region:Oromia zone:Zone 3
MFR_000245,dessie health post,SNNPR,DHIS2_000385,dessie health post,SNNPR,0.7028400897979736,dessie health post woreda:Hawassa region:SNNPR zone:Zone 5,dessie health post woreda:Hosaena region:SNNPR zone:Zone 4
MFR_000245,dessie health post,SNNPR,DHIS2_000146,dessi health center,SNNPR,0.471981406211853,dessie health post woreda:Hawassa region:SNNPR zone:Zone 5,dessi health center woreda:Arba Minch region:SNNPR zone:Zone 4
MFR_000245,dessie health post,SNNPR,DHIS2_000245,dessi health post,SNNPR,0.9007056951522827,dessie health post woreda:Hawassa region:SNNPR zone:Zone 5,dessi health post woreda:Hawassa region:SNNPR zone:Zone 5
MFR_000245,dessie health post,SNNPR,DHIS2_000144,dessi health center,SNNPR,0.6368095874786377,dessie health post woreda:Hawassa region:SNNPR zone:Zone 5,dessi health center woreda:Hawassa region:SNNPR zone:Zone 2
MFR_000245,dessie health post,SNNPR,DHIS2_000224,dessie health post,SNNPR,0.5909965634346008,dessie health post woreda:Hawassa region:SNNPR zone:Zone 5,dessie health post woreda:Arba Minch region:SNNPR zone:Zone 1
MFR_000245,dessie health post,SNNPR,DHIS2_000487,duke health post,SNNPR,0.23377574980258942,dessie health post woreda:Hawassa region:SNNPR zone:Zone 5,duke health post woreda:Arba Minch region:SNNPR zone:Zone 1
MFR_000245,dessie health post,SNNPR,DHIS2_000260,dessie health center,SNNPR,0.5803780555725098,dessie health post woreda:Hawassa region:SNNPR zone:Zone 5,dessie health center woreda:Arba Minch region:SNNPR zone:Zone 2
MFR_000246,gondar health post,Addis Ababa,DHIS2_000486,gondar health center,Addis Ababa,0.577395498752594,gondar health post woreda:Kirkos region:Addis Ababa zone:Zone 3,gondar health center woreda:Nifas Silk region:Addis Ababa zone:Zone 4
MFR_000246,gondar health post,Addis Ababa,DHIS2_000278,gondar dispensary,Addis Ababa,0.512942910194397,gondar health post woreda:Kirkos region:Addis Ababa zone:Zone 3,gondar dispensary woreda:Lideta region:Addis Ababa zone:Zone 4
MFR_000246,gondar health post,Addis Ababa,DHIS2_000418,gondar hospitalital,Addis Ababa,0.5844897031784058,gondar health post woreda:Kirkos region:Addis Ababa zone:Zone 3,gondar hospitalital woreda:Addis Ketema region:Addis Ababa zone:Zone 4
MFR_000246,gondar health post,Addis Ababa,DHIS2_000075,gondar health center,Addis Ababa,0.6111994385719299,gondar health post woreda:Kirkos region:Addis Ababa zone:Zone 3,gondar health center woreda:Addis Ketema region:Addis Ababa zone:Zone 2
MFR_000246,gondar health post,Addis Ababa,DHIS2_000235,gondar health center,Addis Ababa,0.7458995580673218,gondar health post woreda:Kirkos region:Addis Ababa zone:Zone 3,gondar health center woreda:Addis Ketema region:Addis Ababa zone:Zone 3
MFR_000246,gondar health post,Addis Ababa,DHIS2_000275,gondar referral hospital,Addis Ababa,0.49155357480049133,gondar health post woreda:Kirkos region:Addis Ababa zone:Zone 3,gondar referral hospital woreda:Lideta region:Addis Ababa zone:Zone 5
MFR_000246,gondar health post,Addis Ababa,DHIS2_000203,gondar hospital,Addis Ababa,0.5437613725662231,gondar health post woreda:Kirkos region:Addis Ababa zone:Zone 3,gondar hospital woreda:Nifas Silk region:Addis Ababa zone:Zone 2
MFR_000246,gondar health post,Addis Ababa,DHIS2_000402,gondar hospital,Addis Ababa,0.5109382271766663,gondar health post woreda:Kirkos region:Addis Ababa zone:Zone 3,gondar hospital woreda:Arada region:Addis Ababa zone:Zone 5
MFR_000247,dessie referral hospital,Addis Ababa,DHIS2_000173,dessie hospital,Addis Ababa,0.736199140548706,dessie referral hospital woreda:Addis Ketema region:Addis Ababa zone:Zone 1,dessie hospital woreda:Bole region:Addis Ababa zone:Zone 3
MFR_000247,dessie referral hospital,Addis Ababa,DHIS2_000247,dessie referral hospitalital,Addis Ababa,0.965428352355957,dessie referral hospital woreda:Addis Ketema region:Addis Ababa zone:Zone 1,dessie referral hospitalital woreda:Addis Ketema region:Addis Ababa zone:Zone 1
MFR_000248,hawassa health center,Addis Ababa,DHIS2_000281,hawassa health center,Addis Ababa,0.8325001001358032,hawassa health center woreda:Bole region:Addis Ababa zone:Zone 3,hawassa health center woreda:Addis Ketema region:Addis Ababa zone:Zone 3
MFR_000248,hawassa health center,Addis Ababa,DHIS2_000248,hawassa health center,Addis Ababa,0.9610081911087036,hawassa health center woreda:Bole region:Addis Ababa zone:Zone 3,hawassa health center woreda:Bole region:Addis Ababa zone:Zone 3
MFR_000248,hawassa health center,Addis Ababa,DHIS2_000196,hawassa health center,Addis Ababa,0.6416851282119751,hawassa health center woreda:Bole region:Addis Ababa zone:Zone 3,hawassa health center woreda:Addis Ketema region:Addis Ababa zone:Zone 1
MFR_000248,hawassa health center,Addis Ababa,DHIS2_000379,hawassa general hospitalital,Addis Ababa,0.5538667440414429,hawassa health center woreda:Bole region:Addis Ababa zone:Zone 3,hawassa general hospitalital woreda:Kirkos region:Addis Ababa zone:Zone 5
MFR_000248,hawassa health center,Addis Ababa,DHIS2_000048,hawassa health post,Addis Ababa,0.6035617589950562,hawassa health center woreda:Bole region:Addis Ababa zone:Zone 3,hawassa health post woreda:Addis Ketema region:Addis Ababa zone:Zone 1
MFR_000249,modjo referral hospital,SNNPR,DHIS2_000249,modjo referral hospitalital,SNNPR,0.9625248312950134,modjo referral hospital woreda:Arba Minch region:SNNPR zone:Zone 5,modjo referral hospitalital woreda:Arba Minch region:SNNPR zone:Zone 5
MFR_000249,modjo referral hospital,SNNPR,DHIS2_000437,modjo hospitalital,SNNPR,0.7179844379425049,modjo referral hospital woreda:Arba Minch region:SNNPR zone:Zone 5,modjo hospitalital woreda:Arba Minch region:SNNPR zone:Zone 2
MFR_000250,addis ababa general hospital,Addis Ababa,DHIS2_000372,addis ababa referral hospitalital,Addis Ababa,0.8244253396987915,addis ababa general hospital woreda:Addis Ketema region:Addis Ababa zone:Zone 5,addis ababa referral hospitalital woreda:Bole region:Addis Ababa zone:Zone 5
MFR_000250,addis ababa general hospital,Addis Ababa,DHIS2_000335,addis ababa health center,Addis Ababa,0.6525365710258484,addis ababa general hospital woreda:Addis Ketema region:Addis Ababa zone:Zone 5,addis ababa health center woreda:Addis Ketema region:Addis Ababa zone:Zone 3
MFR_000250,addis ababa general hospital,Addis Ababa,DHIS2_000083,addis ababa hospitalital,Addis Ababa,0.6306625008583069,addis ababa general hospital woreda:Addis Ketema region:Addis Ababa zone:Zone 5,addis ababa hospitalital woreda:Lideta region:Addis Ababa zone:Zone 2
MFR_000250,addis ababa general hospital,Addis Ababa,DHIS2_000250,addis ababa general hospitalital,Addis Ababa,0.9376857876777649,addis ababa general hospital woreda:Addis Ketema region:Addis Ababa zone:Zone 5,addis ababa general hospitalital woreda:Addis Ketema region:Addis Ababa zone:Zone 5
MFR_000250,addis ababa general hospital,Addis Ababa,DHIS2_000273,addis ababa referral hospital,Addis Ababa,0.6327618956565857,addis ababa general hospital woreda:Addis Ketema region:Addis Ababa zone:Zone 5,addis ababa referral hospital woreda:Bole region:Addis Ababa zone:Zone 4
MFR_000250,addis ababa general hospital,Addis Ababa,DHIS2_000284,addis ababa health center,Addis Ababa,0.5656470060348511,addis ababa general hospital woreda:Addis Ketema region:Addis Ababa zone:Zone 5,addis ababa health center woreda:Bole region:Addis Ababa zone:Zone 1
MFR_000250,addis ababa general hospital,Addis Ababa,DHIS2_000422,addis ababa health center,Addis Ababa,0.5677626132965088,addis ababa general hospital woreda:Addis Ketema region:Addis Ababa zone:Zone 5,addis ababa health center woreda:Kirkos region:Addis Ababa zone:Zone 2
MFR_000251,butajira health center,Amhara,DHIS2_000432,butajira general hospitalital,Amhara,0.579896867275238,butajira health center woreda:Gondar region:Amhara zone:Zone 4,butajira general hospitalital woreda:Bahir Dar region:Amhara zone:Zone 1
MFR_000251,butajira health center,Amhara,DHIS2_000323,butajira hospital,Amhara,0.6428864002227783,butajira health center woreda:Gondar region:Amhara zone:Zone 4,butajira hospital woreda:Mekelle region:Amhara zone:Zone 2
MFR_000251,butajira health center,Amhara,DHIS2_000067,butajira referral hospitalital,Amhara,0.7964997887611389,butajira health center woreda:Gondar region:Amhara zone:Zone 4,butajira referral hospitalital woreda:Mekelle region:Amhara zone:Zone 4
MFR_000251,butajira health center,Amhara,DHIS2_000200,butajir health center,Amhara,0.7594844102859497,butajira health center woreda:Gondar region:Amhara zone:Zone 4,butajir health center woreda:Gondar region:Amhara zone:Zone 5
MFR_000251,butajira health center,Amhara,DHIS2_000251,butajir health center,Amhara,0.9120929837226868,butajira health center woreda:Gondar region:Amhara zone:Zone 4,butajir health center woreda:Gondar region:Amhara zone:Zone 4
MFR_000251,butajira health center,Amhara,DHIS2_000311,butajira health center,Amhara,0.7000761032104492,butajira health center woreda:Gondar region:Amhara zone:Zone 4,butajira health center woreda:Mekelle region:Amhara zone:Zone 5
MFR_000251,butajira health center,Amhara,DHIS2_000039,butajira health post,Amhara,0.6378903388977051,butajira health center woreda:Gondar region:Amhara zone:Zone 4,butajira health post woreda:Bahir Dar region:Amhara zone:Zone 3
MFR_000251,butajira health center,Amhara,DHIS2_000387,butajira dispensary,Amhara,0.5776633620262146,butajira health center woreda:Gondar region:Amhara zone:Zone 4,butajira dispensary woreda:Mekelle region:Amhara zone:Zone 2
MFR_000251,butajira health center,Amhara,DHIS2_000397,butajira health post,Amhara,0.7769919037818909,butajira health center woreda:Gondar region:Amhara zone:Zone 4,butajira health post woreda:Gondar region:Amhara zone:Zone 5
MFR_000251,butajira health center,Amhara,DHIS2_000289,butajira clinic,Amhara,0.6287597417831421,butajira health center woreda:Gondar region:Amhara zone:Zone 4,butajira clinic woreda:Dessie region:Amhara zone:Zone 3
MFR_000251,butajira health center,Amhara,DHIS2_000139,butajir dispensary,Amhara,0.4371378421783447,butajira health center woreda:Gondar region:Amhara zone:Zone 4,butajir dispensary woreda:Dessie region:Amhara zone:Zone 1
MFR_000251,butajira health center,Amhara,DHIS2_000217,butajira health post,Amhara,0.6327301263809204,butajira health center woreda:Gondar region:Amhara zone:Zone 4,butajira health post woreda:Dessie region:Amhara zone:Zone 3
MFR_000252,dire dawa general hospital,Amhara,DHIS2_000267,dire dawa hospital,Amhara,0.6398611664772034,dire dawa general hospital woreda:Gondar region:Amhara zone:Zone 5,dire dawa hospital woreda:Dessie region:Amhara zone:Zone 2
MFR_000252,dire dawa general hospital,Amhara,DHIS2_000427,dire dawa dispensary,Amhara,0.7747367024421692,dire dawa general hospital woreda:Gondar region:Amhara zone:Zone 5,dire dawa dispensary woreda:Bahir Dar region:Amhara zone:Zone 5
MFR_000252,dire dawa general hospital,Amhara,DHIS2_000219,dire dawa general hospitalital,Amhara,0.8500513434410095,dire dawa general hospital woreda:Gondar region:Amhara zone:Zone 5,dire dawa general hospitalital woreda:Bahir Dar region:Amhara zone:Zone 5
MFR_000252,dire dawa general hospital,Amhara,DHIS2_000164,dire dawa general hospitalital,Amhara,0.693778395652771,dire dawa general hospital woreda:Gondar region:Amhara zone:Zone 5,dire dawa general hospitalital woreda:Dessie region:Amhara zone:Zone 4
MFR_000252,dire dawa general hospital,Amhara,DHIS2_000171,dire dawa dispensary,Amhara,0.573722243309021,dire dawa general hospital woreda:Gondar region:Amhara zone:Zone 5,dire dawa dispensary woreda:Dessie region:Amhara zone:Zone 2
MFR_000252,dire dawa general hospital,Amhara,DHIS2_000252,dir dawa general hospitalital,Amhara,0.8987148404121399,dire dawa general hospital woreda:Gondar region:Amhara zone:Zone 5,dir dawa general hospitalital woreda:Gondar region:Amhara zone:Zone 5
MFR_000253,butajira referral hospital,SNNPR,DHIS2_000389,butajira clinic,SNNPR,0.665432333946228,butajira referral hospital woreda:Arba Minch region:SNNPR zone:Zone 1,butajira clinic woreda:Butajira region:SNNPR zone:Zone 3
MFR_000253,butajira referral hospital,SNNPR,DHIS2_000176,butajir health center,SNNPR,0.6994863748550415,butajira referral hospital woreda:Arba Minch region:SNNPR zone:Zone 1,butajir health center woreda:Arba Minch region:SNNPR zone:Zone 3
MFR_000253,butajira referral hospital,SNNPR,DHIS2_000482,butajira clinic,SNNPR,0.8089401125907898,butajira referral hospital woreda:Arba Minch region:SNNPR zone:Zone 1,butajira clinic woreda:Arba Minch region:SNNPR zone:Zone 3
MFR_000253,butajira referral hospital,SNNPR,DHIS2_000187,butajira health post,SNNPR,0.5952246189117432,butajira referral hospital woreda:Arba Minch region:SNNPR zone:Zone 1,butajira health post woreda:Hawassa region:SNNPR zone:Zone 4
MFR_000254,hawassa health post,SNNPR,DHIS2_000078,hawass health post,SNNPR,0.6785565614700317,hawassa health post woreda:Butajira region:SNNPR zone:Zone 1,hawass health post woreda:Hosaena region:SNNPR zone:Zone 4
MFR_000254,hawassa health post,SNNPR,DHIS2_000254,hawassa health post,SNNPR,0.9420300722122192,hawassa health post woreda:Butajira region:SNNPR zone:Zone 1,hawassa health post woreda:Butajira region:SNNPR zone:Zone 1
MFR_000254,hawassa health post,SNNPR,DHIS2_000220,hawassa health post,SNNPR,0.7870929837226868,hawassa health post woreda:Butajira region:SNNPR zone:Zone 1,hawassa health post woreda:Hawassa region:SNNPR zone:Zone 1
MFR_000254,hawassa health post,SNNPR,DHIS2_000201,hawass health center,SNNPR,0.8144596815109253,hawassa health post woreda:Butajira region:SNNPR zone:Zone 1,hawass health center woreda:Butajira region:SNNPR zone:Zone 2
MFR_000254,hawassa health post,SNNPR,DHIS2_000162,hawassa health post,SNNPR,0.8706995248794556,hawassa health post woreda:Butajira region:SNNPR zone:Zone 1,hawassa health post woreda:Butajira region:SNNPR zone:Zone 2
MFR_000255,gondar health center,SNNPR,DHIS2_000040,gondar referral hospital,SNNPR,0.7843637466430664,gondar health center woreda:Butajira region:SNNPR zone:Zone 2,gondar referral hospital woreda:Butajira region:SNNPR zone:Zone 3
MFR_000255,gondar health center,SNNPR,DHIS2_000027,gondar hospital,SNNPR,0.6664111614227295,gondar health center woreda:Butajira region:SNNPR zone:Zone 2,gondar hospital woreda:Hawassa region:SNNPR zone:Zone 3
MFR_000255,gondar health center,SNNPR,DHIS2_000405,gondar hospitalital,SNNPR,0.6697530746459961,gondar health center woreda:Butajira region:SNNPR zone:Zone 2,gondar hospitalital woreda:Hosaena region:SNNPR zone:Zone 3
MFR_000255,gondar health center,SNNPR,DHIS2_000259,gondar clinic,SNNPR,0.6572284698486328,gondar health center woreda:Butajira region:SNNPR zone:Zone 2,gondar clinic woreda:Hawassa region:SNNPR zone:Zone 3
MFR_000255,gondar health center,SNNPR,DHIS2_000225,gondar health post,SNNPR,0.7381778359413147,gondar health center woreda:Butajira region:SNNPR zone:Zone 2,gondar health post woreda:Butajira region:SNNPR zone:Zone 5
MFR_000255,gondar health center,SNNPR,DHIS2_000286,gonda referral hospitalital,SNNPR,0.5656145215034485,gondar health center woreda:Butajira region:SNNPR zone:Zone 2,gonda referral hospitalital woreda:Hosaena region:SNNPR zone:Zone 1
MFR_000255,gondar health center,SNNPR,DHIS2_000243,gondar general hospital,SNNPR,0.5942566990852356,gondar health center woreda:Butajira region:SNNPR zone:Zone 2,gondar general hospital woreda:Hawassa region:SNNPR zone:Zone 5
MFR_000255,gondar health center,SNNPR,DHIS2_000255,gondar health center,SNNPR,0.9410771131515503,gondar health center woreda:Butajira region:SNNPR zone:Zone 2,gondar health center woreda:Butajira region:SNNPR zone:Zone 2
MFR_000256,bahir dar health center,Addis Ababa,DHIS2_000138,bahir dar clinic,Addis Ababa,0.7355325818061829,bahir dar health center woreda:Arada region:Addis Ababa zone:Zone 1,bahir dar clinic woreda:Bole region:Addis Ababa zone:Zone 5
MFR_000256,bahir dar health center,Addis Ababa,DHIS2_000177,bahir dar referral hospitalital,Addis Ababa,0.8458535671234131,bahir dar health center woreda:Arada region:Addis Ababa zone:Zone 1,bahir dar referral hospitalital woreda:Bole region:Addis Ababa zone:Zone 1
MFR_000256,bahir dar health center,Addis Ababa,DHIS2_000256,bahir dar health center,Addis Ababa,1.0,bahir dar health center woreda:Arada region:Addis Ababa zone:Zone 1,bahir dar health center woreda:Arada region:Addis Ababa zone:Zone 1
MFR_000256,bahir dar health center,Addis Ababa,DHIS2_000290,bahir dar health center,Addis Ababa,0.7851998209953308,bahir dar health center woreda:Arada region:Addis Ababa zone:Zone 1,bahir dar health center woreda:Kirkos region:Addis Ababa zone:Zone 4
MFR_000256,bahir dar health center,Addis Ababa,DHIS2_000341,bahir dar hospital,Addis Ababa,0.7585164904594421,bahir dar health center woreda:Arada region:Addis Ababa zone:Zone 1,bahir dar hospital woreda:Lideta region:Addis Ababa zone:Zone 4
MFR_000256,bahir dar health center,Addis Ababa,DHIS2_000312,bahir dar health post,Addis Ababa,0.7584255337715149,bahir dar health center woreda:Arada region:Addis Ababa zone:Zone 1,bahir dar health post woreda:Lideta region:Addis Ababa zone:Zone 5
MFR_000256,bahir dar health center,Addis Ababa,DHIS2_000447,bahir dar health center,Addis Ababa,0.8033124804496765,bahir dar health center woreda:Arada region:Addis Ababa zone:Zone 1,bahir dar health center woreda:Lideta region:Addis Ababa zone:Zone 3
MFR_000256,bahir dar health center,Addis Ababa,DHIS2_000041,bahir dar hospitalital,Addis Ababa,0.8316921591758728,bahir dar health center woreda:Arada region:Addis Ababa zone:Zone 1,bahir dar hospitalital woreda:Arada region:Addis Ababa zone:Zone 3
MFR_000257,gondar dispensary,Amhara,DHIS2_000466,gonda referral hospital,Amhara,0.5691024661064148,gondar dispensary woreda:Gondar region:Amhara zone:Zone 3,gonda referral hospital woreda:Bahir Dar region:Amhara zone:Zone 5
MFR_000257,gondar dispensary,Amhara,DHIS2_000020,gondar general hospitalital,Amhara,0.8207204341888428,gondar dispensary woreda:Gondar region:Amhara zone:Zone 3,gondar general hospitalital woreda:Mekelle region:Amhara zone:Zone 3
MFR_000257,gondar dispensary,Amhara,DHIS2_000178,gondar referral hospitalital,Amhara,0.6470196843147278,gondar dispensary woreda:Gondar region:Amhara zone:Zone 3,gondar referral hospitalital woreda:Bahir Dar region:Amhara zone:Zone 2
MFR_000257,gondar dispensary,Amhara,DHIS2_000488,gondar clinic,Amhara,0.6880792379379272,gondar dispensary woreda:Gondar region:Amhara zone:Zone 3,gondar clinic woreda:Gondar region:Amhara zone:Zone 4
MFR_000257,gondar dispensary,Amhara,DHIS2_000029,gondar health post,Amhara,0.6287751793861389,gondar dispensary woreda:Gondar region:Amhara zone:Zone 3,gondar health post woreda:Mekelle region:Amhara zone:Zone 2
MFR_000258,dire dawa general hospital,Addis Ababa,DHIS2_000399,dire dawa general hospital,Addis Ababa,0.7027416825294495,dire dawa general hospital woreda:Arada region:Addis Ababa zone:Zone 5,dire dawa general hospital woreda:Bole region:Addis Ababa zone:Zone 2
MFR_000258,dire dawa general hospital,Addis Ababa,DHIS2_000222,dire dawa dispensary,Addis Ababa,0.8741260170936584,dire dawa general hospital woreda:Arada region:Addis Ababa zone:Zone 5,dire dawa dispensary woreda:Addis Ketema region:Addis Ababa zone:Zone 5
MFR_000259,gondar clinic,SNNPR,DHIS2_000040,gondar referral hospital,SNNPR,0.8172116279602051,gondar clinic woreda:Hawassa region:SNNPR zone:Zone 3,gondar referral hospital woreda:Butajira region:SNNPR zone:Zone 3
MFR_000259,gondar clinic,SNNPR,DHIS2_000027,gondar hospital,SNNPR,0.9138802886009216,gondar clinic woreda:Hawassa region:SNNPR zone:Zone 3,gondar hospital woreda:Hawassa region:SNNPR zone:Zone 3
MFR_000259,gondar clinic,SNNPR,DHIS2_000405,gondar hospitalital,SNNPR,0.8305036425590515,gondar clinic woreda:Hawassa region:SNNPR zone:Zone 3,gondar hospitalital woreda:Hosaena region:SNNPR zone:Zone 3
MFR_000259,gondar clinic,SNNPR,DHIS2_000259,gondar clinic,SNNPR,0.940845251083374,gondar clinic woreda:Hawassa region:SNNPR zone:Zone 3,gondar clinic woreda:Hawassa region:SNNPR zone:Zone 3
MFR_000259,gondar clinic,SNNPR,DHIS2_000225,gondar health post,SNNPR,0.5681148171424866,gondar clinic woreda:Hawassa region:SNNPR zone:Zone 3,gondar health post woreda:Butajira region:SNNPR zone:Zone 5
MFR_000259,gondar clinic,SNNPR,DHIS2_000286,gonda referral hospitalital,SNNPR,0.5578879117965698,gondar clinic woreda:Hawassa region:SNNPR zone:Zone 3,gonda referral hospitalital woreda:Hosaena region:SNNPR zone:Zone 1
MFR_000259,gondar clinic,SNNPR,DHIS2_000243,gondar general hospital,SNNPR,0.7152780890464783,gondar clinic woreda:Hawassa region:SNNPR zone:Zone 3,gondar general hospital woreda:Hawassa region:SNNPR zone:Zone 5
MFR_000259,gondar clinic,SNNPR,DHIS2_000255,gondar health center,SNNPR,0.6797927021980286,gondar clinic woreda:Hawassa region:SNNPR zone:Zone 3,gondar health center woreda:Butajira region:SNNPR zone:Zone 2
MFR_000260,dessie health center,SNNPR,DHIS2_000385,dessie health post,SNNPR,0.6061578989028931,dessie health center woreda:Arba Minch region:SNNPR zone:Zone 2,dessie health post woreda:Hosaena region:SNNPR zone:Zone 4
MFR_000260,dessie health center,SNNPR,DHIS2_000146,dessi health center,SNNPR,0.7689921855926514,dessie health center woreda:Arba Minch region:SNNPR zone:Zone 2,dessi health center woreda:Arba Minch region:SNNPR zone:Zone 4
MFR_000260,dessie health center,SNNPR,DHIS2_000245,dessi health post,SNNPR,0.4428917169570923,dessie health center woreda:Arba Minch region:SNNPR zone:Zone 2,dessi health post woreda:Hawassa region:SNNPR zone:Zone 5
MFR_000260,dessie health center,SNNPR,DHIS2_000144,dessi health center,SNNPR,0.648248553276062,dessie health center woreda:Arba Minch region:SNNPR zone:Zone 2,dessi health center woreda:Hawassa region:SNNPR zone:Zone 2
MFR_000260,dessie health center,SNNPR,DHIS2_000224,dessie health post,SNNPR,0.7920871376991272,dessie health center woreda:Arba Minch region:SNNPR zone:Zone 2,dessie health post woreda:Arba Minch region:SNNPR zone:Zone 1
MFR_000260,dessie health center,SNNPR,DHIS2_000487,duke health post,SNNPR,0.5351744890213013,dessie health center woreda:Arba Minch region:SNNPR zone:Zone 2,duke health post woreda:Arba Minch region:SNNPR zone:Zone 1
MFR_000260,dessie health center,SNNPR,DHIS2_000260,dessie health center,SNNPR,0.963891327381134,dessie health center woreda:Arba Minch region:SNNPR zone:Zone 2,dessie health center woreda:Arba Minch region:SNNPR zone:Zone 2
MFR_000261,hosaena clinic,Oromia,DHIS2_000123,hosaena general hospital,Oromia,0.5786398649215698,hosaena clinic woreda:Modjo region:Oromia zone:Zone 3,hosaena general hospital woreda:Dukem region:Oromia zone:Zone 4
MFR_000261,hosaena clinic,Oromia,DHIS2_000261,hosaena clinic,Oromia,0.9340476989746094,hosaena clinic woreda:Modjo region:Oromia zone:Zone 3,hosaena clinic woreda:Modjo region:Oromia zone:Zone 3
MFR_000262,hosaena general hospital,SNNPR,DHIS2_000262,hosaena general hospitalital,SNNPR,0.9152849316596985,hosaena general hospital woreda:Butajira region:SNNPR zone:Zone 2,hosaena general hospitalital woreda:Butajira region:SNNPR zone:Zone 2
MFR_000262,hosaena general hospital,SNNPR,DHIS2_000406,hosaena clinic,SNNPR,0.6503883004188538,hosaena general hospital woreda:Butajira region:SNNPR zone:Zone 2,hosaena clinic woreda:Arba Minch region:SNNPR zone:Zone 3
MFR_000262,hosaena general hospital,SNNPR,DHIS2_000403,hosaena general hospitalital,SNNPR,0.6868531107902527,hosaena general hospital woreda:Butajira region:SNNPR zone:Zone 2,hosaena general hospitalital woreda:Arba Minch region:SNNPR zone:Zone 3
MFR_000263,addis ababa hospital,Amhara,DHIS2_000375,addis ababa clinic,Amhara,0.9273777604103088,addis ababa hospital woreda:Mekelle region:Amhara zone:Zone 2,addis ababa clinic woreda:Mekelle region:Amhara zone:Zone 2
MFR_000263,addis ababa hospital,Amhara,DHIS2_000263,addis ababa hospital,Amhara,0.9408740997314453,addis ababa hospital woreda:Mekelle region:Amhara zone:Zone 2,addis ababa hospital woreda:Mekelle region:Amhara zone:Zone 2
MFR_000263,addis ababa hospital,Amhara,DHIS2_000166,addis ababa referral hospital,Amhara,0.7684131860733032,addis ababa hospital woreda:Mekelle region:Amhara zone:Zone 2,addis ababa referral hospital woreda:Dessie region:Amhara zone:Zone 2
MFR_000263,addis ababa hospital,Amhara,DHIS2_000090,addis ababa health post,Amhara,0.8916598558425903,addis ababa hospital woreda:Mekelle region:Amhara zone:Zone 2,addis ababa health post woreda:Mekelle region:Amhara zone:Zone 2
MFR_000263,addis ababa hospital,Amhara,DHIS2_000423,addis ababa health center,Amhara,0.590510904788971,addis ababa hospital woreda:Mekelle region:Amhara zone:Zone 2,addis ababa health center woreda:Bahir Dar region:Amhara zone:Zone 1
MFR_000263,addis ababa hospital,Amhara,DHIS2_000412,addis ababa health post,Amhara,0.5683192014694214,addis ababa hospital woreda:Mekelle region:Amhara zone:Zone 2,addis ababa health post woreda:Bahir Dar region:Amhara zone:Zone 4
MFR_000264,dukem hospital,Oromia,DHIS2_000269,dukem general hospital,Oromia,0.7590224146842957,dukem hospital woreda:Adama region:Oromia zone:Zone 1,dukem general hospital woreda:Dire Dawa region:Oromia zone:Zone 2
MFR_000264,dukem hospital,Oromia,DHIS2_000448,dukem health post,Oromia,0.6422292590141296,dukem hospital woreda:Adama region:Oromia zone:Zone 1,dukem health post woreda:Dukem region:Oromia zone:Zone 3
MFR_000264,dukem hospital,Oromia,DHIS2_000108,dukem clinic,Oromia,0.7118472456932068,dukem hospital woreda:Adama region:Oromia zone:Zone 1,dukem clinic woreda:Bishoftu region:Oromia zone:Zone 4
MFR_000265,bole referral hospital,Addis Ababa,DHIS2_000031,butajir clinic,Addis Ababa,0.5606256127357483,bole referral hospital woreda:Addis Ketema region:Addis Ababa zone:Zone 1,butajir clinic woreda:Addis Ketema region:Addis Ababa zone:Zone 4
MFR_000265,bole referral hospital,Addis Ababa,DHIS2_000155,bole hospital,Addis Ababa,0.7160161733627319,bole referral hospital woreda:Addis Ketema region:Addis Ababa zone:Zone 1,bole hospital woreda:Bole region:Addis Ababa zone:Zone 5
MFR_000266,bole health post,Addis Ababa,DHIS2_000155,bole hospital,Addis Ababa,0.8642521500587463,bole health post woreda:Bole region:Addis Ababa zone:Zone 5,bole hospital woreda:Bole region:Addis Ababa zone:Zone 5
MFR_000266,bole health post,Addis Ababa,DHIS2_000272,bol health center,Addis Ababa,0.5949586629867554,bole health post woreda:Bole region:Addis Ababa zone:Zone 5,bol health center woreda:Kirkos region:Addis Ababa zone:Zone 4
MFR_000266,bole health post,Addis Ababa,DHIS2_000266,bol health post,Addis Ababa,0.9437926411628723,bole health post woreda:Bole region:Addis Ababa zone:Zone 5,bol health post woreda:Bole region:Addis Ababa zone:Zone 5
MFR_000266,bole health post,Addis Ababa,DHIS2_000429,bol health post,Addis Ababa,0.6888507008552551,bole health post woreda:Bole region:Addis Ababa zone:Zone 5,bol health post woreda:Bole region:Addis Ababa zone:Zone 1
MFR_000266,bole health post,Addis Ababa,DHIS2_000401,bol health post,Addis Ababa,0.6425970196723938,bole health post woreda:Bole region:Addis Ababa zone:Zone 5,bol health post woreda:Kirkos region:Addis Ababa zone:Zone 4
MFR_000266,bole health post,Addis Ababa,DHIS2_000097,bole health center,Addis Ababa,0.6559341549873352,bole health post woreda:Bole region:Addis Ababa zone:Zone 5,bole health center woreda:Kirkos region:Addis Ababa zone:Zone 3
MFR_000266,bole health post,Addis Ababa,DHIS2_000408,bole health post,Addis Ababa,0.713253378868103,bole health post woreda:Bole region:Addis Ababa zone:Zone 5,bole health post woreda:Bole region:Addis Ababa zone:Zone 1
MFR_000266,bole health post,Addis Ababa,DHIS2_000054,bole health center,Addis Ababa,0.6961739659309387,bole health post woreda:Bole region:Addis Ababa zone:Zone 5,bole health center woreda:Nifas Silk region:Addis Ababa zone:Zone 4
MFR_000267,dire dawa hospital,Amhara,DHIS2_000267,dire dawa hospital,Amhara,0.9643309116363525,dire dawa hospital woreda:Dessie region:Amhara zone:Zone 2,dire dawa hospital woreda:Dessie region:Amhara zone:Zone 2
MFR_000267,dire dawa hospital,Amhara,DHIS2_000219,dire dawa general hospitalital,Amhara,0.6441032886505127,dire dawa hospital woreda:Dessie region:Amhara zone:Zone 2,dire dawa general hospitalital woreda:Bahir Dar region:Amhara zone:Zone 5
MFR_000267,dire dawa hospital,Amhara,DHIS2_000164,dire dawa general hospitalital,Amhara,0.820949137210846,dire dawa hospital woreda:Dessie region:Amhara zone:Zone 2,dire dawa general hospitalital woreda:Dessie region:Amhara zone:Zone 4
MFR_000267,dire dawa hospital,Amhara,DHIS2_000252,dir dawa general hospitalital,Amhara,0.5709632635116577,dire dawa hospital woreda:Dessie region:Amhara zone:Zone 2,dir dawa general hospitalital woreda:Gondar region:Amhara zone:Zone 5
MFR_000268,bahir dar dispensary,SNNPR,DHIS2_000279,bahir dar general hospitalital,SNNPR,0.5420432686805725,bahir dar dispensary woreda:Arba Minch region:SNNPR zone:Zone 5,bahir dar general hospitalital woreda:Hosaena region:SNNPR zone:Zone 2
MFR_000268,bahir dar dispensary,SNNPR,DHIS2_000465,bahir dar health center,SNNPR,0.5259014964103699,bahir dar dispensary woreda:Arba Minch region:SNNPR zone:Zone 5,bahir dar health center woreda:Hosaena region:SNNPR zone:Zone 2
MFR_000268,bahir dar dispensary,SNNPR,DHIS2_000137,bahir dar health post,SNNPR,0.5044535994529724,bahir dar dispensary woreda:Arba Minch region:SNNPR zone:Zone 5,bahir dar health post woreda:Hosaena region:SNNPR zone:Zone 1
MFR_000268,bahir dar dispensary,SNNPR,DHIS2_000485,bahir dar general hospitalital,SNNPR,0.7016592025756836,bahir dar dispensary woreda:Arba Minch region:SNNPR zone:Zone 5,bahir dar general hospitalital woreda:Arba Minch region:SNNPR zone:Zone 2
MFR_000268,bahir dar dispensary,SNNPR,DHIS2_000268,bahir dar dispensary,SNNPR,0.9633277058601379,bahir dar dispensary woreda:Arba Minch region:SNNPR zone:Zone 5,bahir dar dispensary woreda:Arba Minch region:SNNPR zone:Zone 5
MFR_000269,dukem general hospital,Oromia,DHIS2_000269,dukem general hospital,Oromia,0.9556786417961121,dukem general hospital woreda:Dire Dawa region:Oromia zone:Zone 2,dukem general hospital woreda:Dire Dawa region:Oromia zone:Zone 2
MFR_000269,dukem general hospital,Oromia,DHIS2_000108,dukem clinic,Oromia,0.5998749732971191,dukem general hospital woreda:Dire Dawa region:Oromia zone:Zone 2,dukem clinic woreda:Bishoftu region:Oromia zone:Zone 4
MFR_000270,bahir dar health post,Oromia,DHIS2_000195,bahir dar hospital,Oromia,0.5706562399864197,bahir dar health post woreda:Bishoftu region:Oromia zone:Zone 5,bahir dar hospital woreda:Dire Dawa region:Oromia zone:Zone 4
MFR_000270,bahir dar health post,Oromia,DHIS2_000183,bahir dar health center,Oromia,0.772083044052124,bahir dar health post woreda:Bishoftu region:Oromia zone:Zone 5,bahir dar health center woreda:Adama region:Oromia zone:Zone 5
MFR_000270,bahir dar health post,Oromia,DHIS2_000490,bahir dar hospital,Oromia,0.5382295250892639,bahir dar health post woreda:Bishoftu region:Oromia zone:Zone 5,bahir dar hospital woreda:Modjo region:Oromia zone:Zone 3
MFR_000270,bahir dar health post,Oromia,DHIS2_000295,bahir dar hospital,Oromia,0.5269874334335327,bahir dar health post woreda:Bishoftu region:Oromia zone:Zone 5,bahir dar hospital woreda:Dire Dawa region:Oromia zone:Zone 1
MFR_000270,bahir dar health post,Oromia,DHIS2_000270,bahir dar health post,Oromia,0.968690812587738,bahir dar health post woreda:Bishoftu region:Oromia zone:Zone 5,bahir dar health post woreda:Bishoftu region:Oromia zone:Zone 5
MFR_000271,kirkos health post,SNNPR,DHIS2_000080,kirkos health center,SNNPR,0.9286057949066162,kirkos health post woreda:Hosaena region:SNNPR zone:Zone 1,kirkos health center woreda:Hosaena region:SNNPR zone:Zone 1
MFR_000271,kirkos health post,SNNPR,DHIS2_000047,kirkos general hospitalital,SNNPR,0.7215510606765747,kirkos health post woreda:Hosaena region:SNNPR zone:Zone 1,kirkos general hospitalital woreda:Arba Minch region:SNNPR zone:Zone 2
MFR_000271,kirkos health post,SNNPR,DHIS2_000230,kirkos health center,SNNPR,0.7638552188873291,kirkos health post woreda:Hosaena region:SNNPR zone:Zone 1,kirkos health center woreda:Hawassa region:SNNPR zone:Zone 4
MFR_000271,kirkos health post,SNNPR,DHIS2_000009,kirkos health center,SNNPR,0.6904582977294922,kirkos health post woreda:Hosaena region:SNNPR zone:Zone 1,kirkos health center woreda:Arba Minch region:SNNPR zone:Zone 4
MFR_000272,bole health center,Addis Ababa,DHIS2_000272,bol health center,Addis Ababa,0.9186651706695557,bole health center woreda:Kirkos region:Addis Ababa zone:Zone 4,bol health center woreda:Kirkos region:Addis Ababa zone:Zone 4
MFR_000272,bole health center,Addis Ababa,DHIS2_000266,bol health post,Addis Ababa,0.5989764928817749,bole health center woreda:Kirkos region:Addis Ababa zone:Zone 4,bol health post woreda:Bole region:Addis Ababa zone:Zone 5
MFR_000272,bole health center,Addis Ababa,DHIS2_000006,bole general hospital,Addis Ababa,0.7119486331939697,bole health center woreda:Kirkos region:Addis Ababa zone:Zone 4,bole general hospital woreda:Kirkos region:Addis Ababa zone:Zone 1
MFR_000272,bole health center,Addis Ababa,DHIS2_000429,bol health post,Addis Ababa,0.5317887663841248,bole health center woreda:Kirkos region:Addis Ababa zone:Zone 4,bol health post woreda:Bole region:Addis Ababa zone:Zone 1
MFR_000272,bole health center,Addis Ababa,DHIS2_000401,bol health post,Addis Ababa,0.8884735703468323,bole health center woreda:Kirkos region:Addis Ababa zone:Zone 4,bol health post woreda:Kirkos region:Addis Ababa zone:Zone 4
MFR_000272,bole health center,Addis Ababa,DHIS2_000097,bole health center,Addis Ababa,0.799731969833374,bole health center woreda:Kirkos region:Addis Ababa zone:Zone 4,bole health center woreda:Kirkos region:Addis Ababa zone:Zone 3
MFR_000272,bole health center,Addis Ababa,DHIS2_000408,bole health post,Addis Ababa,0.555203914642334,bole health center woreda:Kirkos region:Addis Ababa zone:Zone 4,bole health post woreda:Bole region:Addis Ababa zone:Zone 1
MFR_000272,bole health center,Addis Ababa,DHIS2_000054,bole health center,Addis Ababa,0.7791220545768738,bole health center woreda:Kirkos region:Addis Ababa zone:Zone 4,bole health center woreda:Nifas Silk region:Addis Ababa zone:Zone 4
MFR_000273,addis ababa referral hospital,Addis Ababa,DHIS2_000372,addis ababa referral hospitalital,Addis Ababa,0.7594667673110962,addis ababa referral hospital woreda:Bole region:Addis Ababa zone:Zone 4,addis ababa referral hospitalital woreda:Bole region:Addis Ababa zone:Zone 5
MFR_000273,addis ababa referral hospital,Addis Ababa,DHIS2_000335,addis ababa health center,Addis Ababa,0.5355648994445801,addis ababa referral hospital woreda:Bole region:Addis Ababa zone:Zone 4,addis ababa health center woreda:Addis Ketema region:Addis Ababa zone:Zone 3
MFR_000273,addis ababa referral hospital,Addis Ababa,DHIS2_000083,addis ababa hospitalital,Addis Ababa,0.5672768950462341,addis ababa referral hospital woreda:Bole region:Addis Ababa zone:Zone 4,addis ababa hospitalital woreda:Lideta region:Addis Ababa zone:Zone 2
MFR_000273,addis ababa referral hospital,Addis Ababa,DHIS2_000250,addis ababa general hospitalital,Addis Ababa,0.5946977138519287,addis ababa referral hospital woreda:Bole region:Addis Ababa zone:Zone 4,addis ababa general hospitalital woreda:Addis Ketema region:Addis Ababa zone:Zone 5
MFR_000273,addis ababa referral hospital,Addis Ababa,DHIS2_000273,addis ababa referral hospital,Addis Ababa,0.949500322341919,addis ababa referral hospital woreda:Bole region:Addis Ababa zone:Zone 4,addis ababa referral hospital woreda:Bole region:Addis Ababa zone:Zone 4
MFR_000273,addis ababa referral hospital,Addis Ababa,DHIS2_000284,addis ababa health center,Addis Ababa,0.6059238910675049,addis ababa referral hospital woreda:Bole region:Addis Ababa zone:Zone 4,addis ababa health center woreda:Bole region:Addis Ababa zone:Zone 1
MFR_000273,addis ababa referral hospital,Addis Ababa,DHIS2_000422,addis ababa health center,Addis Ababa,0.49889862537384033,addis ababa referral hospital woreda:Bole region:Addis Ababa zone:Zone 4,addis ababa health center woreda:Kirkos region:Addis Ababa zone:Zone 2
MFR_000274,dukem hospital,Oromia,DHIS2_000269,dukem general hospital,Oromia,0.6485301852226257,dukem hospital woreda:Adama region:Oromia zone:Zone 5,dukem general hospital woreda:Dire Dawa region:Oromia zone:Zone 2
MFR_000274,dukem hospital,Oromia,DHIS2_000448,dukem health post,Oromia,0.5627331137657166,dukem hospital woreda:Adama region:Oromia zone:Zone 5,dukem health post woreda:Dukem region:Oromia zone:Zone 3
MFR_000274,dukem hospital,Oromia,DHIS2_000108,dukem clinic,Oromia,0.6778244376182556,dukem hospital woreda:Adama region:Oromia zone:Zone 5,dukem clinic woreda:Bishoftu region:Oromia zone:Zone 4
MFR_000275,gondar referral hospital,Addis Ababa,DHIS2_000486,gondar health center,Addis Ababa,0.564497709274292,gondar referral hospital woreda:Lideta region:Addis Ababa zone:Zone 5,gondar health center woreda:Nifas Silk region:Addis Ababa zone:Zone 4
MFR_000275,gondar referral hospital,Addis Ababa,DHIS2_000278,gondar dispensary,Addis Ababa,0.687181293964386,gondar referral hospital woreda:Lideta region:Addis Ababa zone:Zone 5,gondar dispensary woreda:Lideta region:Addis Ababa zone:Zone 4
MFR_000275,gondar referral hospital,Addis Ababa,DHIS2_000418,gondar hospitalital,Addis Ababa,0.6641848087310791,gondar referral hospital woreda:Lideta region:Addis Ababa zone:Zone 5,gondar hospitalital woreda:Addis Ketema region:Addis Ababa zone:Zone 4
MFR_000275,gondar referral hospital,Addis Ababa,DHIS2_000075,gondar health center,Addis Ababa,0.5615065097808838,gondar referral hospital woreda:Lideta region:Addis Ababa zone:Zone 5,gondar health center woreda:Addis Ketema region:Addis Ababa zone:Zone 2
MFR_000275,gondar referral hospital,Addis Ababa,DHIS2_000235,gondar health center,Addis Ababa,0.5573299527168274,gondar referral hospital woreda:Lideta region:Addis Ababa zone:Zone 5,gondar health center woreda:Addis Ketema region:Addis Ababa zone:Zone 3
MFR_000275,gondar referral hospital,Addis Ababa,DHIS2_000275,gondar referral hospital,Addis Ababa,0.9654523134231567,gondar referral hospital woreda:Lideta region:Addis Ababa zone:Zone 5,gondar referral hospital woreda:Lideta region:Addis Ababa zone:Zone 5
MFR_000275,gondar referral hospital,Addis Ababa,DHIS2_000203,gondar hospital,Addis Ababa,0.5728141665458679,gondar referral hospital woreda:Lideta region:Addis Ababa zone:Zone 5,gondar hospital woreda:Nifas Silk region:Addis Ababa zone:Zone 2
MFR_000275,gondar referral hospital,Addis Ababa,DHIS2_000402,gondar hospital,Addis Ababa,0.7961427569389343,gondar referral hospital woreda:Lideta region:Addis Ababa zone:Zone 5,gondar hospital woreda:Arada region:Addis Ababa zone:Zone 5
MFR_000276,gondar health post,SNNPR,DHIS2_000040,gondar referral hospital,SNNPR,0.6475436687469482,gondar health post woreda:Butajira region:SNNPR zone:Zone 5,gondar referral hospital woreda:Butajira region:SNNPR zone:Zone 3
MFR_000276,gondar health post,SNNPR,DHIS2_000027,gondar hospital,SNNPR,0.5066078305244446,gondar health post woreda:Butajira region:SNNPR zone:Zone 5,gondar hospital woreda:Hawassa region:SNNPR zone:Zone 3
MFR_000276,gondar health post,SNNPR,DHIS2_000405,gondar hospitalital,SNNPR,0.5327243208885193,gondar health post woreda:Butajira region:SNNPR zone:Zone 5,gondar hospitalital woreda:Hosaena region:SNNPR zone:Zone 3
MFR_000276,gondar health post,SNNPR,DHIS2_000259,gondar clinic,SNNPR,0.5057529807090759,gondar health post woreda:Butajira region:SNNPR zone:Zone 5,gondar clinic woreda:Hawassa region:SNNPR zone:Zone 3
MFR_000276,gondar health post,SNNPR,DHIS2_000225,gondar health post,SNNPR,0.9343691468238831,gondar health post woreda:Butajira region:SNNPR zone:Zone 5,gondar health post woreda:Butajira region:SNNPR zone:Zone 5
MFR_000276,gondar health post,SNNPR,DHIS2_000286,gonda referral hospitalital,SNNPR,0.443742036819458,gondar health post woreda:Butajira region:SNNPR zone:Zone 5,gonda referral hospitalital woreda:Hosaena region:SNNPR zone:Zone 1
MFR_000276,gondar health post,SNNPR,DHIS2_000243,gondar general hospital,SNNPR,0.714278519153595,gondar health post woreda:Butajira region:SNNPR zone:Zone 5,gondar general hospital woreda:Hawassa region:SNNPR zone:Zone 5
MFR_000276,gondar health post,SNNPR,DHIS2_000255,gondar health center,SNNPR,0.685833215713501,gondar health post woreda:Butajira region:SNNPR zone:Zone 5,gondar health center woreda:Butajira region:SNNPR zone:Zone 2
MFR_000277,gondar general hospital,SNNPR,DHIS2_000040,gondar referral hospital,SNNPR,0.5774012804031372,gondar general hospital woreda:Arba Minch region:SNNPR zone:Zone 4,gondar referral hospital woreda:Butajira region:SNNPR zone:Zone 3
MFR_000277,gondar general hospital,SNNPR,DHIS2_000027,gondar hospital,SNNPR,0.6244531869888306,gondar general hospital woreda:Arba Minch region:SNNPR zone:Zone 4,gondar hospital woreda:Hawassa region:SNNPR zone:Zone 3
MFR_000277,gondar general hospital,SNNPR,DHIS2_000405,gondar hospitalital,SNNPR,0.6208539605140686,gondar general hospital woreda:Arba Minch region:SNNPR zone:Zone 4,gondar hospitalital woreda:Hosaena region:SNNPR zone:Zone 3
MFR_000277,gondar general hospital,SNNPR,DHIS2_000259,gondar clinic,SNNPR,0.5900029540061951,gondar general hospital woreda:Arba Minch region:SNNPR zone:Zone 4,gondar clinic woreda:Hawassa region:SNNPR zone:Zone 3
MFR_000277,gondar general hospital,SNNPR,DHIS2_000225,gondar health post,SNNPR,0.5458542108535767,gondar general hospital woreda:Arba Minch region:SNNPR zone:Zone 4,gondar health post woreda:Butajira region:SNNPR zone:Zone 5
MFR_000277,gondar general hospital,SNNPR,DHIS2_000286,gonda referral hospitalital,SNNPR,0.4873789846897125,gondar general hospital woreda:Arba Minch region:SNNPR zone:Zone 4,gonda referral hospitalital woreda:Hosaena region:SNNPR zone:Zone 1
MFR_000277,gondar general hospital,SNNPR,DHIS2_000243,gondar general hospital,SNNPR,0.6498721837997437,gondar general hospital woreda:Arba Minch region:SNNPR zone:Zone 4,gondar general hospital woreda:Hawassa region:SNNPR zone:Zone 5
MFR_000277,gondar general hospital,SNNPR,DHIS2_000255,gondar health center,SNNPR,0.5805470943450928,gondar general hospital woreda:Arba Minch region:SNNPR zone:Zone 4,gondar health center woreda:Butajira region:SNNPR zone:Zone 2
MFR_000278,gondar dispensary,Addis Ababa,DHIS2_000486,gondar health center,Addis Ababa,0.7367326021194458,gondar dispensary woreda:Lideta region:Addis Ababa zone:Zone 4,gondar health center woreda:Nifas Silk region:Addis Ababa zone:Zone 4
MFR_000278,gondar dispensary,Addis Ababa,DHIS2_000278,gondar dispensary,Addis Ababa,0.9544097781181335,gondar dispensary woreda:Lideta region:Addis Ababa zone:Zone 4,gondar dispensary woreda:Lideta region:Addis Ababa zone:Zone 4
MFR_000278,gondar dispensary,Addis Ababa,DHIS2_000418,gondar hospitalital,Addis Ababa,0.7944614291191101,gondar dispensary woreda:Lideta region:Addis Ababa zone:Zone 4,gondar hospitalital woreda:Addis Ketema region:Addis Ababa zone:Zone 4
MFR_000278,gondar dispensary,Addis Ababa,DHIS2_000075,gondar health center,Addis Ababa,0.5756961703300476,gondar dispensary woreda:Lideta region:Addis Ababa zone:Zone 4,gondar health center woreda:Addis Ketema region:Addis Ababa zone:Zone 2
MFR_000278,gondar dispensary,Addis Ababa,DHIS2_000235,gondar health center,Addis Ababa,0.5834481716156006,gondar dispensary woreda:Lideta region:Addis Ababa zone:Zone 4,gondar health center woreda:Addis Ketema region:Addis Ababa zone:Zone 3
MFR_000278,gondar dispensary,Addis Ababa,DHIS2_000275,gondar referral hospital,Addis Ababa,0.7263928055763245,gondar dispensary woreda:Lideta region:Addis Ababa zone:Zone 4,gondar referral hospital woreda:Lideta region:Addis Ababa zone:Zone 5
MFR_000278,gondar dispensary,Addis Ababa,DHIS2_000203,gondar hospital,Addis Ababa,0.5630856156349182,gondar dispensary woreda:Lideta region:Addis Ababa zone:Zone 4,gondar hospital woreda:Nifas Silk region:Addis Ababa zone:Zone 2
MFR_000278,gondar dispensary,Addis Ababa,DHIS2_000402,gondar hospital,Addis Ababa,0.5851840376853943,gondar dispensary woreda:Lideta region:Addis Ababa zone:Zone 4,gondar hospital woreda:Arada region:Addis Ababa zone:Zone 5
MFR_000279,bahir dar general hospital,SNNPR,DHIS2_000279,bahir dar general hospitalital,SNNPR,0.9281314015388489,bahir dar general hospital woreda:Hosaena region:SNNPR zone:Zone 2,bahir dar general hospitalital woreda:Hosaena region:SNNPR zone:Zone 2
MFR_000279,bahir dar general hospital,SNNPR,DHIS2_000465,bahir dar health center,SNNPR,0.9098173379898071,bahir dar general hospital woreda:Hosaena region:SNNPR zone:Zone 2,bahir dar health center woreda:Hosaena region:SNNPR zone:Zone 2
MFR_000279,bahir dar general hospital,SNNPR,DHIS2_000137,bahir dar health post,SNNPR,0.7376302480697632,bahir dar general hospital woreda:Hosaena region:SNNPR zone:Zone 2,bahir dar health post woreda:Hosaena region:SNNPR zone:Zone 1
MFR_000279,bahir dar general hospital,SNNPR,DHIS2_000485,bahir dar general hospitalital,SNNPR,0.8810936212539673,bahir dar general hospital woreda:Hosaena region:SNNPR zone:Zone 2,bahir dar general hospitalital woreda:Arba Minch region:SNNPR zone:Zone 2
MFR_000279,bahir dar general hospital,SNNPR,DHIS2_000268,bahir dar dispensary,SNNPR,0.6369655132293701,bahir dar general hospital woreda:Hosaena region:SNNPR zone:Zone 2,bahir dar dispensary woreda:Arba Minch region:SNNPR zone:Zone 5
MFR_000280,bahir dar dispensary,Addis Ababa,DHIS2_000138,bahir dar clinic,Addis Ababa,0.6016051173210144,bahir dar dispensary woreda:Lideta region:Addis Ababa zone:Zone 3,bahir dar clinic woreda:Bole region:Addis Ababa zone:Zone 5
MFR_000280,bahir dar dispensary,Addis Ababa,DHIS2_000177,bahir dar referral hospitalital,Addis Ababa,0.5695293545722961,bahir dar dispensary woreda:Lideta region:Addis Ababa zone:Zone 3,bahir dar referral hospitalital woreda:Bole region:Addis Ababa zone:Zone 1
MFR_000280,bahir dar dispensary,Addis Ababa,DHIS2_000256,bahir dar health center,Addis Ababa,0.5716392993927002,bahir dar dispensary woreda:Lideta region:Addis Ababa zone:Zone 3,bahir dar health center woreda:Arada region:Addis Ababa zone:Zone 1
MFR_000280,bahir dar dispensary,Addis Ababa,DHIS2_000290,bahir dar health center,Addis Ababa,0.6061304211616516,bahir dar dispensary woreda:Lideta region:Addis Ababa zone:Zone 3,bahir dar health center woreda:Kirkos region:Addis Ababa zone:Zone 4
MFR_000280,bahir dar dispensary,Addis Ababa,DHIS2_000341,bahir dar hospital,Addis Ababa,0.7433104515075684,bahir dar dispensary woreda:Lideta region:Addis Ababa zone:Zone 3,bahir dar hospital woreda:Lideta region:Addis Ababa zone:Zone 4
MFR_000280,bahir dar dispensary,Addis Ababa,DHIS2_000312,bahir dar health post,Addis Ababa,0.6883845925331116,bahir dar dispensary woreda:Lideta region:Addis Ababa zone:Zone 3,bahir dar health post woreda:Lideta region:Addis Ababa zone:Zone 5
MFR_000280,bahir dar dispensary,Addis Ababa,DHIS2_000447,bahir dar health center,Addis Ababa,0.9032609462738037,bahir dar dispensary woreda:Lideta region:Addis Ababa zone:Zone 3,bahir dar health center woreda:Lideta region:Addis Ababa zone:Zone 3
MFR_000280,bahir dar dispensary,Addis Ababa,DHIS2_000041,bahir dar hospitalital,Addis Ababa,0.7931979298591614,bahir dar dispensary woreda:Lideta region:Addis Ababa zone:Zone 3,bahir dar hospitalital woreda:Arada region:Addis Ababa zone:Zone 3
MFR_000281,hawassa health center,Addis Ababa,DHIS2_000281,hawassa health center,Addis Ababa,0.9493203163146973,hawassa health center woreda:Addis Ketema region:Addis Ababa zone:Zone 3,hawassa health center woreda:Addis Ketema region:Addis Ababa zone:Zone 3
MFR_000281,hawassa health center,Addis Ababa,DHIS2_000248,hawassa health center,Addis Ababa,0.8958237171173096,hawassa health center woreda:Addis Ketema region:Addis Ababa zone:Zone 3,hawassa health center woreda:Bole region:Addis Ababa zone:Zone 3
MFR_000281,hawassa health center,Addis Ababa,DHIS2_000196,hawassa health center,Addis Ababa,0.7517213821411133,hawassa health center woreda:Addis Ketema region:Addis Ababa zone:Zone 3,hawassa health center woreda:Addis Ketema region:Addis Ababa zone:Zone 1
MFR_000281,hawassa health center,Addis Ababa,DHIS2_000379,hawassa general hospitalital,Addis Ababa,0.6386505961418152,hawassa health center woreda:Addis Ketema region:Addis Ababa zone:Zone 3,hawassa general hospitalital woreda:Kirkos region:Addis Ababa zone:Zone 5
MFR_000281,hawassa health center,Addis Ababa,DHIS2_000048,hawassa health post,Addis Ababa,0.7163331508636475,hawassa health center woreda:Addis Ketema region:Addis Ababa zone:Zone 3,hawassa health post woreda:Addis Ketema region:Addis Ababa zone:Zone 1
MFR_000282,kirkos clinic,Amhara,DHIS2_000174,kirko clinic,Amhara,0.6541363000869751,kirkos clinic woreda:Gondar region:Amhara zone:Zone 2,kirko clinic woreda:Mekelle region:Amhara zone:Zone 1
MFR_000282,kirkos clinic,Amhara,DHIS2_000324,kirkos clinic,Amhara,0.6682224273681641,kirkos clinic woreda:Gondar region:Amhara zone:Zone 2,kirkos clinic woreda:Dessie region:Amhara zone:Zone 1
MFR_000282,kirkos clinic,Amhara,DHIS2_000353,kirkos dispensary,Amhara,0.6130071878433228,kirkos clinic woreda:Gondar region:Amhara zone:Zone 2,kirkos dispensary woreda:Mekelle region:Amhara zone:Zone 1
MFR_000282,kirkos clinic,Amhara,DHIS2_000282,kirkos clinic,Amhara,0.9319401383399963,kirkos clinic woreda:Gondar region:Amhara zone:Zone 2,kirkos clinic woreda:Gondar region:Amhara zone:Zone 2
MFR_000282,kirkos clinic,Amhara,DHIS2_000438,kirkos health center,Amhara,0.7439893484115601,kirkos clinic woreda:Gondar region:Amhara zone:Zone 2,kirkos health center woreda:Gondar region:Amhara zone:Zone 1
MFR_000282,kirkos clinic,Amhara,DHIS2_000371,kirkos clinic,Amhara,0.6917709112167358,kirkos clinic woreda:Gondar region:Amhara zone:Zone 2,kirkos clinic woreda:Mekelle region:Amhara zone:Zone 3
MFR_000282,kirkos clinic,Amhara,DHIS2_000241,kirkos general hospital,Amhara,0.7668358087539673,kirkos clinic woreda:Gondar region:Amhara zone:Zone 2,kirkos general hospital woreda:Bahir Dar region:Amhara zone:Zone 2
MFR_000282,kirkos clinic,Amhara,DHIS2_000469,kirkos clinic,Amhara,0.8092603087425232,kirkos clinic woreda:Gondar region:Amhara zone:Zone 2,kirkos clinic woreda:Gondar region:Amhara zone:Zone 3
MFR_000283,kirkos clinic,Oromia,DHIS2_000452,kirkos health center,Oromia,0.5537525415420532,kirkos clinic woreda:Dukem region:Oromia zone:Zone 4,kirkos health center woreda:Dire Dawa region:Oromia zone:Zone 1
MFR_000283,kirkos clinic,Oromia,DHIS2_000333,kirkos clinic,Oromia,0.8278898000717163,kirkos clinic woreda:Dukem region:Oromia zone:Zone 4,kirkos clinic woreda:Bishoftu region:Oromia zone:Zone 4
MFR_000283,kirkos clinic,Oromia,DHIS2_000043,kirkos hospitalital,Oromia,0.6935834884643555,kirkos clinic woreda:Dukem region:Oromia zone:Zone 4,kirkos hospitalital woreda:Dukem region:Oromia zone:Zone 1
MFR_000283,kirkos clinic,Oromia,DHIS2_000463,kirkos health post,Oromia,0.7365880012512207,kirkos clinic woreda:Dukem region:Oromia zone:Zone 4,kirkos health post woreda:Modjo region:Oromia zone:Zone 4
MFR_000283,kirkos clinic,Oromia,DHIS2_000366,kirkos health center,Oromia,0.5537525415420532,kirkos clinic woreda:Dukem region:Oromia zone:Zone 4,kirkos health center woreda:Dire Dawa region:Oromia zone:Zone 1
MFR_000283,kirkos clinic,Oromia,DHIS2_000197,kirko hospitalital,Oromia,0.5563154220581055,kirkos clinic woreda:Dukem region:Oromia zone:Zone 4,kirko hospitalital woreda:Dire Dawa region:Oromia zone:Zone 2
MFR_000283,kirkos clinic,Oromia,DHIS2_000283,kirkos clinic,Oromia,0.956224799156189,kirkos clinic woreda:Dukem region:Oromia zone:Zone 4,kirkos clinic woreda:Dukem region:Oromia zone:Zone 4
MFR_000284,addis ababa health center,Addis Ababa,DHIS2_000372,addis ababa referral hospitalital,Addis Ababa,0.7492826581001282,addis ababa health center woreda:Bole region:Addis Ababa zone:Zone 1,addis ababa referral hospitalital woreda:Bole region:Addis Ababa zone:Zone 5
MFR_000284,addis ababa health center,Addis Ababa,DHIS2_000335,addis ababa health center,Addis Ababa,0.7029176354408264,addis ababa health center woreda:Bole region:Addis Ababa zone:Zone 1,addis ababa health center woreda:Addis Ketema region:Addis Ababa zone:Zone 3
MFR_000284,addis ababa health center,Addis Ababa,DHIS2_000083,addis ababa hospitalital,Addis Ababa,0.6443110704421997,addis ababa health center woreda:Bole region:Addis Ababa zone:Zone 1,addis ababa hospitalital woreda:Lideta region:Addis Ababa zone:Zone 2
MFR_000284,addis ababa health center,Addis Ababa,DHIS2_000250,addis ababa general hospitalital,Addis Ababa,0.6147380471229553,addis ababa health center woreda:Bole region:Addis Ababa zone:Zone 1,addis ababa general hospitalital woreda:Addis Ketema region:Addis Ababa zone:Zone 5
MFR_000284,addis ababa health center,Addis Ababa,DHIS2_000273,addis ababa referral hospital,Addis Ababa,0.7750518321990967,addis ababa health center woreda:Bole region:Addis Ababa zone:Zone 1,addis ababa referral hospital woreda:Bole region:Addis Ababa zone:Zone 4
MFR_000284,addis ababa health center,Addis Ababa,DHIS2_000284,addis ababa health center,Addis Ababa,0.9684844017028809,addis ababa health center woreda:Bole region:Addis Ababa zone:Zone 1,addis ababa health center woreda:Bole region:Addis Ababa zone:Zone 1
MFR_000284,addis ababa health center,Addis Ababa,DHIS2_000422,addis ababa health center,Addis Ababa,0.70075923204422,addis ababa health center woreda:Bole region:Addis Ababa zone:Zone 1,addis ababa health center woreda:Kirkos region:Addis Ababa zone:Zone 2
MFR_000285,dessie health center,Amhara,DHIS2_000451,dessie health center,Amhara,0.6951239109039307,dessie health center woreda:Bahir Dar region:Amhara zone:Zone 1,dessie health center woreda:Gondar region:Amhara zone:Zone 2
MFR_000285,dessie health center,Amhara,DHIS2_000117,dessie health center,Amhara,0.723534882068634,dessie health center woreda:Bahir Dar region:Amhara zone:Zone 1,dessie health center woreda:Dessie region:Amhara zone:Zone 1
MFR_000285,dessie health center,Amhara,DHIS2_000159,dessi health center,Amhara,0.5655280351638794,dessie health center woreda:Bahir Dar region:Amhara zone:Zone 1,dessi health center woreda:Gondar region:Amhara zone:Zone 3
MFR_000285,dessie health center,Amhara,DHIS2_000450,duke health center,Amhara,0.355010986328125,dessie health center woreda:Bahir Dar region:Amhara zone:Zone 1,duke health center woreda:Gondar region:Amhara zone:Zone 2
MFR_000285,dessie health center,Amhara,DHIS2_000082,dessie health post,Amhara,0.5886284708976746,dessie health center woreda:Bahir Dar region:Amhara zone:Zone 1,dessie health post woreda:Dessie region:Amhara zone:Zone 5
MFR_000285,dessie health center,Amhara,DHIS2_000285,dessie health center,Amhara,0.9766668677330017,dessie health center woreda:Bahir Dar region:Amhara zone:Zone 1,dessie health center woreda:Bahir Dar region:Amhara zone:Zone 1
MFR_000285,dessie health center,Amhara,DHIS2_000042,dessie health center,Amhara,0.6497839689254761,dessie health center woreda:Bahir Dar region:Amhara zone:Zone 1,dessie health center woreda:Mekelle region:Amhara zone:Zone 3
MFR_000285,dessie health center,Amhara,DHIS2_000227,dessie general hospital,Amhara,0.596501350402832,dessie health center woreda:Bahir Dar region:Amhara zone:Zone 1,dessie general hospital woreda:Dessie region:Amhara zone:Zone 4
MFR_000285,dessie health center,Amhara,DHIS2_000489,dessie health post,Amhara,0.8686302900314331,dessie health center woreda:Bahir Dar region:Amhara zone:Zone 1,dessie health post woreda:Bahir Dar region:Amhara zone:Zone 2
MFR_000286,gondar referral hospital,SNNPR,DHIS2_000040,gondar referral hospital,SNNPR,0.7819983959197998,gondar referral hospital woreda:Hosaena region:SNNPR zone:Zone 1,gondar referral hospital woreda:Butajira region:SNNPR zone:Zone 3
MFR_000286,gondar referral hospital,SNNPR,DHIS2_000027,gondar hospital,SNNPR,0.7566068172454834,gondar referral hospital woreda:Hosaena region:SNNPR zone:Zone 1,gondar hospital woreda:Hawassa region:SNNPR zone:Zone 3
MFR_000286,gondar referral hospital,SNNPR,DHIS2_000405,gondar hospitalital,SNNPR,0.8047393560409546,gondar referral hospital woreda:Hosaena region:SNNPR zone:Zone 1,gondar hospitalital woreda:Hosaena region:SNNPR zone:Zone 3
MFR_000286,gondar referral hospital,SNNPR,DHIS2_000259,gondar clinic,SNNPR,0.7352914810180664,gondar referral hospital woreda:Hosaena region:SNNPR zone:Zone 1,gondar clinic woreda:Hawassa region:SNNPR zone:Zone 3
MFR_000286,gondar referral hospital,SNNPR,DHIS2_000225,gondar health post,SNNPR,0.629077672958374,gondar referral hospital woreda:Hosaena region:SNNPR zone:Zone 1,gondar health post woreda:Butajira region:SNNPR zone:Zone 5
MFR_000286,gondar referral hospital,SNNPR,DHIS2_000286,gonda referral hospitalital,SNNPR,0.9318742156028748,gondar referral hospital woreda:Hosaena region:SNNPR zone:Zone 1,gonda referral hospitalital woreda:Hosaena region:SNNPR zone:Zone 1
MFR_000286,gondar referral hospital,SNNPR,DHIS2_000243,gondar general hospital,SNNPR,0.7318357229232788,gondar referral hospital woreda:Hosaena region:SNNPR zone:Zone 1,gondar general hospital woreda:Hawassa region:SNNPR zone:Zone 5
MFR_000286,gondar referral hospital,SNNPR,DHIS2_000255,gondar health center,SNNPR,0.7249054312705994,gondar referral hospital woreda:Hosaena region:SNNPR zone:Zone 1,gondar health center woreda:Butajira region:SNNPR zone:Zone 2
MFR_000287,dire dawa general hospital,SNNPR,DHIS2_000287,dire dawa general hospital,SNNPR,0.9532284140586853,dire dawa general hospital woreda:Hosaena region:SNNPR zone:Zone 4,dire dawa general hospital woreda:Hosaena region:SNNPR zone:Zone 4
MFR_000287,dire dawa general hospital,SNNPR,DHIS2_000168,dir dawa general hospitalital,SNNPR,0.6509155035018921,dire dawa general hospital woreda:Hosaena region:SNNPR zone:Zone 4,dir dawa general hospitalital woreda:Butajira region:SNNPR zone:Zone 1
MFR_000287,dire dawa general hospital,SNNPR,DHIS2_000233,dir dawa general hospitalital,SNNPR,0.7473839521408081,dire dawa general hospital woreda:Hosaena region:SNNPR zone:Zone 4,dir dawa general hospitalital woreda:Hosaena region:SNNPR zone:Zone 3
MFR_000288,dire dawa health center,SNNPR,DHIS2_000498,dir dawa health post,SNNPR,0.5656877756118774,dire dawa health center woreda:Butajira region:SNNPR zone:Zone 4,dir dawa health post woreda:Arba Minch region:SNNPR zone:Zone 5
MFR_000288,dire dawa health center,SNNPR,DHIS2_000288,dire dawa health center,SNNPR,0.9667734503746033,dire dawa health center woreda:Butajira region:SNNPR zone:Zone 4,dire dawa health center woreda:Butajira region:SNNPR zone:Zone 4
MFR_000289,butajira clinic,Amhara,DHIS2_000432,butajira general hospitalital,Amhara,0.5623868107795715,butajira clinic woreda:Dessie region:Amhara zone:Zone 3,butajira general hospitalital woreda:Bahir Dar region:Amhara zone:Zone 1
MFR_000289,butajira clinic,Amhara,DHIS2_000323,butajira hospital,Amhara,0.6559116840362549,butajira clinic woreda:Dessie region:Amhara zone:Zone 3,butajira hospital woreda:Mekelle region:Amhara zone:Zone 2
MFR_000289,butajira clinic,Amhara,DHIS2_000067,butajira referral hospitalital,Amhara,0.5999254584312439,butajira clinic woreda:Dessie region:Amhara zone:Zone 3,butajira referral hospitalital woreda:Mekelle region:Amhara zone:Zone 4
MFR_000289,butajira clinic,Amhara,DHIS2_000200,butajir health center,Amhara,0.5149692296981812,butajira clinic woreda:Dessie region:Amhara zone:Zone 3,butajir health center woreda:Gondar region:Amhara zone:Zone 5
MFR_000289,butajira clinic,Amhara,DHIS2_000251,butajir health center,Amhara,0.5519800186157227,butajira clinic woreda:Dessie region:Amhara zone:Zone 3,butajir health center woreda:Gondar region:Amhara zone:Zone 4
MFR_000289,butajira clinic,Amhara,DHIS2_000311,butajira health center,Amhara,0.5825716853141785,butajira clinic woreda:Dessie region:Amhara zone:Zone 3,butajira health center woreda:Mekelle region:Amhara zone:Zone 5
MFR_000289,butajira clinic,Amhara,DHIS2_000039,butajira health post,Amhara,0.70619136095047,butajira clinic woreda:Dessie region:Amhara zone:Zone 3,butajira health post woreda:Bahir Dar region:Amhara zone:Zone 3
MFR_000289,butajira clinic,Amhara,DHIS2_000387,butajira dispensary,Amhara,0.6210333108901978,butajira clinic woreda:Dessie region:Amhara zone:Zone 3,butajira dispensary woreda:Mekelle region:Amhara zone:Zone 2
MFR_000289,butajira clinic,Amhara,DHIS2_000397,butajira health post,Amhara,0.538942813873291,butajira clinic woreda:Dessie region:Amhara zone:Zone 3,butajira health post woreda:Gondar region:Amhara zone:Zone 5
MFR_000289,butajira clinic,Amhara,DHIS2_000289,butajira clinic,Amhara,0.9409446120262146,butajira clinic woreda:Dessie region:Amhara zone:Zone 3,butajira clinic woreda:Dessie region:Amhara zone:Zone 3
MFR_000289,butajira clinic,Amhara,DHIS2_000139,butajir dispensary,Amhara,0.6630838513374329,butajira clinic woreda:Dessie region:Amhara zone:Zone 3,butajir dispensary woreda:Dessie region:Amhara zone:Zone 1
MFR_000289,butajira clinic,Amhara,DHIS2_000217,butajira health post,Amhara,0.8620615005493164,butajira clinic woreda:Dessie region:Amhara zone:Zone 3,butajira health post woreda:Dessie region:Amhara zone:Zone 3
MFR_000290,bahir dar health center,Addis Ababa,DHIS2_000138,bahir dar clinic,Addis Ababa,0.6405905485153198,bahir dar health center woreda:Kirkos region:Addis Ababa zone:Zone 4,bahir dar clinic woreda:Bole region:Addis Ababa zone:Zone 5
MFR_000290,bahir dar health center,Addis Ababa,DHIS2_000177,bahir dar referral hospitalital,Addis Ababa,0.5478821396827698,bahir dar health center woreda:Kirkos region:Addis Ababa zone:Zone 4,bahir dar referral hospitalital woreda:Bole region:Addis Ababa zone:Zone 1
MFR_000290,bahir dar health center,Addis Ababa,DHIS2_000256,bahir dar health center,Addis Ababa,0.6441016793251038,bahir dar health center woreda:Kirkos region:Addis Ababa zone:Zone 4,bahir dar health center woreda:Arada region:Addis Ababa zone:Zone 1
MFR_000290,bahir dar health center,Addis Ababa,DHIS2_000290,bahir dar health center,Addis Ababa,0.9774535298347473,bahir dar health center woreda:Kirkos region:Addis Ababa zone:Zone 4,bahir dar health center woreda:Kirkos region:Addis Ababa zone:Zone 4
MFR_000290,bahir dar health center,Addis Ababa,DHIS2_000341,bahir dar hospital,Addis Ababa,0.785271942615509,bahir dar health center woreda:Kirkos region:Addis Ababa zone:Zone 4,bahir dar hospital woreda:Lideta region:Addis Ababa zone:Zone 4
MFR_000290,bahir dar health center,Addis Ababa,DHIS2_000312,bahir dar health post,Addis Ababa,0.6679828763008118,bahir dar health center woreda:Kirkos region:Addis Ababa zone:Zone 4,bahir dar health post woreda:Lideta region:Addis Ababa zone:Zone 5
MFR_000290,bahir dar health center,Addis Ababa,DHIS2_000447,bahir dar health center,Addis Ababa,0.6880584955215454,bahir dar health center woreda:Kirkos region:Addis Ababa zone:Zone 4,bahir dar health center woreda:Lideta region:Addis Ababa zone:Zone 3
MFR_000290,bahir dar health center,Addis Ababa,DHIS2_000041,bahir dar hospitalital,Addis Ababa,0.6475054621696472,bahir dar health center woreda:Kirkos region:Addis Ababa zone:Zone 4,bahir dar hospitalital woreda:Arada region:Addis Ababa zone:Zone 3
MFR_000291,dire dawa referral hospital,SNNPR,DHIS2_000291,dire dawa referral hospitalital,SNNPR,0.9619180560112,dire dawa referral hospital woreda:Arba Minch region:SNNPR zone:Zone 3,dire dawa referral hospitalital woreda:Arba Minch region:SNNPR zone:Zone 3
MFR_000291,dire dawa referral hospital,SNNPR,DHIS2_000185,dire dawa referral hospital,SNNPR,0.7161810398101807,dire dawa referral hospital woreda:Arba Minch region:SNNPR zone:Zone 3,dire dawa referral hospital woreda:Hosaena region:SNNPR zone:Zone 2
MFR_000292,modjo clinic,Addis Ababa,DHIS2_000292,modjo clinic,Addis Ababa,0.9785687923431396,modjo clinic woreda:Nifas Silk region:Addis Ababa zone:Zone 1,modjo clinic woreda:Nifas Silk region:Addis Ababa zone:Zone 1
MFR_000293,gondar clinic,Addis Ababa,DHIS2_000486,gondar health center,Addis Ababa,0.5978441834449768,gondar clinic woreda:Bole region:Addis Ababa zone:Zone 2,gondar health center woreda:Nifas Silk region:Addis Ababa zone:Zone 4
MFR_000293,gondar clinic,Addis Ababa,DHIS2_000278,gondar dispensary,Addis Ababa,0.5995903015136719,gondar clinic woreda:Bole region:Addis Ababa zone:Zone 2,gondar dispensary woreda:Lideta region:Addis Ababa zone:Zone 4
MFR_000293,gondar clinic,Addis Ababa,DHIS2_000418,gondar hospitalital,Addis Ababa,0.6279756426811218,gondar clinic woreda:Bole region:Addis Ababa zone:Zone 2,gondar hospitalital woreda:Addis Ketema region:Addis Ababa zone:Zone 4
MFR_000293,gondar clinic,Addis Ababa,DHIS2_000075,gondar health center,Addis Ababa,0.76516193151474,gondar clinic woreda:Bole region:Addis Ababa zone:Zone 2,gondar health center woreda:Addis Ketema region:Addis Ababa zone:Zone 2
MFR_000293,gondar clinic,Addis Ababa,DHIS2_000235,gondar health center,Addis Ababa,0.6345103979110718,gondar clinic woreda:Bole region:Addis Ababa zone:Zone 2,gondar health center woreda:Addis Ketema region:Addis Ababa zone:Zone 3
MFR_000293,gondar clinic,Addis Ababa,DHIS2_000275,gondar referral hospital,Addis Ababa,0.5822851657867432,gondar clinic woreda:Bole region:Addis Ababa zone:Zone 2,gondar referral hospital woreda:Lideta region:Addis Ababa zone:Zone 5
MFR_000293,gondar clinic,Addis Ababa,DHIS2_000203,gondar hospital,Addis Ababa,0.7641420364379883,gondar clinic woreda:Bole region:Addis Ababa zone:Zone 2,gondar hospital woreda:Nifas Silk region:Addis Ababa zone:Zone 2
MFR_000293,gondar clinic,Addis Ababa,DHIS2_000402,gondar hospital,Addis Ababa,0.5931185483932495,gondar clinic woreda:Bole region:Addis Ababa zone:Zone 2,gondar hospital woreda:Arada region:Addis Ababa zone:Zone 5
MFR_000294,dessie health post,Amhara,DHIS2_000451,dessie health center,Amhara,0.752298891544342,dessie health post woreda:Gondar region:Amhara zone:Zone 4,dessie health center woreda:Gondar region:Amhara zone:Zone 2
MFR_000294,dessie health post,Amhara,DHIS2_000117,dessie health center,Amhara,0.569579005241394,dessie health post woreda:Gondar region:Amhara zone:Zone 4,dessie health center woreda:Dessie region:Amhara zone:Zone 1
MFR_000294,dessie health post,Amhara,DHIS2_000159,dessi health center,Amhara,0.6573658585548401,dessie health post woreda:Gondar region:Amhara zone:Zone 4,dessi health center woreda:Gondar region:Amhara zone:Zone 3
MFR_000294,dessie health post,Amhara,DHIS2_000450,duke health center,Amhara,0.45014938712120056,dessie health post woreda:Gondar region:Amhara zone:Zone 4,duke health center woreda:Gondar region:Amhara zone:Zone 2
MFR_000294,dessie health post,Amhara,DHIS2_000082,dessie health post,Amhara,0.6762129664421082,dessie health post woreda:Gondar region:Amhara zone:Zone 4,dessie health post woreda:Dessie region:Amhara zone:Zone 5
MFR_000294,dessie health post,Amhara,DHIS2_000285,dessie health center,Amhara,0.5687877535820007,dessie health post woreda:Gondar region:Amhara zone:Zone 4,dessie health center woreda:Bahir Dar region:Amhara zone:Zone 1
MFR_000294,dessie health post,Amhara,DHIS2_000042,dessie health center,Amhara,0.6280365586280823,dessie health post woreda:Gondar region:Amhara zone:Zone 4,dessie health center woreda:Mekelle region:Amhara zone:Zone 3
MFR_000294,dessie health post,Amhara,DHIS2_000489,dessie health post,Amhara,0.6532020568847656,dessie health post woreda:Gondar region:Amhara zone:Zone 4,dessie health post woreda:Bahir Dar region:Amhara zone:Zone 2
MFR_000295,bahir dar hospital,Oromia,DHIS2_000195,bahir dar hospital,Oromia,0.8870656490325928,bahir dar hospital woreda:Dire Dawa region:Oromia zone:Zone 1,bahir dar hospital woreda:Dire Dawa region:Oromia zone:Zone 4
MFR_000295,bahir dar hospital,Oromia,DHIS2_000183,bahir dar health center,Oromia,0.6784692406654358,bahir dar hospital woreda:Dire Dawa region:Oromia zone:Zone 1,bahir dar health center woreda:Adama region:Oromia zone:Zone 5
MFR_000295,bahir dar hospital,Oromia,DHIS2_000490,bahir dar hospital,Oromia,0.736010730266571,bahir dar hospital woreda:Dire Dawa region:Oromia zone:Zone 1,bahir dar hospital woreda:Modjo region:Oromia zone:Zone 3
MFR_000295,bahir dar hospital,Oromia,DHIS2_000295,bahir dar hospital,Oromia,0.9967126250267029,bahir dar hospital woreda:Dire Dawa region:Oromia zone:Zone 1,bahir dar hospital woreda:Dire Dawa region:Oromia zone:Zone 1
MFR_000295,bahir dar hospital,Oromia,DHIS2_000270,bahir dar health post,Oromia,0.661308228969574,bahir dar hospital woreda:Dire Dawa region:Oromia zone:Zone 1,bahir dar health post woreda:Bishoftu region:Oromia zone:Zone 5
MFR_000296,addis ababa general hospital,SNNPR,DHIS2_000085,addis ababa clinic,SNNPR,0.6161953210830688,addis ababa general hospital woreda:Butajira region:SNNPR zone:Zone 4,addis ababa clinic woreda:Arba Minch region:SNNPR zone:Zone 2
MFR_000296,addis ababa general hospital,SNNPR,DHIS2_000061,addis ababa general hospital,SNNPR,0.6720240116119385,addis ababa general hospital woreda:Butajira region:SNNPR zone:Zone 4,addis ababa general hospital woreda:Arba Minch region:SNNPR zone:Zone 3
MFR_000296,addis ababa general hospital,SNNPR,DHIS2_000066,addis ababa hospitalital,SNNPR,0.7481884956359863,addis ababa general hospital woreda:Butajira region:SNNPR zone:Zone 4,addis ababa hospitalital woreda:Butajira region:SNNPR zone:Zone 3
MFR_000296,addis ababa general hospital,SNNPR,DHIS2_000179,addis ababa dispensary,SNNPR,0.5811641812324524,addis ababa general hospital woreda:Butajira region:SNNPR zone:Zone 4,addis ababa dispensary woreda:Hawassa region:SNNPR zone:Zone 2
MFR_000296,addis ababa general hospital,SNNPR,DHIS2_000129,addis ababa hospital,SNNPR,0.6445349454879761,addis ababa general hospital woreda:Butajira region:SNNPR zone:Zone 4,addis ababa hospital woreda:Hosaena region:SNNPR zone:Zone 2
MFR_000296,addis ababa general hospital,SNNPR,DHIS2_000213,addis ababa health post,SNNPR,0.5685067772865295,addis ababa general hospital woreda:Butajira region:SNNPR zone:Zone 4,addis ababa health post woreda:Hosaena region:SNNPR zone:Zone 2
MFR_000296,addis ababa general hospital,SNNPR,DHIS2_000296,addis ababa general hospitalital,SNNPR,0.9327836632728577,addis ababa general hospital woreda:Butajira region:SNNPR zone:Zone 4,addis ababa general hospitalital woreda:Butajira region:SNNPR zone:Zone 4
MFR_000297,modjo general hospital,SNNPR,DHIS2_000023,modjo health center,SNNPR,0.5885342359542847,modjo general hospital woreda:Butajira region:SNNPR zone:Zone 4,modjo health center woreda:Hosaena region:SNNPR zone:Zone 3
MFR_000297,modjo general hospital,SNNPR,DHIS2_000437,modjo hospitalital,SNNPR,0.6048130989074707,modjo general hospital woreda:Butajira region:SNNPR zone:Zone 4,modjo hospitalital woreda:Arba Minch region:SNNPR zone:Zone 2
MFR_000297,modjo general hospital,SNNPR,DHIS2_000297,modj general hospital,SNNPR,0.9082140922546387,modjo general hospital woreda:Butajira region:SNNPR zone:Zone 4,modj general hospital woreda:Butajira region:SNNPR zone:Zone 4
MFR_000297,modjo general hospital,SNNPR,DHIS2_000433,modjo health center,SNNPR,0.5345852375030518,modjo general hospital woreda:Butajira region:SNNPR zone:Zone 4,modjo health center woreda:Hawassa region:SNNPR zone:Zone 1
MFR_000297,modjo general hospital,SNNPR,DHIS2_000453,modjo dispensary,SNNPR,0.5397308468818665,modjo general hospital woreda:Butajira region:SNNPR zone:Zone 4,modjo dispensary woreda:Hawassa region:SNNPR zone:Zone 3
MFR_000297,modjo general hospital,SNNPR,DHIS2_000157,modj hospital,SNNPR,0.522421658039093,modjo general hospital woreda:Butajira region:SNNPR zone:Zone 4,modj hospital woreda:Arba Minch region:SNNPR zone:Zone 5
MFR_000298,gondar hospital,SNNPR,DHIS2_000040,gondar referral hospital,SNNPR,0.7446745038032532,gondar hospital woreda:Hosaena region:SNNPR zone:Zone 2,gondar referral hospital woreda:Butajira region:SNNPR zone:Zone 3
MFR_000298,gondar hospital,SNNPR,DHIS2_000027,gondar hospital,SNNPR,0.7853312492370605,gondar hospital woreda:Hosaena region:SNNPR zone:Zone 2,gondar hospital woreda:Hawassa region:SNNPR zone:Zone 3
MFR_000298,gondar hospital,SNNPR,DHIS2_000405,gondar hospitalital,SNNPR,0.819665253162384,gondar hospital woreda:Hosaena region:SNNPR zone:Zone 2,gondar hospitalital woreda:Hosaena region:SNNPR zone:Zone 3
MFR_000298,gondar hospital,SNNPR,DHIS2_000259,gondar clinic,SNNPR,0.7544049620628357,gondar hospital woreda:Hosaena region:SNNPR zone:Zone 2,gondar clinic woreda:Hawassa region:SNNPR zone:Zone 3
MFR_000298,gondar hospital,SNNPR,DHIS2_000225,gondar health post,SNNPR,0.6181554794311523,gondar hospital woreda:Hosaena region:SNNPR zone:Zone 2,gondar health post woreda:Butajira region:SNNPR zone:Zone 5
MFR_000298,gondar hospital,SNNPR,DHIS2_000286,gonda referral hospitalital,SNNPR,0.7452706098556519,gondar hospital woreda:Hosaena region:SNNPR zone:Zone 2,gonda referral hospitalital woreda:Hosaena region:SNNPR zone:Zone 1
MFR_000298,gondar hospital,SNNPR,DHIS2_000243,gondar general hospital,SNNPR,0.7169542908668518,gondar hospital woreda:Hosaena region:SNNPR zone:Zone 2,gondar general hospital woreda:Hawassa region:SNNPR zone:Zone 5
MFR_000298,gondar hospital,SNNPR,DHIS2_000255,gondar health center,SNNPR,0.859338104724884,gondar hospital woreda:Hosaena region:SNNPR zone:Zone 2,gondar health center woreda:Butajira region:SNNPR zone:Zone 2
MFR_000299,bahir dar dispensary,Oromia,DHIS2_000195,bahir dar hospital,Oromia,0.5524541735649109,bahir dar dispensary woreda:Bishoftu region:Oromia zone:Zone 5,bahir dar hospital woreda:Dire Dawa region:Oromia zone:Zone 4
MFR_000299,bahir dar dispensary,Oromia,DHIS2_000183,bahir dar health center,Oromia,0.7123389840126038,bahir dar dispensary woreda:Bishoftu region:Oromia zone:Zone 5,bahir dar health center woreda:Adama region:Oromia zone:Zone 5
MFR_000299,bahir dar dispensary,Oromia,DHIS2_000490,bahir dar hospital,Oromia,0.5202347636222839,bahir dar dispensary woreda:Bishoftu region:Oromia zone:Zone 5,bahir dar hospital woreda:Modjo region:Oromia zone:Zone 3
MFR_000299,bahir dar dispensary,Oromia,DHIS2_000295,bahir dar hospital,Oromia,0.5054569244384766,bahir dar dispensary woreda:Bishoftu region:Oromia zone:Zone 5,bahir dar hospital woreda:Dire Dawa region:Oromia zone:Zone 1
MFR_000299,bahir dar dispensary,Oromia,DHIS2_000270,bahir dar health post,Oromia,0.9076828360557556,bahir dar dispensary woreda:Bishoftu region:Oromia zone:Zone 5,bahir dar health post woreda:Bishoftu region:Oromia zone:Zone 5
MFR_000300,bahir dar hospital,SNNPR,DHIS2_000279,bahir dar general hospitalital,SNNPR,0.6512143611907959,bahir dar hospital woreda:Butajira region:SNNPR zone:Zone 4,bahir dar general hospitalital woreda:Hosaena region:SNNPR zone:Zone 2
MFR_000300,bahir dar hospital,SNNPR,DHIS2_000465,bahir dar health center,SNNPR,0.6495718359947205,bahir dar hospital woreda:Butajira region:SNNPR zone:Zone 4,bahir dar health center woreda:Hosaena region:SNNPR zone:Zone 2
MFR_000300,bahir dar hospital,SNNPR,DHIS2_000137,bahir dar health post,SNNPR,0.5597147941589355,bahir dar hospital woreda:Butajira region:SNNPR zone:Zone 4,bahir dar health post woreda:Hosaena region:SNNPR zone:Zone 1
MFR_000300,bahir dar hospital,SNNPR,DHIS2_000485,bahir dar general hospitalital,SNNPR,0.6433410048484802,bahir dar hospital woreda:Butajira region:SNNPR zone:Zone 4,bahir dar general hospitalital woreda:Arba Minch region:SNNPR zone:Zone 2
MFR_000300,bahir dar hospital,SNNPR,DHIS2_000268,bahir dar dispensary,SNNPR,0.6170663237571716,bahir dar hospital woreda:Butajira region:SNNPR zone:Zone 4,bahir dar dispensary woreda:Arba Minch region:SNNPR zone:Zone 5
MFR_000301,hawassa dispensary,Addis Ababa,DHIS2_000158,hawassa clinic,Addis Ababa,0.640562117099762,hawassa dispensary woreda:Nifas Silk region:Addis Ababa zone:Zone 3,hawassa clinic woreda:Bole region:Addis Ababa zone:Zone 3
MFR_000301,hawassa dispensary,Addis Ababa,DHIS2_000370,hawassa dispensary,Addis Ababa,0.543005108833313,hawassa dispensary woreda:Nifas Silk region:Addis Ababa zone:Zone 3,hawassa dispensary woreda:Arada region:Addis Ababa zone:Zone 4
MFR_000301,hawassa dispensary,Addis Ababa,DHIS2_000494,hawassa general hospital,Addis Ababa,0.6789190173149109,hawassa dispensary woreda:Nifas Silk region:Addis Ababa zone:Zone 3,hawassa general hospital woreda:Nifas Silk region:Addis Ababa zone:Zone 5
MFR_000301,hawassa dispensary,Addis Ababa,DHIS2_000301,hawassa dispensary,Addis Ababa,0.9316583871841431,hawassa dispensary woreda:Nifas Silk region:Addis Ababa zone:Zone 3,hawassa dispensary woreda:Nifas Silk region:Addis Ababa zone:Zone 3
MFR_000302,dessie health center,Addis Ababa,DHIS2_000010,dessie health center,Addis Ababa,0.8172151446342468,dessie health center woreda:Addis Ketema region:Addis Ababa zone:Zone 1,dessie health center woreda:Arada region:Addis Ababa zone:Zone 3
MFR_000302,dessie health center,Addis Ababa,DHIS2_000302,dessie health center,Addis Ababa,0.9910085797309875,dessie health center woreda:Addis Ketema region:Addis Ababa zone:Zone 1,dessie health center woreda:Addis Ketema region:Addis Ababa zone:Zone 1
MFR_000302,dessie health center,Addis Ababa,DHIS2_000471,dessi health post,Addis Ababa,0.6090373396873474,dessie health center woreda:Addis Ketema region:Addis Ababa zone:Zone 1,dessi health post woreda:Nifas Silk region:Addis Ababa zone:Zone 5
MFR_000302,dessie health center,Addis Ababa,DHIS2_000106,dessie health post,Addis Ababa,0.7723977565765381,dessie health center woreda:Addis Ketema region:Addis Ababa zone:Zone 1,dessie health post woreda:Arada region:Addis Ababa zone:Zone 3
MFR_000303,hosaena health post,Amhara,DHIS2_000025,hosaena health center,Amhara,0.5712155103683472,hosaena health post woreda:Gondar region:Amhara zone:Zone 5,hosaena health center woreda:Mekelle region:Amhara zone:Zone 2
MFR_000303,hosaena health post,Amhara,DHIS2_000104,hosaena health post,Amhara,0.6340034604072571,hosaena health post woreda:Gondar region:Amhara zone:Zone 5,hosaena health post woreda:Dessie region:Amhara zone:Zone 4
MFR_000303,hosaena health post,Amhara,DHIS2_000303,hosaena health post,Amhara,0.933804452419281,hosaena health post woreda:Gondar region:Amhara zone:Zone 5,hosaena health post woreda:Gondar region:Amhara zone:Zone 5
MFR_000303,hosaena health post,Amhara,DHIS2_000062,hosaen health post,Amhara,0.5531520247459412,hosaena health post woreda:Gondar region:Amhara zone:Zone 5,hosaen health post woreda:Dessie region:Amhara zone:Zone 2
MFR_000304,kirkos health post,Addis Ababa,DHIS2_000074,kirkos health post,Addis Ababa,0.7813835144042969,kirkos health post woreda:Arada region:Addis Ababa zone:Zone 4,kirkos health post woreda:Arada region:Addis Ababa zone:Zone 3
MFR_000304,kirkos health post,Addis Ababa,DHIS2_000077,kirkos health center,Addis Ababa,0.7413416504859924,kirkos health post woreda:Arada region:Addis Ababa zone:Zone 4,kirkos health center woreda:Arada region:Addis Ababa zone:Zone 2
MFR_000304,kirkos health post,Addis Ababa,DHIS2_000034,kirkos referral hospitalital,Addis Ababa,0.5655999183654785,kirkos health post woreda:Arada region:Addis Ababa zone:Zone 4,kirkos referral hospitalital woreda:Lideta region:Addis Ababa zone:Zone 1
MFR_000304,kirkos health post,Addis Ababa,DHIS2_000228,kirkos health post,Addis Ababa,0.6448527574539185,kirkos health post woreda:Arada region:Addis Ababa zone:Zone 4,kirkos health post woreda:Lideta region:Addis Ababa zone:Zone 1
MFR_000304,kirkos health post,Addis Ababa,DHIS2_000112,kirkos dispensary,Addis Ababa,0.7598636150360107,kirkos health post woreda:Arada region:Addis Ababa zone:Zone 4,kirkos dispensary woreda:Bole region:Addis Ababa zone:Zone 4
MFR_000304,kirkos health post,Addis Ababa,DHIS2_000396,kirkos health center,Addis Ababa,0.6578292846679688,kirkos health post woreda:Arada region:Addis Ababa zone:Zone 4,kirkos health center woreda:Bole region:Addis Ababa zone:Zone 5
MFR_000305,dire dawa health center,Oromia,DHIS2_000409,dire dawa health post,Oromia,0.6240391731262207,dire dawa health center woreda:Dukem region:Oromia zone:Zone 2,dire dawa health post woreda:Adama region:Oromia zone:Zone 3
MFR_000305,dire dawa health center,Oromia,DHIS2_000079,dire dawa health center,Oromia,0.8282082676887512,dire dawa health center woreda:Dukem region:Oromia zone:Zone 2,dire dawa health center woreda:Dukem region:Oromia zone:Zone 4
MFR_000305,dire dawa health center,Oromia,DHIS2_000305,dire dawa health center,Oromia,0.9677325487136841,dire dawa health center woreda:Dukem region:Oromia zone:Zone 2,dire dawa health center woreda:Dukem region:Oromia zone:Zone 2
MFR_000305,dire dawa health center,Oromia,DHIS2_000026,dire dawa general hospitalital,Oromia,0.8017060160636902,dire dawa health center woreda:Dukem region:Oromia zone:Zone 2,dire dawa general hospitalital woreda:Dukem region:Oromia zone:Zone 4
MFR_000305,dire dawa health center,Oromia,DHIS2_000038,dire dawa health center,Oromia,0.8109094500541687,dire dawa health center woreda:Dukem region:Oromia zone:Zone 2,dire dawa health center woreda:Dukem region:Oromia zone:Zone 1
MFR_000306,bole hospital,SNNPR,DHIS2_000411,bol hospital,SNNPR,0.5951953530311584,bole hospital woreda:Hosaena region:SNNPR zone:Zone 3,bol hospital woreda:Arba Minch region:SNNPR zone:Zone 5
MFR_000306,bole hospital,SNNPR,DHIS2_000306,bole hospital,SNNPR,0.9474925398826599,bole hospital woreda:Hosaena region:SNNPR zone:Zone 3,bole hospital woreda:Hosaena region:SNNPR zone:Zone 3
MFR_000307,dukem referral hospital,Addis Ababa,DHIS2_000293,gonda clinic,Addis Ababa,0.31307128071784973,dukem referral hospital woreda:Lideta region:Addis Ababa zone:Zone 3,gonda clinic woreda:Bole region:Addis Ababa zone:Zone 2
MFR_000308,adama health post,SNNPR,DHIS2_000492,adam health center,SNNPR,0.593400776386261,adama health post woreda:Butajira region:SNNPR zone:Zone 1,adam health center woreda:Hawassa region:SNNPR zone:Zone 5
MFR_000308,adama health post,SNNPR,DHIS2_000440,adama health center,SNNPR,0.7563130259513855,adama health post woreda:Butajira region:SNNPR zone:Zone 1,adama health center woreda:Hosaena region:SNNPR zone:Zone 1
MFR_000308,adama health post,SNNPR,DHIS2_000308,adama health post,SNNPR,0.9551769495010376,adama health post woreda:Butajira region:SNNPR zone:Zone 1,adama health post woreda:Butajira region:SNNPR zone:Zone 1
MFR_000309,gondar clinic,Oromia,DHIS2_000337,gondar hospitalital,Oromia,0.6033580899238586,gondar clinic woreda:Bishoftu region:Oromia zone:Zone 1,gondar hospitalital woreda:Dire Dawa region:Oromia zone:Zone 3
MFR_000309,gondar clinic,Oromia,DHIS2_000057,gondar health post,Oromia,0.7851629853248596,gondar clinic woreda:Bishoftu region:Oromia zone:Zone 1,gondar health post woreda:Bishoftu region:Oromia zone:Zone 4
MFR_000309,gondar clinic,Oromia,DHIS2_000127,gondar dispensary,Oromia,0.5575308799743652,gondar clinic woreda:Bishoftu region:Oromia zone:Zone 1,gondar dispensary woreda:Adama region:Oromia zone:Zone 3
MFR_000309,gondar clinic,Oromia,DHIS2_000180,gondar health center,Oromia,0.6122854948043823,gondar clinic woreda:Bishoftu region:Oromia zone:Zone 1,gondar health center woreda:Dukem region:Oromia zone:Zone 3
MFR_000309,gondar clinic,Oromia,DHIS2_000234,gondar health post,Oromia,0.5506014823913574,gondar clinic woreda:Bishoftu region:Oromia zone:Zone 1,gondar health post woreda:Dukem region:Oromia zone:Zone 5
MFR_000310,adama hospital,Amhara,DHIS2_000036,adama referral hospital,Amhara,0.6186032295227051,adama hospital woreda:Mekelle region:Amhara zone:Zone 4,adama referral hospital woreda:Dessie region:Amhara zone:Zone 2
MFR_000310,adama hospital,Amhara,DHIS2_000343,adam clinic,Amhara,0.5903503894805908,adama hospital woreda:Mekelle region:Amhara zone:Zone 4,adam clinic woreda:Dessie region:Amhara zone:Zone 5
MFR_000310,adama hospital,Amhara,DHIS2_000310,adama hospital,Amhara,0.9522767663002014,adama hospital woreda:Mekelle region:Amhara zone:Zone 4,adama hospital woreda:Mekelle region:Amhara zone:Zone 4
MFR_000311,butajira health center,Amhara,DHIS2_000432,butajira general hospitalital,Amhara,0.556710422039032,butajira health center woreda:Mekelle region:Amhara zone:Zone 5,butajira general hospitalital woreda:Bahir Dar region:Amhara zone:Zone 1
MFR_000311,butajira health center,Amhara,DHIS2_000323,butajira hospital,Amhara,0.7365095019340515,butajira health center woreda:Mekelle region:Amhara zone:Zone 5,butajira hospital woreda:Mekelle region:Amhara zone:Zone 2
MFR_000311,butajira health center,Amhara,DHIS2_000067,butajira referral hospitalital,Amhara,0.7619386911392212,butajira health center woreda:Mekelle region:Amhara zone:Zone 5,butajira referral hospitalital woreda:Mekelle region:Amhara zone:Zone 4
MFR_000311,butajira health center,Amhara,DHIS2_000200,butajir health center,Amhara,0.7599899172782898,butajira health center woreda:Mekelle region:Amhara zone:Zone 5,butajir health center woreda:Gondar region:Amhara zone:Zone 5
MFR_000311,butajira health center,Amhara,DHIS2_000251,butajir health center,Amhara,0.6054561138153076,butajira health center woreda:Mekelle region:Amhara zone:Zone 5,butajir health center woreda:Gondar region:Amhara zone:Zone 4
MFR_000311,butajira health center,Amhara,DHIS2_000311,butajira health center,Amhara,0.9669315218925476,butajira health center woreda:Mekelle region:Amhara zone:Zone 5,butajira health center woreda:Mekelle region:Amhara zone:Zone 5
MFR_000311,butajira health center,Amhara,DHIS2_000039,butajira health post,Amhara,0.56999671459198,butajira health center woreda:Mekelle region:Amhara zone:Zone 5,butajira health post woreda:Bahir Dar region:Amhara zone:Zone 3
MFR_000311,butajira health center,Amhara,DHIS2_000387,butajira dispensary,Amhara,0.69775390625,butajira health center woreda:Mekelle region:Amhara zone:Zone 5,butajira dispensary woreda:Mekelle region:Amhara zone:Zone 2
MFR_000311,butajira health center,Amhara,DHIS2_000397,butajira health post,Amhara,0.78354811668396,butajira health center woreda:Mekelle region:Amhara zone:Zone 5,butajira health post woreda:Gondar region:Amhara zone:Zone 5
MFR_000311,butajira health center,Amhara,DHIS2_000289,butajira clinic,Amhara,0.5652457475662231,butajira health center woreda:Mekelle region:Amhara zone:Zone 5,butajira clinic woreda:Dessie region:Amhara zone:Zone 3
MFR_000311,butajira health center,Amhara,DHIS2_000139,butajir dispensary,Amhara,0.42890116572380066,butajira health center woreda:Mekelle region:Amhara zone:Zone 5,butajir dispensary woreda:Dessie region:Amhara zone:Zone 1
MFR_000311,butajira health center,Amhara,DHIS2_000217,butajira health post,Amhara,0.5680131316184998,butajira health center woreda:Mekelle region:Amhara zone:Zone 5,butajira health post woreda:Dessie region:Amhara zone:Zone 3
MFR_000312,bahir dar health post,Addis Ababa,DHIS2_000138,bahir dar clinic,Addis Ababa,0.7759352326393127,bahir dar health post woreda:Lideta region:Addis Ababa zone:Zone 5,bahir dar clinic woreda:Bole region:Addis Ababa zone:Zone 5
MFR_000312,bahir dar health post,Addis Ababa,DHIS2_000177,bahir dar referral hospitalital,Addis Ababa,0.5369499325752258,bahir dar health post woreda:Lideta region:Addis Ababa zone:Zone 5,bahir dar referral hospitalital woreda:Bole region:Addis Ababa zone:Zone 1
MFR_000312,bahir dar health post,Addis Ababa,DHIS2_000256,bahir dar health center,Addis Ababa,0.6257854104042053,bahir dar health post woreda:Lideta region:Addis Ababa zone:Zone 5,bahir dar health center woreda:Arada region:Addis Ababa zone:Zone 1
MFR_000312,bahir dar health post,Addis Ababa,DHIS2_000290,bahir dar health center,Addis Ababa,0.6655575037002563,bahir dar health post woreda:Lideta region:Addis Ababa zone:Zone 5,bahir dar health center woreda:Kirkos region:Addis Ababa zone:Zone 4
MFR_000312,bahir dar health post,Addis Ababa,DHIS2_000341,bahir dar hospital,Addis Ababa,0.730746865272522,bahir dar health post woreda:Lideta region:Addis Ababa zone:Zone 5,bahir dar hospital woreda:Lideta region:Addis Ababa zone:Zone 4
MFR_000312,bahir dar health post,Addis Ababa,DHIS2_000312,bahir dar health post,Addis Ababa,0.9838573336601257,bahir dar health post woreda:Lideta region:Addis Ababa zone:Zone 5,bahir dar health post woreda:Lideta region:Addis Ababa zone:Zone 5
MFR_000312,bahir dar health post,Addis Ababa,DHIS2_000447,bahir dar health center,Addis Ababa,0.7324739098548889,bahir dar health post woreda:Lideta region:Addis Ababa zone:Zone 5,bahir dar health center woreda:Lideta region:Addis Ababa zone:Zone 3
MFR_000312,bahir dar health post,Addis Ababa,DHIS2_000041,bahir dar hospitalital,Addis Ababa,0.585098147392273,bahir dar health post woreda:Lideta region:Addis Ababa zone:Zone 5,bahir dar hospitalital woreda:Arada region:Addis Ababa zone:Zone 3
MFR_000313,addis ababa hospital,Oromia,DHIS2_000317,addis ababa clinic,Oromia,0.5765184164047241,addis ababa hospital woreda:Bishoftu region:Oromia zone:Zone 2,addis ababa clinic woreda:Adama region:Oromia zone:Zone 1
MFR_000313,addis ababa hospital,Oromia,DHIS2_000491,addis ababa general hospital,Oromia,0.7393317222595215,addis ababa hospital woreda:Bishoftu region:Oromia zone:Zone 2,addis ababa general hospital woreda:Adama region:Oromia zone:Zone 2
MFR_000313,addis ababa hospital,Oromia,DHIS2_000313,addis ababa hospitalital,Oromia,0.9328200817108154,addis ababa hospital woreda:Bishoftu region:Oromia zone:Zone 2,addis ababa hospitalital woreda:Bishoftu region:Oromia zone:Zone 2
MFR_000313,addis ababa hospital,Oromia,DHIS2_000382,addis ababa health post,Oromia,0.534328043460846,addis ababa hospital woreda:Bishoftu region:Oromia zone:Zone 2,addis ababa health post woreda:Adama region:Oromia zone:Zone 1
MFR_000313,addis ababa hospital,Oromia,DHIS2_000400,addis ababa health post,Oromia,0.5640745162963867,addis ababa hospital woreda:Bishoftu region:Oromia zone:Zone 2,addis ababa health post woreda:Dire Dawa region:Oromia zone:Zone 4
MFR_000313,addis ababa hospital,Oromia,DHIS2_000013,addis ababa hospitalital,Oromia,0.6113396286964417,addis ababa hospital woreda:Bishoftu region:Oromia zone:Zone 2,addis ababa hospitalital woreda:Modjo region:Oromia zone:Zone 1
MFR_000314,hosaena clinic,Amhara,DHIS2_000378,hosaena dispensary,Amhara,0.7882667183876038,hosaena clinic woreda:Bahir Dar region:Amhara zone:Zone 1,hosaena dispensary woreda:Bahir Dar region:Amhara zone:Zone 5
MFR_000314,hosaena clinic,Amhara,DHIS2_000439,hosaen referral hospitalital,Amhara,0.485098272562027,hosaena clinic woreda:Bahir Dar region:Amhara zone:Zone 1,hosaen referral hospitalital woreda:Dessie region:Amhara zone:Zone 3
MFR_000314,hosaena clinic,Amhara,DHIS2_000480,hosaena clinic,Amhara,0.8745184540748596,hosaena clinic woreda:Bahir Dar region:Amhara zone:Zone 1,hosaena clinic woreda:Bahir Dar region:Amhara zone:Zone 2
MFR_000314,hosaena clinic,Amhara,DHIS2_000119,hosaena general hospitalital,Amhara,0.8405607342720032,hosaena clinic woreda:Bahir Dar region:Amhara zone:Zone 1,hosaena general hospitalital woreda:Bahir Dar region:Amhara zone:Zone 2
MFR_000315,dessie referral hospital,SNNPR,DHIS2_000315,dessie referral hospitalital,SNNPR,0.9703263640403748,dessie referral hospital woreda:Arba Minch region:SNNPR zone:Zone 5,dessie referral hospitalital woreda:Arba Minch region:SNNPR zone:Zone 5
MFR_000315,dessie referral hospital,SNNPR,DHIS2_000165,dessie referral hospital,SNNPR,0.5980734825134277,dessie referral hospital woreda:Arba Minch region:SNNPR zone:Zone 5,dessie referral hospital woreda:Hawassa region:SNNPR zone:Zone 3
MFR_000315,dessie referral hospital,SNNPR,DHIS2_000458,dessi referral hospital,SNNPR,0.6452329158782959,dessie referral hospital woreda:Arba Minch region:SNNPR zone:Zone 5,dessi referral hospital woreda:Hawassa region:SNNPR zone:Zone 5
MFR_000316,hosaena health post,Amhara,DHIS2_000025,hosaena health center,Amhara,0.7703444957733154,hosaena health post woreda:Gondar region:Amhara zone:Zone 2,hosaena health center woreda:Mekelle region:Amhara zone:Zone 2
MFR_000316,hosaena health post,Amhara,DHIS2_000104,hosaena health post,Amhara,0.6511160731315613,hosaena health post woreda:Gondar region:Amhara zone:Zone 2,hosaena health post woreda:Dessie region:Amhara zone:Zone 4
MFR_000316,hosaena health post,Amhara,DHIS2_000303,hosaena health post,Amhara,0.7416334748268127,hosaena health post woreda:Gondar region:Amhara zone:Zone 2,hosaena health post woreda:Gondar region:Amhara zone:Zone 5
MFR_000316,hosaena health post,Amhara,DHIS2_000062,hosaen health post,Amhara,0.753923237323761,hosaena health post woreda:Gondar region:Amhara zone:Zone 2,hosaen health post woreda:Dessie region:Amhara zone:Zone 2
MFR_000317,addis ababa clinic,Oromia,DHIS2_000317,addis ababa clinic,Oromia,0.9551498293876648,addis ababa clinic woreda:Adama region:Oromia zone:Zone 1,addis ababa clinic woreda:Adama region:Oromia zone:Zone 1
MFR_000317,addis ababa clinic,Oromia,DHIS2_000491,addis ababa general hospital,Oromia,0.8287328481674194,addis ababa clinic woreda:Adama region:Oromia zone:Zone 1,addis ababa general hospital woreda:Adama region:Oromia zone:Zone 2
MFR_000317,addis ababa clinic,Oromia,DHIS2_000313,addis ababa hospitalital,Oromia,0.6868210434913635,addis ababa clinic woreda:Adama region:Oromia zone:Zone 1,addis ababa hospitalital woreda:Bishoftu region:Oromia zone:Zone 2
MFR_000317,addis ababa clinic,Oromia,DHIS2_000382,addis ababa health post,Oromia,0.8911982774734497,addis ababa clinic woreda:Adama region:Oromia zone:Zone 1,addis ababa health post woreda:Adama region:Oromia zone:Zone 1
MFR_000317,addis ababa clinic,Oromia,DHIS2_000400,addis ababa health post,Oromia,0.6170767545700073,addis ababa clinic woreda:Adama region:Oromia zone:Zone 1,addis ababa health post woreda:Dire Dawa region:Oromia zone:Zone 4
MFR_000317,addis ababa clinic,Oromia,DHIS2_000013,addis ababa hospitalital,Oromia,0.7682322263717651,addis ababa clinic woreda:Adama region:Oromia zone:Zone 1,addis ababa hospitalital woreda:Modjo region:Oromia zone:Zone 1
MFR_000317,addis ababa clinic,Oromia,DHIS2_000050,addi ababa health center,Oromia,0.7739598155021667,addis ababa clinic woreda:Adama region:Oromia zone:Zone 1,addi ababa health center woreda:Bishoftu region:Oromia zone:Zone 1
MFR_000318,dukem clinic,Amhara,DHIS2_000318,dukem clinic,Amhara,0.9568039774894714,dukem clinic woreda:Dessie region:Amhara zone:Zone 5,dukem clinic woreda:Dessie region:Amhara zone:Zone 5
MFR_000319,dessie health post,Oromia,DHIS2_000407,duke health center,Oromia,0.22364263236522675,dessie health post woreda:Modjo region:Oromia zone:Zone 1,duke health center woreda:Dukem region:Oromia zone:Zone 2
MFR_000319,dessie health post,Oromia,DHIS2_000193,duke health post,Oromia,0.624643087387085,dessie health post woreda:Modjo region:Oromia zone:Zone 1,duke health post woreda:Modjo region:Oromia zone:Zone 1
MFR_000319,dessie health post,Oromia,DHIS2_000319,dessie health post,Oromia,0.9657723903656006,dessie health post woreda:Modjo region:Oromia zone:Zone 1,dessie health post woreda:Modjo region:Oromia zone:Zone 1
MFR_000319,dessie health post,Oromia,DHIS2_000096,dessi health post,Oromia,0.6201978921890259,dessie health post woreda:Modjo region:Oromia zone:Zone 1,dessi health post woreda:Bishoftu region:Oromia zone:Zone 2
MFR_000320,bole health center,Amhara,DHIS2_000095,bole health center,Amhara,0.6561969518661499,bole health center woreda:Gondar region:Amhara zone:Zone 2,bole health center woreda:Bahir Dar region:Amhara zone:Zone 5
MFR_000320,bole health center,Amhara,DHIS2_000109,bole health post,Amhara,0.7720671892166138,bole health center woreda:Gondar region:Amhara zone:Zone 2,bole health post woreda:Mekelle region:Amhara zone:Zone 2
MFR_000320,bole health center,Amhara,DHIS2_000182,bole general hospital,Amhara,0.760835587978363,bole health center woreda:Gondar region:Amhara zone:Zone 2,bole general hospital woreda:Dessie region:Amhara zone:Zone 2
MFR_000320,bole health center,Amhara,DHIS2_000134,bole health post,Amhara,0.7355393171310425,bole health center woreda:Gondar region:Amhara zone:Zone 2,bole health post woreda:Gondar region:Amhara zone:Zone 5
MFR_000321,adama dispensary,SNNPR,DHIS2_000321,adam dispensary,SNNPR,0.8989656567573547,adama dispensary woreda:Hosaena region:SNNPR zone:Zone 5,adam dispensary woreda:Hosaena region:SNNPR zone:Zone 5
MFR_000322,hosaena health post,Oromia,DHIS2_000322,hosaena health post,Oromia,0.9439215064048767,hosaena health post woreda:Adama region:Oromia zone:Zone 4,hosaena health post woreda:Adama region:Oromia zone:Zone 4
MFR_000322,hosaena health post,Oromia,DHIS2_000063,hosaena health center,Oromia,0.673835277557373,hosaena health post woreda:Adama region:Oromia zone:Zone 4,hosaena health center woreda:Adama region:Oromia zone:Zone 1
MFR_000323,butajira hospital,Amhara,DHIS2_000432,butajira general hospitalital,Amhara,0.6511711478233337,butajira hospital woreda:Mekelle region:Amhara zone:Zone 2,butajira general hospitalital woreda:Bahir Dar region:Amhara zone:Zone 1
MFR_000323,butajira hospital,Amhara,DHIS2_000323,butajira hospital,Amhara,0.9627500176429749,butajira hospital woreda:Mekelle region:Amhara zone:Zone 2,butajira hospital woreda:Mekelle region:Amhara zone:Zone 2
MFR_000323,butajira hospital,Amhara,DHIS2_000067,butajira referral hospitalital,Amhara,0.8002162575721741,butajira hospital woreda:Mekelle region:Amhara zone:Zone 2,butajira referral hospitalital woreda:Mekelle region:Amhara zone:Zone 4
MFR_000323,butajira hospital,Amhara,DHIS2_000200,butajir health center,Amhara,0.533585786819458,butajira hospital woreda:Mekelle region:Amhara zone:Zone 2,butajir health center woreda:Gondar region:Amhara zone:Zone 5
MFR_000323,butajira hospital,Amhara,DHIS2_000251,butajir health center,Amhara,0.562878429889679,butajira hospital woreda:Mekelle region:Amhara zone:Zone 2,butajir health center woreda:Gondar region:Amhara zone:Zone 4
MFR_000323,butajira hospital,Amhara,DHIS2_000311,butajira health center,Amhara,0.7749804854393005,butajira hospital woreda:Mekelle region:Amhara zone:Zone 2,butajira health center woreda:Mekelle region:Amhara zone:Zone 5
MFR_000323,butajira hospital,Amhara,DHIS2_000039,butajira health post,Amhara,0.5999067425727844,butajira hospital woreda:Mekelle region:Amhara zone:Zone 2,butajira health post woreda:Bahir Dar region:Amhara zone:Zone 3
MFR_000323,butajira hospital,Amhara,DHIS2_000387,butajira dispensary,Amhara,0.9106651544570923,butajira hospital woreda:Mekelle region:Amhara zone:Zone 2,butajira dispensary woreda:Mekelle region:Amhara zone:Zone 2
MFR_000323,butajira hospital,Amhara,DHIS2_000397,butajira health post,Amhara,0.5636343359947205,butajira hospital woreda:Mekelle region:Amhara zone:Zone 2,butajira health post woreda:Gondar region:Amhara zone:Zone 5
MFR_000323,butajira hospital,Amhara,DHIS2_000289,butajira clinic,Amhara,0.6526183485984802,butajira hospital woreda:Mekelle region:Amhara zone:Zone 2,butajira clinic woreda:Dessie region:Amhara zone:Zone 3
MFR_000323,butajira hospital,Amhara,DHIS2_000139,butajir dispensary,Amhara,0.5080648064613342,butajira hospital woreda:Mekelle region:Amhara zone:Zone 2,butajir dispensary woreda:Dessie region:Amhara zone:Zone 1
MFR_000323,butajira hospital,Amhara,DHIS2_000217,butajira health post,Amhara,0.5884499549865723,butajira hospital woreda:Mekelle region:Amhara zone:Zone 2,butajira health post woreda:Dessie region:Amhara zone:Zone 3
MFR_000324,kirkos clinic,Amhara,DHIS2_000174,kirko clinic,Amhara,0.7669333815574646,kirkos clinic woreda:Dessie region:Amhara zone:Zone 1,kirko clinic woreda:Mekelle region:Amhara zone:Zone 1
MFR_000324,kirkos clinic,Amhara,DHIS2_000324,kirkos clinic,Amhara,0.9535114169120789,kirkos clinic woreda:Dessie region:Amhara zone:Zone 1,kirkos clinic woreda:Dessie region:Amhara zone:Zone 1
MFR_000324,kirkos clinic,Amhara,DHIS2_000353,kirkos dispensary,Amhara,0.719943642616272,kirkos clinic woreda:Dessie region:Amhara zone:Zone 1,kirkos dispensary woreda:Mekelle region:Amhara zone:Zone 1
MFR_000324,kirkos clinic,Amhara,DHIS2_000282,kirkos clinic,Amhara,0.7498401403427124,kirkos clinic woreda:Dessie region:Amhara zone:Zone 1,kirkos clinic woreda:Gondar region:Amhara zone:Zone 2
MFR_000324,kirkos clinic,Amhara,DHIS2_000438,kirkos health center,Amhara,0.7718268036842346,kirkos clinic woreda:Dessie region:Amhara zone:Zone 1,kirkos health center woreda:Gondar region:Amhara zone:Zone 1
MFR_000324,kirkos clinic,Amhara,DHIS2_000371,kirkos clinic,Amhara,0.681452751159668,kirkos clinic woreda:Dessie region:Amhara zone:Zone 1,kirkos clinic woreda:Mekelle region:Amhara zone:Zone 3
MFR_000324,kirkos clinic,Amhara,DHIS2_000241,kirkos general hospital,Amhara,0.6618896722793579,kirkos clinic woreda:Dessie region:Amhara zone:Zone 1,kirkos general hospital woreda:Bahir Dar region:Amhara zone:Zone 2
MFR_000324,kirkos clinic,Amhara,DHIS2_000469,kirkos clinic,Amhara,0.7161362171173096,kirkos clinic woreda:Dessie region:Amhara zone:Zone 1,kirkos clinic woreda:Gondar region:Amhara zone:Zone 3
MFR_000325,hawassa health center,Amhara,DHIS2_000395,hawass health center,Amhara,0.6162352561950684,hawassa health center woreda:Dessie region:Amhara zone:Zone 4,hawass health center woreda:Bahir Dar region:Amhara zone:Zone 3
MFR_000325,hawassa health center,Amhara,DHIS2_000325,hawassa health center,Amhara,0.9588304162025452,hawassa health center woreda:Dessie region:Amhara zone:Zone 4,hawassa health center woreda:Dessie region:Amhara zone:Zone 4
MFR_000325,hawassa health center,Amhara,DHIS2_000124,hawass health center,Amhara,0.7754107713699341,hawassa health center woreda:Dessie region:Amhara zone:Zone 4,hawass health center woreda:Dessie region:Amhara zone:Zone 2
MFR_000326,dukem health post,Addis Ababa,DHIS2_000394,dukem health center,Addis Ababa,0.8295767903327942,dukem health post woreda:Addis Ketema region:Addis Ababa zone:Zone 3,dukem health center woreda:Nifas Silk region:Addis Ababa zone:Zone 3
MFR_000326,dukem health post,Addis Ababa,DHIS2_000326,dukem health post,Addis Ababa,0.9413005709648132,dukem health post woreda:Addis Ketema region:Addis Ababa zone:Zone 3,dukem health post woreda:Addis Ketema region:Addis Ababa zone:Zone 3
MFR_000327,gondar health center,Addis Ababa,DHIS2_000486,gondar health center,Addis Ababa,0.770318865776062,gondar health center woreda:Kirkos region:Addis Ababa zone:Zone 4,gondar health center woreda:Nifas Silk region:Addis Ababa zone:Zone 4
MFR_000327,gondar health center,Addis Ababa,DHIS2_000278,gondar dispensary,Addis Ababa,0.7016044855117798,gondar health center woreda:Kirkos region:Addis Ababa zone:Zone 4,gondar dispensary woreda:Lideta region:Addis Ababa zone:Zone 4
MFR_000327,gondar health center,Addis Ababa,DHIS2_000418,gondar hospitalital,Addis Ababa,0.7799160480499268,gondar health center woreda:Kirkos region:Addis Ababa zone:Zone 4,gondar hospitalital woreda:Addis Ketema region:Addis Ababa zone:Zone 4
MFR_000327,gondar health center,Addis Ababa,DHIS2_000075,gondar health center,Addis Ababa,0.6516898274421692,gondar health center woreda:Kirkos region:Addis Ababa zone:Zone 4,gondar health center woreda:Addis Ketema region:Addis Ababa zone:Zone 2
MFR_000327,gondar health center,Addis Ababa,DHIS2_000235,gondar health center,Addis Ababa,0.6615496873855591,gondar health center woreda:Kirkos region:Addis Ababa zone:Zone 4,gondar health center woreda:Addis Ketema region:Addis Ababa zone:Zone 3
MFR_000327,gondar health center,Addis Ababa,DHIS2_000275,gondar referral hospital,Addis Ababa,0.5938854813575745,gondar health center woreda:Kirkos region:Addis Ababa zone:Zone 4,gondar referral hospital woreda:Lideta region:Addis Ababa zone:Zone 5
MFR_000327,gondar health center,Addis Ababa,DHIS2_000203,gondar hospital,Addis Ababa,0.5836230516433716,gondar health center woreda:Kirkos region:Addis Ababa zone:Zone 4,gondar hospital woreda:Nifas Silk region:Addis Ababa zone:Zone 2
MFR_000327,gondar health center,Addis Ababa,DHIS2_000402,gondar hospital,Addis Ababa,0.6223925948143005,gondar health center woreda:Kirkos region:Addis Ababa zone:Zone 4,gondar hospital woreda:Arada region:Addis Ababa zone:Zone 5
MFR_000328,hawassa referral hospital,Oromia,DHIS2_000118,hawassa referral hospital,Oromia,0.6782152056694031,hawassa referral hospital woreda:Dire Dawa region:Oromia zone:Zone 1,hawassa referral hospital woreda:Dukem region:Oromia zone:Zone 4
MFR_000328,hawassa referral hospital,Oromia,DHIS2_000328,hawass referral hospital,Oromia,0.9401934146881104,hawassa referral hospital woreda:Dire Dawa region:Oromia zone:Zone 1,hawass referral hospital woreda:Dire Dawa region:Oromia zone:Zone 1
MFR_000329,modjo health center,Amhara,DHIS2_000334,modjo health center,Amhara,0.8413331508636475,modjo health center woreda:Gondar region:Amhara zone:Zone 1,modjo health center woreda:Gondar region:Amhara zone:Zone 4
MFR_000330,nifas silk health center,Amhara,DHIS2_000064,nifas silk hospital,Amhara,0.7387205958366394,nifas silk health center woreda:Bahir Dar region:Amhara zone:Zone 2,nifas silk hospital woreda:Bahir Dar region:Amhara zone:Zone 5
MFR_000330,nifas silk health center,Amhara,DHIS2_000330,nifas silk health center,Amhara,0.9371387958526611,nifas silk health center woreda:Bahir Dar region:Amhara zone:Zone 2,nifas silk health center woreda:Bahir Dar region:Amhara zone:Zone 2
MFR_000330,nifas silk health center,Amhara,DHIS2_000455,nifas silk dispensary,Amhara,0.5413900017738342,nifas silk health center woreda:Bahir Dar region:Amhara zone:Zone 2,nifas silk dispensary woreda:Gondar region:Amhara zone:Zone 1
MFR_000330,nifas silk health center,Amhara,DHIS2_000229,nifas silk health post,Amhara,0.6928176879882812,nifas silk health center woreda:Bahir Dar region:Amhara zone:Zone 2,nifas silk health post woreda:Mekelle region:Amhara zone:Zone 2
MFR_000330,nifas silk health center,Amhara,DHIS2_000126,nifas silk clinic,Amhara,0.5591303110122681,nifas silk health center woreda:Bahir Dar region:Amhara zone:Zone 2,nifas silk clinic woreda:Dessie region:Amhara zone:Zone 1
MFR_000330,nifas silk health center,Amhara,DHIS2_000028,nifas silk clinic,Amhara,0.5848512649536133,nifas silk health center woreda:Bahir Dar region:Amhara zone:Zone 2,nifas silk clinic woreda:Mekelle region:Amhara zone:Zone 4
MFR_000331,hawassa health post,Amhara,DHIS2_000395,hawass health center,Amhara,0.6908354759216309,hawassa health post woreda:Mekelle region:Amhara zone:Zone 3,hawass health center woreda:Bahir Dar region:Amhara zone:Zone 3
MFR_000331,hawassa health post,Amhara,DHIS2_000325,hawassa health center,Amhara,0.5848971009254456,hawassa health post woreda:Mekelle region:Amhara zone:Zone 3,hawassa health center woreda:Dessie region:Amhara zone:Zone 4
MFR_000331,hawassa health post,Amhara,DHIS2_000124,hawass health center,Amhara,0.564348578453064,hawassa health post woreda:Mekelle region:Amhara zone:Zone 3,hawass health center woreda:Dessie region:Amhara zone:Zone 2
MFR_000332,nifas silk health post,Oromia,DHIS2_000070,nifas silk health center,Oromia,0.6255581974983215,nifas silk health post woreda:Adama region:Oromia zone:Zone 4,nifas silk health center woreda:Dire Dawa region:Oromia zone:Zone 2
MFR_000332,nifas silk health post,Oromia,DHIS2_000181,nifas silk dispensary,Oromia,0.567319929599762,nifas silk health post woreda:Adama region:Oromia zone:Zone 4,nifas silk dispensary woreda:Modjo region:Oromia zone:Zone 2
MFR_000332,nifas silk health post,Oromia,DHIS2_000479,nifas silk referral hospital,Oromia,0.5797099471092224,nifas silk health post woreda:Adama region:Oromia zone:Zone 4,nifas silk referral hospital woreda:Bishoftu region:Oromia zone:Zone 2
MFR_000332,nifas silk health post,Oromia,DHIS2_000350,nifas silk referral hospital,Oromia,0.5774416327476501,nifas silk health post woreda:Adama region:Oromia zone:Zone 4,nifas silk referral hospital woreda:Dukem region:Oromia zone:Zone 5
MFR_000332,nifas silk health post,Oromia,DHIS2_000380,nifas silk dispensary,Oromia,0.5089441537857056,nifas silk health post woreda:Adama region:Oromia zone:Zone 4,nifas silk dispensary woreda:Bishoftu region:Oromia zone:Zone 1
MFR_000332,nifas silk health post,Oromia,DHIS2_000435,nifas silk health center,Oromia,0.6050080060958862,nifas silk health post woreda:Adama region:Oromia zone:Zone 4,nifas silk health center woreda:Dukem region:Oromia zone:Zone 2
MFR_000333,kirkos clinic,Oromia,DHIS2_000452,kirkos health center,Oromia,0.5237759947776794,kirkos clinic woreda:Bishoftu region:Oromia zone:Zone 4,kirkos health center woreda:Dire Dawa region:Oromia zone:Zone 1
MFR_000333,kirkos clinic,Oromia,DHIS2_000333,kirkos clinic,Oromia,0.9563146829605103,kirkos clinic woreda:Bishoftu region:Oromia zone:Zone 4,kirkos clinic woreda:Bishoftu region:Oromia zone:Zone 4
MFR_000333,kirkos clinic,Oromia,DHIS2_000043,kirkos hospitalital,Oromia,0.5052899718284607,kirkos clinic woreda:Bishoftu region:Oromia zone:Zone 4,kirkos hospitalital woreda:Dukem region:Oromia zone:Zone 1
MFR_000333,kirkos clinic,Oromia,DHIS2_000463,kirkos health post,Oromia,0.7190577387809753,kirkos clinic woreda:Bishoftu region:Oromia zone:Zone 4,kirkos health post woreda:Modjo region:Oromia zone:Zone 4
MFR_000333,kirkos clinic,Oromia,DHIS2_000366,kirkos health center,Oromia,0.5237759947776794,kirkos clinic woreda:Bishoftu region:Oromia zone:Zone 4,kirkos health center woreda:Dire Dawa region:Oromia zone:Zone 1
MFR_000333,kirkos clinic,Oromia,DHIS2_000197,kirko hospitalital,Oromia,0.5394586324691772,kirkos clinic woreda:Bishoftu region:Oromia zone:Zone 4,kirko hospitalital woreda:Dire Dawa region:Oromia zone:Zone 2
MFR_000333,kirkos clinic,Oromia,DHIS2_000283,kirkos clinic,Oromia,0.763734757900238,kirkos clinic woreda:Bishoftu region:Oromia zone:Zone 4,kirkos clinic woreda:Dukem region:Oromia zone:Zone 4
MFR_000334,modjo health center,Amhara,DHIS2_000334,modjo health center,Amhara,0.9548712968826294,modjo health center woreda:Gondar region:Amhara zone:Zone 4,modjo health center woreda:Gondar region:Amhara zone:Zone 4
MFR_000335,addis ababa health center,Addis Ababa,DHIS2_000372,addis ababa referral hospitalital,Addis Ababa,0.5650781989097595,addis ababa health center woreda:Addis Ketema region:Addis Ababa zone:Zone 3,addis ababa referral hospitalital woreda:Bole region:Addis Ababa zone:Zone 5
MFR_000335,addis ababa health center,Addis Ababa,DHIS2_000335,addis ababa health center,Addis Ababa,0.9313661456108093,addis ababa health center woreda:Addis Ketema region:Addis Ababa zone:Zone 3,addis ababa health center woreda:Addis Ketema region:Addis Ababa zone:Zone 3
MFR_000335,addis ababa health center,Addis Ababa,DHIS2_000083,addis ababa hospitalital,Addis Ababa,0.647819459438324,addis ababa health center woreda:Addis Ketema region:Addis Ababa zone:Zone 3,addis ababa hospitalital woreda:Lideta region:Addis Ababa zone:Zone 2
MFR_000335,addis ababa health center,Addis Ababa,DHIS2_000250,addis ababa general hospitalital,Addis Ababa,0.6722715497016907,addis ababa health center woreda:Addis Ketema region:Addis Ababa zone:Zone 3,addis ababa general hospitalital woreda:Addis Ketema region:Addis Ababa zone:Zone 5
MFR_000335,addis ababa health center,Addis Ababa,DHIS2_000273,addis ababa referral hospital,Addis Ababa,0.6032689809799194,addis ababa health center woreda:Addis Ketema region:Addis Ababa zone:Zone 3,addis ababa referral hospital woreda:Bole region:Addis Ababa zone:Zone 4
MFR_000335,addis ababa health center,Addis Ababa,DHIS2_000284,addis ababa health center,Addis Ababa,0.6331318616867065,addis ababa health center woreda:Addis Ketema region:Addis Ababa zone:Zone 3,addis ababa health center woreda:Bole region:Addis Ababa zone:Zone 1
MFR_000335,addis ababa health center,Addis Ababa,DHIS2_000422,addis ababa health center,Addis Ababa,0.6736825704574585,addis ababa health center woreda:Addis Ketema region:Addis Ababa zone:Zone 3,addis ababa health center woreda:Kirkos region:Addis Ababa zone:Zone 2
MFR_000336,modjo referral hospital,Amhara,DHIS2_000019,modj referral hospitalital,Amhara,0.5243427753448486,modjo referral hospital woreda:Dessie region:Amhara zone:Zone 3,modj referral hospitalital woreda:Mekelle region:Amhara zone:Zone 1
MFR_000336,modjo referral hospital,Amhara,DHIS2_000336,modjo referral hospital,Amhara,0.9382628798484802,modjo referral hospital woreda:Dessie region:Amhara zone:Zone 3,modjo referral hospital woreda:Dessie region:Amhara zone:Zone 3
MFR_000337,gondar hospital,Oromia,DHIS2_000337,gondar hospitalital,Oromia,0.957465410232544,gondar hospital woreda:Dire Dawa region:Oromia zone:Zone 3,gondar hospitalital woreda:Dire Dawa region:Oromia zone:Zone 3
MFR_000337,gondar hospital,Oromia,DHIS2_000057,gondar health post,Oromia,0.5624426007270813,gondar hospital woreda:Dire Dawa region:Oromia zone:Zone 3,gondar health post woreda:Bishoftu region:Oromia zone:Zone 4
MFR_000337,gondar hospital,Oromia,DHIS2_000127,gondar dispensary,Oromia,0.6768532991409302,gondar hospital woreda:Dire Dawa region:Oromia zone:Zone 3,gondar dispensary woreda:Adama region:Oromia zone:Zone 3
MFR_000337,gondar hospital,Oromia,DHIS2_000180,gondar health center,Oromia,0.7265143394470215,gondar hospital woreda:Dire Dawa region:Oromia zone:Zone 3,gondar health center woreda:Dukem region:Oromia zone:Zone 3
MFR_000337,gondar hospital,Oromia,DHIS2_000234,gondar health post,Oromia,0.5024228692054749,gondar hospital woreda:Dire Dawa region:Oromia zone:Zone 3,gondar health post woreda:Dukem region:Oromia zone:Zone 5
MFR_000338,hawassa dispensary,SNNPR,DHIS2_000338,hawass dispensary,SNNPR,0.933838427066803,hawassa dispensary woreda:Arba Minch region:SNNPR zone:Zone 1,hawass dispensary woreda:Arba Minch region:SNNPR zone:Zone 1
MFR_000339,nifas silk health post,Amhara,DHIS2_000064,nifas silk hospital,Amhara,0.7087117433547974,nifas silk health post woreda:Mekelle region:Amhara zone:Zone 5,nifas silk hospital woreda:Bahir Dar region:Amhara zone:Zone 5
MFR_000339,nifas silk health post,Amhara,DHIS2_000330,nifas silk health center,Amhara,0.556853711605072,nifas silk health post woreda:Mekelle region:Amhara zone:Zone 5,nifas silk health center woreda:Bahir Dar region:Amhara zone:Zone 2
MFR_000339,nifas silk health post,Amhara,DHIS2_000455,nifas silk dispensary,Amhara,0.5103456974029541,nifas silk health post woreda:Mekelle region:Amhara zone:Zone 5,nifas silk dispensary woreda:Gondar region:Amhara zone:Zone 1
MFR_000339,nifas silk health post,Amhara,DHIS2_000229,nifas silk health post,Amhara,0.7248200178146362,nifas silk health post woreda:Mekelle region:Amhara zone:Zone 5,nifas silk health post woreda:Mekelle region:Amhara zone:Zone 2
MFR_000339,nifas silk health post,Amhara,DHIS2_000126,nifas silk clinic,Amhara,0.5059455633163452,nifas silk health post woreda:Mekelle region:Amhara zone:Zone 5,nifas silk clinic woreda:Dessie region:Amhara zone:Zone 1
MFR_000339,nifas silk health post,Amhara,DHIS2_000028,nifas silk clinic,Amhara,0.7260733246803284,nifas silk health post woreda:Mekelle region:Amhara zone:Zone 5,nifas silk clinic woreda:Mekelle region:Amhara zone:Zone 4
MFR_000340,hosaena health post,Addis Ababa,DHIS2_000357,hosaena health center,Addis Ababa,0.5216275453567505,hosaena health post woreda:Nifas Silk region:Addis Ababa zone:Zone 2,hosaena health center woreda:Arada region:Addis Ababa zone:Zone 3
MFR_000340,hosaena health post,Addis Ababa,DHIS2_000116,hosaena health center,Addis Ababa,0.5180218815803528,hosaena health post woreda:Nifas Silk region:Addis Ababa zone:Zone 2,hosaena health center woreda:Bole region:Addis Ababa zone:Zone 3
MFR_000341,bahir dar hospital,Addis Ababa,DHIS2_000138,bahir dar clinic,Addis Ababa,0.6898769736289978,bahir dar hospital woreda:Lideta region:Addis Ababa zone:Zone 4,bahir dar clinic woreda:Bole region:Addis Ababa zone:Zone 5
MFR_000341,bahir dar hospital,Addis Ababa,DHIS2_000177,bahir dar referral hospitalital,Addis Ababa,0.6232616901397705,bahir dar hospital woreda:Lideta region:Addis Ababa zone:Zone 4,bahir dar referral hospitalital woreda:Bole region:Addis Ababa zone:Zone 1
MFR_000341,bahir dar hospital,Addis Ababa,DHIS2_000256,bahir dar health center,Addis Ababa,0.63690185546875,bahir dar hospital woreda:Lideta region:Addis Ababa zone:Zone 4,bahir dar health center woreda:Arada region:Addis Ababa zone:Zone 1
MFR_000341,bahir dar hospital,Addis Ababa,DHIS2_000290,bahir dar health center,Addis Ababa,0.8314818143844604,bahir dar hospital woreda:Lideta region:Addis Ababa zone:Zone 4,bahir dar health center woreda:Kirkos region:Addis Ababa zone:Zone 4
MFR_000341,bahir dar hospital,Addis Ababa,DHIS2_000341,bahir dar hospital,Addis Ababa,0.9940096735954285,bahir dar hospital woreda:Lideta region:Addis Ababa zone:Zone 4,bahir dar hospital woreda:Lideta region:Addis Ababa zone:Zone 4
MFR_000341,bahir dar hospital,Addis Ababa,DHIS2_000312,bahir dar health post,Addis Ababa,0.7794524431228638,bahir dar hospital woreda:Lideta region:Addis Ababa zone:Zone 4,bahir dar health post woreda:Lideta region:Addis Ababa zone:Zone 5
MFR_000341,bahir dar hospital,Addis Ababa,DHIS2_000447,bahir dar health center,Addis Ababa,0.7962129712104797,bahir dar hospital woreda:Lideta region:Addis Ababa zone:Zone 4,bahir dar health center woreda:Lideta region:Addis Ababa zone:Zone 3
MFR_000341,bahir dar hospital,Addis Ababa,DHIS2_000041,bahir dar hospitalital,Addis Ababa,0.7096801400184631,bahir dar hospital woreda:Lideta region:Addis Ababa zone:Zone 4,bahir dar hospitalital woreda:Arada region:Addis Ababa zone:Zone 3
MFR_000342,dire dawa health center,Amhara,DHIS2_000342,dire dawa health center,Amhara,0.962203323841095,dire dawa health center woreda:Bahir Dar region:Amhara zone:Zone 4,dire dawa health center woreda:Bahir Dar region:Amhara zone:Zone 4
MFR_000342,dire dawa health center,Amhara,DHIS2_000219,dire dawa general hospitalital,Amhara,0.7756069898605347,dire dawa health center woreda:Bahir Dar region:Amhara zone:Zone 4,dire dawa general hospitalital woreda:Bahir Dar region:Amhara zone:Zone 5
MFR_000342,dire dawa health center,Amhara,DHIS2_000164,dire dawa general hospitalital,Amhara,0.7163100242614746,dire dawa health center woreda:Bahir Dar region:Amhara zone:Zone 4,dire dawa general hospitalital woreda:Dessie region:Amhara zone:Zone 4
MFR_000343,adama clinic,Amhara,DHIS2_000454,adam referral hospitalital,Amhara,0.46632257103919983,adama clinic woreda:Dessie region:Amhara zone:Zone 5,adam referral hospitalital woreda:Mekelle region:Amhara zone:Zone 1
MFR_000343,adama clinic,Amhara,DHIS2_000343,adam clinic,Amhara,0.9380302429199219,adama clinic woreda:Dessie region:Amhara zone:Zone 5,adam clinic woreda:Dessie region:Amhara zone:Zone 5
MFR_000343,adama clinic,Amhara,DHIS2_000310,adama hospital,Amhara,0.6039535999298096,adama clinic woreda:Dessie region:Amhara zone:Zone 5,adama hospital woreda:Mekelle region:Amhara zone:Zone 4
MFR_000344,nifas silk health post,Addis Ababa,DHIS2_000415,nifas silk clinic,Addis Ababa,0.6621994972229004,nifas silk health post woreda:Addis Ketema region:Addis Ababa zone:Zone 5,nifas silk clinic woreda:Nifas Silk region:Addis Ababa zone:Zone 4
MFR_000344,nifas silk health post,Addis Ababa,DHIS2_000115,nifas silk health center,Addis Ababa,0.6711418032646179,nifas silk health post woreda:Addis Ketema region:Addis Ababa zone:Zone 5,nifas silk health center woreda:Nifas Silk region:Addis Ababa zone:Zone 4
MFR_000344,nifas silk health post,Addis Ababa,DHIS2_000470,nifas silk health center,Addis Ababa,0.6346290707588196,nifas silk health post woreda:Addis Ketema region:Addis Ababa zone:Zone 5,nifas silk health center woreda:Arada region:Addis Ababa zone:Zone 3
MFR_000344,nifas silk health post,Addis Ababa,DHIS2_000191,nifas silk dispensary,Addis Ababa,0.5880111455917358,nifas silk health post woreda:Addis Ketema region:Addis Ababa zone:Zone 5,nifas silk dispensary woreda:Arada region:Addis Ababa zone:Zone 1
MFR_000345,kirkos referral hospital,Amhara,DHIS2_000174,kirko clinic,Amhara,0.5520583391189575,kirkos referral hospital woreda:Dessie region:Amhara zone:Zone 2,kirko clinic woreda:Mekelle region:Amhara zone:Zone 1
MFR_000345,kirkos referral hospital,Amhara,DHIS2_000324,kirkos clinic,Amhara,0.7227993607521057,kirkos referral hospital woreda:Dessie region:Amhara zone:Zone 2,kirkos clinic woreda:Dessie region:Amhara zone:Zone 1
MFR_000345,kirkos referral hospital,Amhara,DHIS2_000353,kirkos dispensary,Amhara,0.5402584075927734,kirkos referral hospital woreda:Dessie region:Amhara zone:Zone 2,kirkos dispensary woreda:Mekelle region:Amhara zone:Zone 1
MFR_000345,kirkos referral hospital,Amhara,DHIS2_000282,kirkos clinic,Amhara,0.7316909432411194,kirkos referral hospital woreda:Dessie region:Amhara zone:Zone 2,kirkos clinic woreda:Gondar region:Amhara zone:Zone 2
MFR_000345,kirkos referral hospital,Amhara,DHIS2_000438,kirkos health center,Amhara,0.567740797996521,kirkos referral hospital woreda:Dessie region:Amhara zone:Zone 2,kirkos health center woreda:Gondar region:Amhara zone:Zone 1
MFR_000345,kirkos referral hospital,Amhara,DHIS2_000371,kirkos clinic,Amhara,0.6087892651557922,kirkos referral hospital woreda:Dessie region:Amhara zone:Zone 2,kirkos clinic woreda:Mekelle region:Amhara zone:Zone 3
MFR_000345,kirkos referral hospital,Amhara,DHIS2_000241,kirkos general hospital,Amhara,0.7124069333076477,kirkos referral hospital woreda:Dessie region:Amhara zone:Zone 2,kirkos general hospital woreda:Bahir Dar region:Amhara zone:Zone 2
MFR_000345,kirkos referral hospital,Amhara,DHIS2_000469,kirkos clinic,Amhara,0.6267188191413879,kirkos referral hospital woreda:Dessie region:Amhara zone:Zone 2,kirkos clinic woreda:Gondar region:Amhara zone:Zone 3
MFR_000346,dire dawa health post,Addis Ababa,DHIS2_000011,dire dawa health center,Addis Ababa,0.7279745936393738,dire dawa health post woreda:Nifas Silk region:Addis Ababa zone:Zone 3,dire dawa health center woreda:Nifas Silk region:Addis Ababa zone:Zone 1
MFR_000347,hosaena dispensary,SNNPR,DHIS2_000406,hosaena clinic,SNNPR,0.9054509401321411,hosaena dispensary woreda:Arba Minch region:SNNPR zone:Zone 3,hosaena clinic woreda:Arba Minch region:SNNPR zone:Zone 3
MFR_000347,hosaena dispensary,SNNPR,DHIS2_000347,hosaen dispensary,SNNPR,0.9072352647781372,hosaena dispensary woreda:Arba Minch region:SNNPR zone:Zone 3,hosaen dispensary woreda:Arba Minch region:SNNPR zone:Zone 3
MFR_000348,bole general hospital,Amhara,DHIS2_000348,bol general hospital,Amhara,0.9051729440689087,bole general hospital woreda:Gondar region:Amhara zone:Zone 5,bol general hospital woreda:Gondar region:Amhara zone:Zone 5
MFR_000348,bole general hospital,Amhara,DHIS2_000095,bole health center,Amhara,0.7665371894836426,bole general hospital woreda:Gondar region:Amhara zone:Zone 5,bole health center woreda:Bahir Dar region:Amhara zone:Zone 5
MFR_000348,bole general hospital,Amhara,DHIS2_000182,bole general hospital,Amhara,0.6430220007896423,bole general hospital woreda:Gondar region:Amhara zone:Zone 5,bole general hospital woreda:Dessie region:Amhara zone:Zone 2
MFR_000349,addis ababa clinic,Addis Ababa,DHIS2_000372,addis ababa referral hospitalital,Addis Ababa,0.9063239097595215,addis ababa clinic woreda:Bole region:Addis Ababa zone:Zone 5,addis ababa referral hospitalital woreda:Bole region:Addis Ababa zone:Zone 5
MFR_000349,addis ababa clinic,Addis Ababa,DHIS2_000335,addis ababa health center,Addis Ababa,0.5409995913505554,addis ababa clinic woreda:Bole region:Addis Ababa zone:Zone 5,addis ababa health center woreda:Addis Ketema region:Addis Ababa zone:Zone 3
MFR_000349,addis ababa clinic,Addis Ababa,DHIS2_000083,addis ababa hospitalital,Addis Ababa,0.5185485482215881,addis ababa clinic woreda:Bole region:Addis Ababa zone:Zone 5,addis ababa hospitalital woreda:Lideta region:Addis Ababa zone:Zone 2
MFR_000349,addis ababa clinic,Addis Ababa,DHIS2_000250,addis ababa general hospitalital,Addis Ababa,0.7372379899024963,addis ababa clinic woreda:Bole region:Addis Ababa zone:Zone 5,addis ababa general hospitalital woreda:Addis Ketema region:Addis Ababa zone:Zone 5
MFR_000349,addis ababa clinic,Addis Ababa,DHIS2_000273,addis ababa referral hospital,Addis Ababa,0.7212608456611633,addis ababa clinic woreda:Bole region:Addis Ababa zone:Zone 5,addis ababa referral hospital woreda:Bole region:Addis Ababa zone:Zone 4
MFR_000349,addis ababa clinic,Addis Ababa,DHIS2_000284,addis ababa health center,Addis Ababa,0.6751419305801392,addis ababa clinic woreda:Bole region:Addis Ababa zone:Zone 5,addis ababa health center woreda:Bole region:Addis Ababa zone:Zone 1
MFR_000349,addis ababa clinic,Addis Ababa,DHIS2_000422,addis ababa health center,Addis Ababa,0.5137366056442261,addis ababa clinic woreda:Bole region:Addis Ababa zone:Zone 5,addis ababa health center woreda:Kirkos region:Addis Ababa zone:Zone 2
MFR_000350,nifas silk referral hospital,Oromia,DHIS2_000070,nifas silk health center,Oromia,0.5431211590766907,nifas silk referral hospital woreda:Dukem region:Oromia zone:Zone 5,nifas silk health center woreda:Dire Dawa region:Oromia zone:Zone 2
MFR_000350,nifas silk referral hospital,Oromia,DHIS2_000181,nifas silk dispensary,Oromia,0.49903878569602966,nifas silk referral hospital woreda:Dukem region:Oromia zone:Zone 5,nifas silk dispensary woreda:Modjo region:Oromia zone:Zone 2
MFR_000350,nifas silk referral hospital,Oromia,DHIS2_000479,nifas silk referral hospital,Oromia,0.6007631421089172,nifas silk referral hospital woreda:Dukem region:Oromia zone:Zone 5,nifas silk referral hospital woreda:Bishoftu region:Oromia zone:Zone 2
MFR_000350,nifas silk referral hospital,Oromia,DHIS2_000350,nifas silk referral hospital,Oromia,0.9477028846740723,nifas silk referral hospital woreda:Dukem region:Oromia zone:Zone 5,nifas silk referral hospital woreda:Dukem region:Oromia zone:Zone 5
MFR_000350,nifas silk referral hospital,Oromia,DHIS2_000380,nifas silk dispensary,Oromia,0.5011276602745056,nifas silk referral hospital woreda:Dukem region:Oromia zone:Zone 5,nifas silk dispensary woreda:Bishoftu region:Oromia zone:Zone 1
MFR_000350,nifas silk referral hospital,Oromia,DHIS2_000435,nifas silk health center,Oromia,0.6728976964950562,nifas silk referral hospital woreda:Dukem region:Oromia zone:Zone 5,nifas silk health center woreda:Dukem region:Oromia zone:Zone 2
MFR_000350,nifas silk referral hospital,Oromia,DHIS2_000501,private clinic 1,Oromia,0.0,nifas silk referral hospital woreda:Dukem region:Oromia zone:Zone 5,private clinic 1 woreda:Bole region:Oromia zone:Zone 3
MFR_000351,butajira dispensary,Addis Ababa,DHIS2_000031,butajir clinic,Addis Ababa,0.45884379744529724,butajira dispensary woreda:Nifas Silk region:Addis Ababa zone:Zone 2,butajir clinic woreda:Addis Ketema region:Addis Ababa zone:Zone 4
MFR_000351,butajira dispensary,Addis Ababa,DHIS2_000012,butajira hospitalital,Addis Ababa,0.5546312928199768,butajira dispensary woreda:Nifas Silk region:Addis Ababa zone:Zone 2,butajira hospitalital woreda:Lideta region:Addis Ababa zone:Zone 3
MFR_000351,butajira dispensary,Addis Ababa,DHIS2_000194,butajira health center,Addis Ababa,0.5059660077095032,butajira dispensary woreda:Nifas Silk region:Addis Ababa zone:Zone 2,butajira health center woreda:Addis Ketema region:Addis Ababa zone:Zone 3
MFR_000351,butajira dispensary,Addis Ababa,DHIS2_000141,butajira health center,Addis Ababa,0.7314391732215881,butajira dispensary woreda:Nifas Silk region:Addis Ababa zone:Zone 2,butajira health center woreda:Nifas Silk region:Addis Ababa zone:Zone 4
MFR_000351,butajira dispensary,Addis Ababa,DHIS2_000417,butajira general hospitalital,Addis Ababa,0.6551716923713684,butajira dispensary woreda:Nifas Silk region:Addis Ababa zone:Zone 2,butajira general hospitalital woreda:Lideta region:Addis Ababa zone:Zone 2
MFR_000351,butajira dispensary,Addis Ababa,DHIS2_000148,butajir health center,Addis Ababa,0.36560308933258057,butajira dispensary woreda:Nifas Silk region:Addis Ababa zone:Zone 2,butajir health center woreda:Lideta region:Addis Ababa zone:Zone 5
MFR_000351,butajira dispensary,Addis Ababa,DHIS2_000419,butajira health center,Addis Ababa,0.5170018076896667,butajira dispensary woreda:Nifas Silk region:Addis Ababa zone:Zone 2,butajira health center woreda:Lideta region:Addis Ababa zone:Zone 3
MFR_000351,butajira dispensary,Addis Ababa,DHIS2_000143,butajir general hospital,Addis Ababa,0.6573753356933594,butajira dispensary woreda:Nifas Silk region:Addis Ababa zone:Zone 2,butajir general hospital woreda:Nifas Silk region:Addis Ababa zone:Zone 4
MFR_000351,butajira dispensary,Addis Ababa,DHIS2_000351,butajira dispensary,Addis Ababa,0.9421738386154175,butajira dispensary woreda:Nifas Silk region:Addis Ababa zone:Zone 2,butajira dispensary woreda:Nifas Silk region:Addis Ababa zone:Zone 2
MFR_000351,butajira dispensary,Addis Ababa,DHIS2_000202,butajira clinic,Addis Ababa,0.5095883011817932,butajira dispensary woreda:Nifas Silk region:Addis Ababa zone:Zone 2,butajira clinic woreda:Kirkos region:Addis Ababa zone:Zone 4
MFR_000352,gondar general hospital,Amhara,DHIS2_000466,gonda referral hospital,Amhara,0.8512165546417236,gondar general hospital woreda:Gondar region:Amhara zone:Zone 5,gonda referral hospital woreda:Bahir Dar region:Amhara zone:Zone 5
MFR_000352,gondar general hospital,Amhara,DHIS2_000020,gondar general hospitalital,Amhara,0.6865893006324768,gondar general hospital woreda:Gondar region:Amhara zone:Zone 5,gondar general hospitalital woreda:Mekelle region:Amhara zone:Zone 3
MFR_000352,gondar general hospital,Amhara,DHIS2_000178,gondar referral hospitalital,Amhara,0.6512499451637268,gondar general hospital woreda:Gondar region:Amhara zone:Zone 5,gondar referral hospitalital woreda:Bahir Dar region:Amhara zone:Zone 2
MFR_000352,gondar general hospital,Amhara,DHIS2_000488,gondar clinic,Amhara,0.7314745187759399,gondar general hospital woreda:Gondar region:Amhara zone:Zone 5,gondar clinic woreda:Gondar region:Amhara zone:Zone 4
MFR_000352,gondar general hospital,Amhara,DHIS2_000029,gondar health post,Amhara,0.6234124898910522,gondar general hospital woreda:Gondar region:Amhara zone:Zone 5,gondar health post woreda:Mekelle region:Amhara zone:Zone 2
MFR_000353,kirkos dispensary,Amhara,DHIS2_000174,kirko clinic,Amhara,0.8898235559463501,kirkos dispensary woreda:Mekelle region:Amhara zone:Zone 1,kirko clinic woreda:Mekelle region:Amhara zone:Zone 1
MFR_000353,kirkos dispensary,Amhara,DHIS2_000324,kirkos clinic,Amhara,0.6901715993881226,kirkos dispensary woreda:Mekelle region:Amhara zone:Zone 1,kirkos clinic woreda:Dessie region:Amhara zone:Zone 1
MFR_000353,kirkos dispensary,Amhara,DHIS2_000353,kirkos dispensary,Amhara,0.936702311038971,kirkos dispensary woreda:Mekelle region:Amhara zone:Zone 1,kirkos dispensary woreda:Mekelle region:Amhara zone:Zone 1
MFR_000353,kirkos dispensary,Amhara,DHIS2_000282,kirkos clinic,Amhara,0.6391553282737732,kirkos dispensary woreda:Mekelle region:Amhara zone:Zone 1,kirkos clinic woreda:Gondar region:Amhara zone:Zone 2
MFR_000353,kirkos dispensary,Amhara,DHIS2_000438,kirkos health center,Amhara,0.6943443417549133,kirkos dispensary woreda:Mekelle region:Amhara zone:Zone 1,kirkos health center woreda:Gondar region:Amhara zone:Zone 1
MFR_000353,kirkos dispensary,Amhara,DHIS2_000371,kirkos clinic,Amhara,0.781503438949585,kirkos dispensary woreda:Mekelle region:Amhara zone:Zone 1,kirkos clinic woreda:Mekelle region:Amhara zone:Zone 3
MFR_000353,kirkos dispensary,Amhara,DHIS2_000241,kirkos general hospital,Amhara,0.5836459398269653,kirkos dispensary woreda:Mekelle region:Amhara zone:Zone 1,kirkos general hospital woreda:Bahir Dar region:Amhara zone:Zone 2
MFR_000353,kirkos dispensary,Amhara,DHIS2_000469,kirkos clinic,Amhara,0.6097415685653687,kirkos dispensary woreda:Mekelle region:Amhara zone:Zone 1,kirkos clinic woreda:Gondar region:Amhara zone:Zone 3
MFR_000354,bole referral hospital,SNNPR,DHIS2_000111,bol referral hospitalital,SNNPR,0.6723386645317078,bole referral hospital woreda:Hosaena region:SNNPR zone:Zone 5,bol referral hospitalital woreda:Hosaena region:SNNPR zone:Zone 3
MFR_000354,bole referral hospital,SNNPR,DHIS2_000354,bol referral hospital,SNNPR,0.8926377296447754,bole referral hospital woreda:Hosaena region:SNNPR zone:Zone 5,bol referral hospital woreda:Hosaena region:SNNPR zone:Zone 5
MFR_000354,bole referral hospital,SNNPR,DHIS2_000306,bole hospital,SNNPR,0.6802852153778076,bole referral hospital woreda:Hosaena region:SNNPR zone:Zone 5,bole hospital woreda:Hosaena region:SNNPR zone:Zone 3
MFR_000355,dire dawa referral hospital,Addis Ababa,DHIS2_000355,dir dawa referral hospital,Addis Ababa,0.9050527215003967,dire dawa referral hospital woreda:Arada region:Addis Ababa zone:Zone 4,dir dawa referral hospital woreda:Arada region:Addis Ababa zone:Zone 4
MFR_000356,hawassa clinic,Amhara,DHIS2_000007,hawass referral hospital,Amhara,0.6002529859542847,hawassa clinic woreda:Dessie region:Amhara zone:Zone 3,hawass referral hospital woreda:Mekelle region:Amhara zone:Zone 2
MFR_000356,hawassa clinic,Amhara,DHIS2_000369,hawassa dispensary,Amhara,0.5558815598487854,hawassa clinic woreda:Dessie region:Amhara zone:Zone 3,hawassa dispensary woreda:Gondar region:Amhara zone:Zone 5
MFR_000356,hawassa clinic,Amhara,DHIS2_000356,hawass clinic,Amhara,0.9192620515823364,hawassa clinic woreda:Dessie region:Amhara zone:Zone 3,hawass clinic woreda:Dessie region:Amhara zone:Zone 3
MFR_000357,hosaena health center,Addis Ababa,DHIS2_000357,hosaena health center,Addis Ababa,0.9582421779632568,hosaena health center woreda:Arada region:Addis Ababa zone:Zone 3,hosaena health center woreda:Arada region:Addis Ababa zone:Zone 3
MFR_000357,hosaena health center,Addis Ababa,DHIS2_000169,hosaena general hospitalital,Addis Ababa,0.6427406072616577,hosaena health center woreda:Arada region:Addis Ababa zone:Zone 3,hosaena general hospitalital woreda:Bole region:Addis Ababa zone:Zone 4
MFR_000357,hosaena health center,Addis Ababa,DHIS2_000116,hosaena health center,Addis Ababa,0.8752153515815735,hosaena health center woreda:Arada region:Addis Ababa zone:Zone 3,hosaena health center woreda:Bole region:Addis Ababa zone:Zone 3
MFR_000358,adama referral hospital,Oromia,DHIS2_000358,adama referral hospital,Oromia,0.9378780722618103,adama referral hospital woreda:Adama region:Oromia zone:Zone 2,adama referral hospital woreda:Adama region:Oromia zone:Zone 2
MFR_000359,nifas silk health post,Amhara,DHIS2_000064,nifas silk hospital,Amhara,0.5607678890228271,nifas silk health post woreda:Mekelle region:Amhara zone:Zone 4,nifas silk hospital woreda:Bahir Dar region:Amhara zone:Zone 5
MFR_000359,nifas silk health post,Amhara,DHIS2_000330,nifas silk health center,Amhara,0.5936523675918579,nifas silk health post woreda:Mekelle region:Amhara zone:Zone 4,nifas silk health center woreda:Bahir Dar region:Amhara zone:Zone 2
MFR_000359,nifas silk health post,Amhara,DHIS2_000455,nifas silk dispensary,Amhara,0.506212592124939,nifas silk health post woreda:Mekelle region:Amhara zone:Zone 4,nifas silk dispensary woreda:Gondar region:Amhara zone:Zone 1
MFR_000359,nifas silk health post,Amhara,DHIS2_000229,nifas silk health post,Amhara,0.7681922912597656,nifas silk health post woreda:Mekelle region:Amhara zone:Zone 4,nifas silk health post woreda:Mekelle region:Amhara zone:Zone 2
MFR_000359,nifas silk health post,Amhara,DHIS2_000126,nifas silk clinic,Amhara,0.5080121755599976,nifas silk health post woreda:Mekelle region:Amhara zone:Zone 4,nifas silk clinic woreda:Dessie region:Amhara zone:Zone 1
MFR_000359,nifas silk health post,Amhara,DHIS2_000028,nifas silk clinic,Amhara,0.8878153562545776,nifas silk health post woreda:Mekelle region:Amhara zone:Zone 4,nifas silk clinic woreda:Mekelle region:Amhara zone:Zone 4
MFR_000360,nifas silk health post,Amhara,DHIS2_000064,nifas silk hospital,Amhara,0.5554102063179016,nifas silk health post woreda:Gondar region:Amhara zone:Zone 2,nifas silk hospital woreda:Bahir Dar region:Amhara zone:Zone 5
MFR_000360,nifas silk health post,Amhara,DHIS2_000330,nifas silk health center,Amhara,0.7757440209388733,nifas silk health post woreda:Gondar region:Amhara zone:Zone 2,nifas silk health center woreda:Bahir Dar region:Amhara zone:Zone 2
MFR_000360,nifas silk health post,Amhara,DHIS2_000455,nifas silk dispensary,Amhara,0.7087409496307373,nifas silk health post woreda:Gondar region:Amhara zone:Zone 2,nifas silk dispensary woreda:Gondar region:Amhara zone:Zone 1
MFR_000360,nifas silk health post,Amhara,DHIS2_000229,nifas silk health post,Amhara,0.7888504862785339,nifas silk health post woreda:Gondar region:Amhara zone:Zone 2,nifas silk health post woreda:Mekelle region:Amhara zone:Zone 2
MFR_000360,nifas silk health post,Amhara,DHIS2_000126,nifas silk clinic,Amhara,0.5791593790054321,nifas silk health post woreda:Gondar region:Amhara zone:Zone 2,nifas silk clinic woreda:Dessie region:Amhara zone:Zone 1
MFR_000360,nifas silk health post,Amhara,DHIS2_000028,nifas silk clinic,Amhara,0.6034238338470459,nifas silk health post woreda:Gondar region:Amhara zone:Zone 2,nifas silk clinic woreda:Mekelle region:Amhara zone:Zone 4
MFR_000361,modjo dispensary,Amhara,DHIS2_000361,modj dispensary,Amhara,0.8858681917190552,modjo dispensary woreda:Dessie region:Amhara zone:Zone 2,modj dispensary woreda:Dessie region:Amhara zone:Zone 2
MFR_000361,modjo dispensary,Amhara,DHIS2_000483,modjo clinic,Amhara,0.5339369177818298,modjo dispensary woreda:Dessie region:Amhara zone:Zone 2,modjo clinic woreda:Bahir Dar region:Amhara zone:Zone 1
MFR_000362,nifas silk referral hospital,SNNPR,DHIS2_000076,nifas silk health post,SNNPR,0.653592050075531,nifas silk referral hospital woreda:Hosaena region:SNNPR zone:Zone 5,nifas silk health post woreda:Hosaena region:SNNPR zone:Zone 3
MFR_000362,nifas silk referral hospital,SNNPR,DHIS2_000030,nifas silk health post,SNNPR,0.6375104188919067,nifas silk referral hospital woreda:Hosaena region:SNNPR zone:Zone 5,nifas silk health post woreda:Hosaena region:SNNPR zone:Zone 1
MFR_000362,nifas silk referral hospital,SNNPR,DHIS2_000113,nifas silk health center,SNNPR,0.6079226136207581,nifas silk referral hospital woreda:Hosaena region:SNNPR zone:Zone 5,nifas silk health center woreda:Butajira region:SNNPR zone:Zone 3
MFR_000362,nifas silk referral hospital,SNNPR,DHIS2_000426,nifas silk dispensary,SNNPR,0.5799270868301392,nifas silk referral hospital woreda:Hosaena region:SNNPR zone:Zone 5,nifas silk dispensary woreda:Butajira region:SNNPR zone:Zone 2
MFR_000363,bahir dar dispensary,Amhara,DHIS2_000363,bahir dar dispensary,Amhara,0.9452465772628784,bahir dar dispensary woreda:Bahir Dar region:Amhara zone:Zone 4,bahir dar dispensary woreda:Bahir Dar region:Amhara zone:Zone 4
MFR_000363,bahir dar dispensary,Amhara,DHIS2_000424,bahir dar clinic,Amhara,0.6795303821563721,bahir dar dispensary woreda:Bahir Dar region:Amhara zone:Zone 4,bahir dar clinic woreda:Dessie region:Amhara zone:Zone 3
MFR_000363,bahir dar dispensary,Amhara,DHIS2_000223,bahir dar hospital,Amhara,0.6545664072036743,bahir dar dispensary woreda:Bahir Dar region:Amhara zone:Zone 4,bahir dar hospital woreda:Dessie region:Amhara zone:Zone 2
MFR_000363,bahir dar dispensary,Amhara,DHIS2_000391,bahir dar hospital,Amhara,0.6981561779975891,bahir dar dispensary woreda:Bahir Dar region:Amhara zone:Zone 4,bahir dar hospital woreda:Bahir Dar region:Amhara zone:Zone 3
MFR_000363,bahir dar dispensary,Amhara,DHIS2_000068,bahir dar health center,Amhara,0.6514661908149719,bahir dar dispensary woreda:Bahir Dar region:Amhara zone:Zone 4,bahir dar health center woreda:Dessie region:Amhara zone:Zone 3
MFR_000363,bahir dar dispensary,Amhara,DHIS2_000237,bahir dar health post,Amhara,0.6586248874664307,bahir dar dispensary woreda:Bahir Dar region:Amhara zone:Zone 4,bahir dar health post woreda:Mekelle region:Amhara zone:Zone 5
MFR_000364,dessie health post,Oromia,DHIS2_000407,duke health center,Oromia,0.13883717358112335,dessie health post woreda:Modjo region:Oromia zone:Zone 5,duke health center woreda:Dukem region:Oromia zone:Zone 2
MFR_000364,dessie health post,Oromia,DHIS2_000193,duke health post,Oromia,0.4779248535633087,dessie health post woreda:Modjo region:Oromia zone:Zone 5,duke health post woreda:Modjo region:Oromia zone:Zone 1
MFR_000364,dessie health post,Oromia,DHIS2_000319,dessie health post,Oromia,0.719641923904419,dessie health post woreda:Modjo region:Oromia zone:Zone 5,dessie health post woreda:Modjo region:Oromia zone:Zone 1
MFR_000364,dessie health post,Oromia,DHIS2_000096,dessi health post,Oromia,0.49092602729797363,dessie health post woreda:Modjo region:Oromia zone:Zone 5,dessi health post woreda:Bishoftu region:Oromia zone:Zone 2
MFR_000365,dukem health center,SNNPR,DHIS2_000140,dukem general hospital,SNNPR,0.9318784475326538,dukem health center woreda:Butajira region:SNNPR zone:Zone 5,dukem general hospital woreda:Butajira region:SNNPR zone:Zone 5
MFR_000365,dukem health center,SNNPR,DHIS2_000365,dukem health center,SNNPR,0.9598090052604675,dukem health center woreda:Butajira region:SNNPR zone:Zone 5,dukem health center woreda:Butajira region:SNNPR zone:Zone 5
MFR_000365,dukem health center,SNNPR,DHIS2_000052,dukem health center,SNNPR,0.6137410402297974,dukem health center woreda:Butajira region:SNNPR zone:Zone 5,dukem health center woreda:Hosaena region:SNNPR zone:Zone 2
MFR_000366,kirkos health center,Oromia,DHIS2_000452,kirkos health center,Oromia,0.9839037656784058,kirkos health center woreda:Dire Dawa region:Oromia zone:Zone 1,kirkos health center woreda:Dire Dawa region:Oromia zone:Zone 1
MFR_000366,kirkos health center,Oromia,DHIS2_000333,kirkos clinic,Oromia,0.6360411643981934,kirkos health center woreda:Dire Dawa region:Oromia zone:Zone 1,kirkos clinic woreda:Bishoftu region:Oromia zone:Zone 4
MFR_000366,kirkos health center,Oromia,DHIS2_000043,kirkos hospitalital,Oromia,0.7340893149375916,kirkos health center woreda:Dire Dawa region:Oromia zone:Zone 1,kirkos hospitalital woreda:Dukem region:Oromia zone:Zone 1
MFR_000366,kirkos health center,Oromia,DHIS2_000463,kirkos health post,Oromia,0.6184711456298828,kirkos health center woreda:Dire Dawa region:Oromia zone:Zone 1,kirkos health post woreda:Modjo region:Oromia zone:Zone 4
MFR_000366,kirkos health center,Oromia,DHIS2_000366,kirkos health center,Oromia,0.9839037656784058,kirkos health center woreda:Dire Dawa region:Oromia zone:Zone 1,kirkos health center woreda:Dire Dawa region:Oromia zone:Zone 1
MFR_000366,kirkos health center,Oromia,DHIS2_000197,kirko hospitalital,Oromia,0.8632977604866028,kirkos health center woreda:Dire Dawa region:Oromia zone:Zone 1,kirko hospitalital woreda:Dire Dawa region:Oromia zone:Zone 2
MFR_000366,kirkos health center,Oromia,DHIS2_000283,kirkos clinic,Oromia,0.6177217960357666,kirkos health center woreda:Dire Dawa region:Oromia zone:Zone 1,kirkos clinic woreda:Dukem region:Oromia zone:Zone 4
MFR_000367,bole health post,Addis Ababa,DHIS2_000155,bole hospital,Addis Ababa,0.6246846318244934,bole health post woreda:Arada region:Addis Ababa zone:Zone 4,bole hospital woreda:Bole region:Addis Ababa zone:Zone 5
MFR_000367,bole health post,Addis Ababa,DHIS2_000272,bol health center,Addis Ababa,0.7321873903274536,bole health post woreda:Arada region:Addis Ababa zone:Zone 4,bol health center woreda:Kirkos region:Addis Ababa zone:Zone 4
MFR_000367,bole health post,Addis Ababa,DHIS2_000266,bol health post,Addis Ababa,0.6961913108825684,bole health post woreda:Arada region:Addis Ababa zone:Zone 4,bol health post woreda:Bole region:Addis Ababa zone:Zone 5
MFR_000367,bole health post,Addis Ababa,DHIS2_000429,bol health post,Addis Ababa,0.6311114430427551,bole health post woreda:Arada region:Addis Ababa zone:Zone 4,bol health post woreda:Bole region:Addis Ababa zone:Zone 1
MFR_000367,bole health post,Addis Ababa,DHIS2_000401,bol health post,Addis Ababa,0.7944678068161011,bole health post woreda:Arada region:Addis Ababa zone:Zone 4,bol health post woreda:Kirkos region:Addis Ababa zone:Zone 4
MFR_000367,bole health post,Addis Ababa,DHIS2_000097,bole health center,Addis Ababa,0.6450200080871582,bole health post woreda:Arada region:Addis Ababa zone:Zone 4,bole health center woreda:Kirkos region:Addis Ababa zone:Zone 3
MFR_000367,bole health post,Addis Ababa,DHIS2_000408,bole health post,Addis Ababa,0.6490525007247925,bole health post woreda:Arada region:Addis Ababa zone:Zone 4,bole health post woreda:Bole region:Addis Ababa zone:Zone 1
MFR_000367,bole health post,Addis Ababa,DHIS2_000054,bole health center,Addis Ababa,0.8325421810150146,bole health post woreda:Arada region:Addis Ababa zone:Zone 4,bole health center woreda:Nifas Silk region:Addis Ababa zone:Zone 4
MFR_000368,gondar health post,Oromia,DHIS2_000337,gondar hospitalital,Oromia,0.5008158087730408,gondar health post woreda:Dukem region:Oromia zone:Zone 5,gondar hospitalital woreda:Dire Dawa region:Oromia zone:Zone 3
MFR_000368,gondar health post,Oromia,DHIS2_000057,gondar health post,Oromia,0.6035666465759277,gondar health post woreda:Dukem region:Oromia zone:Zone 5,gondar health post woreda:Bishoftu region:Oromia zone:Zone 4
MFR_000368,gondar health post,Oromia,DHIS2_000127,gondar dispensary,Oromia,0.4347277283668518,gondar health post woreda:Dukem region:Oromia zone:Zone 5,gondar dispensary woreda:Adama region:Oromia zone:Zone 3
MFR_000368,gondar health post,Oromia,DHIS2_000180,gondar health center,Oromia,0.697900116443634,gondar health post woreda:Dukem region:Oromia zone:Zone 5,gondar health center woreda:Dukem region:Oromia zone:Zone 3
MFR_000368,gondar health post,Oromia,DHIS2_000234,gondar health post,Oromia,0.9535323977470398,gondar health post woreda:Dukem region:Oromia zone:Zone 5,gondar health post woreda:Dukem region:Oromia zone:Zone 5
MFR_000369,hawassa dispensary,Amhara,DHIS2_000441,hawassa general hospital,Amhara,0.5473709106445312,hawassa dispensary woreda:Gondar region:Amhara zone:Zone 5,hawassa general hospital woreda:Bahir Dar region:Amhara zone:Zone 4
MFR_000369,hawassa dispensary,Amhara,DHIS2_000369,hawassa dispensary,Amhara,0.931843638420105,hawassa dispensary woreda:Gondar region:Amhara zone:Zone 5,hawassa dispensary woreda:Gondar region:Amhara zone:Zone 5
MFR_000370,hawassa dispensary,Addis Ababa,DHIS2_000158,hawassa clinic,Addis Ababa,0.6570643186569214,hawassa dispensary woreda:Arada region:Addis Ababa zone:Zone 4,hawassa clinic woreda:Bole region:Addis Ababa zone:Zone 3
MFR_000370,hawassa dispensary,Addis Ababa,DHIS2_000370,hawassa dispensary,Addis Ababa,0.9629736542701721,hawassa dispensary woreda:Arada region:Addis Ababa zone:Zone 4,hawassa dispensary woreda:Arada region:Addis Ababa zone:Zone 4
MFR_000370,hawassa dispensary,Addis Ababa,DHIS2_000494,hawassa general hospital,Addis Ababa,0.6276508569717407,hawassa dispensary woreda:Arada region:Addis Ababa zone:Zone 4,hawassa general hospital woreda:Nifas Silk region:Addis Ababa zone:Zone 5
MFR_000370,hawassa dispensary,Addis Ababa,DHIS2_000301,hawassa dispensary,Addis Ababa,0.7087267637252808,hawassa dispensary woreda:Arada region:Addis Ababa zone:Zone 4,hawassa dispensary woreda:Nifas Silk region:Addis Ababa zone:Zone 3
MFR_000371,kirkos clinic,Amhara,DHIS2_000174,kirko clinic,Amhara,0.7340890765190125,kirkos clinic woreda:Mekelle region:Amhara zone:Zone 3,kirko clinic woreda:Mekelle region:Amhara zone:Zone 1
MFR_000371,kirkos clinic,Amhara,DHIS2_000324,kirkos clinic,Amhara,0.5842010378837585,kirkos clinic woreda:Mekelle region:Amhara zone:Zone 3,kirkos clinic woreda:Dessie region:Amhara zone:Zone 1
MFR_000371,kirkos clinic,Amhara,DHIS2_000353,kirkos dispensary,Amhara,0.7057018280029297,kirkos clinic woreda:Mekelle region:Amhara zone:Zone 3,kirkos dispensary woreda:Mekelle region:Amhara zone:Zone 1
MFR_000371,kirkos clinic,Amhara,DHIS2_000282,kirkos clinic,Amhara,0.6701363921165466,kirkos clinic woreda:Mekelle region:Amhara zone:Zone 3,kirkos clinic woreda:Gondar region:Amhara zone:Zone 2
MFR_000371,kirkos clinic,Amhara,DHIS2_000438,kirkos health center,Amhara,0.5549173951148987,kirkos clinic woreda:Mekelle region:Amhara zone:Zone 3,kirkos health center woreda:Gondar region:Amhara zone:Zone 1
MFR_000371,kirkos clinic,Amhara,DHIS2_000371,kirkos clinic,Amhara,0.9297991991043091,kirkos clinic woreda:Mekelle region:Amhara zone:Zone 3,kirkos clinic woreda:Mekelle region:Amhara zone:Zone 3
MFR_000371,kirkos clinic,Amhara,DHIS2_000241,kirkos general hospital,Amhara,0.6043497920036316,kirkos clinic woreda:Mekelle region:Amhara zone:Zone 3,kirkos general hospital woreda:Bahir Dar region:Amhara zone:Zone 2
MFR_000371,kirkos clinic,Amhara,DHIS2_000469,kirkos clinic,Amhara,0.7791295051574707,kirkos clinic woreda:Mekelle region:Amhara zone:Zone 3,kirkos clinic woreda:Gondar region:Amhara zone:Zone 3
MFR_000372,addis ababa referral hospital,Addis Ababa,DHIS2_000372,addis ababa referral hospitalital,Addis Ababa,0.9379996657371521,addis ababa referral hospital woreda:Bole region:Addis Ababa zone:Zone 5,addis ababa referral hospitalital woreda:Bole region:Addis Ababa zone:Zone 5
MFR_000372,addis ababa referral hospital,Addis Ababa,DHIS2_000335,addis ababa health center,Addis Ababa,0.503986120223999,addis ababa referral hospital woreda:Bole region:Addis Ababa zone:Zone 5,addis ababa health center woreda:Addis Ketema region:Addis Ababa zone:Zone 3
MFR_000372,addis ababa referral hospital,Addis Ababa,DHIS2_000083,addis ababa hospitalital,Addis Ababa,0.5448688864707947,addis ababa referral hospital woreda:Bole region:Addis Ababa zone:Zone 5,addis ababa hospitalital woreda:Lideta region:Addis Ababa zone:Zone 2
MFR_000372,addis ababa referral hospital,Addis Ababa,DHIS2_000250,addis ababa general hospitalital,Addis Ababa,0.7516297698020935,addis ababa referral hospital woreda:Bole region:Addis Ababa zone:Zone 5,addis ababa general hospitalital woreda:Addis Ketema region:Addis Ababa zone:Zone 5
MFR_000372,addis ababa referral hospital,Addis Ababa,DHIS2_000273,addis ababa referral hospital,Addis Ababa,0.7683643102645874,addis ababa referral hospital woreda:Bole region:Addis Ababa zone:Zone 5,addis ababa referral hospital woreda:Bole region:Addis Ababa zone:Zone 4
MFR_000372,addis ababa referral hospital,Addis Ababa,DHIS2_000284,addis ababa health center,Addis Ababa,0.6309528350830078,addis ababa referral hospital woreda:Bole region:Addis Ababa zone:Zone 5,addis ababa health center woreda:Bole region:Addis Ababa zone:Zone 1
MFR_000372,addis ababa referral hospital,Addis Ababa,DHIS2_000422,addis ababa health center,Addis Ababa,0.48053446412086487,addis ababa referral hospital woreda:Bole region:Addis Ababa zone:Zone 5,addis ababa health center woreda:Kirkos region:Addis Ababa zone:Zone 2
MFR_000373,hawassa referral hospital,SNNPR,DHIS2_000210,hawassa hospitalital,SNNPR,0.6800552606582642,hawassa referral hospital woreda:Arba Minch region:SNNPR zone:Zone 1,hawassa hospitalital woreda:Hosaena region:SNNPR zone:Zone 4
MFR_000373,hawassa referral hospital,SNNPR,DHIS2_000384,hawassa hospitalital,SNNPR,0.7193140983581543,hawassa referral hospital woreda:Arba Minch region:SNNPR zone:Zone 1,hawassa hospitalital woreda:Butajira region:SNNPR zone:Zone 2
MFR_000373,hawassa referral hospital,SNNPR,DHIS2_000044,hawassa referral hospital,SNNPR,0.6945276856422424,hawassa referral hospital woreda:Arba Minch region:SNNPR zone:Zone 1,hawassa referral hospital woreda:Hawassa region:SNNPR zone:Zone 5
MFR_000374,dessie dispensary,Amhara,DHIS2_000374,dessie dispensary,Amhara,0.9374603033065796,dessie dispensary woreda:Mekelle region:Amhara zone:Zone 4,dessie dispensary woreda:Mekelle region:Amhara zone:Zone 4
MFR_000374,dessie dispensary,Amhara,DHIS2_000160,dessi dispensary,Amhara,0.6771920919418335,dessie dispensary woreda:Mekelle region:Amhara zone:Zone 4,dessi dispensary woreda:Bahir Dar region:Amhara zone:Zone 4
MFR_000374,dessie dispensary,Amhara,DHIS2_000227,dessie general hospital,Amhara,0.7046072483062744,dessie dispensary woreda:Mekelle region:Amhara zone:Zone 4,dessie general hospital woreda:Dessie region:Amhara zone:Zone 4
MFR_000375,addis ababa clinic,Amhara,DHIS2_000375,addis ababa clinic,Amhara,0.9338819980621338,addis ababa clinic woreda:Mekelle region:Amhara zone:Zone 2,addis ababa clinic woreda:Mekelle region:Amhara zone:Zone 2
MFR_000375,addis ababa clinic,Amhara,DHIS2_000263,addis ababa hospital,Amhara,0.9127361178398132,addis ababa clinic woreda:Mekelle region:Amhara zone:Zone 2,addis ababa hospital woreda:Mekelle region:Amhara zone:Zone 2
MFR_000375,addis ababa clinic,Amhara,DHIS2_000166,addis ababa referral hospital,Amhara,0.7314191460609436,addis ababa clinic woreda:Mekelle region:Amhara zone:Zone 2,addis ababa referral hospital woreda:Dessie region:Amhara zone:Zone 2
MFR_000375,addis ababa clinic,Amhara,DHIS2_000090,addis ababa health post,Amhara,0.8733137845993042,addis ababa clinic woreda:Mekelle region:Amhara zone:Zone 2,addis ababa health post woreda:Mekelle region:Amhara zone:Zone 2
MFR_000375,addis ababa clinic,Amhara,DHIS2_000423,addis ababa health center,Amhara,0.5650625228881836,addis ababa clinic woreda:Mekelle region:Amhara zone:Zone 2,addis ababa health center woreda:Bahir Dar region:Amhara zone:Zone 1
MFR_000375,addis ababa clinic,Amhara,DHIS2_000412,addis ababa health post,Amhara,0.5477610230445862,addis ababa clinic woreda:Mekelle region:Amhara zone:Zone 2,addis ababa health post woreda:Bahir Dar region:Amhara zone:Zone 4
MFR_000376,hawassa hospital,Oromia,DHIS2_000376,hawass hospitalital,Oromia,0.9415198564529419,hawassa hospital woreda:Adama region:Oromia zone:Zone 2,hawass hospitalital woreda:Adama region:Oromia zone:Zone 2
MFR_000377,gondar hospital,Amhara,DHIS2_000466,gonda referral hospital,Amhara,0.8265672922134399,gondar hospital woreda:Bahir Dar region:Amhara zone:Zone 1,gonda referral hospital woreda:Bahir Dar region:Amhara zone:Zone 5
MFR_000377,gondar hospital,Amhara,DHIS2_000020,gondar general hospitalital,Amhara,0.6175603270530701,gondar hospital woreda:Bahir Dar region:Amhara zone:Zone 1,gondar general hospitalital woreda:Mekelle region:Amhara zone:Zone 3
MFR_000377,gondar hospital,Amhara,DHIS2_000178,gondar referral hospitalital,Amhara,0.8650946617126465,gondar hospital woreda:Bahir Dar region:Amhara zone:Zone 1,gondar referral hospitalital woreda:Bahir Dar region:Amhara zone:Zone 2
MFR_000377,gondar hospital,Amhara,DHIS2_000488,gondar clinic,Amhara,0.6415650844573975,gondar hospital woreda:Bahir Dar region:Amhara zone:Zone 1,gondar clinic woreda:Gondar region:Amhara zone:Zone 4
MFR_000377,gondar hospital,Amhara,DHIS2_000029,gondar health post,Amhara,0.6022351980209351,gondar hospital woreda:Bahir Dar region:Amhara zone:Zone 1,gondar health post woreda:Mekelle region:Amhara zone:Zone 2
MFR_000378,hosaena dispensary,Amhara,DHIS2_000378,hosaena dispensary,Amhara,0.9313235282897949,hosaena dispensary woreda:Bahir Dar region:Amhara zone:Zone 5,hosaena dispensary woreda:Bahir Dar region:Amhara zone:Zone 5
MFR_000378,hosaena dispensary,Amhara,DHIS2_000478,hosaen dispensary,Amhara,0.727510392665863,hosaena dispensary woreda:Bahir Dar region:Amhara zone:Zone 5,hosaen dispensary woreda:Bahir Dar region:Amhara zone:Zone 4
MFR_000378,hosaena dispensary,Amhara,DHIS2_000480,hosaena clinic,Amhara,0.6825600862503052,hosaena dispensary woreda:Bahir Dar region:Amhara zone:Zone 5,hosaena clinic woreda:Bahir Dar region:Amhara zone:Zone 2
MFR_000379,hawassa general hospital,Addis Ababa,DHIS2_000370,hawassa dispensary,Addis Ababa,0.569842517375946,hawassa general hospital woreda:Kirkos region:Addis Ababa zone:Zone 5,hawassa dispensary woreda:Arada region:Addis Ababa zone:Zone 4
MFR_000379,hawassa general hospital,Addis Ababa,DHIS2_000494,hawassa general hospital,Addis Ababa,0.7853788733482361,hawassa general hospital woreda:Kirkos region:Addis Ababa zone:Zone 5,hawassa general hospital woreda:Nifas Silk region:Addis Ababa zone:Zone 5
MFR_000379,hawassa general hospital,Addis Ababa,DHIS2_000379,hawassa general hospitalital,Addis Ababa,0.9477023482322693,hawassa general hospital woreda:Kirkos region:Addis Ababa zone:Zone 5,hawassa general hospitalital woreda:Kirkos region:Addis Ababa zone:Zone 5
MFR_000379,hawassa general hospital,Addis Ababa,DHIS2_000301,hawassa dispensary,Addis Ababa,0.5152887105941772,hawassa general hospital woreda:Kirkos region:Addis Ababa zone:Zone 5,hawassa dispensary woreda:Nifas Silk region:Addis Ababa zone:Zone 3
MFR_000380,nifas silk dispensary,Oromia,DHIS2_000070,nifas silk health center,Oromia,0.6057579517364502,nifas silk dispensary woreda:Bishoftu region:Oromia zone:Zone 1,nifas silk health center woreda:Dire Dawa region:Oromia zone:Zone 2
MFR_000380,nifas silk dispensary,Oromia,DHIS2_000181,nifas silk dispensary,Oromia,0.65654456615448,nifas silk dispensary woreda:Bishoftu region:Oromia zone:Zone 1,nifas silk dispensary woreda:Modjo region:Oromia zone:Zone 2
MFR_000380,nifas silk dispensary,Oromia,DHIS2_000479,nifas silk referral hospital,Oromia,0.8391851782798767,nifas silk dispensary woreda:Bishoftu region:Oromia zone:Zone 1,nifas silk referral hospital woreda:Bishoftu region:Oromia zone:Zone 2
MFR_000380,nifas silk dispensary,Oromia,DHIS2_000350,nifas silk referral hospital,Oromia,0.5613297820091248,nifas silk dispensary woreda:Bishoftu region:Oromia zone:Zone 1,nifas silk referral hospital woreda:Dukem region:Oromia zone:Zone 5
MFR_000380,nifas silk dispensary,Oromia,DHIS2_000380,nifas silk dispensary,Oromia,0.961845338344574,nifas silk dispensary woreda:Bishoftu region:Oromia zone:Zone 1,nifas silk dispensary woreda:Bishoftu region:Oromia zone:Zone 1
MFR_000380,nifas silk dispensary,Oromia,DHIS2_000435,nifas silk health center,Oromia,0.6028610467910767,nifas silk dispensary woreda:Bishoftu region:Oromia zone:Zone 1,nifas silk health center woreda:Dukem region:Oromia zone:Zone 2
MFR_000381,modjo health post,Addis Ababa,DHIS2_000211,modjo health post,Addis Ababa,0.6229494214057922,modjo health post woreda:Kirkos region:Addis Ababa zone:Zone 4,modjo health post woreda:Addis Ketema region:Addis Ababa zone:Zone 2
MFR_000381,modjo health post,Addis Ababa,DHIS2_000060,modjo health center,Addis Ababa,0.7701612114906311,modjo health post woreda:Kirkos region:Addis Ababa zone:Zone 4,modjo health center woreda:Kirkos region:Addis Ababa zone:Zone 5
MFR_000381,modjo health post,Addis Ababa,DHIS2_000381,modj health post,Addis Ababa,0.8920015692710876,modjo health post woreda:Kirkos region:Addis Ababa zone:Zone 4,modj health post woreda:Kirkos region:Addis Ababa zone:Zone 4
MFR_000381,modjo health post,Addis Ababa,DHIS2_000413,modjo health post,Addis Ababa,0.6058385968208313,modjo health post woreda:Kirkos region:Addis Ababa zone:Zone 4,modjo health post woreda:Nifas Silk region:Addis Ababa zone:Zone 2
MFR_000381,modjo health post,Addis Ababa,DHIS2_000015,modjo health post,Addis Ababa,0.7728541493415833,modjo health post woreda:Kirkos region:Addis Ababa zone:Zone 4,modjo health post woreda:Arada region:Addis Ababa zone:Zone 4
MFR_000382,addis ababa health post,Oromia,DHIS2_000317,addis ababa clinic,Oromia,0.8702287673950195,addis ababa health post woreda:Adama region:Oromia zone:Zone 1,addis ababa clinic woreda:Adama region:Oromia zone:Zone 1
MFR_000382,addis ababa health post,Oromia,DHIS2_000491,addis ababa general hospital,Oromia,0.7612256407737732,addis ababa health post woreda:Adama region:Oromia zone:Zone 1,addis ababa general hospital woreda:Adama region:Oromia zone:Zone 2
MFR_000382,addis ababa health post,Oromia,DHIS2_000313,addis ababa hospitalital,Oromia,0.6652320027351379,addis ababa health post woreda:Adama region:Oromia zone:Zone 1,addis ababa hospitalital woreda:Bishoftu region:Oromia zone:Zone 2
MFR_000382,addis ababa health post,Oromia,DHIS2_000382,addis ababa health post,Oromia,0.9590204358100891,addis ababa health post woreda:Adama region:Oromia zone:Zone 1,addis ababa health post woreda:Adama region:Oromia zone:Zone 1
MFR_000382,addis ababa health post,Oromia,DHIS2_000400,addis ababa health post,Oromia,0.7071858048439026,addis ababa health post woreda:Adama region:Oromia zone:Zone 1,addis ababa health post woreda:Dire Dawa region:Oromia zone:Zone 4
MFR_000382,addis ababa health post,Oromia,DHIS2_000013,addis ababa hospitalital,Oromia,0.760390043258667,addis ababa health post woreda:Adama region:Oromia zone:Zone 1,addis ababa hospitalital woreda:Modjo region:Oromia zone:Zone 1
MFR_000383,addis ababa health center,SNNPR,DHIS2_000085,addis ababa clinic,SNNPR,0.7795611619949341,addis ababa health center woreda:Hosaena region:SNNPR zone:Zone 1,addis ababa clinic woreda:Arba Minch region:SNNPR zone:Zone 2
MFR_000383,addis ababa health center,SNNPR,DHIS2_000061,addis ababa general hospital,SNNPR,0.7457199692726135,addis ababa health center woreda:Hosaena region:SNNPR zone:Zone 1,addis ababa general hospital woreda:Arba Minch region:SNNPR zone:Zone 3
MFR_000383,addis ababa health center,SNNPR,DHIS2_000066,addis ababa hospitalital,SNNPR,0.7457721829414368,addis ababa health center woreda:Hosaena region:SNNPR zone:Zone 1,addis ababa hospitalital woreda:Butajira region:SNNPR zone:Zone 3
MFR_000383,addis ababa health center,SNNPR,DHIS2_000179,addis ababa dispensary,SNNPR,0.78013676404953,addis ababa health center woreda:Hosaena region:SNNPR zone:Zone 1,addis ababa dispensary woreda:Hawassa region:SNNPR zone:Zone 2
MFR_000383,addis ababa health center,SNNPR,DHIS2_000129,addis ababa hospital,SNNPR,0.8531838655471802,addis ababa health center woreda:Hosaena region:SNNPR zone:Zone 1,addis ababa hospital woreda:Hosaena region:SNNPR zone:Zone 2
MFR_000383,addis ababa health center,SNNPR,DHIS2_000213,addis ababa health post,SNNPR,0.8525624871253967,addis ababa health center woreda:Hosaena region:SNNPR zone:Zone 1,addis ababa health post woreda:Hosaena region:SNNPR zone:Zone 2
MFR_000383,addis ababa health center,SNNPR,DHIS2_000296,addis ababa general hospitalital,SNNPR,0.7376360297203064,addis ababa health center woreda:Hosaena region:SNNPR zone:Zone 1,addis ababa general hospitalital woreda:Butajira region:SNNPR zone:Zone 4
MFR_000384,hawassa hospital,SNNPR,DHIS2_000210,hawassa hospitalital,SNNPR,0.6697435975074768,hawassa hospital woreda:Butajira region:SNNPR zone:Zone 2,hawassa hospitalital woreda:Hosaena region:SNNPR zone:Zone 4
MFR_000384,hawassa hospital,SNNPR,DHIS2_000254,hawassa health post,SNNPR,0.7381947636604309,hawassa hospital woreda:Butajira region:SNNPR zone:Zone 2,hawassa health post woreda:Butajira region:SNNPR zone:Zone 1
MFR_000384,hawassa hospital,SNNPR,DHIS2_000220,hawassa health post,SNNPR,0.5803185105323792,hawassa hospital woreda:Butajira region:SNNPR zone:Zone 2,hawassa health post woreda:Hawassa region:SNNPR zone:Zone 1
MFR_000384,hawassa hospital,SNNPR,DHIS2_000384,hawassa hospitalital,SNNPR,0.9447255730628967,hawassa hospital woreda:Butajira region:SNNPR zone:Zone 2,hawassa hospitalital woreda:Butajira region:SNNPR zone:Zone 2
MFR_000384,hawassa hospital,SNNPR,DHIS2_000162,hawassa health post,SNNPR,0.8992275595664978,hawassa hospital woreda:Butajira region:SNNPR zone:Zone 2,hawassa health post woreda:Butajira region:SNNPR zone:Zone 2
MFR_000385,dessie health post,SNNPR,DHIS2_000385,dessie health post,SNNPR,0.9573673009872437,dessie health post woreda:Hosaena region:SNNPR zone:Zone 4,dessie health post woreda:Hosaena region:SNNPR zone:Zone 4
MFR_000385,dessie health post,SNNPR,DHIS2_000146,dessi health center,SNNPR,0.6938806176185608,dessie health post woreda:Hosaena region:SNNPR zone:Zone 4,dessi health center woreda:Arba Minch region:SNNPR zone:Zone 4
MFR_000385,dessie health post,SNNPR,DHIS2_000245,dessi health post,SNNPR,0.6782593131065369,dessie health post woreda:Hosaena region:SNNPR zone:Zone 4,dessi health post woreda:Hawassa region:SNNPR zone:Zone 5
MFR_000385,dessie health post,SNNPR,DHIS2_000144,dessi health center,SNNPR,0.5975097417831421,dessie health post woreda:Hosaena region:SNNPR zone:Zone 4,dessi health center woreda:Hawassa region:SNNPR zone:Zone 2
MFR_000385,dessie health post,SNNPR,DHIS2_000224,dessie health post,SNNPR,0.6147246360778809,dessie health post woreda:Hosaena region:SNNPR zone:Zone 4,dessie health post woreda:Arba Minch region:SNNPR zone:Zone 1
MFR_000385,dessie health post,SNNPR,DHIS2_000487,duke health post,SNNPR,0.27130141854286194,dessie health post woreda:Hosaena region:SNNPR zone:Zone 4,duke health post woreda:Arba Minch region:SNNPR zone:Zone 1
MFR_000385,dessie health post,SNNPR,DHIS2_000260,dessie health center,SNNPR,0.6370152831077576,dessie health post woreda:Hosaena region:SNNPR zone:Zone 4,dessie health center woreda:Arba Minch region:SNNPR zone:Zone 2
MFR_000386,dessie health center,Addis Ababa,DHIS2_000010,dessie health center,Addis Ababa,0.601777195930481,dessie health center woreda:Nifas Silk region:Addis Ababa zone:Zone 4,dessie health center woreda:Arada region:Addis Ababa zone:Zone 3
MFR_000386,dessie health center,Addis Ababa,DHIS2_000302,dessie health center,Addis Ababa,0.5569544434547424,dessie health center woreda:Nifas Silk region:Addis Ababa zone:Zone 4,dessie health center woreda:Addis Ketema region:Addis Ababa zone:Zone 1
MFR_000386,dessie health center,Addis Ababa,DHIS2_000471,dessi health post,Addis Ababa,0.6874473094940186,dessie health center woreda:Nifas Silk region:Addis Ababa zone:Zone 4,dessi health post woreda:Nifas Silk region:Addis Ababa zone:Zone 5
MFR_000386,dessie health center,Addis Ababa,DHIS2_000106,dessie health post,Addis Ababa,0.5709720253944397,dessie health center woreda:Nifas Silk region:Addis Ababa zone:Zone 4,dessie health post woreda:Arada region:Addis Ababa zone:Zone 3
MFR_000387,butajira dispensary,Amhara,DHIS2_000432,butajira general hospitalital,Amhara,0.5647180676460266,butajira dispensary woreda:Mekelle region:Amhara zone:Zone 2,butajira general hospitalital woreda:Bahir Dar region:Amhara zone:Zone 1
MFR_000387,butajira dispensary,Amhara,DHIS2_000323,butajira hospital,Amhara,0.8895581364631653,butajira dispensary woreda:Mekelle region:Amhara zone:Zone 2,butajira hospital woreda:Mekelle region:Amhara zone:Zone 2
MFR_000387,butajira dispensary,Amhara,DHIS2_000067,butajira referral hospitalital,Amhara,0.7252581119537354,butajira dispensary woreda:Mekelle region:Amhara zone:Zone 2,butajira referral hospitalital woreda:Mekelle region:Amhara zone:Zone 4
MFR_000387,butajira dispensary,Amhara,DHIS2_000200,butajir health center,Amhara,0.43907544016838074,butajira dispensary woreda:Mekelle region:Amhara zone:Zone 2,butajir health center woreda:Gondar region:Amhara zone:Zone 5
MFR_000387,butajira dispensary,Amhara,DHIS2_000251,butajir health center,Amhara,0.47518426179885864,butajira dispensary woreda:Mekelle region:Amhara zone:Zone 2,butajir health center woreda:Gondar region:Amhara zone:Zone 4
MFR_000387,butajira dispensary,Amhara,DHIS2_000311,butajira health center,Amhara,0.6899911761283875,butajira dispensary woreda:Mekelle region:Amhara zone:Zone 2,butajira health center woreda:Mekelle region:Amhara zone:Zone 5
MFR_000387,butajira dispensary,Amhara,DHIS2_000039,butajira health post,Amhara,0.5360259413719177,butajira dispensary woreda:Mekelle region:Amhara zone:Zone 2,butajira health post woreda:Bahir Dar region:Amhara zone:Zone 3
MFR_000387,butajira dispensary,Amhara,DHIS2_000387,butajira dispensary,Amhara,0.9427868127822876,butajira dispensary woreda:Mekelle region:Amhara zone:Zone 2,butajira dispensary woreda:Mekelle region:Amhara zone:Zone 2
MFR_000387,butajira dispensary,Amhara,DHIS2_000397,butajira health post,Amhara,0.4999341070652008,butajira dispensary woreda:Mekelle region:Amhara zone:Zone 2,butajira health post woreda:Gondar region:Amhara zone:Zone 5
MFR_000387,butajira dispensary,Amhara,DHIS2_000289,butajira clinic,Amhara,0.588394284248352,butajira dispensary woreda:Mekelle region:Amhara zone:Zone 2,butajira clinic woreda:Dessie region:Amhara zone:Zone 3
MFR_000387,butajira dispensary,Amhara,DHIS2_000139,butajir dispensary,Amhara,0.5794897675514221,butajira dispensary woreda:Mekelle region:Amhara zone:Zone 2,butajir dispensary woreda:Dessie region:Amhara zone:Zone 1
MFR_000387,butajira dispensary,Amhara,DHIS2_000217,butajira health post,Amhara,0.5329983830451965,butajira dispensary woreda:Mekelle region:Amhara zone:Zone 2,butajira health post woreda:Dessie region:Amhara zone:Zone 3
MFR_000388,bahir dar health post,SNNPR,DHIS2_000279,bahir dar general hospitalital,SNNPR,0.5474782586097717,bahir dar health post woreda:Arba Minch region:SNNPR zone:Zone 5,bahir dar general hospitalital woreda:Hosaena region:SNNPR zone:Zone 2
MFR_000388,bahir dar health post,SNNPR,DHIS2_000465,bahir dar health center,SNNPR,0.5945594906806946,bahir dar health post woreda:Arba Minch region:SNNPR zone:Zone 5,bahir dar health center woreda:Hosaena region:SNNPR zone:Zone 2
MFR_000388,bahir dar health post,SNNPR,DHIS2_000137,bahir dar health post,SNNPR,0.5945171117782593,bahir dar health post woreda:Arba Minch region:SNNPR zone:Zone 5,bahir dar health post woreda:Hosaena region:SNNPR zone:Zone 1
MFR_000388,bahir dar health post,SNNPR,DHIS2_000485,bahir dar general hospitalital,SNNPR,0.703258216381073,bahir dar health post woreda:Arba Minch region:SNNPR zone:Zone 5,bahir dar general hospitalital woreda:Arba Minch region:SNNPR zone:Zone 2
MFR_000388,bahir dar health post,SNNPR,DHIS2_000268,bahir dar dispensary,SNNPR,0.904994547367096,bahir dar health post woreda:Arba Minch region:SNNPR zone:Zone 5,bahir dar dispensary woreda:Arba Minch region:SNNPR zone:Zone 5
MFR_000389,butajira clinic,SNNPR,DHIS2_000389,butajira clinic,SNNPR,0.9293645620346069,butajira clinic woreda:Butajira region:SNNPR zone:Zone 3,butajira clinic woreda:Butajira region:SNNPR zone:Zone 3
MFR_000389,butajira clinic,SNNPR,DHIS2_000176,butajir health center,SNNPR,0.8513731360435486,butajira clinic woreda:Butajira region:SNNPR zone:Zone 3,butajir health center woreda:Arba Minch region:SNNPR zone:Zone 3
MFR_000389,butajira clinic,SNNPR,DHIS2_000482,butajira clinic,SNNPR,0.9381609559059143,butajira clinic woreda:Butajira region:SNNPR zone:Zone 3,butajira clinic woreda:Arba Minch region:SNNPR zone:Zone 3
MFR_000389,butajira clinic,SNNPR,DHIS2_000187,butajira health post,SNNPR,0.6907434463500977,butajira clinic woreda:Butajira region:SNNPR zone:Zone 3,butajira health post woreda:Hawassa region:SNNPR zone:Zone 4
MFR_000390,bole clinic,Addis Ababa,DHIS2_000461,bole clinic,Addis Ababa,0.5330920219421387,bole clinic woreda:Nifas Silk region:Addis Ababa zone:Zone 5,bole clinic woreda:Bole region:Addis Ababa zone:Zone 2
MFR_000390,bole clinic,Addis Ababa,DHIS2_000499,bole dispensary,Addis Ababa,0.5238125920295715,bole clinic woreda:Nifas Silk region:Addis Ababa zone:Zone 5,bole dispensary woreda:Lideta region:Addis Ababa zone:Zone 4
MFR_000390,bole clinic,Addis Ababa,DHIS2_000390,bole clinic,Addis Ababa,0.9707525968551636,bole clinic woreda:Nifas Silk region:Addis Ababa zone:Zone 5,bole clinic woreda:Nifas Silk region:Addis Ababa zone:Zone 5
MFR_000391,bahir dar hospital,Amhara,DHIS2_000363,bahir dar dispensary,Amhara,0.7444667816162109,bahir dar hospital woreda:Bahir Dar region:Amhara zone:Zone 3,bahir dar dispensary woreda:Bahir Dar region:Amhara zone:Zone 4
MFR_000391,bahir dar hospital,Amhara,DHIS2_000424,bahir dar clinic,Amhara,0.8951289653778076,bahir dar hospital woreda:Bahir Dar region:Amhara zone:Zone 3,bahir dar clinic woreda:Dessie region:Amhara zone:Zone 3
MFR_000391,bahir dar hospital,Amhara,DHIS2_000223,bahir dar hospital,Amhara,0.7890464663505554,bahir dar hospital woreda:Bahir Dar region:Amhara zone:Zone 3,bahir dar hospital woreda:Dessie region:Amhara zone:Zone 2
MFR_000391,bahir dar hospital,Amhara,DHIS2_000391,bahir dar hospital,Amhara,0.9489783048629761,bahir dar hospital woreda:Bahir Dar region:Amhara zone:Zone 3,bahir dar hospital woreda:Bahir Dar region:Amhara zone:Zone 3
MFR_000391,bahir dar hospital,Amhara,DHIS2_000068,bahir dar health center,Amhara,0.9020256400108337,bahir dar hospital woreda:Bahir Dar region:Amhara zone:Zone 3,bahir dar health center woreda:Dessie region:Amhara zone:Zone 3
MFR_000391,bahir dar hospital,Amhara,DHIS2_000237,bahir dar health post,Amhara,0.684389054775238,bahir dar hospital woreda:Bahir Dar region:Amhara zone:Zone 3,bahir dar health post woreda:Mekelle region:Amhara zone:Zone 5
MFR_000392,adama health post,Addis Ababa,DHIS2_000392,adam health post,Addis Ababa,0.918931782245636,adama health post woreda:Nifas Silk region:Addis Ababa zone:Zone 3,adam health post woreda:Nifas Silk region:Addis Ababa zone:Zone 3
MFR_000392,adama health post,Addis Ababa,DHIS2_000209,adama hospital,Addis Ababa,0.5600221157073975,adama health post woreda:Nifas Silk region:Addis Ababa zone:Zone 3,adama hospital woreda:Kirkos region:Addis Ababa zone:Zone 3
MFR_000392,adama health post,Addis Ababa,DHIS2_000101,adama health center,Addis Ababa,0.44732314348220825,adama health post woreda:Nifas Silk region:Addis Ababa zone:Zone 3,adama health center woreda:Kirkos region:Addis Ababa zone:Zone 1
MFR_000393,adama general hospital,Oromia,DHIS2_000017,adama general hospitalital,Oromia,0.7129834890365601,adama general hospital woreda:Adama region:Oromia zone:Zone 3,adama general hospitalital woreda:Bishoftu region:Oromia zone:Zone 1
MFR_000393,adama general hospital,Oromia,DHIS2_000393,adama general hospital,Oromia,0.9425046443939209,adama general hospital woreda:Adama region:Oromia zone:Zone 3,adama general hospital woreda:Adama region:Oromia zone:Zone 3
MFR_000393,adama general hospital,Oromia,DHIS2_000005,adam general hospital,Oromia,0.6903324127197266,adama general hospital woreda:Adama region:Oromia zone:Zone 3,adam general hospital woreda:Dire Dawa region:Oromia zone:Zone 1
MFR_000393,adama general hospital,Oromia,DHIS2_000172,adam clinic,Oromia,0.7390718460083008,adama general hospital woreda:Adama region:Oromia zone:Zone 3,adam clinic woreda:Adama region:Oromia zone:Zone 4
MFR_000393,adama general hospital,Oromia,DHIS2_000136,adam general hospitalital,Oromia,0.8684659600257874,adama general hospital woreda:Adama region:Oromia zone:Zone 3,adam general hospitalital woreda:Dukem region:Oromia zone:Zone 3
MFR_000394,dukem health center,Addis Ababa,DHIS2_000394,dukem health center,Addis Ababa,0.9417986273765564,dukem health center woreda:Nifas Silk region:Addis Ababa zone:Zone 3,dukem health center woreda:Nifas Silk region:Addis Ababa zone:Zone 3
MFR_000394,dukem health center,Addis Ababa,DHIS2_000326,dukem health post,Addis Ababa,0.7073797583580017,dukem health center woreda:Nifas Silk region:Addis Ababa zone:Zone 3,dukem health post woreda:Addis Ketema region:Addis Ababa zone:Zone 3
MFR_000395,hawassa health center,Amhara,DHIS2_000395,hawass health center,Amhara,0.9226409196853638,hawassa health center woreda:Bahir Dar region:Amhara zone:Zone 3,hawass health center woreda:Bahir Dar region:Amhara zone:Zone 3
MFR_000395,hawassa health center,Amhara,DHIS2_000325,hawassa health center,Amhara,0.6027476191520691,hawassa health center woreda:Bahir Dar region:Amhara zone:Zone 3,hawassa health center woreda:Dessie region:Amhara zone:Zone 4
MFR_000395,hawassa health center,Amhara,DHIS2_000124,hawass health center,Amhara,0.581865131855011,hawassa health center woreda:Bahir Dar region:Amhara zone:Zone 3,hawass health center woreda:Dessie region:Amhara zone:Zone 2
MFR_000396,kirkos health center,Addis Ababa,DHIS2_000074,kirkos health post,Addis Ababa,0.57801753282547,kirkos health center woreda:Bole region:Addis Ababa zone:Zone 5,kirkos health post woreda:Arada region:Addis Ababa zone:Zone 3
MFR_000396,kirkos health center,Addis Ababa,DHIS2_000077,kirkos health center,Addis Ababa,0.6178368926048279,kirkos health center woreda:Bole region:Addis Ababa zone:Zone 5,kirkos health center woreda:Arada region:Addis Ababa zone:Zone 2
MFR_000396,kirkos health center,Addis Ababa,DHIS2_000034,kirkos referral hospitalital,Addis Ababa,0.5319792628288269,kirkos health center woreda:Bole region:Addis Ababa zone:Zone 5,kirkos referral hospitalital woreda:Lideta region:Addis Ababa zone:Zone 1
MFR_000396,kirkos health center,Addis Ababa,DHIS2_000228,kirkos health post,Addis Ababa,0.5595279335975647,kirkos health center woreda:Bole region:Addis Ababa zone:Zone 5,kirkos health post woreda:Lideta region:Addis Ababa zone:Zone 1
MFR_000396,kirkos health center,Addis Ababa,DHIS2_000112,kirkos dispensary,Addis Ababa,0.7366802096366882,kirkos health center woreda:Bole region:Addis Ababa zone:Zone 5,kirkos dispensary woreda:Bole region:Addis Ababa zone:Zone 4
MFR_000396,kirkos health center,Addis Ababa,DHIS2_000396,kirkos health center,Addis Ababa,0.975577712059021,kirkos health center woreda:Bole region:Addis Ababa zone:Zone 5,kirkos health center woreda:Bole region:Addis Ababa zone:Zone 5
MFR_000397,butajira health post,Amhara,DHIS2_000432,butajira general hospitalital,Amhara,0.5514569282531738,butajira health post woreda:Gondar region:Amhara zone:Zone 5,butajira general hospitalital woreda:Bahir Dar region:Amhara zone:Zone 1
MFR_000397,butajira health post,Amhara,DHIS2_000323,butajira hospital,Amhara,0.5398668646812439,butajira health post woreda:Gondar region:Amhara zone:Zone 5,butajira hospital woreda:Mekelle region:Amhara zone:Zone 2
MFR_000397,butajira health post,Amhara,DHIS2_000067,butajira referral hospitalital,Amhara,0.5919285416603088,butajira health post woreda:Gondar region:Amhara zone:Zone 5,butajira referral hospitalital woreda:Mekelle region:Amhara zone:Zone 4
MFR_000397,butajira health post,Amhara,DHIS2_000200,butajir health center,Amhara,0.8584249019622803,butajira health post woreda:Gondar region:Amhara zone:Zone 5,butajir health center woreda:Gondar region:Amhara zone:Zone 5
MFR_000397,butajira health post,Amhara,DHIS2_000251,butajir health center,Amhara,0.6875853538513184,butajira health post woreda:Gondar region:Amhara zone:Zone 5,butajir health center woreda:Gondar region:Amhara zone:Zone 4
MFR_000397,butajira health post,Amhara,DHIS2_000311,butajira health center,Amhara,0.7968083620071411,butajira health post woreda:Gondar region:Amhara zone:Zone 5,butajira health center woreda:Mekelle region:Amhara zone:Zone 5
MFR_000397,butajira health post,Amhara,DHIS2_000039,butajira health post,Amhara,0.6109669208526611,butajira health post woreda:Gondar region:Amhara zone:Zone 5,butajira health post woreda:Bahir Dar region:Amhara zone:Zone 3
MFR_000397,butajira health post,Amhara,DHIS2_000387,butajira dispensary,Amhara,0.48617902398109436,butajira health post woreda:Gondar region:Amhara zone:Zone 5,butajira dispensary woreda:Mekelle region:Amhara zone:Zone 2
MFR_000397,butajira health post,Amhara,DHIS2_000397,butajira health post,Amhara,0.941694974899292,butajira health post woreda:Gondar region:Amhara zone:Zone 5,butajira health post woreda:Gondar region:Amhara zone:Zone 5
MFR_000397,butajira health post,Amhara,DHIS2_000289,butajira clinic,Amhara,0.5253449082374573,butajira health post woreda:Gondar region:Amhara zone:Zone 5,butajira clinic woreda:Dessie region:Amhara zone:Zone 3
MFR_000397,butajira health post,Amhara,DHIS2_000139,butajir dispensary,Amhara,0.3735415041446686,butajira health post woreda:Gondar region:Amhara zone:Zone 5,butajir dispensary woreda:Dessie region:Amhara zone:Zone 1
MFR_000397,butajira health post,Amhara,DHIS2_000217,butajira health post,Amhara,0.6076294183731079,butajira health post woreda:Gondar region:Amhara zone:Zone 5,butajira health post woreda:Dessie region:Amhara zone:Zone 3
MFR_000398,butajira hospital,Oromia,DHIS2_000094,butajira health post,Oromia,0.5711629986763,butajira hospital woreda:Dukem region:Oromia zone:Zone 2,butajira health post woreda:Modjo region:Oromia zone:Zone 4
MFR_000398,butajira hospital,Oromia,DHIS2_000398,butajir hospital,Oromia,0.9197073578834534,butajira hospital woreda:Dukem region:Oromia zone:Zone 2,butajir hospital woreda:Dukem region:Oromia zone:Zone 2
MFR_000398,butajira hospital,Oromia,DHIS2_000449,butajira clinic,Oromia,0.6779024004936218,butajira hospital woreda:Dukem region:Oromia zone:Zone 2,butajira clinic woreda:Bishoftu region:Oromia zone:Zone 3
MFR_000398,butajira hospital,Oromia,DHIS2_000099,butajira referral hospitalital,Oromia,0.5972375273704529,butajira hospital woreda:Dukem region:Oromia zone:Zone 2,butajira referral hospitalital woreda:Adama region:Oromia zone:Zone 5
MFR_000398,butajira hospital,Oromia,DHIS2_000216,butajir dispensary,Oromia,0.746393084526062,butajira hospital woreda:Dukem region:Oromia zone:Zone 2,butajir dispensary woreda:Dukem region:Oromia zone:Zone 3
MFR_000399,dire dawa general hospital,Addis Ababa,DHIS2_000399,dire dawa general hospital,Addis Ababa,0.9755327701568604,dire dawa general hospital woreda:Bole region:Addis Ababa zone:Zone 2,dire dawa general hospital woreda:Bole region:Addis Ababa zone:Zone 2
MFR_000399,dire dawa general hospital,Addis Ababa,DHIS2_000222,dire dawa dispensary,Addis Ababa,0.6324422359466553,dire dawa general hospital woreda:Bole region:Addis Ababa zone:Zone 2,dire dawa dispensary woreda:Addis Ketema region:Addis Ababa zone:Zone 5
MFR_000400,addis ababa health post,Oromia,DHIS2_000317,addis ababa clinic,Oromia,0.45945170521736145,addis ababa health post woreda:Dire Dawa region:Oromia zone:Zone 4,addis ababa clinic woreda:Adama region:Oromia zone:Zone 1
MFR_000400,addis ababa health post,Oromia,DHIS2_000491,addis ababa general hospital,Oromia,0.4938352406024933,addis ababa health post woreda:Dire Dawa region:Oromia zone:Zone 4,addis ababa general hospital woreda:Adama region:Oromia zone:Zone 2
MFR_000400,addis ababa health post,Oromia,DHIS2_000313,addis ababa hospitalital,Oromia,0.5695979595184326,addis ababa health post woreda:Dire Dawa region:Oromia zone:Zone 4,addis ababa hospitalital woreda:Bishoftu region:Oromia zone:Zone 2
MFR_000400,addis ababa health post,Oromia,DHIS2_000382,addis ababa health post,Oromia,0.5430136322975159,addis ababa health post woreda:Dire Dawa region:Oromia zone:Zone 4,addis ababa health post woreda:Adama region:Oromia zone:Zone 1
MFR_000400,addis ababa health post,Oromia,DHIS2_000400,addis ababa health post,Oromia,0.9438540935516357,addis ababa health post woreda:Dire Dawa region:Oromia zone:Zone 4,addis ababa health post woreda:Dire Dawa region:Oromia zone:Zone 4
MFR_000400,addis ababa health post,Oromia,DHIS2_000013,addis ababa hospitalital,Oromia,0.5084075927734375,addis ababa health post woreda:Dire Dawa region:Oromia zone:Zone 4,addis ababa hospitalital woreda:Modjo region:Oromia zone:Zone 1
MFR_000401,bole health post,Addis Ababa,DHIS2_000155,bole hospital,Addis Ababa,0.5583995580673218,bole health post woreda:Kirkos region:Addis Ababa zone:Zone 4,bole hospital woreda:Bole region:Addis Ababa zone:Zone 5
MFR_000401,bole health post,Addis Ababa,DHIS2_000272,bol health center,Addis Ababa,0.8592340350151062,bole health post woreda:Kirkos region:Addis Ababa zone:Zone 4,bol health center woreda:Kirkos region:Addis Ababa zone:Zone 4
MFR_000401,bole health post,Addis Ababa,DHIS2_000266,bol health post,Addis Ababa,0.6161056160926819,bole health post woreda:Kirkos region:Addis Ababa zone:Zone 4,bol health post woreda:Bole region:Addis Ababa zone:Zone 5
MFR_000401,bole health post,Addis Ababa,DHIS2_000429,bol health post,Addis Ababa,0.550667405128479,bole health post woreda:Kirkos region:Addis Ababa zone:Zone 4,bol health post woreda:Bole region:Addis Ababa zone:Zone 1
MFR_000401,bole health post,Addis Ababa,DHIS2_000401,bol health post,Addis Ababa,0.9043410420417786,bole health post woreda:Kirkos region:Addis Ababa zone:Zone 4,bol health post woreda:Kirkos region:Addis Ababa zone:Zone 4
MFR_000401,bole health post,Addis Ababa,DHIS2_000097,bole health center,Addis Ababa,0.7571040987968445,bole health post woreda:Kirkos region:Addis Ababa zone:Zone 4,bole health center woreda:Kirkos region:Addis Ababa zone:Zone 3
MFR_000401,bole health post,Addis Ababa,DHIS2_000408,bole health post,Addis Ababa,0.573076605796814,bole health post woreda:Kirkos region:Addis Ababa zone:Zone 4,bole health post woreda:Bole region:Addis Ababa zone:Zone 1
MFR_000401,bole health post,Addis Ababa,DHIS2_000054,bole health center,Addis Ababa,0.7293366193771362,bole health post woreda:Kirkos region:Addis Ababa zone:Zone 4,bole health center woreda:Nifas Silk region:Addis Ababa zone:Zone 4
MFR_000402,gondar hospital,Addis Ababa,DHIS2_000486,gondar health center,Addis Ababa,0.6546971797943115,gondar hospital woreda:Arada region:Addis Ababa zone:Zone 5,gondar health center woreda:Nifas Silk region:Addis Ababa zone:Zone 4
MFR_000402,gondar hospital,Addis Ababa,DHIS2_000278,gondar dispensary,Addis Ababa,0.6414718627929688,gondar hospital woreda:Arada region:Addis Ababa zone:Zone 5,gondar dispensary woreda:Lideta region:Addis Ababa zone:Zone 4
MFR_000402,gondar hospital,Addis Ababa,DHIS2_000418,gondar hospitalital,Addis Ababa,0.7164452075958252,gondar hospital woreda:Arada region:Addis Ababa zone:Zone 5,gondar hospitalital woreda:Addis Ketema region:Addis Ababa zone:Zone 4
MFR_000402,gondar hospital,Addis Ababa,DHIS2_000075,gondar health center,Addis Ababa,0.6451599597930908,gondar hospital woreda:Arada region:Addis Ababa zone:Zone 5,gondar health center woreda:Addis Ketema region:Addis Ababa zone:Zone 2
MFR_000402,gondar hospital,Addis Ababa,DHIS2_000235,gondar health center,Addis Ababa,0.6428439021110535,gondar hospital woreda:Arada region:Addis Ababa zone:Zone 5,gondar health center woreda:Addis Ketema region:Addis Ababa zone:Zone 3
MFR_000402,gondar hospital,Addis Ababa,DHIS2_000275,gondar referral hospital,Addis Ababa,0.8892002701759338,gondar hospital woreda:Arada region:Addis Ababa zone:Zone 5,gondar referral hospital woreda:Lideta region:Addis Ababa zone:Zone 5
MFR_000402,gondar hospital,Addis Ababa,DHIS2_000203,gondar hospital,Addis Ababa,0.6601812839508057,gondar hospital woreda:Arada region:Addis Ababa zone:Zone 5,gondar hospital woreda:Nifas Silk region:Addis Ababa zone:Zone 2
MFR_000402,gondar hospital,Addis Ababa,DHIS2_000402,gondar hospital,Addis Ababa,0.9872575998306274,gondar hospital woreda:Arada region:Addis Ababa zone:Zone 5,gondar hospital woreda:Arada region:Addis Ababa zone:Zone 5
MFR_000403,hosaena general hospital,SNNPR,DHIS2_000262,hosaena general hospitalital,SNNPR,0.6433994770050049,hosaena general hospital woreda:Arba Minch region:SNNPR zone:Zone 3,hosaena general hospitalital woreda:Butajira region:SNNPR zone:Zone 2
MFR_000403,hosaena general hospital,SNNPR,DHIS2_000406,hosaena clinic,SNNPR,0.8966369032859802,hosaena general hospital woreda:Arba Minch region:SNNPR zone:Zone 3,hosaena clinic woreda:Arba Minch region:SNNPR zone:Zone 3
MFR_000403,hosaena general hospital,SNNPR,DHIS2_000403,hosaena general hospitalital,SNNPR,0.9386239051818848,hosaena general hospital woreda:Arba Minch region:SNNPR zone:Zone 3,hosaena general hospitalital woreda:Arba Minch region:SNNPR zone:Zone 3
MFR_000404,bahir dar referral hospital,Oromia,DHIS2_000195,bahir dar hospital,Oromia,0.5980987548828125,bahir dar referral hospital woreda:Bishoftu region:Oromia zone:Zone 5,bahir dar hospital woreda:Dire Dawa region:Oromia zone:Zone 4
MFR_000404,bahir dar referral hospital,Oromia,DHIS2_000183,bahir dar health center,Oromia,0.7138330936431885,bahir dar referral hospital woreda:Bishoftu region:Oromia zone:Zone 5,bahir dar health center woreda:Adama region:Oromia zone:Zone 5
MFR_000404,bahir dar referral hospital,Oromia,DHIS2_000490,bahir dar hospital,Oromia,0.566419243812561,bahir dar referral hospital woreda:Bishoftu region:Oromia zone:Zone 5,bahir dar hospital woreda:Modjo region:Oromia zone:Zone 3
MFR_000404,bahir dar referral hospital,Oromia,DHIS2_000295,bahir dar hospital,Oromia,0.5508082509040833,bahir dar referral hospital woreda:Bishoftu region:Oromia zone:Zone 5,bahir dar hospital woreda:Dire Dawa region:Oromia zone:Zone 1
MFR_000404,bahir dar referral hospital,Oromia,DHIS2_000270,bahir dar health post,Oromia,0.8625950217247009,bahir dar referral hospital woreda:Bishoftu region:Oromia zone:Zone 5,bahir dar health post woreda:Bishoftu region:Oromia zone:Zone 5
MFR_000405,gondar hospital,SNNPR,DHIS2_000040,gondar referral hospital,SNNPR,0.8577825427055359,gondar hospital woreda:Hosaena region:SNNPR zone:Zone 3,gondar referral hospital woreda:Butajira region:SNNPR zone:Zone 3
MFR_000405,gondar hospital,SNNPR,DHIS2_000027,gondar hospital,SNNPR,0.9036997556686401,gondar hospital woreda:Hosaena region:SNNPR zone:Zone 3,gondar hospital woreda:Hawassa region:SNNPR zone:Zone 3
MFR_000405,gondar hospital,SNNPR,DHIS2_000405,gondar hospitalital,SNNPR,0.9363347291946411,gondar hospital woreda:Hosaena region:SNNPR zone:Zone 3,gondar hospitalital woreda:Hosaena region:SNNPR zone:Zone 3
MFR_000405,gondar hospital,SNNPR,DHIS2_000259,gondar clinic,SNNPR,0.8771957755088806,gondar hospital woreda:Hosaena region:SNNPR zone:Zone 3,gondar clinic woreda:Hawassa region:SNNPR zone:Zone 3
MFR_000405,gondar hospital,SNNPR,DHIS2_000225,gondar health post,SNNPR,0.5970625281333923,gondar hospital woreda:Hosaena region:SNNPR zone:Zone 3,gondar health post woreda:Butajira region:SNNPR zone:Zone 5
MFR_000405,gondar hospital,SNNPR,DHIS2_000286,gonda referral hospitalital,SNNPR,0.6908434629440308,gondar hospital woreda:Hosaena region:SNNPR zone:Zone 3,gonda referral hospitalital woreda:Hosaena region:SNNPR zone:Zone 1
MFR_000405,gondar hospital,SNNPR,DHIS2_000243,gondar general hospital,SNNPR,0.6965122222900391,gondar hospital woreda:Hosaena region:SNNPR zone:Zone 3,gondar general hospital woreda:Hawassa region:SNNPR zone:Zone 5
MFR_000405,gondar hospital,SNNPR,DHIS2_000255,gondar health center,SNNPR,0.7054335474967957,gondar hospital woreda:Hosaena region:SNNPR zone:Zone 3,gondar health center woreda:Butajira region:SNNPR zone:Zone 2
MFR_000406,hosaena clinic,SNNPR,DHIS2_000262,hosaena general hospitalital,SNNPR,0.5714243650436401,hosaena clinic woreda:Arba Minch region:SNNPR zone:Zone 3,hosaena general hospitalital woreda:Butajira region:SNNPR zone:Zone 2
MFR_000406,hosaena clinic,SNNPR,DHIS2_000406,hosaena clinic,SNNPR,0.9404215812683105,hosaena clinic woreda:Arba Minch region:SNNPR zone:Zone 3,hosaena clinic woreda:Arba Minch region:SNNPR zone:Zone 3
MFR_000406,hosaena clinic,SNNPR,DHIS2_000403,hosaena general hospitalital,SNNPR,0.8997808694839478,hosaena clinic woreda:Arba Minch region:SNNPR zone:Zone 3,hosaena general hospitalital woreda:Arba Minch region:SNNPR zone:Zone 3
MFR_000407,dukem health center,Oromia,DHIS2_000269,dukem general hospital,Oromia,0.8899820446968079,dukem health center woreda:Dukem region:Oromia zone:Zone 2,dukem general hospital woreda:Dire Dawa region:Oromia zone:Zone 2
MFR_000407,dukem health center,Oromia,DHIS2_000448,dukem health post,Oromia,0.7828402519226074,dukem health center woreda:Dukem region:Oromia zone:Zone 2,dukem health post woreda:Dukem region:Oromia zone:Zone 3
MFR_000408,bole health post,Addis Ababa,DHIS2_000155,bole hospital,Addis Ababa,0.7330325245857239,bole health post woreda:Bole region:Addis Ababa zone:Zone 1,bole hospital woreda:Bole region:Addis Ababa zone:Zone 5
MFR_000408,bole health post,Addis Ababa,DHIS2_000272,bol health center,Addis Ababa,0.6463673114776611,bole health post woreda:Bole region:Addis Ababa zone:Zone 1,bol health center woreda:Kirkos region:Addis Ababa zone:Zone 4
MFR_000408,bole health post,Addis Ababa,DHIS2_000266,bol health post,Addis Ababa,0.7966312170028687,bole health post woreda:Bole region:Addis Ababa zone:Zone 1,bol health post woreda:Bole region:Addis Ababa zone:Zone 5
MFR_000408,bole health post,Addis Ababa,DHIS2_000429,bol health post,Addis Ababa,0.9490163326263428,bole health post woreda:Bole region:Addis Ababa zone:Zone 1,bol health post woreda:Bole region:Addis Ababa zone:Zone 1
MFR_000408,bole health post,Addis Ababa,DHIS2_000401,bol health post,Addis Ababa,0.7040904760360718,bole health post woreda:Bole region:Addis Ababa zone:Zone 1,bol health post woreda:Kirkos region:Addis Ababa zone:Zone 4
MFR_000408,bole health post,Addis Ababa,DHIS2_000097,bole health center,Addis Ababa,0.7609776854515076,bole health post woreda:Bole region:Addis Ababa zone:Zone 1,bole health center woreda:Kirkos region:Addis Ababa zone:Zone 3
MFR_000408,bole health post,Addis Ababa,DHIS2_000408,bole health post,Addis Ababa,0.9828316569328308,bole health post woreda:Bole region:Addis Ababa zone:Zone 1,bole health post woreda:Bole region:Addis Ababa zone:Zone 1
MFR_000408,bole health post,Addis Ababa,DHIS2_000054,bole health center,Addis Ababa,0.7488177418708801,bole health post woreda:Bole region:Addis Ababa zone:Zone 1,bole health center woreda:Nifas Silk region:Addis Ababa zone:Zone 4
MFR_000409,dire dawa health post,Oromia,DHIS2_000409,dire dawa health post,Oromia,0.9442247748374939,dire dawa health post woreda:Adama region:Oromia zone:Zone 3,dire dawa health post woreda:Adama region:Oromia zone:Zone 3
MFR_000409,dire dawa health post,Oromia,DHIS2_000079,dire dawa health center,Oromia,0.6232050061225891,dire dawa health post woreda:Adama region:Oromia zone:Zone 3,dire dawa health center woreda:Dukem region:Oromia zone:Zone 4
MFR_000409,dire dawa health post,Oromia,DHIS2_000305,dire dawa health center,Oromia,0.6414881944656372,dire dawa health post woreda:Adama region:Oromia zone:Zone 3,dire dawa health center woreda:Dukem region:Oromia zone:Zone 2
MFR_000409,dire dawa health post,Oromia,DHIS2_000038,dire dawa health center,Oromia,0.5776934027671814,dire dawa health post woreda:Adama region:Oromia zone:Zone 3,dire dawa health center woreda:Dukem region:Oromia zone:Zone 1
MFR_000410,hosaena dispensary,Addis Ababa,DHIS2_000410,hosaen dispensary,Addis Ababa,0.9365465044975281,hosaena dispensary woreda:Kirkos region:Addis Ababa zone:Zone 5,hosaen dispensary woreda:Kirkos region:Addis Ababa zone:Zone 5
MFR_000411,bole hospital,SNNPR,DHIS2_000411,bol hospital,SNNPR,0.9240133762359619,bole hospital woreda:Arba Minch region:SNNPR zone:Zone 5,bol hospital woreda:Arba Minch region:SNNPR zone:Zone 5
MFR_000411,bole hospital,SNNPR,DHIS2_000306,bole hospital,SNNPR,0.5937341451644897,bole hospital woreda:Arba Minch region:SNNPR zone:Zone 5,bole hospital woreda:Hosaena region:SNNPR zone:Zone 3
MFR_000412,addis ababa health post,Amhara,DHIS2_000375,addis ababa clinic,Amhara,0.4849921464920044,addis ababa health post woreda:Bahir Dar region:Amhara zone:Zone 4,addis ababa clinic woreda:Mekelle region:Amhara zone:Zone 2
MFR_000412,addis ababa health post,Amhara,DHIS2_000263,addis ababa hospital,Amhara,0.47160154581069946,addis ababa health post woreda:Bahir Dar region:Amhara zone:Zone 4,addis ababa hospital woreda:Mekelle region:Amhara zone:Zone 2
MFR_000412,addis ababa health post,Amhara,DHIS2_000166,addis ababa referral hospital,Amhara,0.46026110649108887,addis ababa health post woreda:Bahir Dar region:Amhara zone:Zone 4,addis ababa referral hospital woreda:Dessie region:Amhara zone:Zone 2
MFR_000412,addis ababa health post,Amhara,DHIS2_000090,addis ababa health post,Amhara,0.5670037865638733,addis ababa health post woreda:Bahir Dar region:Amhara zone:Zone 4,addis ababa health post woreda:Mekelle region:Amhara zone:Zone 2
MFR_000412,addis ababa health post,Amhara,DHIS2_000423,addis ababa health center,Amhara,0.6861789226531982,addis ababa health post woreda:Bahir Dar region:Amhara zone:Zone 4,addis ababa health center woreda:Bahir Dar region:Amhara zone:Zone 1
MFR_000412,addis ababa health post,Amhara,DHIS2_000412,addis ababa health post,Amhara,0.9290768504142761,addis ababa health post woreda:Bahir Dar region:Amhara zone:Zone 4,addis ababa health post woreda:Bahir Dar region:Amhara zone:Zone 4
MFR_000413,modjo health post,Addis Ababa,DHIS2_000211,modjo health post,Addis Ababa,0.7314677238464355,modjo health post woreda:Nifas Silk region:Addis Ababa zone:Zone 2,modjo health post woreda:Addis Ketema region:Addis Ababa zone:Zone 2
MFR_000413,modjo health post,Addis Ababa,DHIS2_000060,modjo health center,Addis Ababa,0.4771314263343811,modjo health post woreda:Nifas Silk region:Addis Ababa zone:Zone 2,modjo health center woreda:Kirkos region:Addis Ababa zone:Zone 5
MFR_000413,modjo health post,Addis Ababa,DHIS2_000381,modj health post,Addis Ababa,0.47860077023506165,modjo health post woreda:Nifas Silk region:Addis Ababa zone:Zone 2,modj health post woreda:Kirkos region:Addis Ababa zone:Zone 4
MFR_000413,modjo health post,Addis Ababa,DHIS2_000413,modjo health post,Addis Ababa,0.955793559551239,modjo health post woreda:Nifas Silk region:Addis Ababa zone:Zone 2,modjo health post woreda:Nifas Silk region:Addis Ababa zone:Zone 2
MFR_000413,modjo health post,Addis Ababa,DHIS2_000015,modjo health post,Addis Ababa,0.5844637155532837,modjo health post woreda:Nifas Silk region:Addis Ababa zone:Zone 2,modjo health post woreda:Arada region:Addis Ababa zone:Zone 4
MFR_000414,butajira health post,Oromia,DHIS2_000094,butajira health post,Oromia,0.61085444688797,butajira health post woreda:Bishoftu region:Oromia zone:Zone 5,butajira health post woreda:Modjo region:Oromia zone:Zone 4
MFR_000414,butajira health post,Oromia,DHIS2_000398,butajir hospital,Oromia,0.3833671808242798,butajira health post woreda:Bishoftu region:Oromia zone:Zone 5,butajir hospital woreda:Dukem region:Oromia zone:Zone 2
MFR_000414,butajira health post,Oromia,DHIS2_000449,butajira clinic,Oromia,0.6747748851776123,butajira health post woreda:Bishoftu region:Oromia zone:Zone 5,butajira clinic woreda:Bishoftu region:Oromia zone:Zone 3
MFR_000414,butajira health post,Oromia,DHIS2_000099,butajira referral hospitalital,Oromia,0.6725298166275024,butajira health post woreda:Bishoftu region:Oromia zone:Zone 5,butajira referral hospitalital woreda:Adama region:Oromia zone:Zone 5
MFR_000414,butajira health post,Oromia,DHIS2_000216,butajir dispensary,Oromia,0.325022429227829,butajira health post woreda:Bishoftu region:Oromia zone:Zone 5,butajir dispensary woreda:Dukem region:Oromia zone:Zone 3
MFR_000415,nifas silk clinic,Addis Ababa,DHIS2_000415,nifas silk clinic,Addis Ababa,0.9611136317253113,nifas silk clinic woreda:Nifas Silk region:Addis Ababa zone:Zone 4,nifas silk clinic woreda:Nifas Silk region:Addis Ababa zone:Zone 4
MFR_000415,nifas silk clinic,Addis Ababa,DHIS2_000115,nifas silk health center,Addis Ababa,0.9274579286575317,nifas silk clinic woreda:Nifas Silk region:Addis Ababa zone:Zone 4,nifas silk health center woreda:Nifas Silk region:Addis Ababa zone:Zone 4
MFR_000415,nifas silk clinic,Addis Ababa,DHIS2_000470,nifas silk health center,Addis Ababa,0.7336649894714355,nifas silk clinic woreda:Nifas Silk region:Addis Ababa zone:Zone 4,nifas silk health center woreda:Arada region:Addis Ababa zone:Zone 3
MFR_000415,nifas silk clinic,Addis Ababa,DHIS2_000191,nifas silk dispensary,Addis Ababa,0.6750685572624207,nifas silk clinic woreda:Nifas Silk region:Addis Ababa zone:Zone 4,nifas silk dispensary woreda:Arada region:Addis Ababa zone:Zone 1
MFR_000416,adama health post,Oromia,DHIS2_000069,adama health center,Oromia,0.5302397608757019,adama health post woreda:Dukem region:Oromia zone:Zone 3,adama health center woreda:Adama region:Oromia zone:Zone 5
MFR_000416,adama health post,Oromia,DHIS2_000102,adama health center,Oromia,0.697552502155304,adama health post woreda:Dukem region:Oromia zone:Zone 3,adama health center woreda:Adama region:Oromia zone:Zone 3
MFR_000416,adama health post,Oromia,DHIS2_000416,adama health post,Oromia,0.9247624278068542,adama health post woreda:Dukem region:Oromia zone:Zone 3,adama health post woreda:Dukem region:Oromia zone:Zone 3
MFR_000416,adama health post,Oromia,DHIS2_000198,adam health center,Oromia,0.8771957755088806,adama health post woreda:Dukem region:Oromia zone:Zone 3,adam health center woreda:Dukem region:Oromia zone:Zone 3
MFR_000417,butajira general hospital,Addis Ababa,DHIS2_000031,butajir clinic,Addis Ababa,0.5923628807067871,butajira general hospital woreda:Lideta region:Addis Ababa zone:Zone 2,butajir clinic woreda:Addis Ketema region:Addis Ababa zone:Zone 4
MFR_000417,butajira general hospital,Addis Ababa,DHIS2_000012,butajira hospitalital,Addis Ababa,0.8427634239196777,butajira general hospital woreda:Lideta region:Addis Ababa zone:Zone 2,butajira hospitalital woreda:Lideta region:Addis Ababa zone:Zone 3
MFR_000417,butajira general hospital,Addis Ababa,DHIS2_000194,butajira health center,Addis Ababa,0.70158851146698,butajira general hospital woreda:Lideta region:Addis Ababa zone:Zone 2,butajira health center woreda:Addis Ketema region:Addis Ababa zone:Zone 3
MFR_000417,butajira general hospital,Addis Ababa,DHIS2_000141,butajira health center,Addis Ababa,0.648021399974823,butajira general hospital woreda:Lideta region:Addis Ababa zone:Zone 2,butajira health center woreda:Nifas Silk region:Addis Ababa zone:Zone 4
MFR_000417,butajira general hospital,Addis Ababa,DHIS2_000417,butajira general hospitalital,Addis Ababa,0.9541903734207153,butajira general hospital woreda:Lideta region:Addis Ababa zone:Zone 2,butajira general hospitalital woreda:Lideta region:Addis Ababa zone:Zone 2
MFR_000417,butajira general hospital,Addis Ababa,DHIS2_000148,butajir health center,Addis Ababa,0.6835252642631531,butajira general hospital woreda:Lideta region:Addis Ababa zone:Zone 2,butajir health center woreda:Lideta region:Addis Ababa zone:Zone 5
MFR_000417,butajira general hospital,Addis Ababa,DHIS2_000419,butajira health center,Addis Ababa,0.8078568577766418,butajira general hospital woreda:Lideta region:Addis Ababa zone:Zone 2,butajira health center woreda:Lideta region:Addis Ababa zone:Zone 3
MFR_000417,butajira general hospital,Addis Ababa,DHIS2_000143,butajir general hospital,Addis Ababa,0.6335610151290894,butajira general hospital woreda:Lideta region:Addis Ababa zone:Zone 2,butajir general hospital woreda:Nifas Silk region:Addis Ababa zone:Zone 4
MFR_000417,butajira general hospital,Addis Ababa,DHIS2_000351,butajira dispensary,Addis Ababa,0.7542120814323425,butajira general hospital woreda:Lideta region:Addis Ababa zone:Zone 2,butajira dispensary woreda:Nifas Silk region:Addis Ababa zone:Zone 2
MFR_000417,butajira general hospital,Addis Ababa,DHIS2_000202,butajira clinic,Addis Ababa,0.6604843139648438,butajira general hospital woreda:Lideta region:Addis Ababa zone:Zone 2,butajira clinic woreda:Kirkos region:Addis Ababa zone:Zone 4
MFR_000418,gondar hospital,Addis Ababa,DHIS2_000486,gondar health center,Addis Ababa,0.866671621799469,gondar hospital woreda:Addis Ketema region:Addis Ababa zone:Zone 4,gondar health center woreda:Nifas Silk region:Addis Ababa zone:Zone 4
MFR_000418,gondar hospital,Addis Ababa,DHIS2_000278,gondar dispensary,Addis Ababa,0.8405694961547852,gondar hospital woreda:Addis Ketema region:Addis Ababa zone:Zone 4,gondar dispensary woreda:Lideta region:Addis Ababa zone:Zone 4
MFR_000418,gondar hospital,Addis Ababa,DHIS2_000418,gondar hospitalital,Addis Ababa,0.9586557149887085,gondar hospital woreda:Addis Ketema region:Addis Ababa zone:Zone 4,gondar hospitalital woreda:Addis Ketema region:Addis Ababa zone:Zone 4
MFR_000418,gondar hospital,Addis Ababa,DHIS2_000075,gondar health center,Addis Ababa,0.7525990009307861,gondar hospital woreda:Addis Ketema region:Addis Ababa zone:Zone 4,gondar health center woreda:Addis Ketema region:Addis Ababa zone:Zone 2
MFR_000418,gondar hospital,Addis Ababa,DHIS2_000235,gondar health center,Addis Ababa,0.7609961032867432,gondar hospital woreda:Addis Ketema region:Addis Ababa zone:Zone 4,gondar health center woreda:Addis Ketema region:Addis Ababa zone:Zone 3
MFR_000418,gondar hospital,Addis Ababa,DHIS2_000275,gondar referral hospital,Addis Ababa,0.7265717387199402,gondar hospital woreda:Addis Ketema region:Addis Ababa zone:Zone 4,gondar referral hospital woreda:Lideta region:Addis Ababa zone:Zone 5
MFR_000418,gondar hospital,Addis Ababa,DHIS2_000203,gondar hospital,Addis Ababa,0.7223837375640869,gondar hospital woreda:Addis Ketema region:Addis Ababa zone:Zone 4,gondar hospital woreda:Nifas Silk region:Addis Ababa zone:Zone 2
MFR_000418,gondar hospital,Addis Ababa,DHIS2_000402,gondar hospital,Addis Ababa,0.751502275466919,gondar hospital woreda:Addis Ketema region:Addis Ababa zone:Zone 4,gondar hospital woreda:Arada region:Addis Ababa zone:Zone 5
MFR_000419,butajira health center,Addis Ababa,DHIS2_000031,butajir clinic,Addis Ababa,0.5721625685691833,butajira health center woreda:Lideta region:Addis Ababa zone:Zone 3,butajir clinic woreda:Addis Ketema region:Addis Ababa zone:Zone 4
MFR_000419,butajira health center,Addis Ababa,DHIS2_000012,butajira hospitalital,Addis Ababa,0.9432294368743896,butajira health center woreda:Lideta region:Addis Ababa zone:Zone 3,butajira hospitalital woreda:Lideta region:Addis Ababa zone:Zone 3
MFR_000419,butajira health center,Addis Ababa,DHIS2_000194,butajira health center,Addis Ababa,0.8616499900817871,butajira health center woreda:Lideta region:Addis Ababa zone:Zone 3,butajira health center woreda:Addis Ketema region:Addis Ababa zone:Zone 3
MFR_000419,butajira health center,Addis Ababa,DHIS2_000141,butajira health center,Addis Ababa,0.688143253326416,butajira health center woreda:Lideta region:Addis Ababa zone:Zone 3,butajira health center woreda:Nifas Silk region:Addis Ababa zone:Zone 4
MFR_000419,butajira health center,Addis Ababa,DHIS2_000417,butajira general hospitalital,Addis Ababa,0.7734572291374207,butajira health center woreda:Lideta region:Addis Ababa zone:Zone 3,butajira general hospitalital woreda:Lideta region:Addis Ababa zone:Zone 2
MFR_000419,butajira health center,Addis Ababa,DHIS2_000148,butajir health center,Addis Ababa,0.7220556139945984,butajira health center woreda:Lideta region:Addis Ababa zone:Zone 3,butajir health center woreda:Lideta region:Addis Ababa zone:Zone 5
MFR_000419,butajira health center,Addis Ababa,DHIS2_000419,butajira health center,Addis Ababa,0.97086101770401,butajira health center woreda:Lideta region:Addis Ababa zone:Zone 3,butajira health center woreda:Lideta region:Addis Ababa zone:Zone 3
MFR_000419,butajira health center,Addis Ababa,DHIS2_000143,butajir general hospital,Addis Ababa,0.5298541784286499,butajira health center woreda:Lideta region:Addis Ababa zone:Zone 3,butajir general hospital woreda:Nifas Silk region:Addis Ababa zone:Zone 4
MFR_000419,butajira health center,Addis Ababa,DHIS2_000351,butajira dispensary,Addis Ababa,0.600706160068512,butajira health center woreda:Lideta region:Addis Ababa zone:Zone 3,butajira dispensary woreda:Nifas Silk region:Addis Ababa zone:Zone 2
MFR_000419,butajira health center,Addis Ababa,DHIS2_000202,butajira clinic,Addis Ababa,0.6428626775741577,butajira health center woreda:Lideta region:Addis Ababa zone:Zone 3,butajira clinic woreda:Kirkos region:Addis Ababa zone:Zone 4
MFR_000420,hosaena health post,SNNPR,DHIS2_000153,hosaena health center,SNNPR,0.8899238109588623,hosaena health post woreda:Butajira region:SNNPR zone:Zone 3,hosaena health center woreda:Butajira region:SNNPR zone:Zone 3
MFR_000420,hosaena health post,SNNPR,DHIS2_000184,hosaena health post,SNNPR,0.9197215437889099,hosaena health post woreda:Butajira region:SNNPR zone:Zone 3,hosaena health post woreda:Butajira region:SNNPR zone:Zone 3
MFR_000420,hosaena health post,SNNPR,DHIS2_000420,hosaena health post,SNNPR,0.9197215437889099,hosaena health post woreda:Butajira region:SNNPR zone:Zone 3,hosaena health post woreda:Butajira region:SNNPR zone:Zone 3
MFR_000421,dessie clinic,Addis Ababa,DHIS2_000421,dessi clinic,Addis Ababa,0.8811877965927124,dessie clinic woreda:Addis Ketema region:Addis Ababa zone:Zone 2,dessi clinic woreda:Addis Ketema region:Addis Ababa zone:Zone 2
MFR_000421,dessie clinic,Addis Ababa,DHIS2_000214,duke clinic,Addis Ababa,0.4246629476547241,dessie clinic woreda:Addis Ketema region:Addis Ababa zone:Zone 2,duke clinic woreda:Bole region:Addis Ababa zone:Zone 1
MFR_000422,addis ababa health center,Addis Ababa,DHIS2_000372,addis ababa referral hospitalital,Addis Ababa,0.49378591775894165,addis ababa health center woreda:Kirkos region:Addis Ababa zone:Zone 2,addis ababa referral hospitalital woreda:Bole region:Addis Ababa zone:Zone 5
MFR_000422,addis ababa health center,Addis Ababa,DHIS2_000335,addis ababa health center,Addis Ababa,0.6721294522285461,addis ababa health center woreda:Kirkos region:Addis Ababa zone:Zone 2,addis ababa health center woreda:Addis Ketema region:Addis Ababa zone:Zone 3
MFR_000422,addis ababa health center,Addis Ababa,DHIS2_000083,addis ababa hospitalital,Addis Ababa,0.7101072072982788,addis ababa health center woreda:Kirkos region:Addis Ababa zone:Zone 2,addis ababa hospitalital woreda:Lideta region:Addis Ababa zone:Zone 2
MFR_000422,addis ababa health center,Addis Ababa,DHIS2_000250,addis ababa general hospitalital,Addis Ababa,0.538519024848938,addis ababa health center woreda:Kirkos region:Addis Ababa zone:Zone 2,addis ababa general hospitalital woreda:Addis Ketema region:Addis Ababa zone:Zone 5
MFR_000422,addis ababa health center,Addis Ababa,DHIS2_000273,addis ababa referral hospital,Addis Ababa,0.5514697432518005,addis ababa health center woreda:Kirkos region:Addis Ababa zone:Zone 2,addis ababa referral hospital woreda:Bole region:Addis Ababa zone:Zone 4
MFR_000422,addis ababa health center,Addis Ababa,DHIS2_000284,addis ababa health center,Addis Ababa,0.6124480366706848,addis ababa health center woreda:Kirkos region:Addis Ababa zone:Zone 2,addis ababa health center woreda:Bole region:Addis Ababa zone:Zone 1
MFR_000422,addis ababa health center,Addis Ababa,DHIS2_000422,addis ababa health center,Addis Ababa,0.9480447769165039,addis ababa health center woreda:Kirkos region:Addis Ababa zone:Zone 2,addis ababa health center woreda:Kirkos region:Addis Ababa zone:Zone 2
MFR_000423,addis ababa health center,Amhara,DHIS2_000375,addis ababa clinic,Amhara,0.6211277842521667,addis ababa health center woreda:Bahir Dar region:Amhara zone:Zone 1,addis ababa clinic woreda:Mekelle region:Amhara zone:Zone 2
MFR_000423,addis ababa health center,Amhara,DHIS2_000263,addis ababa hospital,Amhara,0.6223547458648682,addis ababa health center woreda:Bahir Dar region:Amhara zone:Zone 1,addis ababa hospital woreda:Mekelle region:Amhara zone:Zone 2
MFR_000423,addis ababa health center,Amhara,DHIS2_000166,addis ababa referral hospital,Amhara,0.6022525429725647,addis ababa health center woreda:Bahir Dar region:Amhara zone:Zone 1,addis ababa referral hospital woreda:Dessie region:Amhara zone:Zone 2
MFR_000423,addis ababa health center,Amhara,DHIS2_000090,addis ababa health post,Amhara,0.6214761734008789,addis ababa health center woreda:Bahir Dar region:Amhara zone:Zone 1,addis ababa health post woreda:Mekelle region:Amhara zone:Zone 2
MFR_000423,addis ababa health center,Amhara,DHIS2_000423,addis ababa health center,Amhara,0.9501867294311523,addis ababa health center woreda:Bahir Dar region:Amhara zone:Zone 1,addis ababa health center woreda:Bahir Dar region:Amhara zone:Zone 1
MFR_000423,addis ababa health center,Amhara,DHIS2_000412,addis ababa health post,Amhara,0.8061219453811646,addis ababa health center woreda:Bahir Dar region:Amhara zone:Zone 1,addis ababa health post woreda:Bahir Dar region:Amhara zone:Zone 4
MFR_000424,bahir dar clinic,Amhara,DHIS2_000363,bahir dar dispensary,Amhara,0.6220191717147827,bahir dar clinic woreda:Dessie region:Amhara zone:Zone 3,bahir dar dispensary woreda:Bahir Dar region:Amhara zone:Zone 4
MFR_000424,bahir dar clinic,Amhara,DHIS2_000424,bahir dar clinic,Amhara,0.9444800615310669,bahir dar clinic woreda:Dessie region:Amhara zone:Zone 3,bahir dar clinic woreda:Dessie region:Amhara zone:Zone 3
MFR_000424,bahir dar clinic,Amhara,DHIS2_000223,bahir dar hospital,Amhara,0.7982677221298218,bahir dar clinic woreda:Dessie region:Amhara zone:Zone 3,bahir dar hospital woreda:Dessie region:Amhara zone:Zone 2
MFR_000424,bahir dar clinic,Amhara,DHIS2_000391,bahir dar hospital,Amhara,0.7715754508972168,bahir dar clinic woreda:Dessie region:Amhara zone:Zone 3,bahir dar hospital woreda:Bahir Dar region:Amhara zone:Zone 3
MFR_000424,bahir dar clinic,Amhara,DHIS2_000068,bahir dar health center,Amhara,0.9209429621696472,bahir dar clinic woreda:Dessie region:Amhara zone:Zone 3,bahir dar health center woreda:Dessie region:Amhara zone:Zone 3
MFR_000424,bahir dar clinic,Amhara,DHIS2_000237,bahir dar health post,Amhara,0.563819408416748,bahir dar clinic woreda:Dessie region:Amhara zone:Zone 3,bahir dar health post woreda:Mekelle region:Amhara zone:Zone 5
MFR_000425,modjo dispensary,Oromia,DHIS2_000142,modjo general hospital,Oromia,0.443735271692276,modjo dispensary woreda:Bishoftu region:Oromia zone:Zone 5,modjo general hospital woreda:Dukem region:Oromia zone:Zone 2
MFR_000425,modjo dispensary,Oromia,DHIS2_000425,modjo dispensary,Oromia,0.9377884864807129,modjo dispensary woreda:Bishoftu region:Oromia zone:Zone 5,modjo dispensary woreda:Bishoftu region:Oromia zone:Zone 5
MFR_000426,nifas silk dispensary,SNNPR,DHIS2_000076,nifas silk health post,SNNPR,0.6157558560371399,nifas silk dispensary woreda:Butajira region:SNNPR zone:Zone 2,nifas silk health post woreda:Hosaena region:SNNPR zone:Zone 3
MFR_000426,nifas silk dispensary,SNNPR,DHIS2_000030,nifas silk health post,SNNPR,0.5795223712921143,nifas silk dispensary woreda:Butajira region:SNNPR zone:Zone 2,nifas silk health post woreda:Hosaena region:SNNPR zone:Zone 1
MFR_000426,nifas silk dispensary,SNNPR,DHIS2_000113,nifas silk health center,SNNPR,0.7595974206924438,nifas silk dispensary woreda:Butajira region:SNNPR zone:Zone 2,nifas silk health center woreda:Butajira region:SNNPR zone:Zone 3
MFR_000426,nifas silk dispensary,SNNPR,DHIS2_000426,nifas silk dispensary,SNNPR,0.9272308945655823,nifas silk dispensary woreda:Butajira region:SNNPR zone:Zone 2,nifas silk dispensary woreda:Butajira region:SNNPR zone:Zone 2
MFR_000427,dire dawa dispensary,Amhara,DHIS2_000427,dire dawa dispensary,Amhara,0.9543549418449402,dire dawa dispensary woreda:Bahir Dar region:Amhara zone:Zone 5,dire dawa dispensary woreda:Bahir Dar region:Amhara zone:Zone 5
MFR_000427,dire dawa dispensary,Amhara,DHIS2_000171,dire dawa dispensary,Amhara,0.5523645281791687,dire dawa dispensary woreda:Bahir Dar region:Amhara zone:Zone 5,dire dawa dispensary woreda:Dessie region:Amhara zone:Zone 2
MFR_000428,bole health center,Amhara,DHIS2_000095,bole health center,Amhara,0.8018019795417786,bole health center woreda:Dessie region:Amhara zone:Zone 5,bole health center woreda:Bahir Dar region:Amhara zone:Zone 5
MFR_000428,bole health center,Amhara,DHIS2_000109,bole health post,Amhara,0.5713699460029602,bole health center woreda:Dessie region:Amhara zone:Zone 5,bole health post woreda:Mekelle region:Amhara zone:Zone 2
MFR_000428,bole health center,Amhara,DHIS2_000182,bole general hospital,Amhara,0.7361642718315125,bole health center woreda:Dessie region:Amhara zone:Zone 5,bole general hospital woreda:Dessie region:Amhara zone:Zone 2
MFR_000428,bole health center,Amhara,DHIS2_000134,bole health post,Amhara,0.788707435131073,bole health center woreda:Dessie region:Amhara zone:Zone 5,bole health post woreda:Gondar region:Amhara zone:Zone 5
MFR_000429,bole health post,Addis Ababa,DHIS2_000155,bole hospital,Addis Ababa,0.7330324053764343,bole health post woreda:Bole region:Addis Ababa zone:Zone 1,bole hospital woreda:Bole region:Addis Ababa zone:Zone 5
MFR_000429,bole health post,Addis Ababa,DHIS2_000272,bol health center,Addis Ababa,0.6463673114776611,bole health post woreda:Bole region:Addis Ababa zone:Zone 1,bol health center woreda:Kirkos region:Addis Ababa zone:Zone 4
MFR_000429,bole health post,Addis Ababa,DHIS2_000266,bol health post,Addis Ababa,0.7966310977935791,bole health post woreda:Bole region:Addis Ababa zone:Zone 1,bol health post woreda:Bole region:Addis Ababa zone:Zone 5
MFR_000429,bole health post,Addis Ababa,DHIS2_000429,bol health post,Addis Ababa,0.9490163326263428,bole health post woreda:Bole region:Addis Ababa zone:Zone 1,bol health post woreda:Bole region:Addis Ababa zone:Zone 1
MFR_000429,bole health post,Addis Ababa,DHIS2_000401,bol health post,Addis Ababa,0.7040904760360718,bole health post woreda:Bole region:Addis Ababa zone:Zone 1,bol health post woreda:Kirkos region:Addis Ababa zone:Zone 4
MFR_000429,bole health post,Addis Ababa,DHIS2_000097,bole health center,Addis Ababa,0.7609776854515076,bole health post woreda:Bole region:Addis Ababa zone:Zone 1,bole health center woreda:Kirkos region:Addis Ababa zone:Zone 3
MFR_000429,bole health post,Addis Ababa,DHIS2_000408,bole health post,Addis Ababa,0.9828317761421204,bole health post woreda:Bole region:Addis Ababa zone:Zone 1,bole health post woreda:Bole region:Addis Ababa zone:Zone 1
MFR_000429,bole health post,Addis Ababa,DHIS2_000054,bole health center,Addis Ababa,0.7488177418708801,bole health post woreda:Bole region:Addis Ababa zone:Zone 1,bole health center woreda:Nifas Silk region:Addis Ababa zone:Zone 4
MFR_000430,nifas silk health center,SNNPR,DHIS2_000076,nifas silk health post,SNNPR,0.6193442344665527,nifas silk health center woreda:Butajira region:SNNPR zone:Zone 4,nifas silk health post woreda:Hosaena region:SNNPR zone:Zone 3
MFR_000430,nifas silk health center,SNNPR,DHIS2_000030,nifas silk health post,SNNPR,0.5694374442100525,nifas silk health center woreda:Butajira region:SNNPR zone:Zone 4,nifas silk health post woreda:Hosaena region:SNNPR zone:Zone 1
MFR_000430,nifas silk health center,SNNPR,DHIS2_000113,nifas silk health center,SNNPR,0.7669987678527832,nifas silk health center woreda:Butajira region:SNNPR zone:Zone 4,nifas silk health center woreda:Butajira region:SNNPR zone:Zone 3
MFR_000430,nifas silk health center,SNNPR,DHIS2_000426,nifas silk dispensary,SNNPR,0.7254810333251953,nifas silk health center woreda:Butajira region:SNNPR zone:Zone 4,nifas silk dispensary woreda:Butajira region:SNNPR zone:Zone 2
MFR_000431,modjo health post,Oromia,DHIS2_000431,modjo health post,Oromia,0.9464227557182312,modjo health post woreda:Adama region:Oromia zone:Zone 2,modjo health post woreda:Adama region:Oromia zone:Zone 2
MFR_000432,butajira general hospital,Amhara,DHIS2_000432,butajira general hospitalital,Amhara,0.9493322372436523,butajira general hospital woreda:Bahir Dar region:Amhara zone:Zone 1,butajira general hospitalital woreda:Bahir Dar region:Amhara zone:Zone 1
MFR_000432,butajira general hospital,Amhara,DHIS2_000323,butajira hospital,Amhara,0.6875964403152466,butajira general hospital woreda:Bahir Dar region:Amhara zone:Zone 1,butajira hospital woreda:Mekelle region:Amhara zone:Zone 2
MFR_000432,butajira general hospital,Amhara,DHIS2_000067,butajira referral hospitalital,Amhara,0.6148825883865356,butajira general hospital woreda:Bahir Dar region:Amhara zone:Zone 1,butajira referral hospitalital woreda:Mekelle region:Amhara zone:Zone 4
MFR_000432,butajira general hospital,Amhara,DHIS2_000200,butajir health center,Amhara,0.5335561633110046,butajira general hospital woreda:Bahir Dar region:Amhara zone:Zone 1,butajir health center woreda:Gondar region:Amhara zone:Zone 5
MFR_000432,butajira general hospital,Amhara,DHIS2_000251,butajir health center,Amhara,0.5437639951705933,butajira general hospital woreda:Bahir Dar region:Amhara zone:Zone 1,butajir health center woreda:Gondar region:Amhara zone:Zone 4
MFR_000432,butajira general hospital,Amhara,DHIS2_000311,butajira health center,Amhara,0.6149744987487793,butajira general hospital woreda:Bahir Dar region:Amhara zone:Zone 1,butajira health center woreda:Mekelle region:Amhara zone:Zone 5
MFR_000432,butajira general hospital,Amhara,DHIS2_000039,butajira health post,Amhara,0.790641725063324,butajira general hospital woreda:Bahir Dar region:Amhara zone:Zone 1,butajira health post woreda:Bahir Dar region:Amhara zone:Zone 3
MFR_000432,butajira general hospital,Amhara,DHIS2_000387,butajira dispensary,Amhara,0.5811327695846558,butajira general hospital woreda:Bahir Dar region:Amhara zone:Zone 1,butajira dispensary woreda:Mekelle region:Amhara zone:Zone 2
MFR_000432,butajira general hospital,Amhara,DHIS2_000397,butajira health post,Amhara,0.5760499835014343,butajira general hospital woreda:Bahir Dar region:Amhara zone:Zone 1,butajira health post woreda:Gondar region:Amhara zone:Zone 5
MFR_000432,butajira general hospital,Amhara,DHIS2_000289,butajira clinic,Amhara,0.6046713590621948,butajira general hospital woreda:Bahir Dar region:Amhara zone:Zone 1,butajira clinic woreda:Dessie region:Amhara zone:Zone 3
MFR_000432,butajira general hospital,Amhara,DHIS2_000139,butajir dispensary,Amhara,0.5404117107391357,butajira general hospital woreda:Bahir Dar region:Amhara zone:Zone 1,butajir dispensary woreda:Dessie region:Amhara zone:Zone 1
MFR_000432,butajira general hospital,Amhara,DHIS2_000217,butajira health post,Amhara,0.5553731918334961,butajira general hospital woreda:Bahir Dar region:Amhara zone:Zone 1,butajira health post woreda:Dessie region:Amhara zone:Zone 3
MFR_000433,modjo health center,SNNPR,DHIS2_000023,modjo health center,SNNPR,0.7834949493408203,modjo health center woreda:Hawassa region:SNNPR zone:Zone 1,modjo health center woreda:Hosaena region:SNNPR zone:Zone 3
MFR_000433,modjo health center,SNNPR,DHIS2_000056,modjo health post,SNNPR,0.8241437077522278,modjo health center woreda:Hawassa region:SNNPR zone:Zone 1,modjo health post woreda:Hawassa region:SNNPR zone:Zone 4
MFR_000433,modjo health center,SNNPR,DHIS2_000239,modj health center,SNNPR,0.7997956871986389,modjo health center woreda:Hawassa region:SNNPR zone:Zone 1,modj health center woreda:Hosaena region:SNNPR zone:Zone 1
MFR_000433,modjo health center,SNNPR,DHIS2_000433,modjo health center,SNNPR,0.978016197681427,modjo health center woreda:Hawassa region:SNNPR zone:Zone 1,modjo health center woreda:Hawassa region:SNNPR zone:Zone 1
MFR_000434,gondar general hospital,Amhara,DHIS2_000466,gonda referral hospital,Amhara,0.7198328971862793,gondar general hospital woreda:Dessie region:Amhara zone:Zone 5,gonda referral hospital woreda:Bahir Dar region:Amhara zone:Zone 5
MFR_000434,gondar general hospital,Amhara,DHIS2_000020,gondar general hospitalital,Amhara,0.5975623726844788,gondar general hospital woreda:Dessie region:Amhara zone:Zone 5,gondar general hospitalital woreda:Mekelle region:Amhara zone:Zone 3
MFR_000434,gondar general hospital,Amhara,DHIS2_000178,gondar referral hospitalital,Amhara,0.5390678644180298,gondar general hospital woreda:Dessie region:Amhara zone:Zone 5,gondar referral hospitalital woreda:Bahir Dar region:Amhara zone:Zone 2
MFR_000434,gondar general hospital,Amhara,DHIS2_000488,gondar clinic,Amhara,0.6099405288696289,gondar general hospital woreda:Dessie region:Amhara zone:Zone 5,gondar clinic woreda:Gondar region:Amhara zone:Zone 4
MFR_000434,gondar general hospital,Amhara,DHIS2_000029,gondar health post,Amhara,0.5141100883483887,gondar general hospital woreda:Dessie region:Amhara zone:Zone 5,gondar health post woreda:Mekelle region:Amhara zone:Zone 2
MFR_000435,nifas silk health center,Oromia,DHIS2_000070,nifas silk health center,Oromia,0.7646528482437134,nifas silk health center woreda:Dukem region:Oromia zone:Zone 2,nifas silk health center woreda:Dire Dawa region:Oromia zone:Zone 2
MFR_000435,nifas silk health center,Oromia,DHIS2_000181,nifas silk dispensary,Oromia,0.7109299898147583,nifas silk health center woreda:Dukem region:Oromia zone:Zone 2,nifas silk dispensary woreda:Modjo region:Oromia zone:Zone 2
MFR_000435,nifas silk health center,Oromia,DHIS2_000479,nifas silk referral hospital,Oromia,0.7424088716506958,nifas silk health center woreda:Dukem region:Oromia zone:Zone 2,nifas silk referral hospital woreda:Bishoftu region:Oromia zone:Zone 2
MFR_000435,nifas silk health center,Oromia,DHIS2_000350,nifas silk referral hospital,Oromia,0.7390937805175781,nifas silk health center woreda:Dukem region:Oromia zone:Zone 2,nifas silk referral hospital woreda:Dukem region:Oromia zone:Zone 5
MFR_000435,nifas silk health center,Oromia,DHIS2_000380,nifas silk dispensary,Oromia,0.5865340232849121,nifas silk health center woreda:Dukem region:Oromia zone:Zone 2,nifas silk dispensary woreda:Bishoftu region:Oromia zone:Zone 1
MFR_000435,nifas silk health center,Oromia,DHIS2_000435,nifas silk health center,Oromia,0.9417902827262878,nifas silk health center woreda:Dukem region:Oromia zone:Zone 2,nifas silk health center woreda:Dukem region:Oromia zone:Zone 2
MFR_000436,nifas silk dispensary,Addis Ababa,DHIS2_000415,nifas silk clinic,Addis Ababa,0.686613917350769,nifas silk dispensary woreda:Arada region:Addis Ababa zone:Zone 5,nifas silk clinic woreda:Nifas Silk region:Addis Ababa zone:Zone 4
MFR_000436,nifas silk dispensary,Addis Ababa,DHIS2_000115,nifas silk health center,Addis Ababa,0.65865558385849,nifas silk dispensary woreda:Arada region:Addis Ababa zone:Zone 5,nifas silk health center woreda:Nifas Silk region:Addis Ababa zone:Zone 4
MFR_000436,nifas silk dispensary,Addis Ababa,DHIS2_000470,nifas silk health center,Addis Ababa,0.6801617741584778,nifas silk dispensary woreda:Arada region:Addis Ababa zone:Zone 5,nifas silk health center woreda:Arada region:Addis Ababa zone:Zone 3
MFR_000436,nifas silk dispensary,Addis Ababa,DHIS2_000191,nifas silk dispensary,Addis Ababa,0.717422604560852,nifas silk dispensary woreda:Arada region:Addis Ababa zone:Zone 5,nifas silk dispensary woreda:Arada region:Addis Ababa zone:Zone 1
MFR_000437,modjo hospital,SNNPR,DHIS2_000056,modjo health post,SNNPR,0.5814403891563416,modjo hospital woreda:Arba Minch region:SNNPR zone:Zone 2,modjo health post woreda:Hawassa region:SNNPR zone:Zone 4
MFR_000437,modjo hospital,SNNPR,DHIS2_000437,modjo hospitalital,SNNPR,0.9596195220947266,modjo hospital woreda:Arba Minch region:SNNPR zone:Zone 2,modjo hospitalital woreda:Arba Minch region:SNNPR zone:Zone 2
MFR_000437,modjo hospital,SNNPR,DHIS2_000297,modj general hospital,SNNPR,0.5907496809959412,modjo hospital woreda:Arba Minch region:SNNPR zone:Zone 2,modj general hospital woreda:Butajira region:SNNPR zone:Zone 4
MFR_000437,modjo hospital,SNNPR,DHIS2_000157,modj hospital,SNNPR,0.73460853099823,modjo hospital woreda:Arba Minch region:SNNPR zone:Zone 2,modj hospital woreda:Arba Minch region:SNNPR zone:Zone 5
MFR_000438,kirkos health center,Amhara,DHIS2_000174,kirko clinic,Amhara,0.7524904608726501,kirkos health center woreda:Gondar region:Amhara zone:Zone 1,kirko clinic woreda:Mekelle region:Amhara zone:Zone 1
MFR_000438,kirkos health center,Amhara,DHIS2_000324,kirkos clinic,Amhara,0.7720385193824768,kirkos health center woreda:Gondar region:Amhara zone:Zone 1,kirkos clinic woreda:Dessie region:Amhara zone:Zone 1
MFR_000438,kirkos health center,Amhara,DHIS2_000353,kirkos dispensary,Amhara,0.7433200478553772,kirkos health center woreda:Gondar region:Amhara zone:Zone 1,kirkos dispensary woreda:Mekelle region:Amhara zone:Zone 1
MFR_000438,kirkos health center,Amhara,DHIS2_000282,kirkos clinic,Amhara,0.8515863418579102,kirkos health center woreda:Gondar region:Amhara zone:Zone 1,kirkos clinic woreda:Gondar region:Amhara zone:Zone 2
MFR_000438,kirkos health center,Amhara,DHIS2_000438,kirkos health center,Amhara,0.9572219252586365,kirkos health center woreda:Gondar region:Amhara zone:Zone 1,kirkos health center woreda:Gondar region:Amhara zone:Zone 1
MFR_000438,kirkos health center,Amhara,DHIS2_000371,kirkos clinic,Amhara,0.6734940409660339,kirkos health center woreda:Gondar region:Amhara zone:Zone 1,kirkos clinic woreda:Mekelle region:Amhara zone:Zone 3
MFR_000438,kirkos health center,Amhara,DHIS2_000241,kirkos general hospital,Amhara,0.6985533237457275,kirkos health center woreda:Gondar region:Amhara zone:Zone 1,kirkos general hospital woreda:Bahir Dar region:Amhara zone:Zone 2
MFR_000438,kirkos health center,Amhara,DHIS2_000469,kirkos clinic,Amhara,0.8146631121635437,kirkos health center woreda:Gondar region:Amhara zone:Zone 1,kirkos clinic woreda:Gondar region:Amhara zone:Zone 3
MFR_000439,hosaena referral hospital,Amhara,DHIS2_000439,hosaen referral hospitalital,Amhara,0.9083420038223267,hosaena referral hospital woreda:Dessie region:Amhara zone:Zone 3,hosaen referral hospitalital woreda:Dessie region:Amhara zone:Zone 3
MFR_000440,adama health center,SNNPR,DHIS2_000492,adam health center,SNNPR,0.767641007900238,adama health center woreda:Hosaena region:SNNPR zone:Zone 1,adam health center woreda:Hawassa region:SNNPR zone:Zone 5
MFR_000440,adama health center,SNNPR,DHIS2_000440,adama health center,SNNPR,0.9646603465080261,adama health center woreda:Hosaena region:SNNPR zone:Zone 1,adama health center woreda:Hosaena region:SNNPR zone:Zone 1
MFR_000440,adama health center,SNNPR,DHIS2_000308,adama health post,SNNPR,0.856688916683197,adama health center woreda:Hosaena region:SNNPR zone:Zone 1,adama health post woreda:Butajira region:SNNPR zone:Zone 1
MFR_000441,hawassa general hospital,Amhara,DHIS2_000441,hawassa general hospital,Amhara,0.9441847205162048,hawassa general hospital woreda:Bahir Dar region:Amhara zone:Zone 4,hawassa general hospital woreda:Bahir Dar region:Amhara zone:Zone 4
MFR_000441,hawassa general hospital,Amhara,DHIS2_000369,hawassa dispensary,Amhara,0.5299765467643738,hawassa general hospital woreda:Bahir Dar region:Amhara zone:Zone 4,hawassa dispensary woreda:Gondar region:Amhara zone:Zone 5
MFR_000442,bahir dar clinic,Addis Ababa,DHIS2_000138,bahir dar clinic,Addis Ababa,0.7500011920928955,bahir dar clinic woreda:Addis Ketema region:Addis Ababa zone:Zone 2,bahir dar clinic woreda:Bole region:Addis Ababa zone:Zone 5
MFR_000442,bahir dar clinic,Addis Ababa,DHIS2_000177,bahir dar referral hospitalital,Addis Ababa,0.7105094194412231,bahir dar clinic woreda:Addis Ketema region:Addis Ababa zone:Zone 2,bahir dar referral hospitalital woreda:Bole region:Addis Ababa zone:Zone 1
MFR_000442,bahir dar clinic,Addis Ababa,DHIS2_000256,bahir dar health center,Addis Ababa,0.7287884950637817,bahir dar clinic woreda:Addis Ketema region:Addis Ababa zone:Zone 2,bahir dar health center woreda:Arada region:Addis Ababa zone:Zone 1
MFR_000442,bahir dar clinic,Addis Ababa,DHIS2_000290,bahir dar health center,Addis Ababa,0.7287206649780273,bahir dar clinic woreda:Addis Ketema region:Addis Ababa zone:Zone 2,bahir dar health center woreda:Kirkos region:Addis Ababa zone:Zone 4
MFR_000442,bahir dar clinic,Addis Ababa,DHIS2_000341,bahir dar hospital,Addis Ababa,0.7459539771080017,bahir dar clinic woreda:Addis Ketema region:Addis Ababa zone:Zone 2,bahir dar hospital woreda:Lideta region:Addis Ababa zone:Zone 4
MFR_000442,bahir dar clinic,Addis Ababa,DHIS2_000312,bahir dar health post,Addis Ababa,0.6808481812477112,bahir dar clinic woreda:Addis Ketema region:Addis Ababa zone:Zone 2,bahir dar health post woreda:Lideta region:Addis Ababa zone:Zone 5
MFR_000442,bahir dar clinic,Addis Ababa,DHIS2_000447,bahir dar health center,Addis Ababa,0.755909264087677,bahir dar clinic woreda:Addis Ketema region:Addis Ababa zone:Zone 2,bahir dar health center woreda:Lideta region:Addis Ababa zone:Zone 3
MFR_000442,bahir dar clinic,Addis Ababa,DHIS2_000041,bahir dar hospitalital,Addis Ababa,0.7680152058601379,bahir dar clinic woreda:Addis Ketema region:Addis Ababa zone:Zone 2,bahir dar hospitalital woreda:Arada region:Addis Ababa zone:Zone 3
MFR_000443,hosaena hospital,Addis Ababa,DHIS2_000169,hosaena general hospitalital,Addis Ababa,0.6702988147735596,hosaena hospital woreda:Lideta region:Addis Ababa zone:Zone 1,hosaena general hospitalital woreda:Bole region:Addis Ababa zone:Zone 4
MFR_000443,hosaena hospital,Addis Ababa,DHIS2_000468,hosaen general hospital,Addis Ababa,0.6744425892829895,hosaena hospital woreda:Lideta region:Addis Ababa zone:Zone 1,hosaen general hospital woreda:Addis Ketema region:Addis Ababa zone:Zone 5
MFR_000443,hosaena hospital,Addis Ababa,DHIS2_000443,hosaena hospitalital,Addis Ababa,0.9791797995567322,hosaena hospital woreda:Lideta region:Addis Ababa zone:Zone 1,hosaena hospitalital woreda:Lideta region:Addis Ababa zone:Zone 1
MFR_000444,adama referral hospital,Addis Ababa,DHIS2_000209,adama hospital,Addis Ababa,0.6147029995918274,adama referral hospital woreda:Arada region:Addis Ababa zone:Zone 5,adama hospital woreda:Kirkos region:Addis Ababa zone:Zone 3
MFR_000444,adama referral hospital,Addis Ababa,DHIS2_000130,adama referral hospitalital,Addis Ababa,0.8883793354034424,adama referral hospital woreda:Arada region:Addis Ababa zone:Zone 5,adama referral hospitalital woreda:Nifas Silk region:Addis Ababa zone:Zone 5
MFR_000445,bahir dar general hospital,Oromia,DHIS2_000195,bahir dar hospital,Oromia,0.7336517572402954,bahir dar general hospital woreda:Adama region:Oromia zone:Zone 1,bahir dar hospital woreda:Dire Dawa region:Oromia zone:Zone 4
MFR_000445,bahir dar general hospital,Oromia,DHIS2_000183,bahir dar health center,Oromia,0.8154581189155579,bahir dar general hospital woreda:Adama region:Oromia zone:Zone 1,bahir dar health center woreda:Adama region:Oromia zone:Zone 5
MFR_000445,bahir dar general hospital,Oromia,DHIS2_000490,bahir dar hospital,Oromia,0.7266064882278442,bahir dar general hospital woreda:Adama region:Oromia zone:Zone 1,bahir dar hospital woreda:Modjo region:Oromia zone:Zone 3
MFR_000445,bahir dar general hospital,Oromia,DHIS2_000295,bahir dar hospital,Oromia,0.8322287201881409,bahir dar general hospital woreda:Adama region:Oromia zone:Zone 1,bahir dar hospital woreda:Dire Dawa region:Oromia zone:Zone 1
MFR_000445,bahir dar general hospital,Oromia,DHIS2_000270,bahir dar health post,Oromia,0.6501898765563965,bahir dar general hospital woreda:Adama region:Oromia zone:Zone 1,bahir dar health post woreda:Bishoftu region:Oromia zone:Zone 5
MFR_000446,hosaena health post,Oromia,DHIS2_000322,hosaena health post,Oromia,0.575562596321106,hosaena health post woreda:Dire Dawa region:Oromia zone:Zone 5,hosaena health post woreda:Adama region:Oromia zone:Zone 4
MFR_000446,hosaena health post,Oromia,DHIS2_000063,hosaena health center,Oromia,0.4991983473300934,hosaena health post woreda:Dire Dawa region:Oromia zone:Zone 5,hosaena health center woreda:Adama region:Oromia zone:Zone 1
MFR_000447,bahir dar health center,Addis Ababa,DHIS2_000138,bahir dar clinic,Addis Ababa,0.620342493057251,bahir dar health center woreda:Lideta region:Addis Ababa zone:Zone 3,bahir dar clinic woreda:Bole region:Addis Ababa zone:Zone 5
MFR_000447,bahir dar health center,Addis Ababa,DHIS2_000177,bahir dar referral hospitalital,Addis Ababa,0.5806853175163269,bahir dar health center woreda:Lideta region:Addis Ababa zone:Zone 3,bahir dar referral hospitalital woreda:Bole region:Addis Ababa zone:Zone 1
MFR_000447,bahir dar health center,Addis Ababa,DHIS2_000256,bahir dar health center,Addis Ababa,0.6811239719390869,bahir dar health center woreda:Lideta region:Addis Ababa zone:Zone 3,bahir dar health center woreda:Arada region:Addis Ababa zone:Zone 1
MFR_000447,bahir dar health center,Addis Ababa,DHIS2_000290,bahir dar health center,Addis Ababa,0.7053502798080444,bahir dar health center woreda:Lideta region:Addis Ababa zone:Zone 3,bahir dar health center woreda:Kirkos region:Addis Ababa zone:Zone 4
MFR_000447,bahir dar health center,Addis Ababa,DHIS2_000341,bahir dar hospital,Addis Ababa,0.7864557504653931,bahir dar health center woreda:Lideta region:Addis Ababa zone:Zone 3,bahir dar hospital woreda:Lideta region:Addis Ababa zone:Zone 4
MFR_000447,bahir dar health center,Addis Ababa,DHIS2_000312,bahir dar health post,Addis Ababa,0.7537282109260559,bahir dar health center woreda:Lideta region:Addis Ababa zone:Zone 3,bahir dar health post woreda:Lideta region:Addis Ababa zone:Zone 5
MFR_000447,bahir dar health center,Addis Ababa,DHIS2_000447,bahir dar health center,Addis Ababa,0.9713584184646606,bahir dar health center woreda:Lideta region:Addis Ababa zone:Zone 3,bahir dar health center woreda:Lideta region:Addis Ababa zone:Zone 3
MFR_000447,bahir dar health center,Addis Ababa,DHIS2_000041,bahir dar hospitalital,Addis Ababa,0.8143879175186157,bahir dar health center woreda:Lideta region:Addis Ababa zone:Zone 3,bahir dar hospitalital woreda:Arada region:Addis Ababa zone:Zone 3
MFR_000448,dukem health post,Oromia,DHIS2_000448,dukem health post,Oromia,0.9201450943946838,dukem health post woreda:Dukem region:Oromia zone:Zone 3,dukem health post woreda:Dukem region:Oromia zone:Zone 3
MFR_000449,butajira clinic,Oromia,DHIS2_000094,butajira health post,Oromia,0.5255553722381592,butajira clinic woreda:Bishoftu region:Oromia zone:Zone 3,butajira health post woreda:Modjo region:Oromia zone:Zone 4
MFR_000449,butajira clinic,Oromia,DHIS2_000398,butajir hospital,Oromia,0.5149145126342773,butajira clinic woreda:Bishoftu region:Oromia zone:Zone 3,butajir hospital woreda:Dukem region:Oromia zone:Zone 2
MFR_000449,butajira clinic,Oromia,DHIS2_000449,butajira clinic,Oromia,0.9353448748588562,butajira clinic woreda:Bishoftu region:Oromia zone:Zone 3,butajira clinic woreda:Bishoftu region:Oromia zone:Zone 3
MFR_000449,butajira clinic,Oromia,DHIS2_000099,butajira referral hospitalital,Oromia,0.5023691058158875,butajira clinic woreda:Bishoftu region:Oromia zone:Zone 3,butajira referral hospitalital woreda:Adama region:Oromia zone:Zone 5
MFR_000449,butajira clinic,Oromia,DHIS2_000216,butajir dispensary,Oromia,0.6166484951972961,butajira clinic woreda:Bishoftu region:Oromia zone:Zone 3,butajir dispensary woreda:Dukem region:Oromia zone:Zone 3
MFR_000450,dukem health center,Amhara,DHIS2_000024,dukem health post,Amhara,0.7487637400627136,dukem health center woreda:Gondar region:Amhara zone:Zone 2,dukem health post woreda:Gondar region:Amhara zone:Zone 1
MFR_000450,dukem health center,Amhara,DHIS2_000008,dukem health post,Amhara,0.6156560778617859,dukem health center woreda:Gondar region:Amhara zone:Zone 2,dukem health post woreda:Dessie region:Amhara zone:Zone 4
MFR_000450,dukem health center,Amhara,DHIS2_000128,dukem health center,Amhara,0.6746705174446106,dukem health center woreda:Gondar region:Amhara zone:Zone 2,dukem health center woreda:Dessie region:Amhara zone:Zone 4
MFR_000451,dessie health center,Amhara,DHIS2_000451,dessie health center,Amhara,0.9545356631278992,dessie health center woreda:Gondar region:Amhara zone:Zone 2,dessie health center woreda:Gondar region:Amhara zone:Zone 2
MFR_000451,dessie health center,Amhara,DHIS2_000117,dessie health center,Amhara,0.6824060082435608,dessie health center woreda:Gondar region:Amhara zone:Zone 2,dessie health center woreda:Dessie region:Amhara zone:Zone 1
MFR_000451,dessie health center,Amhara,DHIS2_000159,dessi health center,Amhara,0.7545545101165771,dessie health center woreda:Gondar region:Amhara zone:Zone 2,dessi health center woreda:Gondar region:Amhara zone:Zone 3
MFR_000451,dessie health center,Amhara,DHIS2_000450,duke health center,Amhara,0.6454766988754272,dessie health center woreda:Gondar region:Amhara zone:Zone 2,duke health center woreda:Gondar region:Amhara zone:Zone 2
MFR_000451,dessie health center,Amhara,DHIS2_000082,dessie health post,Amhara,0.611254096031189,dessie health center woreda:Gondar region:Amhara zone:Zone 2,dessie health post woreda:Dessie region:Amhara zone:Zone 5
MFR_000451,dessie health center,Amhara,DHIS2_000285,dessie health center,Amhara,0.6802307963371277,dessie health center woreda:Gondar region:Amhara zone:Zone 2,dessie health center woreda:Bahir Dar region:Amhara zone:Zone 1
MFR_000451,dessie health center,Amhara,DHIS2_000042,dessie health center,Amhara,0.7097233533859253,dessie health center woreda:Gondar region:Amhara zone:Zone 2,dessie health center woreda:Mekelle region:Amhara zone:Zone 3
MFR_000451,dessie health center,Amhara,DHIS2_000227,dessie general hospital,Amhara,0.6437095999717712,dessie health center woreda:Gondar region:Amhara zone:Zone 2,dessie general hospital woreda:Dessie region:Amhara zone:Zone 4
MFR_000451,dessie health center,Amhara,DHIS2_000489,dessie health post,Amhara,0.7831789255142212,dessie health center woreda:Gondar region:Amhara zone:Zone 2,dessie health post woreda:Bahir Dar region:Amhara zone:Zone 2
MFR_000452,kirkos health center,Oromia,DHIS2_000452,kirkos health center,Oromia,0.9839038848876953,kirkos health center woreda:Dire Dawa region:Oromia zone:Zone 1,kirkos health center woreda:Dire Dawa region:Oromia zone:Zone 1
MFR_000452,kirkos health center,Oromia,DHIS2_000333,kirkos clinic,Oromia,0.6360411643981934,kirkos health center woreda:Dire Dawa region:Oromia zone:Zone 1,kirkos clinic woreda:Bishoftu region:Oromia zone:Zone 4
MFR_000452,kirkos health center,Oromia,DHIS2_000043,kirkos hospitalital,Oromia,0.7340893149375916,kirkos health center woreda:Dire Dawa region:Oromia zone:Zone 1,kirkos hospitalital woreda:Dukem region:Oromia zone:Zone 1
MFR_000452,kirkos health center,Oromia,DHIS2_000463,kirkos health post,Oromia,0.6184711456298828,kirkos health center woreda:Dire Dawa region:Oromia zone:Zone 1,kirkos health post woreda:Modjo region:Oromia zone:Zone 4
MFR_000452,kirkos health center,Oromia,DHIS2_000366,kirkos health center,Oromia,0.9839037656784058,kirkos health center woreda:Dire Dawa region:Oromia zone:Zone 1,kirkos health center woreda:Dire Dawa region:Oromia zone:Zone 1
MFR_000452,kirkos health center,Oromia,DHIS2_000197,kirko hospitalital,Oromia,0.8632977604866028,kirkos health center woreda:Dire Dawa region:Oromia zone:Zone 1,kirko hospitalital woreda:Dire Dawa region:Oromia zone:Zone 2
MFR_000452,kirkos health center,Oromia,DHIS2_000283,kirkos clinic,Oromia,0.6177217960357666,kirkos health center woreda:Dire Dawa region:Oromia zone:Zone 1,kirkos clinic woreda:Dukem region:Oromia zone:Zone 4
MFR_000453,modjo dispensary,SNNPR,DHIS2_000453,modjo dispensary,SNNPR,0.9227994084358215,modjo dispensary woreda:Hawassa region:SNNPR zone:Zone 3,modjo dispensary woreda:Hawassa region:SNNPR zone:Zone 3
MFR_000454,adama referral hospital,Amhara,DHIS2_000454,adam referral hospitalital,Amhara,0.9292050004005432,adama referral hospital woreda:Mekelle region:Amhara zone:Zone 1,adam referral hospitalital woreda:Mekelle region:Amhara zone:Zone 1
MFR_000454,adama referral hospital,Amhara,DHIS2_000036,adama referral hospital,Amhara,0.7076987624168396,adama referral hospital woreda:Mekelle region:Amhara zone:Zone 1,adama referral hospital woreda:Dessie region:Amhara zone:Zone 2
MFR_000454,adama referral hospital,Amhara,DHIS2_000310,adama hospital,Amhara,0.7926232218742371,adama referral hospital woreda:Mekelle region:Amhara zone:Zone 1,adama hospital woreda:Mekelle region:Amhara zone:Zone 4
MFR_000455,nifas silk dispensary,Amhara,DHIS2_000064,nifas silk hospital,Amhara,0.6295691728591919,nifas silk dispensary woreda:Gondar region:Amhara zone:Zone 1,nifas silk hospital woreda:Bahir Dar region:Amhara zone:Zone 5
MFR_000455,nifas silk dispensary,Amhara,DHIS2_000330,nifas silk health center,Amhara,0.6648765802383423,nifas silk dispensary woreda:Gondar region:Amhara zone:Zone 1,nifas silk health center woreda:Bahir Dar region:Amhara zone:Zone 2
MFR_000455,nifas silk dispensary,Amhara,DHIS2_000455,nifas silk dispensary,Amhara,0.9418742060661316,nifas silk dispensary woreda:Gondar region:Amhara zone:Zone 1,nifas silk dispensary woreda:Gondar region:Amhara zone:Zone 1
MFR_000455,nifas silk dispensary,Amhara,DHIS2_000229,nifas silk health post,Amhara,0.6463384628295898,nifas silk dispensary woreda:Gondar region:Amhara zone:Zone 1,nifas silk health post woreda:Mekelle region:Amhara zone:Zone 2
MFR_000455,nifas silk dispensary,Amhara,DHIS2_000126,nifas silk clinic,Amhara,0.7609606385231018,nifas silk dispensary woreda:Gondar region:Amhara zone:Zone 1,nifas silk clinic woreda:Dessie region:Amhara zone:Zone 1
MFR_000455,nifas silk dispensary,Amhara,DHIS2_000028,nifas silk clinic,Amhara,0.6462927460670471,nifas silk dispensary woreda:Gondar region:Amhara zone:Zone 1,nifas silk clinic woreda:Mekelle region:Amhara zone:Zone 4
MFR_000456,modjo hospital,Oromia,DHIS2_000456,modj hospitalital,Oromia,0.9365224242210388,modjo hospital woreda:Modjo region:Oromia zone:Zone 2,modj hospitalital woreda:Modjo region:Oromia zone:Zone 2
MFR_000456,modjo hospital,Oromia,DHIS2_000472,modj hospital,Oromia,0.6847515106201172,modjo hospital woreda:Modjo region:Oromia zone:Zone 2,modj hospital woreda:Bishoftu region:Oromia zone:Zone 5
MFR_000456,modjo hospital,Oromia,DHIS2_000142,modjo general hospital,Oromia,0.9483759999275208,modjo hospital woreda:Modjo region:Oromia zone:Zone 2,modjo general hospital woreda:Dukem region:Oromia zone:Zone 2
MFR_000456,modjo hospital,Oromia,DHIS2_000431,modjo health post,Oromia,0.871436357498169,modjo hospital woreda:Modjo region:Oromia zone:Zone 2,modjo health post woreda:Adama region:Oromia zone:Zone 2
MFR_000458,dessie referral hospital,SNNPR,DHIS2_000315,dessie referral hospitalital,SNNPR,0.8362948894500732,dessie referral hospital woreda:Hawassa region:SNNPR zone:Zone 5,dessie referral hospitalital woreda:Arba Minch region:SNNPR zone:Zone 5
MFR_000458,dessie referral hospital,SNNPR,DHIS2_000165,dessie referral hospital,SNNPR,0.7485759854316711,dessie referral hospital woreda:Hawassa region:SNNPR zone:Zone 5,dessie referral hospital woreda:Hawassa region:SNNPR zone:Zone 3
MFR_000458,dessie referral hospital,SNNPR,DHIS2_000458,dessi referral hospital,SNNPR,0.8822497725486755,dessie referral hospital woreda:Hawassa region:SNNPR zone:Zone 5,dessi referral hospital woreda:Hawassa region:SNNPR zone:Zone 5
MFR_000459,nifas silk clinic,Oromia,DHIS2_000070,nifas silk health center,Oromia,0.6582220792770386,nifas silk clinic woreda:Modjo region:Oromia zone:Zone 3,nifas silk health center woreda:Dire Dawa region:Oromia zone:Zone 2
MFR_000459,nifas silk clinic,Oromia,DHIS2_000181,nifas silk dispensary,Oromia,0.767453134059906,nifas silk clinic woreda:Modjo region:Oromia zone:Zone 3,nifas silk dispensary woreda:Modjo region:Oromia zone:Zone 2
MFR_000459,nifas silk clinic,Oromia,DHIS2_000479,nifas silk referral hospital,Oromia,0.6498970985412598,nifas silk clinic woreda:Modjo region:Oromia zone:Zone 3,nifas silk referral hospital woreda:Bishoftu region:Oromia zone:Zone 2
MFR_000459,nifas silk clinic,Oromia,DHIS2_000350,nifas silk referral hospital,Oromia,0.5778659582138062,nifas silk clinic woreda:Modjo region:Oromia zone:Zone 3,nifas silk referral hospital woreda:Dukem region:Oromia zone:Zone 5
MFR_000459,nifas silk clinic,Oromia,DHIS2_000380,nifas silk dispensary,Oromia,0.5722891092300415,nifas silk clinic woreda:Modjo region:Oromia zone:Zone 3,nifas silk dispensary woreda:Bishoftu region:Oromia zone:Zone 1
MFR_000459,nifas silk clinic,Oromia,DHIS2_000435,nifas silk health center,Oromia,0.6303530931472778,nifas silk clinic woreda:Modjo region:Oromia zone:Zone 3,nifas silk health center woreda:Dukem region:Oromia zone:Zone 2
MFR_000460,modjo health center,Oromia,DHIS2_000142,modjo general hospital,Oromia,0.7218198180198669,modjo health center woreda:Modjo region:Oromia zone:Zone 4,modjo general hospital woreda:Dukem region:Oromia zone:Zone 2
MFR_000460,modjo health center,Oromia,DHIS2_000431,modjo health post,Oromia,0.726966917514801,modjo health center woreda:Modjo region:Oromia zone:Zone 4,modjo health post woreda:Adama region:Oromia zone:Zone 2
MFR_000461,bole clinic,Addis Ababa,DHIS2_000461,bole clinic,Addis Ababa,0.9610339403152466,bole clinic woreda:Bole region:Addis Ababa zone:Zone 2,bole clinic woreda:Bole region:Addis Ababa zone:Zone 2
MFR_000461,bole clinic,Addis Ababa,DHIS2_000499,bole dispensary,Addis Ababa,0.7170292735099792,bole clinic woreda:Bole region:Addis Ababa zone:Zone 2,bole dispensary woreda:Lideta region:Addis Ababa zone:Zone 4
MFR_000461,bole clinic,Addis Ababa,DHIS2_000390,bole clinic,Addis Ababa,0.7464814186096191,bole clinic woreda:Bole region:Addis Ababa zone:Zone 2,bole clinic woreda:Nifas Silk region:Addis Ababa zone:Zone 5
MFR_000462,dire dawa general hospital,Oromia,DHIS2_000462,dir dawa general hospitalital,Oromia,0.9360239505767822,dire dawa general hospital woreda:Dire Dawa region:Oromia zone:Zone 1,dir dawa general hospitalital woreda:Dire Dawa region:Oromia zone:Zone 1
MFR_000462,dire dawa general hospital,Oromia,DHIS2_000132,dire dawa hospitalital,Oromia,0.8267332315444946,dire dawa general hospital woreda:Dire Dawa region:Oromia zone:Zone 1,dire dawa hospitalital woreda:Adama region:Oromia zone:Zone 3
MFR_000462,dire dawa general hospital,Oromia,DHIS2_000026,dire dawa general hospitalital,Oromia,0.825327455997467,dire dawa general hospital woreda:Dire Dawa region:Oromia zone:Zone 1,dire dawa general hospitalital woreda:Dukem region:Oromia zone:Zone 4
MFR_000462,dire dawa general hospital,Oromia,DHIS2_000207,dire dawa dispensary,Oromia,0.8298597931861877,dire dawa general hospital woreda:Dire Dawa region:Oromia zone:Zone 1,dire dawa dispensary woreda:Dire Dawa region:Oromia zone:Zone 2
MFR_000463,kirkos health post,Oromia,DHIS2_000452,kirkos health center,Oromia,0.5355504155158997,kirkos health post woreda:Modjo region:Oromia zone:Zone 4,kirkos health center woreda:Dire Dawa region:Oromia zone:Zone 1
MFR_000463,kirkos health post,Oromia,DHIS2_000333,kirkos clinic,Oromia,0.7276378870010376,kirkos health post woreda:Modjo region:Oromia zone:Zone 4,kirkos clinic woreda:Bishoftu region:Oromia zone:Zone 4
MFR_000463,kirkos health post,Oromia,DHIS2_000043,kirkos hospitalital,Oromia,0.48734697699546814,kirkos health post woreda:Modjo region:Oromia zone:Zone 4,kirkos hospitalital woreda:Dukem region:Oromia zone:Zone 1
MFR_000463,kirkos health post,Oromia,DHIS2_000463,kirkos health post,Oromia,0.9533756971359253,kirkos health post woreda:Modjo region:Oromia zone:Zone 4,kirkos health post woreda:Modjo region:Oromia zone:Zone 4
MFR_000463,kirkos health post,Oromia,DHIS2_000366,kirkos health center,Oromia,0.5355504155158997,kirkos health post woreda:Modjo region:Oromia zone:Zone 4,kirkos health center woreda:Dire Dawa region:Oromia zone:Zone 1
MFR_000463,kirkos health post,Oromia,DHIS2_000197,kirko hospitalital,Oromia,0.5666632652282715,kirkos health post woreda:Modjo region:Oromia zone:Zone 4,kirko hospitalital woreda:Dire Dawa region:Oromia zone:Zone 2
MFR_000463,kirkos health post,Oromia,DHIS2_000283,kirkos clinic,Oromia,0.7005342841148376,kirkos health post woreda:Modjo region:Oromia zone:Zone 4,kirkos clinic woreda:Dukem region:Oromia zone:Zone 4
MFR_000464,modjo referral hospital,Addis Ababa,DHIS2_000464,modj referral hospital,Addis Ababa,0.9088817834854126,modjo referral hospital woreda:Arada region:Addis Ababa zone:Zone 3,modj referral hospital woreda:Arada region:Addis Ababa zone:Zone 3
MFR_000465,bahir dar health center,SNNPR,DHIS2_000279,bahir dar general hospitalital,SNNPR,0.9102464914321899,bahir dar health center woreda:Hosaena region:SNNPR zone:Zone 2,bahir dar general hospitalital woreda:Hosaena region:SNNPR zone:Zone 2
MFR_000465,bahir dar health center,SNNPR,DHIS2_000465,bahir dar health center,SNNPR,0.9505791068077087,bahir dar health center woreda:Hosaena region:SNNPR zone:Zone 2,bahir dar health center woreda:Hosaena region:SNNPR zone:Zone 2
MFR_000465,bahir dar health center,SNNPR,DHIS2_000137,bahir dar health post,SNNPR,0.7758636474609375,bahir dar health center woreda:Hosaena region:SNNPR zone:Zone 2,bahir dar health post woreda:Hosaena region:SNNPR zone:Zone 1
MFR_000465,bahir dar health center,SNNPR,DHIS2_000485,bahir dar general hospitalital,SNNPR,0.8424990773200989,bahir dar health center woreda:Hosaena region:SNNPR zone:Zone 2,bahir dar general hospitalital woreda:Arba Minch region:SNNPR zone:Zone 2
MFR_000465,bahir dar health center,SNNPR,DHIS2_000268,bahir dar dispensary,SNNPR,0.6336170434951782,bahir dar health center woreda:Hosaena region:SNNPR zone:Zone 2,bahir dar dispensary woreda:Arba Minch region:SNNPR zone:Zone 5
MFR_000466,gondar referral hospital,Amhara,DHIS2_000466,gonda referral hospital,Amhara,0.9199309349060059,gondar referral hospital woreda:Bahir Dar region:Amhara zone:Zone 5,gonda referral hospital woreda:Bahir Dar region:Amhara zone:Zone 5
MFR_000466,gondar referral hospital,Amhara,DHIS2_000020,gondar general hospitalital,Amhara,0.5086223483085632,gondar referral hospital woreda:Bahir Dar region:Amhara zone:Zone 5,gondar general hospitalital woreda:Mekelle region:Amhara zone:Zone 3
MFR_000466,gondar referral hospital,Amhara,DHIS2_000178,gondar referral hospitalital,Amhara,0.7301306128501892,gondar referral hospital woreda:Bahir Dar region:Amhara zone:Zone 5,gondar referral hospitalital woreda:Bahir Dar region:Amhara zone:Zone 2
MFR_000466,gondar referral hospital,Amhara,DHIS2_000488,gondar clinic,Amhara,0.5526065230369568,gondar referral hospital woreda:Bahir Dar region:Amhara zone:Zone 5,gondar clinic woreda:Gondar region:Amhara zone:Zone 4
MFR_000466,gondar referral hospital,Amhara,DHIS2_000029,gondar health post,Amhara,0.4272397458553314,gondar referral hospital woreda:Bahir Dar region:Amhara zone:Zone 5,gondar health post woreda:Mekelle region:Amhara zone:Zone 2
MFR_000467,bahir dar hospital,SNNPR,DHIS2_000279,bahir dar general hospitalital,SNNPR,0.8877457976341248,bahir dar hospital woreda:Hawassa region:SNNPR zone:Zone 2,bahir dar general hospitalital woreda:Hosaena region:SNNPR zone:Zone 2
MFR_000467,bahir dar hospital,SNNPR,DHIS2_000465,bahir dar health center,SNNPR,0.8836233019828796,bahir dar hospital woreda:Hawassa region:SNNPR zone:Zone 2,bahir dar health center woreda:Hosaena region:SNNPR zone:Zone 2
MFR_000467,bahir dar hospital,SNNPR,DHIS2_000137,bahir dar health post,SNNPR,0.680702269077301,bahir dar hospital woreda:Hawassa region:SNNPR zone:Zone 2,bahir dar health post woreda:Hosaena region:SNNPR zone:Zone 1
MFR_000467,bahir dar hospital,SNNPR,DHIS2_000485,bahir dar general hospitalital,SNNPR,0.8425891995429993,bahir dar hospital woreda:Hawassa region:SNNPR zone:Zone 2,bahir dar general hospitalital woreda:Arba Minch region:SNNPR zone:Zone 2
MFR_000467,bahir dar hospital,SNNPR,DHIS2_000268,bahir dar dispensary,SNNPR,0.6297345757484436,bahir dar hospital woreda:Hawassa region:SNNPR zone:Zone 2,bahir dar dispensary woreda:Arba Minch region:SNNPR zone:Zone 5
MFR_000468,hosaena general hospital,Addis Ababa,DHIS2_000169,hosaena general hospitalital,Addis Ababa,0.7122405767440796,hosaena general hospital woreda:Addis Ketema region:Addis Ababa zone:Zone 5,hosaena general hospitalital woreda:Bole region:Addis Ababa zone:Zone 4
MFR_000468,hosaena general hospital,Addis Ababa,DHIS2_000468,hosaen general hospital,Addis Ababa,0.9340858459472656,hosaena general hospital woreda:Addis Ketema region:Addis Ababa zone:Zone 5,hosaen general hospital woreda:Addis Ketema region:Addis Ababa zone:Zone 5
MFR_000468,hosaena general hospital,Addis Ababa,DHIS2_000443,hosaena hospitalital,Addis Ababa,0.6544080376625061,hosaena general hospital woreda:Addis Ketema region:Addis Ababa zone:Zone 5,hosaena hospitalital woreda:Lideta region:Addis Ababa zone:Zone 1
MFR_000469,kirkos clinic,Amhara,DHIS2_000174,kirko clinic,Amhara,0.6138269901275635,kirkos clinic woreda:Gondar region:Amhara zone:Zone 3,kirko clinic woreda:Mekelle region:Amhara zone:Zone 1
MFR_000469,kirkos clinic,Amhara,DHIS2_000324,kirkos clinic,Amhara,0.6214252710342407,kirkos clinic woreda:Gondar region:Amhara zone:Zone 3,kirkos clinic woreda:Dessie region:Amhara zone:Zone 1
MFR_000469,kirkos clinic,Amhara,DHIS2_000353,kirkos dispensary,Amhara,0.5680385828018188,kirkos clinic woreda:Gondar region:Amhara zone:Zone 3,kirkos dispensary woreda:Mekelle region:Amhara zone:Zone 1
MFR_000469,kirkos clinic,Amhara,DHIS2_000282,kirkos clinic,Amhara,0.8001397848129272,kirkos clinic woreda:Gondar region:Amhara zone:Zone 3,kirkos clinic woreda:Gondar region:Amhara zone:Zone 2
MFR_000469,kirkos clinic,Amhara,DHIS2_000438,kirkos health center,Amhara,0.7022533416748047,kirkos clinic woreda:Gondar region:Amhara zone:Zone 3,kirkos health center woreda:Gondar region:Amhara zone:Zone 1
MFR_000469,kirkos clinic,Amhara,DHIS2_000371,kirkos clinic,Amhara,0.803858757019043,kirkos clinic woreda:Gondar region:Amhara zone:Zone 3,kirkos clinic woreda:Mekelle region:Amhara zone:Zone 3
MFR_000469,kirkos clinic,Amhara,DHIS2_000241,kirkos general hospital,Amhara,0.6461304426193237,kirkos clinic woreda:Gondar region:Amhara zone:Zone 3,kirkos general hospital woreda:Bahir Dar region:Amhara zone:Zone 2
MFR_000469,kirkos clinic,Amhara,DHIS2_000469,kirkos clinic,Amhara,0.9246113300323486,kirkos clinic woreda:Gondar region:Amhara zone:Zone 3,kirkos clinic woreda:Gondar region:Amhara zone:Zone 3
MFR_000470,nifas silk health center,Addis Ababa,DHIS2_000415,nifas silk clinic,Addis Ababa,0.7077866196632385,nifas silk health center woreda:Arada region:Addis Ababa zone:Zone 3,nifas silk clinic woreda:Nifas Silk region:Addis Ababa zone:Zone 4
MFR_000470,nifas silk health center,Addis Ababa,DHIS2_000115,nifas silk health center,Addis Ababa,0.7336283326148987,nifas silk health center woreda:Arada region:Addis Ababa zone:Zone 3,nifas silk health center woreda:Nifas Silk region:Addis Ababa zone:Zone 4
MFR_000470,nifas silk health center,Addis Ababa,DHIS2_000470,nifas silk health center,Addis Ababa,0.9550058245658875,nifas silk health center woreda:Arada region:Addis Ababa zone:Zone 3,nifas silk health center woreda:Arada region:Addis Ababa zone:Zone 3
MFR_000470,nifas silk health center,Addis Ababa,DHIS2_000191,nifas silk dispensary,Addis Ababa,0.6879003047943115,nifas silk health center woreda:Arada region:Addis Ababa zone:Zone 3,nifas silk dispensary woreda:Arada region:Addis Ababa zone:Zone 1
MFR_000471,dessie health post,Addis Ababa,DHIS2_000010,dessie health center,Addis Ababa,0.5087980628013611,dessie health post woreda:Nifas Silk region:Addis Ababa zone:Zone 5,dessie health center woreda:Arada region:Addis Ababa zone:Zone 3
MFR_000471,dessie health post,Addis Ababa,DHIS2_000173,dessie hospital,Addis Ababa,0.42515575885772705,dessie health post woreda:Nifas Silk region:Addis Ababa zone:Zone 5,dessie hospital woreda:Bole region:Addis Ababa zone:Zone 3
MFR_000471,dessie health post,Addis Ababa,DHIS2_000302,dessie health center,Addis Ababa,0.5062559843063354,dessie health post woreda:Nifas Silk region:Addis Ababa zone:Zone 5,dessie health center woreda:Addis Ketema region:Addis Ababa zone:Zone 1
MFR_000471,dessie health post,Addis Ababa,DHIS2_000471,dessi health post,Addis Ababa,0.8766019940376282,dessie health post woreda:Nifas Silk region:Addis Ababa zone:Zone 5,dessi health post woreda:Nifas Silk region:Addis Ababa zone:Zone 5
MFR_000471,dessie health post,Addis Ababa,DHIS2_000106,dessie health post,Addis Ababa,0.5640916228294373,dessie health post woreda:Nifas Silk region:Addis Ababa zone:Zone 5,dessie health post woreda:Arada region:Addis Ababa zone:Zone 3
MFR_000472,modjo hospital,Oromia,DHIS2_000456,modj hospitalital,Oromia,0.5881234407424927,modjo hospital woreda:Bishoftu region:Oromia zone:Zone 5,modj hospitalital woreda:Modjo region:Oromia zone:Zone 2
MFR_000472,modjo hospital,Oromia,DHIS2_000472,modj hospital,Oromia,0.9199872612953186,modjo hospital woreda:Bishoftu region:Oromia zone:Zone 5,modj hospital woreda:Bishoftu region:Oromia zone:Zone 5
MFR_000472,modjo hospital,Oromia,DHIS2_000142,modjo general hospital,Oromia,0.6086469888687134,modjo hospital woreda:Bishoftu region:Oromia zone:Zone 5,modjo general hospital woreda:Dukem region:Oromia zone:Zone 2
MFR_000472,modjo hospital,Oromia,DHIS2_000431,modjo health post,Oromia,0.514676034450531,modjo hospital woreda:Bishoftu region:Oromia zone:Zone 5,modjo health post woreda:Adama region:Oromia zone:Zone 2
MFR_000473,gondar clinic,SNNPR,DHIS2_000040,gondar referral hospital,SNNPR,0.8316672444343567,gondar clinic woreda:Hosaena region:SNNPR zone:Zone 3,gondar referral hospital woreda:Butajira region:SNNPR zone:Zone 3
MFR_000473,gondar clinic,SNNPR,DHIS2_000027,gondar hospital,SNNPR,0.8693801164627075,gondar clinic woreda:Hosaena region:SNNPR zone:Zone 3,gondar hospital woreda:Hawassa region:SNNPR zone:Zone 3
MFR_000473,gondar clinic,SNNPR,DHIS2_000405,gondar hospitalital,SNNPR,0.9003913998603821,gondar clinic woreda:Hosaena region:SNNPR zone:Zone 3,gondar hospitalital woreda:Hosaena region:SNNPR zone:Zone 3
MFR_000473,gondar clinic,SNNPR,DHIS2_000259,gondar clinic,SNNPR,0.8947348594665527,gondar clinic woreda:Hosaena region:SNNPR zone:Zone 3,gondar clinic woreda:Hawassa region:SNNPR zone:Zone 3
MFR_000473,gondar clinic,SNNPR,DHIS2_000225,gondar health post,SNNPR,0.5842673182487488,gondar clinic woreda:Hosaena region:SNNPR zone:Zone 3,gondar health post woreda:Butajira region:SNNPR zone:Zone 5
MFR_000473,gondar clinic,SNNPR,DHIS2_000286,gonda referral hospitalital,SNNPR,0.6484499573707581,gondar clinic woreda:Hosaena region:SNNPR zone:Zone 3,gonda referral hospitalital woreda:Hosaena region:SNNPR zone:Zone 1
MFR_000473,gondar clinic,SNNPR,DHIS2_000243,gondar general hospital,SNNPR,0.6589518785476685,gondar clinic woreda:Hosaena region:SNNPR zone:Zone 3,gondar general hospital woreda:Hawassa region:SNNPR zone:Zone 5
MFR_000473,gondar clinic,SNNPR,DHIS2_000255,gondar health center,SNNPR,0.6858100891113281,gondar clinic woreda:Hosaena region:SNNPR zone:Zone 3,gondar health center woreda:Butajira region:SNNPR zone:Zone 2
MFR_000474,kirkos hospital,Oromia,DHIS2_000452,kirkos health center,Oromia,0.6022024154663086,kirkos hospital woreda:Modjo region:Oromia zone:Zone 3,kirkos health center woreda:Dire Dawa region:Oromia zone:Zone 1
MFR_000474,kirkos hospital,Oromia,DHIS2_000333,kirkos clinic,Oromia,0.6608161926269531,kirkos hospital woreda:Modjo region:Oromia zone:Zone 3,kirkos clinic woreda:Bishoftu region:Oromia zone:Zone 4
MFR_000474,kirkos hospital,Oromia,DHIS2_000043,kirkos hospitalital,Oromia,0.5897737741470337,kirkos hospital woreda:Modjo region:Oromia zone:Zone 3,kirkos hospitalital woreda:Dukem region:Oromia zone:Zone 1
MFR_000474,kirkos hospital,Oromia,DHIS2_000463,kirkos health post,Oromia,0.7356458306312561,kirkos hospital woreda:Modjo region:Oromia zone:Zone 3,kirkos health post woreda:Modjo region:Oromia zone:Zone 4
MFR_000474,kirkos hospital,Oromia,DHIS2_000366,kirkos health center,Oromia,0.602202296257019,kirkos hospital woreda:Modjo region:Oromia zone:Zone 3,kirkos health center woreda:Dire Dawa region:Oromia zone:Zone 1
MFR_000474,kirkos hospital,Oromia,DHIS2_000197,kirko hospitalital,Oromia,0.6893830299377441,kirkos hospital woreda:Modjo region:Oromia zone:Zone 3,kirko hospitalital woreda:Dire Dawa region:Oromia zone:Zone 2
MFR_000474,kirkos hospital,Oromia,DHIS2_000283,kirkos clinic,Oromia,0.6283377408981323,kirkos hospital woreda:Modjo region:Oromia zone:Zone 3,kirkos clinic woreda:Dukem region:Oromia zone:Zone 4
MFR_000475,dessie dispensary,SNNPR,DHIS2_000475,dessie dispensary,SNNPR,0.9365986585617065,dessie dispensary woreda:Hosaena region:SNNPR zone:Zone 2,dessie dispensary woreda:Hosaena region:SNNPR zone:Zone 2
MFR_000476,modjo hospital,Amhara,DHIS2_000476,modjo hospital,Amhara,0.9622591137886047,modjo hospital woreda:Bahir Dar region:Amhara zone:Zone 1,modjo hospital woreda:Bahir Dar region:Amhara zone:Zone 1
MFR_000476,modjo hospital,Amhara,DHIS2_000483,modjo clinic,Amhara,0.9442146420478821,modjo hospital woreda:Bahir Dar region:Amhara zone:Zone 1,modjo clinic woreda:Bahir Dar region:Amhara zone:Zone 1
MFR_000477,adama health center,Amhara,DHIS2_000204,adama health center,Amhara,0.7470733523368835,adama health center woreda:Dessie region:Amhara zone:Zone 3,adama health center woreda:Dessie region:Amhara zone:Zone 1
MFR_000477,adama health center,Amhara,DHIS2_000477,adam health center,Amhara,0.9227399826049805,adama health center woreda:Dessie region:Amhara zone:Zone 3,adam health center woreda:Dessie region:Amhara zone:Zone 3
MFR_000478,hosaena dispensary,Amhara,DHIS2_000378,hosaena dispensary,Amhara,0.7508906126022339,hosaena dispensary woreda:Bahir Dar region:Amhara zone:Zone 4,hosaena dispensary woreda:Bahir Dar region:Amhara zone:Zone 5
MFR_000478,hosaena dispensary,Amhara,DHIS2_000478,hosaen dispensary,Amhara,0.9051840305328369,hosaena dispensary woreda:Bahir Dar region:Amhara zone:Zone 4,hosaen dispensary woreda:Bahir Dar region:Amhara zone:Zone 4
MFR_000478,hosaena dispensary,Amhara,DHIS2_000480,hosaena clinic,Amhara,0.7095016241073608,hosaena dispensary woreda:Bahir Dar region:Amhara zone:Zone 4,hosaena clinic woreda:Bahir Dar region:Amhara zone:Zone 2
MFR_000479,nifas silk referral hospital,Oromia,DHIS2_000070,nifas silk health center,Oromia,0.7064639925956726,nifas silk referral hospital woreda:Bishoftu region:Oromia zone:Zone 2,nifas silk health center woreda:Dire Dawa region:Oromia zone:Zone 2
MFR_000479,nifas silk referral hospital,Oromia,DHIS2_000181,nifas silk dispensary,Oromia,0.6700454354286194,nifas silk referral hospital woreda:Bishoftu region:Oromia zone:Zone 2,nifas silk dispensary woreda:Modjo region:Oromia zone:Zone 2
MFR_000479,nifas silk referral hospital,Oromia,DHIS2_000479,nifas silk referral hospital,Oromia,0.9439687132835388,nifas silk referral hospital woreda:Bishoftu region:Oromia zone:Zone 2,nifas silk referral hospital woreda:Bishoftu region:Oromia zone:Zone 2
MFR_000479,nifas silk referral hospital,Oromia,DHIS2_000350,nifas silk referral hospital,Oromia,0.5938830375671387,nifas silk referral hospital woreda:Bishoftu region:Oromia zone:Zone 2,nifas silk referral hospital woreda:Dukem region:Oromia zone:Zone 5
MFR_000479,nifas silk referral hospital,Oromia,DHIS2_000380,nifas silk dispensary,Oromia,0.7237198948860168,nifas silk referral hospital woreda:Bishoftu region:Oromia zone:Zone 2,nifas silk dispensary woreda:Bishoftu region:Oromia zone:Zone 1
MFR_000479,nifas silk referral hospital,Oromia,DHIS2_000435,nifas silk health center,Oromia,0.692146360874176,nifas silk referral hospital woreda:Bishoftu region:Oromia zone:Zone 2,nifas silk health center woreda:Dukem region:Oromia zone:Zone 2
MFR_000479,nifas silk referral hospital,Oromia,DHIS2_000501,private clinic 1,Oromia,0.06659048050642014,nifas silk referral hospital woreda:Bishoftu region:Oromia zone:Zone 2,private clinic 1 woreda:Bole region:Oromia zone:Zone 3
MFR_000480,hosaena clinic,Amhara,DHIS2_000378,hosaena dispensary,Amhara,0.7160220146179199,hosaena clinic woreda:Bahir Dar region:Amhara zone:Zone 2,hosaena dispensary woreda:Bahir Dar region:Amhara zone:Zone 5
MFR_000480,hosaena clinic,Amhara,DHIS2_000439,hosaen referral hospitalital,Amhara,0.4760162830352783,hosaena clinic woreda:Bahir Dar region:Amhara zone:Zone 2,hosaen referral hospitalital woreda:Dessie region:Amhara zone:Zone 3
MFR_000480,hosaena clinic,Amhara,DHIS2_000480,hosaena clinic,Amhara,0.9371339678764343,hosaena clinic woreda:Bahir Dar region:Amhara zone:Zone 2,hosaena clinic woreda:Bahir Dar region:Amhara zone:Zone 2
MFR_000480,hosaena clinic,Amhara,DHIS2_000119,hosaena general hospitalital,Amhara,0.9005464911460876,hosaena clinic woreda:Bahir Dar region:Amhara zone:Zone 2,hosaena general hospitalital woreda:Bahir Dar region:Amhara zone:Zone 2
MFR_000481,hawassa hospital,Addis Ababa,DHIS2_000048,hawassa health post,Addis Ababa,0.6120227575302124,hawassa hospital woreda:Arada region:Addis Ababa zone:Zone 3,hawassa health post woreda:Addis Ketema region:Addis Ababa zone:Zone 1
MFR_000482,butajira clinic,SNNPR,DHIS2_000389,butajira clinic,SNNPR,0.77419114112854,butajira clinic woreda:Arba Minch region:SNNPR zone:Zone 3,butajira clinic woreda:Butajira region:SNNPR zone:Zone 3
MFR_000482,butajira clinic,SNNPR,DHIS2_000176,butajir health center,SNNPR,0.8525210618972778,butajira clinic woreda:Arba Minch region:SNNPR zone:Zone 3,butajir health center woreda:Arba Minch region:SNNPR zone:Zone 3
MFR_000482,butajira clinic,SNNPR,DHIS2_000482,butajira clinic,SNNPR,0.946263313293457,butajira clinic woreda:Arba Minch region:SNNPR zone:Zone 3,butajira clinic woreda:Arba Minch region:SNNPR zone:Zone 3
MFR_000482,butajira clinic,SNNPR,DHIS2_000187,butajira health post,SNNPR,0.564803957939148,butajira clinic woreda:Arba Minch region:SNNPR zone:Zone 3,butajira health post woreda:Hawassa region:SNNPR zone:Zone 4
MFR_000483,modjo clinic,Amhara,DHIS2_000476,modjo hospital,Amhara,0.9243842363357544,modjo clinic woreda:Bahir Dar region:Amhara zone:Zone 1,modjo hospital woreda:Bahir Dar region:Amhara zone:Zone 1
MFR_000483,modjo clinic,Amhara,DHIS2_000019,modj referral hospitalital,Amhara,0.5412684082984924,modjo clinic woreda:Bahir Dar region:Amhara zone:Zone 1,modj referral hospitalital woreda:Mekelle region:Amhara zone:Zone 1
MFR_000483,modjo clinic,Amhara,DHIS2_000483,modjo clinic,Amhara,0.954323410987854,modjo clinic woreda:Bahir Dar region:Amhara zone:Zone 1,modjo clinic woreda:Bahir Dar region:Amhara zone:Zone 1
MFR_000484,kirkos health center,Oromia,DHIS2_000452,kirkos health center,Oromia,0.5763206481933594,kirkos health center woreda:Bishoftu region:Oromia zone:Zone 5,kirkos health center woreda:Dire Dawa region:Oromia zone:Zone 1
MFR_000484,kirkos health center,Oromia,DHIS2_000333,kirkos clinic,Oromia,0.7721928358078003,kirkos health center woreda:Bishoftu region:Oromia zone:Zone 5,kirkos clinic woreda:Bishoftu region:Oromia zone:Zone 4
MFR_000484,kirkos health center,Oromia,DHIS2_000043,kirkos hospitalital,Oromia,0.5305010676383972,kirkos health center woreda:Bishoftu region:Oromia zone:Zone 5,kirkos hospitalital woreda:Dukem region:Oromia zone:Zone 1
MFR_000484,kirkos health center,Oromia,DHIS2_000463,kirkos health post,Oromia,0.579153835773468,kirkos health center woreda:Bishoftu region:Oromia zone:Zone 5,kirkos health post woreda:Modjo region:Oromia zone:Zone 4
MFR_000484,kirkos health center,Oromia,DHIS2_000366,kirkos health center,Oromia,0.5763206481933594,kirkos health center woreda:Bishoftu region:Oromia zone:Zone 5,kirkos health center woreda:Dire Dawa region:Oromia zone:Zone 1
MFR_000484,kirkos health center,Oromia,DHIS2_000197,kirko hospitalital,Oromia,0.5080558061599731,kirkos health center woreda:Bishoftu region:Oromia zone:Zone 5,kirko hospitalital woreda:Dire Dawa region:Oromia zone:Zone 2
MFR_000484,kirkos health center,Oromia,DHIS2_000283,kirkos clinic,Oromia,0.5993289351463318,kirkos health center woreda:Bishoftu region:Oromia zone:Zone 5,kirkos clinic woreda:Dukem region:Oromia zone:Zone 4
MFR_000485,bahir dar general hospital,SNNPR,DHIS2_000279,bahir dar general hospitalital,SNNPR,0.8082917332649231,bahir dar general hospital woreda:Arba Minch region:SNNPR zone:Zone 2,bahir dar general hospitalital woreda:Hosaena region:SNNPR zone:Zone 2
MFR_000485,bahir dar general hospital,SNNPR,DHIS2_000465,bahir dar health center,SNNPR,0.7694056630134583,bahir dar general hospital woreda:Arba Minch region:SNNPR zone:Zone 2,bahir dar health center woreda:Hosaena region:SNNPR zone:Zone 2
MFR_000485,bahir dar general hospital,SNNPR,DHIS2_000137,bahir dar health post,SNNPR,0.6043626070022583,bahir dar general hospital woreda:Arba Minch region:SNNPR zone:Zone 2,bahir dar health post woreda:Hosaena region:SNNPR zone:Zone 1
MFR_000485,bahir dar general hospital,SNNPR,DHIS2_000485,bahir dar general hospitalital,SNNPR,0.9511399865150452,bahir dar general hospital woreda:Arba Minch region:SNNPR zone:Zone 2,bahir dar general hospitalital woreda:Arba Minch region:SNNPR zone:Zone 2
MFR_000485,bahir dar general hospital,SNNPR,DHIS2_000268,bahir dar dispensary,SNNPR,0.7393147945404053,bahir dar general hospital woreda:Arba Minch region:SNNPR zone:Zone 2,bahir dar dispensary woreda:Arba Minch region:SNNPR zone:Zone 5
MFR_000486,gondar health center,Addis Ababa,DHIS2_000486,gondar health center,Addis Ababa,0.9587897062301636,gondar health center woreda:Nifas Silk region:Addis Ababa zone:Zone 4,gondar health center woreda:Nifas Silk region:Addis Ababa zone:Zone 4
MFR_000486,gondar health center,Addis Ababa,DHIS2_000278,gondar dispensary,Addis Ababa,0.6338708400726318,gondar health center woreda:Nifas Silk region:Addis Ababa zone:Zone 4,gondar dispensary woreda:Lideta region:Addis Ababa zone:Zone 4
MFR_000486,gondar health center,Addis Ababa,DHIS2_000418,gondar hospitalital,Addis Ababa,0.677596390247345,gondar health center woreda:Nifas Silk region:Addis Ababa zone:Zone 4,gondar hospitalital woreda:Addis Ketema region:Addis Ababa zone:Zone 4
MFR_000486,gondar health center,Addis Ababa,DHIS2_000075,gondar health center,Addis Ababa,0.5604029893875122,gondar health center woreda:Nifas Silk region:Addis Ababa zone:Zone 4,gondar health center woreda:Addis Ketema region:Addis Ababa zone:Zone 2
MFR_000486,gondar health center,Addis Ababa,DHIS2_000235,gondar health center,Addis Ababa,0.5669082403182983,gondar health center woreda:Nifas Silk region:Addis Ababa zone:Zone 4,gondar health center woreda:Addis Ketema region:Addis Ababa zone:Zone 3
MFR_000486,gondar health center,Addis Ababa,DHIS2_000275,gondar referral hospital,Addis Ababa,0.495307594537735,gondar health center woreda:Nifas Silk region:Addis Ababa zone:Zone 4,gondar referral hospital woreda:Lideta region:Addis Ababa zone:Zone 5
MFR_000486,gondar health center,Addis Ababa,DHIS2_000203,gondar hospital,Addis Ababa,0.7550477385520935,gondar health center woreda:Nifas Silk region:Addis Ababa zone:Zone 4,gondar hospital woreda:Nifas Silk region:Addis Ababa zone:Zone 2
MFR_000486,gondar health center,Addis Ababa,DHIS2_000402,gondar hospital,Addis Ababa,0.5094854831695557,gondar health center woreda:Nifas Silk region:Addis Ababa zone:Zone 4,gondar hospital woreda:Arada region:Addis Ababa zone:Zone 5
MFR_000487,dukem health post,SNNPR,DHIS2_000365,dukem health center,SNNPR,0.6191469430923462,dukem health post woreda:Arba Minch region:SNNPR zone:Zone 1,dukem health center woreda:Butajira region:SNNPR zone:Zone 5
MFR_000487,dukem health post,SNNPR,DHIS2_000052,dukem health center,SNNPR,0.6310416460037231,dukem health post woreda:Arba Minch region:SNNPR zone:Zone 1,dukem health center woreda:Hosaena region:SNNPR zone:Zone 2
MFR_000488,gondar clinic,Amhara,DHIS2_000466,gonda referral hospital,Amhara,0.6894969940185547,gondar clinic woreda:Gondar region:Amhara zone:Zone 4,gonda referral hospital woreda:Bahir Dar region:Amhara zone:Zone 5
MFR_000488,gondar clinic,Amhara,DHIS2_000020,gondar general hospitalital,Amhara,0.7001314759254456,gondar clinic woreda:Gondar region:Amhara zone:Zone 4,gondar general hospitalital woreda:Mekelle region:Amhara zone:Zone 3
MFR_000488,gondar clinic,Amhara,DHIS2_000178,gondar referral hospitalital,Amhara,0.6747905611991882,gondar clinic woreda:Gondar region:Amhara zone:Zone 4,gondar referral hospitalital woreda:Bahir Dar region:Amhara zone:Zone 2
MFR_000488,gondar clinic,Amhara,DHIS2_000488,gondar clinic,Amhara,0.9365964531898499,gondar clinic woreda:Gondar region:Amhara zone:Zone 4,gondar clinic woreda:Gondar region:Amhara zone:Zone 4
MFR_000488,gondar clinic,Amhara,DHIS2_000029,gondar health post,Amhara,0.669773280620575,gondar clinic woreda:Gondar region:Amhara zone:Zone 4,gondar health post woreda:Mekelle region:Amhara zone:Zone 2
MFR_000489,dessie health post,Amhara,DHIS2_000451,dessie health center,Amhara,0.7024891376495361,dessie health post woreda:Bahir Dar region:Amhara zone:Zone 2,dessie health center woreda:Gondar region:Amhara zone:Zone 2
MFR_000489,dessie health post,Amhara,DHIS2_000117,dessie health center,Amhara,0.5455031991004944,dessie health post woreda:Bahir Dar region:Amhara zone:Zone 2,dessie health center woreda:Dessie region:Amhara zone:Zone 1
MFR_000489,dessie health post,Amhara,DHIS2_000159,dessi health center,Amhara,0.44890299439430237,dessie health post woreda:Bahir Dar region:Amhara zone:Zone 2,dessi health center woreda:Gondar region:Amhara zone:Zone 3
MFR_000489,dessie health post,Amhara,DHIS2_000450,duke health center,Amhara,0.3206803798675537,dessie health post woreda:Bahir Dar region:Amhara zone:Zone 2,duke health center woreda:Gondar region:Amhara zone:Zone 2
MFR_000489,dessie health post,Amhara,DHIS2_000082,dessie health post,Amhara,0.5545617938041687,dessie health post woreda:Bahir Dar region:Amhara zone:Zone 2,dessie health post woreda:Dessie region:Amhara zone:Zone 5
MFR_000489,dessie health post,Amhara,DHIS2_000285,dessie health center,Amhara,0.7673789262771606,dessie health post woreda:Bahir Dar region:Amhara zone:Zone 2,dessie health center woreda:Bahir Dar region:Amhara zone:Zone 1
MFR_000489,dessie health post,Amhara,DHIS2_000042,dessie health center,Amhara,0.5760314464569092,dessie health post woreda:Bahir Dar region:Amhara zone:Zone 2,dessie health center woreda:Mekelle region:Amhara zone:Zone 3
MFR_000489,dessie health post,Amhara,DHIS2_000489,dessie health post,Amhara,0.9482786655426025,dessie health post woreda:Bahir Dar region:Amhara zone:Zone 2,dessie health post woreda:Bahir Dar region:Amhara zone:Zone 2
MFR_000490,bahir dar hospital,Oromia,DHIS2_000195,bahir dar hospital,Oromia,0.7275741100311279,bahir dar hospital woreda:Modjo region:Oromia zone:Zone 3,bahir dar hospital woreda:Dire Dawa region:Oromia zone:Zone 4
MFR_000490,bahir dar hospital,Oromia,DHIS2_000183,bahir dar health center,Oromia,0.6358606219291687,bahir dar hospital woreda:Modjo region:Oromia zone:Zone 3,bahir dar health center woreda:Adama region:Oromia zone:Zone 5
MFR_000490,bahir dar hospital,Oromia,DHIS2_000490,bahir dar hospital,Oromia,0.965833306312561,bahir dar hospital woreda:Modjo region:Oromia zone:Zone 3,bahir dar hospital woreda:Modjo region:Oromia zone:Zone 3
MFR_000490,bahir dar hospital,Oromia,DHIS2_000295,bahir dar hospital,Oromia,0.6789427995681763,bahir dar hospital woreda:Modjo region:Oromia zone:Zone 3,bahir dar hospital woreda:Dire Dawa region:Oromia zone:Zone 1
MFR_000490,bahir dar hospital,Oromia,DHIS2_000270,bahir dar health post,Oromia,0.601527988910675,bahir dar hospital woreda:Modjo region:Oromia zone:Zone 3,bahir dar health post woreda:Bishoftu region:Oromia zone:Zone 5
MFR_000491,addis ababa general hospital,Oromia,DHIS2_000317,addis ababa clinic,Oromia,0.7418504357337952,addis ababa general hospital woreda:Adama region:Oromia zone:Zone 2,addis ababa clinic woreda:Adama region:Oromia zone:Zone 1
MFR_000491,addis ababa general hospital,Oromia,DHIS2_000491,addis ababa general hospital,Oromia,0.9387999773025513,addis ababa general hospital woreda:Adama region:Oromia zone:Zone 2,addis ababa general hospital woreda:Adama region:Oromia zone:Zone 2
MFR_000491,addis ababa general hospital,Oromia,DHIS2_000313,addis ababa hospitalital,Oromia,0.8173261284828186,addis ababa general hospital woreda:Adama region:Oromia zone:Zone 2,addis ababa hospitalital woreda:Bishoftu region:Oromia zone:Zone 2
MFR_000491,addis ababa general hospital,Oromia,DHIS2_000382,addis ababa health post,Oromia,0.6891440153121948,addis ababa general hospital woreda:Adama region:Oromia zone:Zone 2,addis ababa health post woreda:Adama region:Oromia zone:Zone 1
MFR_000491,addis ababa general hospital,Oromia,DHIS2_000400,addis ababa health post,Oromia,0.6059058904647827,addis ababa general hospital woreda:Adama region:Oromia zone:Zone 2,addis ababa health post woreda:Dire Dawa region:Oromia zone:Zone 4
MFR_000491,addis ababa general hospital,Oromia,DHIS2_000013,addis ababa hospitalital,Oromia,0.6588751673698425,addis ababa general hospital woreda:Adama region:Oromia zone:Zone 2,addis ababa hospitalital woreda:Modjo region:Oromia zone:Zone 1
MFR_000492,adama health center,SNNPR,DHIS2_000492,adam health center,SNNPR,0.9543997645378113,adama health center woreda:Hawassa region:SNNPR zone:Zone 5,adam health center woreda:Hawassa region:SNNPR zone:Zone 5
MFR_000492,adama health center,SNNPR,DHIS2_000440,adama health center,SNNPR,0.644132137298584,adama health center woreda:Hawassa region:SNNPR zone:Zone 5,adama health center woreda:Hosaena region:SNNPR zone:Zone 1
MFR_000492,adama health center,SNNPR,DHIS2_000308,adama health post,SNNPR,0.578246533870697,adama health center woreda:Hawassa region:SNNPR zone:Zone 5,adama health post woreda:Butajira region:SNNPR zone:Zone 1
MFR_000493,butajira health post,Amhara,DHIS2_000432,butajira general hospitalital,Amhara,0.6812843680381775,butajira health post woreda:Bahir Dar region:Amhara zone:Zone 3,butajira general hospitalital woreda:Bahir Dar region:Amhara zone:Zone 1
MFR_000493,butajira health post,Amhara,DHIS2_000323,butajira hospital,Amhara,0.531919538974762,butajira health post woreda:Bahir Dar region:Amhara zone:Zone 3,butajira hospital woreda:Mekelle region:Amhara zone:Zone 2
MFR_000493,butajira health post,Amhara,DHIS2_000067,butajira referral hospitalital,Amhara,0.49214038252830505,butajira health post woreda:Bahir Dar region:Amhara zone:Zone 3,butajira referral hospitalital woreda:Mekelle region:Amhara zone:Zone 4
MFR_000493,butajira health post,Amhara,DHIS2_000200,butajir health center,Amhara,0.4532291293144226,butajira health post woreda:Bahir Dar region:Amhara zone:Zone 3,butajir health center woreda:Gondar region:Amhara zone:Zone 5
MFR_000493,butajira health post,Amhara,DHIS2_000251,butajir health center,Amhara,0.49202439188957214,butajira health post woreda:Bahir Dar region:Amhara zone:Zone 3,butajir health center woreda:Gondar region:Amhara zone:Zone 4
MFR_000493,butajira health post,Amhara,DHIS2_000311,butajira health center,Amhara,0.5282764434814453,butajira health post woreda:Bahir Dar region:Amhara zone:Zone 3,butajira health center woreda:Mekelle region:Amhara zone:Zone 5
MFR_000493,butajira health post,Amhara,DHIS2_000039,butajira health post,Amhara,0.9307059049606323,butajira health post woreda:Bahir Dar region:Amhara zone:Zone 3,butajira health post woreda:Bahir Dar region:Amhara zone:Zone 3
MFR_000493,butajira health post,Amhara,DHIS2_000387,butajira dispensary,Amhara,0.4548708498477936,butajira health post woreda:Bahir Dar region:Amhara zone:Zone 3,butajira dispensary woreda:Mekelle region:Amhara zone:Zone 2
MFR_000493,butajira health post,Amhara,DHIS2_000397,butajira health post,Amhara,0.5639162659645081,butajira health post woreda:Bahir Dar region:Amhara zone:Zone 3,butajira health post woreda:Gondar region:Amhara zone:Zone 5
MFR_000493,butajira health post,Amhara,DHIS2_000289,butajira clinic,Amhara,0.63621985912323,butajira health post woreda:Bahir Dar region:Amhara zone:Zone 3,butajira clinic woreda:Dessie region:Amhara zone:Zone 3
MFR_000493,butajira health post,Amhara,DHIS2_000139,butajir dispensary,Amhara,0.26817119121551514,butajira health post woreda:Bahir Dar region:Amhara zone:Zone 3,butajir dispensary woreda:Dessie region:Amhara zone:Zone 1
MFR_000493,butajira health post,Amhara,DHIS2_000217,butajira health post,Amhara,0.6997564435005188,butajira health post woreda:Bahir Dar region:Amhara zone:Zone 3,butajira health post woreda:Dessie region:Amhara zone:Zone 3
MFR_000494,hawassa general hospital,Addis Ababa,DHIS2_000370,hawassa dispensary,Addis Ababa,0.501345157623291,hawassa general hospital woreda:Nifas Silk region:Addis Ababa zone:Zone 5,hawassa dispensary woreda:Arada region:Addis Ababa zone:Zone 4
MFR_000494,hawassa general hospital,Addis Ababa,DHIS2_000494,hawassa general hospital,Addis Ababa,0.9683746695518494,hawassa general hospital woreda:Nifas Silk region:Addis Ababa zone:Zone 5,hawassa general hospital woreda:Nifas Silk region:Addis Ababa zone:Zone 5
MFR_000494,hawassa general hospital,Addis Ababa,DHIS2_000379,hawassa general hospitalital,Addis Ababa,0.7017163038253784,hawassa general hospital woreda:Nifas Silk region:Addis Ababa zone:Zone 5,hawassa general hospitalital woreda:Kirkos region:Addis Ababa zone:Zone 5
MFR_000494,hawassa general hospital,Addis Ababa,DHIS2_000301,hawassa dispensary,Addis Ababa,0.7010789513587952,hawassa general hospital woreda:Nifas Silk region:Addis Ababa zone:Zone 5,hawassa dispensary woreda:Nifas Silk region:Addis Ababa zone:Zone 3
MFR_000495,kirkos referral hospital,Addis Ababa,DHIS2_000074,kirkos health post,Addis Ababa,0.5456444025039673,kirkos referral hospital woreda:Bole region:Addis Ababa zone:Zone 4,kirkos health post woreda:Arada region:Addis Ababa zone:Zone 3
MFR_000495,kirkos referral hospital,Addis Ababa,DHIS2_000077,kirkos health center,Addis Ababa,0.5677224397659302,kirkos referral hospital woreda:Bole region:Addis Ababa zone:Zone 4,kirkos health center woreda:Arada region:Addis Ababa zone:Zone 2
MFR_000495,kirkos referral hospital,Addis Ababa,DHIS2_000034,kirkos referral hospitalital,Addis Ababa,0.5945181846618652,kirkos referral hospital woreda:Bole region:Addis Ababa zone:Zone 4,kirkos referral hospitalital woreda:Lideta region:Addis Ababa zone:Zone 1
MFR_000495,kirkos referral hospital,Addis Ababa,DHIS2_000228,kirkos health post,Addis Ababa,0.4880193769931793,kirkos referral hospital woreda:Bole region:Addis Ababa zone:Zone 4,kirkos health post woreda:Lideta region:Addis Ababa zone:Zone 1
MFR_000495,kirkos referral hospital,Addis Ababa,DHIS2_000112,kirkos dispensary,Addis Ababa,0.8706170916557312,kirkos referral hospital woreda:Bole region:Addis Ababa zone:Zone 4,kirkos dispensary woreda:Bole region:Addis Ababa zone:Zone 4
MFR_000495,kirkos referral hospital,Addis Ababa,DHIS2_000396,kirkos health center,Addis Ababa,0.7131307721138,kirkos referral hospital woreda:Bole region:Addis Ababa zone:Zone 4,kirkos health center woreda:Bole region:Addis Ababa zone:Zone 5
MFR_000496,dessie referral hospital,Amhara,DHIS2_000496,dessi referral hospital,Amhara,0.8839821219444275,dessie referral hospital woreda:Bahir Dar region:Amhara zone:Zone 4,dessi referral hospital woreda:Bahir Dar region:Amhara zone:Zone 4
MFR_000496,dessie referral hospital,Amhara,DHIS2_000205,dessie referral hospitalital,Amhara,0.5903582572937012,dessie referral hospital woreda:Bahir Dar region:Amhara zone:Zone 4,dessie referral hospitalital woreda:Dessie region:Amhara zone:Zone 5
MFR_000496,dessie referral hospital,Amhara,DHIS2_000091,dessie referral hospitalital,Amhara,0.7201971411705017,dessie referral hospital woreda:Bahir Dar region:Amhara zone:Zone 4,dessie referral hospitalital woreda:Gondar region:Amhara zone:Zone 4
MFR_000498,dire dawa health post,SNNPR,DHIS2_000498,dir dawa health post,SNNPR,0.9069004058837891,dire dawa health post woreda:Arba Minch region:SNNPR zone:Zone 5,dir dawa health post woreda:Arba Minch region:SNNPR zone:Zone 5
MFR_000498,dire dawa health post,SNNPR,DHIS2_000288,dire dawa health center,SNNPR,0.6553858518600464,dire dawa health post woreda:Arba Minch region:SNNPR zone:Zone 5,dire dawa health center woreda:Butajira region:SNNPR zone:Zone 4
MFR_000499,bole dispensary,Addis Ababa,DHIS2_000006,bole general hospital,Addis Ababa,0.5075119137763977,bole dispensary woreda:Lideta region:Addis Ababa zone:Zone 4,bole general hospital woreda:Kirkos region:Addis Ababa zone:Zone 1
MFR_000499,bole dispensary,Addis Ababa,DHIS2_000461,bole clinic,Addis Ababa,0.5849955081939697,bole dispensary woreda:Lideta region:Addis Ababa zone:Zone 4,bole clinic woreda:Bole region:Addis Ababa zone:Zone 2
MFR_000499,bole dispensary,Addis Ababa,DHIS2_000499,bole dispensary,Addis Ababa,0.9536546468734741,bole dispensary woreda:Lideta region:Addis Ababa zone:Zone 4,bole dispensary woreda:Lideta region:Addis Ababa zone:Zone 4
MFR_000499,bole dispensary,Addis Ababa,DHIS2_000390,bole clinic,Addis Ababa,0.5885022878646851,bole dispensary woreda:Lideta region:Addis Ababa zone:Zone 4,bole clinic woreda:Nifas Silk region:Addis Ababa zone:Zone 5
MFR_000500,hawassa health center,Addis Ababa,DHIS2_000281,hawassa health center,Addis Ababa,0.7154996395111084,hawassa health center woreda:Kirkos region:Addis Ababa zone:Zone 1,hawassa health center woreda:Addis Ketema region:Addis Ababa zone:Zone 3
MFR_000500,hawassa health center,Addis Ababa,DHIS2_000248,hawassa health center,Addis Ababa,0.6900481581687927,hawassa health center woreda:Kirkos region:Addis Ababa zone:Zone 1,hawassa health center woreda:Bole region:Addis Ababa zone:Zone 3
MFR_000500,hawassa health center,Addis Ababa,DHIS2_000196,hawassa health center,Addis Ababa,0.8218086361885071,hawassa health center woreda:Kirkos region:Addis Ababa zone:Zone 1,hawassa health center woreda:Addis Ketema region:Addis Ababa zone:Zone 1
MFR_000500,hawassa health center,Addis Ababa,DHIS2_000379,hawassa general hospitalital,Addis Ababa,0.7871822714805603,hawassa health center woreda:Kirkos region:Addis Ababa zone:Zone 1,hawassa general hospitalital woreda:Kirkos region:Addis Ababa zone:Zone 5
MFR_000500,hawassa health center,Addis Ababa,DHIS2_000048,hawassa health post,Addis Ababa,0.7934912443161011,hawassa health center woreda:Kirkos region:Addis Ababa zone:Zone 1,hawassa health post woreda:Addis Ketema region:Addis Ababa zone:Zone 1
